[0.076s] DEBUG:colcon:Command line arguments: ['/usr/bin/colcon', 'build']
[0.076s] DEBUG:colcon:Parsed command line arguments: Namespace(log_base=None, log_level=None, verb_name='build', build_base='build', install_base='install', merge_install=False, symlink_install=False, test_result_base=None, continue_on_error=False, executor='parallel', parallel_workers=16, event_handlers=None, ignore_user_meta=False, metas=['./colcon.meta'], base_paths=['.'], packages_ignore=None, packages_ignore_regex=None, paths=None, packages_up_to=None, packages_up_to_regex=None, packages_above=None, packages_above_and_dependencies=None, packages_above_depth=None, packages_select_by_dep=None, packages_skip_by_dep=None, packages_skip_up_to=None, packages_select_build_failed=False, packages_skip_build_finished=False, packages_select_test_failures=False, packages_skip_test_passed=False, packages_select=None, packages_skip=None, packages_select_regex=None, packages_skip_regex=None, packages_start=None, packages_end=None, allow_overriding=[], cmake_args=None, cmake_target=None, cmake_target_skip_unavailable=False, cmake_clean_cache=False, cmake_clean_first=False, cmake_force_configure=False, ament_cmake_args=None, catkin_cmake_args=None, catkin_skip_building_tests=False, verb_parser=<colcon_defaults.argument_parser.defaults.DefaultArgumentsDecorator object at 0x7e98e89af130>, verb_extension=<colcon_core.verb.build.BuildVerb object at 0x7e98e8b23d00>, main=<bound method BuildVerb.main of <colcon_core.verb.build.BuildVerb object at 0x7e98e8b23d00>>)
[0.224s] Level 1:colcon.colcon_core.package_discovery:discover_packages(colcon_meta) check parameters
[0.224s] Level 1:colcon.colcon_core.package_discovery:discover_packages(recursive) check parameters
[0.225s] Level 1:colcon.colcon_core.package_discovery:discover_packages(ignore) check parameters
[0.225s] Level 1:colcon.colcon_core.package_discovery:discover_packages(path) check parameters
[0.225s] Level 1:colcon.colcon_core.package_discovery:discover_packages(colcon_meta) discover
[0.225s] Level 1:colcon.colcon_core.package_discovery:discover_packages(recursive) discover
[0.225s] INFO:colcon.colcon_core.package_discovery:Crawling recursively for packages in '/home/awadh/zed_ws'
[0.225s] Level 1:colcon.colcon_core.package_identification:_identify(.) by extensions ['ignore', 'ignore_ament_install']
[0.225s] Level 1:colcon.colcon_core.package_identification:_identify(.) by extension 'ignore'
[0.225s] Level 1:colcon.colcon_core.package_identification:_identify(.) by extension 'ignore_ament_install'
[0.225s] Level 1:colcon.colcon_core.package_identification:_identify(.) by extensions ['colcon_pkg']
[0.225s] Level 1:colcon.colcon_core.package_identification:_identify(.) by extension 'colcon_pkg'
[0.225s] Level 1:colcon.colcon_core.package_identification:_identify(.) by extensions ['colcon_meta']
[0.225s] Level 1:colcon.colcon_core.package_identification:_identify(.) by extension 'colcon_meta'
[0.225s] Level 1:colcon.colcon_core.package_identification:_identify(.) by extensions ['ros']
[0.225s] Level 1:colcon.colcon_core.package_identification:_identify(.) by extension 'ros'
[0.239s] Level 1:colcon.colcon_core.package_identification:_identify(.) by extensions ['cmake', 'python']
[0.239s] Level 1:colcon.colcon_core.package_identification:_identify(.) by extension 'cmake'
[0.239s] Level 1:colcon.colcon_core.package_identification:_identify(.) by extension 'python'
[0.239s] Level 1:colcon.colcon_core.package_identification:_identify(.) by extensions ['python_setup_py']
[0.239s] Level 1:colcon.colcon_core.package_identification:_identify(.) by extension 'python_setup_py'
[0.239s] Level 1:colcon.colcon_core.package_identification:_identify(build) by extensions ['ignore', 'ignore_ament_install']
[0.239s] Level 1:colcon.colcon_core.package_identification:_identify(build) by extension 'ignore'
[0.239s] Level 1:colcon.colcon_core.package_identification:_identify(build) ignored
[0.239s] Level 1:colcon.colcon_core.package_identification:_identify(install) by extensions ['ignore', 'ignore_ament_install']
[0.239s] Level 1:colcon.colcon_core.package_identification:_identify(install) by extension 'ignore'
[0.239s] Level 1:colcon.colcon_core.package_identification:_identify(install) ignored
[0.239s] Level 1:colcon.colcon_core.package_identification:_identify(log) by extensions ['ignore', 'ignore_ament_install']
[0.239s] Level 1:colcon.colcon_core.package_identification:_identify(log) by extension 'ignore'
[0.239s] Level 1:colcon.colcon_core.package_identification:_identify(log) ignored
[0.239s] Level 1:colcon.colcon_core.package_identification:_identify(src) by extensions ['ignore', 'ignore_ament_install']
[0.239s] Level 1:colcon.colcon_core.package_identification:_identify(src) by extension 'ignore'
[0.239s] Level 1:colcon.colcon_core.package_identification:_identify(src) by extension 'ignore_ament_install'
[0.239s] Level 1:colcon.colcon_core.package_identification:_identify(src) by extensions ['colcon_pkg']
[0.239s] Level 1:colcon.colcon_core.package_identification:_identify(src) by extension 'colcon_pkg'
[0.239s] Level 1:colcon.colcon_core.package_identification:_identify(src) by extensions ['colcon_meta']
[0.239s] Level 1:colcon.colcon_core.package_identification:_identify(src) by extension 'colcon_meta'
[0.240s] Level 1:colcon.colcon_core.package_identification:_identify(src) by extensions ['ros']
[0.240s] Level 1:colcon.colcon_core.package_identification:_identify(src) by extension 'ros'
[0.240s] Level 1:colcon.colcon_core.package_identification:_identify(src) by extensions ['cmake', 'python']
[0.240s] Level 1:colcon.colcon_core.package_identification:_identify(src) by extension 'cmake'
[0.240s] Level 1:colcon.colcon_core.package_identification:_identify(src) by extension 'python'
[0.240s] Level 1:colcon.colcon_core.package_identification:_identify(src) by extensions ['python_setup_py']
[0.240s] Level 1:colcon.colcon_core.package_identification:_identify(src) by extension 'python_setup_py'
[0.240s] Level 1:colcon.colcon_core.package_identification:_identify(src/zed-ros2-examples) by extensions ['ignore', 'ignore_ament_install']
[0.240s] Level 1:colcon.colcon_core.package_identification:_identify(src/zed-ros2-examples) by extension 'ignore'
[0.240s] Level 1:colcon.colcon_core.package_identification:_identify(src/zed-ros2-examples) by extension 'ignore_ament_install'
[0.240s] Level 1:colcon.colcon_core.package_identification:_identify(src/zed-ros2-examples) by extensions ['colcon_pkg']
[0.240s] Level 1:colcon.colcon_core.package_identification:_identify(src/zed-ros2-examples) by extension 'colcon_pkg'
[0.240s] Level 1:colcon.colcon_core.package_identification:_identify(src/zed-ros2-examples) by extensions ['colcon_meta']
[0.240s] Level 1:colcon.colcon_core.package_identification:_identify(src/zed-ros2-examples) by extension 'colcon_meta'
[0.240s] Level 1:colcon.colcon_core.package_identification:_identify(src/zed-ros2-examples) by extensions ['ros']
[0.240s] Level 1:colcon.colcon_core.package_identification:_identify(src/zed-ros2-examples) by extension 'ros'
[0.240s] Level 1:colcon.colcon_core.package_identification:_identify(src/zed-ros2-examples) by extensions ['cmake', 'python']
[0.240s] Level 1:colcon.colcon_core.package_identification:_identify(src/zed-ros2-examples) by extension 'cmake'
[0.240s] Level 1:colcon.colcon_core.package_identification:_identify(src/zed-ros2-examples) by extension 'python'
[0.240s] Level 1:colcon.colcon_core.package_identification:_identify(src/zed-ros2-examples) by extensions ['python_setup_py']
[0.240s] Level 1:colcon.colcon_core.package_identification:_identify(src/zed-ros2-examples) by extension 'python_setup_py'
[0.240s] Level 1:colcon.colcon_core.package_identification:_identify(src/zed-ros2-examples/examples) by extensions ['ignore', 'ignore_ament_install']
[0.240s] Level 1:colcon.colcon_core.package_identification:_identify(src/zed-ros2-examples/examples) by extension 'ignore'
[0.240s] Level 1:colcon.colcon_core.package_identification:_identify(src/zed-ros2-examples/examples) by extension 'ignore_ament_install'
[0.240s] Level 1:colcon.colcon_core.package_identification:_identify(src/zed-ros2-examples/examples) by extensions ['colcon_pkg']
[0.240s] Level 1:colcon.colcon_core.package_identification:_identify(src/zed-ros2-examples/examples) by extension 'colcon_pkg'
[0.240s] Level 1:colcon.colcon_core.package_identification:_identify(src/zed-ros2-examples/examples) by extensions ['colcon_meta']
[0.240s] Level 1:colcon.colcon_core.package_identification:_identify(src/zed-ros2-examples/examples) by extension 'colcon_meta'
[0.240s] Level 1:colcon.colcon_core.package_identification:_identify(src/zed-ros2-examples/examples) by extensions ['ros']
[0.240s] Level 1:colcon.colcon_core.package_identification:_identify(src/zed-ros2-examples/examples) by extension 'ros'
[0.240s] Level 1:colcon.colcon_core.package_identification:_identify(src/zed-ros2-examples/examples) by extensions ['cmake', 'python']
[0.240s] Level 1:colcon.colcon_core.package_identification:_identify(src/zed-ros2-examples/examples) by extension 'cmake'
[0.240s] Level 1:colcon.colcon_core.package_identification:_identify(src/zed-ros2-examples/examples) by extension 'python'
[0.240s] Level 1:colcon.colcon_core.package_identification:_identify(src/zed-ros2-examples/examples) by extensions ['python_setup_py']
[0.240s] Level 1:colcon.colcon_core.package_identification:_identify(src/zed-ros2-examples/examples) by extension 'python_setup_py'
[0.241s] Level 1:colcon.colcon_core.package_identification:_identify(src/zed-ros2-examples/examples/zed_aruco_localization) by extensions ['ignore', 'ignore_ament_install']
[0.241s] Level 1:colcon.colcon_core.package_identification:_identify(src/zed-ros2-examples/examples/zed_aruco_localization) by extension 'ignore'
[0.241s] Level 1:colcon.colcon_core.package_identification:_identify(src/zed-ros2-examples/examples/zed_aruco_localization) by extension 'ignore_ament_install'
[0.241s] Level 1:colcon.colcon_core.package_identification:_identify(src/zed-ros2-examples/examples/zed_aruco_localization) by extensions ['colcon_pkg']
[0.241s] Level 1:colcon.colcon_core.package_identification:_identify(src/zed-ros2-examples/examples/zed_aruco_localization) by extension 'colcon_pkg'
[0.241s] Level 1:colcon.colcon_core.package_identification:_identify(src/zed-ros2-examples/examples/zed_aruco_localization) by extensions ['colcon_meta']
[0.241s] Level 1:colcon.colcon_core.package_identification:_identify(src/zed-ros2-examples/examples/zed_aruco_localization) by extension 'colcon_meta'
[0.241s] Level 1:colcon.colcon_core.package_identification:_identify(src/zed-ros2-examples/examples/zed_aruco_localization) by extensions ['ros']
[0.241s] Level 1:colcon.colcon_core.package_identification:_identify(src/zed-ros2-examples/examples/zed_aruco_localization) by extension 'ros'
[0.243s] DEBUG:colcon.colcon_core.package_identification:Package 'src/zed-ros2-examples/examples/zed_aruco_localization' with type 'ros.ament_cmake' and name 'zed_aruco_localization'
[0.243s] Level 1:colcon.colcon_core.package_identification:_identify(src/zed-ros2-examples/examples/zed_depth_to_laserscan) by extensions ['ignore', 'ignore_ament_install']
[0.243s] Level 1:colcon.colcon_core.package_identification:_identify(src/zed-ros2-examples/examples/zed_depth_to_laserscan) by extension 'ignore'
[0.243s] Level 1:colcon.colcon_core.package_identification:_identify(src/zed-ros2-examples/examples/zed_depth_to_laserscan) by extension 'ignore_ament_install'
[0.243s] Level 1:colcon.colcon_core.package_identification:_identify(src/zed-ros2-examples/examples/zed_depth_to_laserscan) by extensions ['colcon_pkg']
[0.243s] Level 1:colcon.colcon_core.package_identification:_identify(src/zed-ros2-examples/examples/zed_depth_to_laserscan) by extension 'colcon_pkg'
[0.243s] Level 1:colcon.colcon_core.package_identification:_identify(src/zed-ros2-examples/examples/zed_depth_to_laserscan) by extensions ['colcon_meta']
[0.243s] Level 1:colcon.colcon_core.package_identification:_identify(src/zed-ros2-examples/examples/zed_depth_to_laserscan) by extension 'colcon_meta'
[0.243s] Level 1:colcon.colcon_core.package_identification:_identify(src/zed-ros2-examples/examples/zed_depth_to_laserscan) by extensions ['ros']
[0.243s] Level 1:colcon.colcon_core.package_identification:_identify(src/zed-ros2-examples/examples/zed_depth_to_laserscan) by extension 'ros'
[0.243s] DEBUG:colcon.colcon_core.package_identification:Package 'src/zed-ros2-examples/examples/zed_depth_to_laserscan' with type 'ros.ament_cmake' and name 'zed_depth_to_laserscan'
[0.244s] Level 1:colcon.colcon_core.package_identification:_identify(src/zed-ros2-examples/rviz-plugin-zed-od) by extensions ['ignore', 'ignore_ament_install']
[0.244s] Level 1:colcon.colcon_core.package_identification:_identify(src/zed-ros2-examples/rviz-plugin-zed-od) by extension 'ignore'
[0.244s] Level 1:colcon.colcon_core.package_identification:_identify(src/zed-ros2-examples/rviz-plugin-zed-od) by extension 'ignore_ament_install'
[0.244s] Level 1:colcon.colcon_core.package_identification:_identify(src/zed-ros2-examples/rviz-plugin-zed-od) by extensions ['colcon_pkg']
[0.244s] Level 1:colcon.colcon_core.package_identification:_identify(src/zed-ros2-examples/rviz-plugin-zed-od) by extension 'colcon_pkg'
[0.244s] Level 1:colcon.colcon_core.package_identification:_identify(src/zed-ros2-examples/rviz-plugin-zed-od) by extensions ['colcon_meta']
[0.244s] Level 1:colcon.colcon_core.package_identification:_identify(src/zed-ros2-examples/rviz-plugin-zed-od) by extension 'colcon_meta'
[0.244s] Level 1:colcon.colcon_core.package_identification:_identify(src/zed-ros2-examples/rviz-plugin-zed-od) by extensions ['ros']
[0.244s] Level 1:colcon.colcon_core.package_identification:_identify(src/zed-ros2-examples/rviz-plugin-zed-od) by extension 'ros'
[0.244s] DEBUG:colcon.colcon_core.package_identification:Package 'src/zed-ros2-examples/rviz-plugin-zed-od' with type 'ros.ament_cmake' and name 'rviz_plugin_zed_od'
[0.244s] Level 1:colcon.colcon_core.package_identification:_identify(src/zed-ros2-examples/tools) by extensions ['ignore', 'ignore_ament_install']
[0.244s] Level 1:colcon.colcon_core.package_identification:_identify(src/zed-ros2-examples/tools) by extension 'ignore'
[0.244s] Level 1:colcon.colcon_core.package_identification:_identify(src/zed-ros2-examples/tools) by extension 'ignore_ament_install'
[0.244s] Level 1:colcon.colcon_core.package_identification:_identify(src/zed-ros2-examples/tools) by extensions ['colcon_pkg']
[0.244s] Level 1:colcon.colcon_core.package_identification:_identify(src/zed-ros2-examples/tools) by extension 'colcon_pkg'
[0.244s] Level 1:colcon.colcon_core.package_identification:_identify(src/zed-ros2-examples/tools) by extensions ['colcon_meta']
[0.244s] Level 1:colcon.colcon_core.package_identification:_identify(src/zed-ros2-examples/tools) by extension 'colcon_meta'
[0.244s] Level 1:colcon.colcon_core.package_identification:_identify(src/zed-ros2-examples/tools) by extensions ['ros']
[0.244s] Level 1:colcon.colcon_core.package_identification:_identify(src/zed-ros2-examples/tools) by extension 'ros'
[0.245s] Level 1:colcon.colcon_core.package_identification:_identify(src/zed-ros2-examples/tools) by extensions ['cmake', 'python']
[0.245s] Level 1:colcon.colcon_core.package_identification:_identify(src/zed-ros2-examples/tools) by extension 'cmake'
[0.245s] Level 1:colcon.colcon_core.package_identification:_identify(src/zed-ros2-examples/tools) by extension 'python'
[0.245s] Level 1:colcon.colcon_core.package_identification:_identify(src/zed-ros2-examples/tools) by extensions ['python_setup_py']
[0.245s] Level 1:colcon.colcon_core.package_identification:_identify(src/zed-ros2-examples/tools) by extension 'python_setup_py'
[0.245s] Level 1:colcon.colcon_core.package_identification:_identify(src/zed-ros2-examples/tools/zed_benchmark) by extensions ['ignore', 'ignore_ament_install']
[0.245s] Level 1:colcon.colcon_core.package_identification:_identify(src/zed-ros2-examples/tools/zed_benchmark) by extension 'ignore'
[0.245s] Level 1:colcon.colcon_core.package_identification:_identify(src/zed-ros2-examples/tools/zed_benchmark) by extension 'ignore_ament_install'
[0.245s] Level 1:colcon.colcon_core.package_identification:_identify(src/zed-ros2-examples/tools/zed_benchmark) by extensions ['colcon_pkg']
[0.245s] Level 1:colcon.colcon_core.package_identification:_identify(src/zed-ros2-examples/tools/zed_benchmark) by extension 'colcon_pkg'
[0.245s] Level 1:colcon.colcon_core.package_identification:_identify(src/zed-ros2-examples/tools/zed_benchmark) by extensions ['colcon_meta']
[0.245s] Level 1:colcon.colcon_core.package_identification:_identify(src/zed-ros2-examples/tools/zed_benchmark) by extension 'colcon_meta'
[0.245s] Level 1:colcon.colcon_core.package_identification:_identify(src/zed-ros2-examples/tools/zed_benchmark) by extensions ['ros']
[0.245s] Level 1:colcon.colcon_core.package_identification:_identify(src/zed-ros2-examples/tools/zed_benchmark) by extension 'ros'
[0.245s] DEBUG:colcon.colcon_core.package_identification:Package 'src/zed-ros2-examples/tools/zed_benchmark' with type 'ros.ament_cmake' and name 'zed_topic_benchmark'
[0.245s] Level 1:colcon.colcon_core.package_identification:_identify(src/zed-ros2-examples/tools/zed_benchmark_component) by extensions ['ignore', 'ignore_ament_install']
[0.245s] Level 1:colcon.colcon_core.package_identification:_identify(src/zed-ros2-examples/tools/zed_benchmark_component) by extension 'ignore'
[0.245s] Level 1:colcon.colcon_core.package_identification:_identify(src/zed-ros2-examples/tools/zed_benchmark_component) by extension 'ignore_ament_install'
[0.245s] Level 1:colcon.colcon_core.package_identification:_identify(src/zed-ros2-examples/tools/zed_benchmark_component) by extensions ['colcon_pkg']
[0.246s] Level 1:colcon.colcon_core.package_identification:_identify(src/zed-ros2-examples/tools/zed_benchmark_component) by extension 'colcon_pkg'
[0.246s] Level 1:colcon.colcon_core.package_identification:_identify(src/zed-ros2-examples/tools/zed_benchmark_component) by extensions ['colcon_meta']
[0.246s] Level 1:colcon.colcon_core.package_identification:_identify(src/zed-ros2-examples/tools/zed_benchmark_component) by extension 'colcon_meta'
[0.246s] Level 1:colcon.colcon_core.package_identification:_identify(src/zed-ros2-examples/tools/zed_benchmark_component) by extensions ['ros']
[0.246s] Level 1:colcon.colcon_core.package_identification:_identify(src/zed-ros2-examples/tools/zed_benchmark_component) by extension 'ros'
[0.246s] DEBUG:colcon.colcon_core.package_identification:Package 'src/zed-ros2-examples/tools/zed_benchmark_component' with type 'ros.ament_cmake' and name 'zed_topic_benchmark_component'
[0.246s] Level 1:colcon.colcon_core.package_identification:_identify(src/zed-ros2-examples/tools/zed_benchmark_interfaces) by extensions ['ignore', 'ignore_ament_install']
[0.246s] Level 1:colcon.colcon_core.package_identification:_identify(src/zed-ros2-examples/tools/zed_benchmark_interfaces) by extension 'ignore'
[0.246s] Level 1:colcon.colcon_core.package_identification:_identify(src/zed-ros2-examples/tools/zed_benchmark_interfaces) by extension 'ignore_ament_install'
[0.246s] Level 1:colcon.colcon_core.package_identification:_identify(src/zed-ros2-examples/tools/zed_benchmark_interfaces) by extensions ['colcon_pkg']
[0.246s] Level 1:colcon.colcon_core.package_identification:_identify(src/zed-ros2-examples/tools/zed_benchmark_interfaces) by extension 'colcon_pkg'
[0.246s] Level 1:colcon.colcon_core.package_identification:_identify(src/zed-ros2-examples/tools/zed_benchmark_interfaces) by extensions ['colcon_meta']
[0.246s] Level 1:colcon.colcon_core.package_identification:_identify(src/zed-ros2-examples/tools/zed_benchmark_interfaces) by extension 'colcon_meta'
[0.246s] Level 1:colcon.colcon_core.package_identification:_identify(src/zed-ros2-examples/tools/zed_benchmark_interfaces) by extensions ['ros']
[0.246s] Level 1:colcon.colcon_core.package_identification:_identify(src/zed-ros2-examples/tools/zed_benchmark_interfaces) by extension 'ros'
[0.247s] DEBUG:colcon.colcon_core.package_identification:Package 'src/zed-ros2-examples/tools/zed_benchmark_interfaces' with type 'ros.ament_cmake' and name 'zed_topic_benchmark_interfaces'
[0.247s] Level 1:colcon.colcon_core.package_identification:_identify(src/zed-ros2-examples/tutorials) by extensions ['ignore', 'ignore_ament_install']
[0.247s] Level 1:colcon.colcon_core.package_identification:_identify(src/zed-ros2-examples/tutorials) by extension 'ignore'
[0.247s] Level 1:colcon.colcon_core.package_identification:_identify(src/zed-ros2-examples/tutorials) by extension 'ignore_ament_install'
[0.247s] Level 1:colcon.colcon_core.package_identification:_identify(src/zed-ros2-examples/tutorials) by extensions ['colcon_pkg']
[0.247s] Level 1:colcon.colcon_core.package_identification:_identify(src/zed-ros2-examples/tutorials) by extension 'colcon_pkg'
[0.247s] Level 1:colcon.colcon_core.package_identification:_identify(src/zed-ros2-examples/tutorials) by extensions ['colcon_meta']
[0.247s] Level 1:colcon.colcon_core.package_identification:_identify(src/zed-ros2-examples/tutorials) by extension 'colcon_meta'
[0.247s] Level 1:colcon.colcon_core.package_identification:_identify(src/zed-ros2-examples/tutorials) by extensions ['ros']
[0.247s] Level 1:colcon.colcon_core.package_identification:_identify(src/zed-ros2-examples/tutorials) by extension 'ros'
[0.247s] Level 1:colcon.colcon_core.package_identification:_identify(src/zed-ros2-examples/tutorials) by extensions ['cmake', 'python']
[0.247s] Level 1:colcon.colcon_core.package_identification:_identify(src/zed-ros2-examples/tutorials) by extension 'cmake'
[0.247s] Level 1:colcon.colcon_core.package_identification:_identify(src/zed-ros2-examples/tutorials) by extension 'python'
[0.247s] Level 1:colcon.colcon_core.package_identification:_identify(src/zed-ros2-examples/tutorials) by extensions ['python_setup_py']
[0.247s] Level 1:colcon.colcon_core.package_identification:_identify(src/zed-ros2-examples/tutorials) by extension 'python_setup_py'
[0.247s] Level 1:colcon.colcon_core.package_identification:_identify(src/zed-ros2-examples/tutorials/zed_depth_tutorial) by extensions ['ignore', 'ignore_ament_install']
[0.247s] Level 1:colcon.colcon_core.package_identification:_identify(src/zed-ros2-examples/tutorials/zed_depth_tutorial) by extension 'ignore'
[0.247s] Level 1:colcon.colcon_core.package_identification:_identify(src/zed-ros2-examples/tutorials/zed_depth_tutorial) by extension 'ignore_ament_install'
[0.247s] Level 1:colcon.colcon_core.package_identification:_identify(src/zed-ros2-examples/tutorials/zed_depth_tutorial) by extensions ['colcon_pkg']
[0.247s] Level 1:colcon.colcon_core.package_identification:_identify(src/zed-ros2-examples/tutorials/zed_depth_tutorial) by extension 'colcon_pkg'
[0.247s] Level 1:colcon.colcon_core.package_identification:_identify(src/zed-ros2-examples/tutorials/zed_depth_tutorial) by extensions ['colcon_meta']
[0.247s] Level 1:colcon.colcon_core.package_identification:_identify(src/zed-ros2-examples/tutorials/zed_depth_tutorial) by extension 'colcon_meta'
[0.247s] Level 1:colcon.colcon_core.package_identification:_identify(src/zed-ros2-examples/tutorials/zed_depth_tutorial) by extensions ['ros']
[0.247s] Level 1:colcon.colcon_core.package_identification:_identify(src/zed-ros2-examples/tutorials/zed_depth_tutorial) by extension 'ros'
[0.248s] DEBUG:colcon.colcon_core.package_identification:Package 'src/zed-ros2-examples/tutorials/zed_depth_tutorial' with type 'ros.ament_cmake' and name 'zed_tutorial_depth'
[0.248s] Level 1:colcon.colcon_core.package_identification:_identify(src/zed-ros2-examples/tutorials/zed_multi_camera) by extensions ['ignore', 'ignore_ament_install']
[0.248s] Level 1:colcon.colcon_core.package_identification:_identify(src/zed-ros2-examples/tutorials/zed_multi_camera) by extension 'ignore'
[0.248s] Level 1:colcon.colcon_core.package_identification:_identify(src/zed-ros2-examples/tutorials/zed_multi_camera) by extension 'ignore_ament_install'
[0.248s] Level 1:colcon.colcon_core.package_identification:_identify(src/zed-ros2-examples/tutorials/zed_multi_camera) by extensions ['colcon_pkg']
[0.248s] Level 1:colcon.colcon_core.package_identification:_identify(src/zed-ros2-examples/tutorials/zed_multi_camera) by extension 'colcon_pkg'
[0.248s] Level 1:colcon.colcon_core.package_identification:_identify(src/zed-ros2-examples/tutorials/zed_multi_camera) by extensions ['colcon_meta']
[0.248s] Level 1:colcon.colcon_core.package_identification:_identify(src/zed-ros2-examples/tutorials/zed_multi_camera) by extension 'colcon_meta'
[0.248s] Level 1:colcon.colcon_core.package_identification:_identify(src/zed-ros2-examples/tutorials/zed_multi_camera) by extensions ['ros']
[0.248s] Level 1:colcon.colcon_core.package_identification:_identify(src/zed-ros2-examples/tutorials/zed_multi_camera) by extension 'ros'
[0.248s] DEBUG:colcon.colcon_core.package_identification:Package 'src/zed-ros2-examples/tutorials/zed_multi_camera' with type 'ros.ament_cmake' and name 'zed_multi_camera'
[0.248s] Level 1:colcon.colcon_core.package_identification:_identify(src/zed-ros2-examples/tutorials/zed_pose_tutorial) by extensions ['ignore', 'ignore_ament_install']
[0.249s] Level 1:colcon.colcon_core.package_identification:_identify(src/zed-ros2-examples/tutorials/zed_pose_tutorial) by extension 'ignore'
[0.249s] Level 1:colcon.colcon_core.package_identification:_identify(src/zed-ros2-examples/tutorials/zed_pose_tutorial) by extension 'ignore_ament_install'
[0.249s] Level 1:colcon.colcon_core.package_identification:_identify(src/zed-ros2-examples/tutorials/zed_pose_tutorial) by extensions ['colcon_pkg']
[0.249s] Level 1:colcon.colcon_core.package_identification:_identify(src/zed-ros2-examples/tutorials/zed_pose_tutorial) by extension 'colcon_pkg'
[0.249s] Level 1:colcon.colcon_core.package_identification:_identify(src/zed-ros2-examples/tutorials/zed_pose_tutorial) by extensions ['colcon_meta']
[0.249s] Level 1:colcon.colcon_core.package_identification:_identify(src/zed-ros2-examples/tutorials/zed_pose_tutorial) by extension 'colcon_meta'
[0.249s] Level 1:colcon.colcon_core.package_identification:_identify(src/zed-ros2-examples/tutorials/zed_pose_tutorial) by extensions ['ros']
[0.249s] Level 1:colcon.colcon_core.package_identification:_identify(src/zed-ros2-examples/tutorials/zed_pose_tutorial) by extension 'ros'
[0.249s] DEBUG:colcon.colcon_core.package_identification:Package 'src/zed-ros2-examples/tutorials/zed_pose_tutorial' with type 'ros.ament_cmake' and name 'zed_tutorial_pos_tracking'
[0.249s] Level 1:colcon.colcon_core.package_identification:_identify(src/zed-ros2-examples/tutorials/zed_rgb_convert) by extensions ['ignore', 'ignore_ament_install']
[0.249s] Level 1:colcon.colcon_core.package_identification:_identify(src/zed-ros2-examples/tutorials/zed_rgb_convert) by extension 'ignore'
[0.249s] Level 1:colcon.colcon_core.package_identification:_identify(src/zed-ros2-examples/tutorials/zed_rgb_convert) by extension 'ignore_ament_install'
[0.249s] Level 1:colcon.colcon_core.package_identification:_identify(src/zed-ros2-examples/tutorials/zed_rgb_convert) by extensions ['colcon_pkg']
[0.249s] Level 1:colcon.colcon_core.package_identification:_identify(src/zed-ros2-examples/tutorials/zed_rgb_convert) by extension 'colcon_pkg'
[0.250s] Level 1:colcon.colcon_core.package_identification:_identify(src/zed-ros2-examples/tutorials/zed_rgb_convert) by extensions ['colcon_meta']
[0.250s] Level 1:colcon.colcon_core.package_identification:_identify(src/zed-ros2-examples/tutorials/zed_rgb_convert) by extension 'colcon_meta'
[0.250s] Level 1:colcon.colcon_core.package_identification:_identify(src/zed-ros2-examples/tutorials/zed_rgb_convert) by extensions ['ros']
[0.250s] Level 1:colcon.colcon_core.package_identification:_identify(src/zed-ros2-examples/tutorials/zed_rgb_convert) by extension 'ros'
[0.250s] DEBUG:colcon.colcon_core.package_identification:Package 'src/zed-ros2-examples/tutorials/zed_rgb_convert' with type 'ros.ament_cmake' and name 'zed_rgb_convert'
[0.250s] Level 1:colcon.colcon_core.package_identification:_identify(src/zed-ros2-examples/tutorials/zed_robot_integration) by extensions ['ignore', 'ignore_ament_install']
[0.250s] Level 1:colcon.colcon_core.package_identification:_identify(src/zed-ros2-examples/tutorials/zed_robot_integration) by extension 'ignore'
[0.250s] Level 1:colcon.colcon_core.package_identification:_identify(src/zed-ros2-examples/tutorials/zed_robot_integration) by extension 'ignore_ament_install'
[0.250s] Level 1:colcon.colcon_core.package_identification:_identify(src/zed-ros2-examples/tutorials/zed_robot_integration) by extensions ['colcon_pkg']
[0.250s] Level 1:colcon.colcon_core.package_identification:_identify(src/zed-ros2-examples/tutorials/zed_robot_integration) by extension 'colcon_pkg'
[0.250s] Level 1:colcon.colcon_core.package_identification:_identify(src/zed-ros2-examples/tutorials/zed_robot_integration) by extensions ['colcon_meta']
[0.250s] Level 1:colcon.colcon_core.package_identification:_identify(src/zed-ros2-examples/tutorials/zed_robot_integration) by extension 'colcon_meta'
[0.250s] Level 1:colcon.colcon_core.package_identification:_identify(src/zed-ros2-examples/tutorials/zed_robot_integration) by extensions ['ros']
[0.250s] Level 1:colcon.colcon_core.package_identification:_identify(src/zed-ros2-examples/tutorials/zed_robot_integration) by extension 'ros'
[0.251s] DEBUG:colcon.colcon_core.package_identification:Package 'src/zed-ros2-examples/tutorials/zed_robot_integration' with type 'ros.ament_cmake' and name 'zed_robot_integration'
[0.251s] Level 1:colcon.colcon_core.package_identification:_identify(src/zed-ros2-examples/tutorials/zed_video_tutorial) by extensions ['ignore', 'ignore_ament_install']
[0.251s] Level 1:colcon.colcon_core.package_identification:_identify(src/zed-ros2-examples/tutorials/zed_video_tutorial) by extension 'ignore'
[0.251s] Level 1:colcon.colcon_core.package_identification:_identify(src/zed-ros2-examples/tutorials/zed_video_tutorial) by extension 'ignore_ament_install'
[0.251s] Level 1:colcon.colcon_core.package_identification:_identify(src/zed-ros2-examples/tutorials/zed_video_tutorial) by extensions ['colcon_pkg']
[0.251s] Level 1:colcon.colcon_core.package_identification:_identify(src/zed-ros2-examples/tutorials/zed_video_tutorial) by extension 'colcon_pkg'
[0.251s] Level 1:colcon.colcon_core.package_identification:_identify(src/zed-ros2-examples/tutorials/zed_video_tutorial) by extensions ['colcon_meta']
[0.251s] Level 1:colcon.colcon_core.package_identification:_identify(src/zed-ros2-examples/tutorials/zed_video_tutorial) by extension 'colcon_meta'
[0.251s] Level 1:colcon.colcon_core.package_identification:_identify(src/zed-ros2-examples/tutorials/zed_video_tutorial) by extensions ['ros']
[0.251s] Level 1:colcon.colcon_core.package_identification:_identify(src/zed-ros2-examples/tutorials/zed_video_tutorial) by extension 'ros'
[0.251s] DEBUG:colcon.colcon_core.package_identification:Package 'src/zed-ros2-examples/tutorials/zed_video_tutorial' with type 'ros.ament_cmake' and name 'zed_tutorial_video'
[0.251s] Level 1:colcon.colcon_core.package_identification:_identify(src/zed-ros2-examples/zed_display_rviz2) by extensions ['ignore', 'ignore_ament_install']
[0.251s] Level 1:colcon.colcon_core.package_identification:_identify(src/zed-ros2-examples/zed_display_rviz2) by extension 'ignore'
[0.251s] Level 1:colcon.colcon_core.package_identification:_identify(src/zed-ros2-examples/zed_display_rviz2) by extension 'ignore_ament_install'
[0.251s] Level 1:colcon.colcon_core.package_identification:_identify(src/zed-ros2-examples/zed_display_rviz2) by extensions ['colcon_pkg']
[0.252s] Level 1:colcon.colcon_core.package_identification:_identify(src/zed-ros2-examples/zed_display_rviz2) by extension 'colcon_pkg'
[0.252s] Level 1:colcon.colcon_core.package_identification:_identify(src/zed-ros2-examples/zed_display_rviz2) by extensions ['colcon_meta']
[0.252s] Level 1:colcon.colcon_core.package_identification:_identify(src/zed-ros2-examples/zed_display_rviz2) by extension 'colcon_meta'
[0.252s] Level 1:colcon.colcon_core.package_identification:_identify(src/zed-ros2-examples/zed_display_rviz2) by extensions ['ros']
[0.252s] Level 1:colcon.colcon_core.package_identification:_identify(src/zed-ros2-examples/zed_display_rviz2) by extension 'ros'
[0.252s] DEBUG:colcon.colcon_core.package_identification:Package 'src/zed-ros2-examples/zed_display_rviz2' with type 'ros.ament_cmake' and name 'zed_display_rviz2'
[0.252s] Level 1:colcon.colcon_core.package_identification:_identify(src/zed-ros2-wrapper) by extensions ['ignore', 'ignore_ament_install']
[0.252s] Level 1:colcon.colcon_core.package_identification:_identify(src/zed-ros2-wrapper) by extension 'ignore'
[0.252s] Level 1:colcon.colcon_core.package_identification:_identify(src/zed-ros2-wrapper) by extension 'ignore_ament_install'
[0.252s] Level 1:colcon.colcon_core.package_identification:_identify(src/zed-ros2-wrapper) by extensions ['colcon_pkg']
[0.252s] Level 1:colcon.colcon_core.package_identification:_identify(src/zed-ros2-wrapper) by extension 'colcon_pkg'
[0.252s] Level 1:colcon.colcon_core.package_identification:_identify(src/zed-ros2-wrapper) by extensions ['colcon_meta']
[0.252s] Level 1:colcon.colcon_core.package_identification:_identify(src/zed-ros2-wrapper) by extension 'colcon_meta'
[0.252s] Level 1:colcon.colcon_core.package_identification:_identify(src/zed-ros2-wrapper) by extensions ['ros']
[0.252s] Level 1:colcon.colcon_core.package_identification:_identify(src/zed-ros2-wrapper) by extension 'ros'
[0.252s] Level 1:colcon.colcon_core.package_identification:_identify(src/zed-ros2-wrapper) by extensions ['cmake', 'python']
[0.252s] Level 1:colcon.colcon_core.package_identification:_identify(src/zed-ros2-wrapper) by extension 'cmake'
[0.252s] Level 1:colcon.colcon_core.package_identification:_identify(src/zed-ros2-wrapper) by extension 'python'
[0.252s] Level 1:colcon.colcon_core.package_identification:_identify(src/zed-ros2-wrapper) by extensions ['python_setup_py']
[0.252s] Level 1:colcon.colcon_core.package_identification:_identify(src/zed-ros2-wrapper) by extension 'python_setup_py'
[0.253s] Level 1:colcon.colcon_core.package_identification:_identify(src/zed-ros2-wrapper/docker) by extensions ['ignore', 'ignore_ament_install']
[0.253s] Level 1:colcon.colcon_core.package_identification:_identify(src/zed-ros2-wrapper/docker) by extension 'ignore'
[0.253s] Level 1:colcon.colcon_core.package_identification:_identify(src/zed-ros2-wrapper/docker) by extension 'ignore_ament_install'
[0.253s] Level 1:colcon.colcon_core.package_identification:_identify(src/zed-ros2-wrapper/docker) by extensions ['colcon_pkg']
[0.253s] Level 1:colcon.colcon_core.package_identification:_identify(src/zed-ros2-wrapper/docker) by extension 'colcon_pkg'
[0.253s] Level 1:colcon.colcon_core.package_identification:_identify(src/zed-ros2-wrapper/docker) by extensions ['colcon_meta']
[0.253s] Level 1:colcon.colcon_core.package_identification:_identify(src/zed-ros2-wrapper/docker) by extension 'colcon_meta'
[0.253s] Level 1:colcon.colcon_core.package_identification:_identify(src/zed-ros2-wrapper/docker) by extensions ['ros']
[0.253s] Level 1:colcon.colcon_core.package_identification:_identify(src/zed-ros2-wrapper/docker) by extension 'ros'
[0.253s] Level 1:colcon.colcon_core.package_identification:_identify(src/zed-ros2-wrapper/docker) by extensions ['cmake', 'python']
[0.253s] Level 1:colcon.colcon_core.package_identification:_identify(src/zed-ros2-wrapper/docker) by extension 'cmake'
[0.253s] Level 1:colcon.colcon_core.package_identification:_identify(src/zed-ros2-wrapper/docker) by extension 'python'
[0.253s] Level 1:colcon.colcon_core.package_identification:_identify(src/zed-ros2-wrapper/docker) by extensions ['python_setup_py']
[0.253s] Level 1:colcon.colcon_core.package_identification:_identify(src/zed-ros2-wrapper/docker) by extension 'python_setup_py'
[0.253s] Level 1:colcon.colcon_core.package_identification:_identify(src/zed-ros2-wrapper/images) by extensions ['ignore', 'ignore_ament_install']
[0.253s] Level 1:colcon.colcon_core.package_identification:_identify(src/zed-ros2-wrapper/images) by extension 'ignore'
[0.253s] Level 1:colcon.colcon_core.package_identification:_identify(src/zed-ros2-wrapper/images) by extension 'ignore_ament_install'
[0.253s] Level 1:colcon.colcon_core.package_identification:_identify(src/zed-ros2-wrapper/images) by extensions ['colcon_pkg']
[0.253s] Level 1:colcon.colcon_core.package_identification:_identify(src/zed-ros2-wrapper/images) by extension 'colcon_pkg'
[0.253s] Level 1:colcon.colcon_core.package_identification:_identify(src/zed-ros2-wrapper/images) by extensions ['colcon_meta']
[0.253s] Level 1:colcon.colcon_core.package_identification:_identify(src/zed-ros2-wrapper/images) by extension 'colcon_meta'
[0.253s] Level 1:colcon.colcon_core.package_identification:_identify(src/zed-ros2-wrapper/images) by extensions ['ros']
[0.253s] Level 1:colcon.colcon_core.package_identification:_identify(src/zed-ros2-wrapper/images) by extension 'ros'
[0.253s] Level 1:colcon.colcon_core.package_identification:_identify(src/zed-ros2-wrapper/images) by extensions ['cmake', 'python']
[0.253s] Level 1:colcon.colcon_core.package_identification:_identify(src/zed-ros2-wrapper/images) by extension 'cmake'
[0.253s] Level 1:colcon.colcon_core.package_identification:_identify(src/zed-ros2-wrapper/images) by extension 'python'
[0.253s] Level 1:colcon.colcon_core.package_identification:_identify(src/zed-ros2-wrapper/images) by extensions ['python_setup_py']
[0.253s] Level 1:colcon.colcon_core.package_identification:_identify(src/zed-ros2-wrapper/images) by extension 'python_setup_py'
[0.253s] Level 1:colcon.colcon_core.package_identification:_identify(src/zed-ros2-wrapper/zed-ros2-interfaces) by extensions ['ignore', 'ignore_ament_install']
[0.253s] Level 1:colcon.colcon_core.package_identification:_identify(src/zed-ros2-wrapper/zed-ros2-interfaces) by extension 'ignore'
[0.253s] Level 1:colcon.colcon_core.package_identification:_identify(src/zed-ros2-wrapper/zed-ros2-interfaces) by extension 'ignore_ament_install'
[0.253s] Level 1:colcon.colcon_core.package_identification:_identify(src/zed-ros2-wrapper/zed-ros2-interfaces) by extensions ['colcon_pkg']
[0.253s] Level 1:colcon.colcon_core.package_identification:_identify(src/zed-ros2-wrapper/zed-ros2-interfaces) by extension 'colcon_pkg'
[0.253s] Level 1:colcon.colcon_core.package_identification:_identify(src/zed-ros2-wrapper/zed-ros2-interfaces) by extensions ['colcon_meta']
[0.254s] Level 1:colcon.colcon_core.package_identification:_identify(src/zed-ros2-wrapper/zed-ros2-interfaces) by extension 'colcon_meta'
[0.254s] Level 1:colcon.colcon_core.package_identification:_identify(src/zed-ros2-wrapper/zed-ros2-interfaces) by extensions ['ros']
[0.254s] Level 1:colcon.colcon_core.package_identification:_identify(src/zed-ros2-wrapper/zed-ros2-interfaces) by extension 'ros'
[0.254s] DEBUG:colcon.colcon_core.package_identification:Package 'src/zed-ros2-wrapper/zed-ros2-interfaces' with type 'ros.ament_cmake' and name 'zed_interfaces'
[0.254s] Level 1:colcon.colcon_core.package_identification:_identify(src/zed-ros2-wrapper/zed_components) by extensions ['ignore', 'ignore_ament_install']
[0.254s] Level 1:colcon.colcon_core.package_identification:_identify(src/zed-ros2-wrapper/zed_components) by extension 'ignore'
[0.254s] Level 1:colcon.colcon_core.package_identification:_identify(src/zed-ros2-wrapper/zed_components) by extension 'ignore_ament_install'
[0.254s] Level 1:colcon.colcon_core.package_identification:_identify(src/zed-ros2-wrapper/zed_components) by extensions ['colcon_pkg']
[0.254s] Level 1:colcon.colcon_core.package_identification:_identify(src/zed-ros2-wrapper/zed_components) by extension 'colcon_pkg'
[0.254s] Level 1:colcon.colcon_core.package_identification:_identify(src/zed-ros2-wrapper/zed_components) by extensions ['colcon_meta']
[0.254s] Level 1:colcon.colcon_core.package_identification:_identify(src/zed-ros2-wrapper/zed_components) by extension 'colcon_meta'
[0.254s] Level 1:colcon.colcon_core.package_identification:_identify(src/zed-ros2-wrapper/zed_components) by extensions ['ros']
[0.254s] Level 1:colcon.colcon_core.package_identification:_identify(src/zed-ros2-wrapper/zed_components) by extension 'ros'
[0.255s] DEBUG:colcon.colcon_core.package_identification:Package 'src/zed-ros2-wrapper/zed_components' with type 'ros.ament_cmake' and name 'zed_components'
[0.255s] Level 1:colcon.colcon_core.package_identification:_identify(src/zed-ros2-wrapper/zed_ros2) by extensions ['ignore', 'ignore_ament_install']
[0.255s] Level 1:colcon.colcon_core.package_identification:_identify(src/zed-ros2-wrapper/zed_ros2) by extension 'ignore'
[0.255s] Level 1:colcon.colcon_core.package_identification:_identify(src/zed-ros2-wrapper/zed_ros2) by extension 'ignore_ament_install'
[0.255s] Level 1:colcon.colcon_core.package_identification:_identify(src/zed-ros2-wrapper/zed_ros2) by extensions ['colcon_pkg']
[0.255s] Level 1:colcon.colcon_core.package_identification:_identify(src/zed-ros2-wrapper/zed_ros2) by extension 'colcon_pkg'
[0.255s] Level 1:colcon.colcon_core.package_identification:_identify(src/zed-ros2-wrapper/zed_ros2) by extensions ['colcon_meta']
[0.255s] Level 1:colcon.colcon_core.package_identification:_identify(src/zed-ros2-wrapper/zed_ros2) by extension 'colcon_meta'
[0.255s] Level 1:colcon.colcon_core.package_identification:_identify(src/zed-ros2-wrapper/zed_ros2) by extensions ['ros']
[0.255s] Level 1:colcon.colcon_core.package_identification:_identify(src/zed-ros2-wrapper/zed_ros2) by extension 'ros'
[0.256s] DEBUG:colcon.colcon_core.package_identification:Package 'src/zed-ros2-wrapper/zed_ros2' with type 'ros.ament_cmake' and name 'zed_ros2'
[0.256s] Level 1:colcon.colcon_core.package_identification:_identify(src/zed-ros2-wrapper/zed_wrapper) by extensions ['ignore', 'ignore_ament_install']
[0.256s] Level 1:colcon.colcon_core.package_identification:_identify(src/zed-ros2-wrapper/zed_wrapper) by extension 'ignore'
[0.256s] Level 1:colcon.colcon_core.package_identification:_identify(src/zed-ros2-wrapper/zed_wrapper) by extension 'ignore_ament_install'
[0.256s] Level 1:colcon.colcon_core.package_identification:_identify(src/zed-ros2-wrapper/zed_wrapper) by extensions ['colcon_pkg']
[0.256s] Level 1:colcon.colcon_core.package_identification:_identify(src/zed-ros2-wrapper/zed_wrapper) by extension 'colcon_pkg'
[0.256s] Level 1:colcon.colcon_core.package_identification:_identify(src/zed-ros2-wrapper/zed_wrapper) by extensions ['colcon_meta']
[0.256s] Level 1:colcon.colcon_core.package_identification:_identify(src/zed-ros2-wrapper/zed_wrapper) by extension 'colcon_meta'
[0.256s] Level 1:colcon.colcon_core.package_identification:_identify(src/zed-ros2-wrapper/zed_wrapper) by extensions ['ros']
[0.256s] Level 1:colcon.colcon_core.package_identification:_identify(src/zed-ros2-wrapper/zed_wrapper) by extension 'ros'
[0.256s] DEBUG:colcon.colcon_core.package_identification:Package 'src/zed-ros2-wrapper/zed_wrapper' with type 'ros.ament_cmake' and name 'zed_wrapper'
[0.257s] Level 1:colcon.colcon_core.package_discovery:discover_packages(recursive) using defaults
[0.257s] Level 1:colcon.colcon_core.package_discovery:discover_packages(ignore) discover
[0.257s] Level 1:colcon.colcon_core.package_discovery:discover_packages(ignore) using defaults
[0.257s] Level 1:colcon.colcon_core.package_discovery:discover_packages(path) discover
[0.257s] Level 1:colcon.colcon_core.package_discovery:discover_packages(path) using defaults
[0.274s] Level 1:colcon.colcon_core.package_discovery:discover_packages(prefix_path) check parameters
[0.274s] Level 1:colcon.colcon_core.package_discovery:discover_packages(prefix_path) discover
[0.276s] DEBUG:colcon.colcon_installed_package_information.package_discovery:Found 5 installed packages in /home/awadh/yolobot/install
[0.276s] DEBUG:colcon.colcon_installed_package_information.package_discovery:Found 0 installed packages in /home/awadh/test3_ws/install
[0.276s] DEBUG:colcon.colcon_installed_package_information.package_discovery:Found 1 installed packages in /home/awadh/test2_ws/install
[0.276s] DEBUG:colcon.colcon_installed_package_information.package_discovery:Found 0 installed packages in /home/awadh/test_ws/install
[0.277s] DEBUG:colcon.colcon_installed_package_information.package_discovery:Found 0 installed packages in /home/awadh/obj_det_ws/install
[0.277s] DEBUG:colcon.colcon_installed_package_information.package_discovery:Found 17 installed packages in /home/awadh/zed_ws/install
[0.277s] DEBUG:colcon.colcon_installed_package_information.package_discovery:Found 2 installed packages in /home/awadh/ouster_ws/install
[0.277s] DEBUG:colcon.colcon_installed_package_information.package_discovery:Found 1 installed packages in /home/awadh/sick_tim_ws/install
[0.278s] DEBUG:colcon.colcon_installed_package_information.package_discovery:Found 6 installed packages in /home/awadh/ros2_ws/install
[0.278s] DEBUG:colcon.colcon_installed_package_information.package_discovery:Found 9 installed packages in /home/awadh/gazebo_ws/install
[0.279s] DEBUG:colcon.colcon_installed_package_information.package_discovery:Found 409 installed packages in /opt/ros/humble
[0.281s] Level 1:colcon.colcon_core.package_discovery:discover_packages(prefix_path) using defaults
[0.315s] Level 5:colcon.colcon_core.verb:set package 'zed_interfaces' build argument 'cmake_args' from command line to 'None'
[0.315s] Level 5:colcon.colcon_core.verb:set package 'zed_interfaces' build argument 'cmake_target' from command line to 'None'
[0.315s] Level 5:colcon.colcon_core.verb:set package 'zed_interfaces' build argument 'cmake_target_skip_unavailable' from command line to 'False'
[0.315s] Level 5:colcon.colcon_core.verb:set package 'zed_interfaces' build argument 'cmake_clean_cache' from command line to 'False'
[0.315s] Level 5:colcon.colcon_core.verb:set package 'zed_interfaces' build argument 'cmake_clean_first' from command line to 'False'
[0.315s] Level 5:colcon.colcon_core.verb:set package 'zed_interfaces' build argument 'cmake_force_configure' from command line to 'False'
[0.315s] Level 5:colcon.colcon_core.verb:set package 'zed_interfaces' build argument 'ament_cmake_args' from command line to 'None'
[0.315s] Level 5:colcon.colcon_core.verb:set package 'zed_interfaces' build argument 'catkin_cmake_args' from command line to 'None'
[0.315s] Level 5:colcon.colcon_core.verb:set package 'zed_interfaces' build argument 'catkin_skip_building_tests' from command line to 'False'
[0.315s] DEBUG:colcon.colcon_core.verb:Building package 'zed_interfaces' with the following arguments: {'ament_cmake_args': None, 'build_base': '/home/awadh/zed_ws/build/zed_interfaces', 'catkin_cmake_args': None, 'catkin_skip_building_tests': False, 'cmake_args': None, 'cmake_clean_cache': False, 'cmake_clean_first': False, 'cmake_force_configure': False, 'cmake_target': None, 'cmake_target_skip_unavailable': False, 'install_base': '/home/awadh/zed_ws/install/zed_interfaces', 'merge_install': False, 'path': '/home/awadh/zed_ws/src/zed-ros2-wrapper/zed-ros2-interfaces', 'symlink_install': False, 'test_result_base': None}
[0.316s] Level 5:colcon.colcon_core.verb:set package 'zed_topic_benchmark_interfaces' build argument 'cmake_args' from command line to 'None'
[0.316s] Level 5:colcon.colcon_core.verb:set package 'zed_topic_benchmark_interfaces' build argument 'cmake_target' from command line to 'None'
[0.316s] Level 5:colcon.colcon_core.verb:set package 'zed_topic_benchmark_interfaces' build argument 'cmake_target_skip_unavailable' from command line to 'False'
[0.316s] Level 5:colcon.colcon_core.verb:set package 'zed_topic_benchmark_interfaces' build argument 'cmake_clean_cache' from command line to 'False'
[0.316s] Level 5:colcon.colcon_core.verb:set package 'zed_topic_benchmark_interfaces' build argument 'cmake_clean_first' from command line to 'False'
[0.316s] Level 5:colcon.colcon_core.verb:set package 'zed_topic_benchmark_interfaces' build argument 'cmake_force_configure' from command line to 'False'
[0.316s] Level 5:colcon.colcon_core.verb:set package 'zed_topic_benchmark_interfaces' build argument 'ament_cmake_args' from command line to 'None'
[0.316s] Level 5:colcon.colcon_core.verb:set package 'zed_topic_benchmark_interfaces' build argument 'catkin_cmake_args' from command line to 'None'
[0.316s] Level 5:colcon.colcon_core.verb:set package 'zed_topic_benchmark_interfaces' build argument 'catkin_skip_building_tests' from command line to 'False'
[0.316s] DEBUG:colcon.colcon_core.verb:Building package 'zed_topic_benchmark_interfaces' with the following arguments: {'ament_cmake_args': None, 'build_base': '/home/awadh/zed_ws/build/zed_topic_benchmark_interfaces', 'catkin_cmake_args': None, 'catkin_skip_building_tests': False, 'cmake_args': None, 'cmake_clean_cache': False, 'cmake_clean_first': False, 'cmake_force_configure': False, 'cmake_target': None, 'cmake_target_skip_unavailable': False, 'install_base': '/home/awadh/zed_ws/install/zed_topic_benchmark_interfaces', 'merge_install': False, 'path': '/home/awadh/zed_ws/src/zed-ros2-examples/tools/zed_benchmark_interfaces', 'symlink_install': False, 'test_result_base': None}
[0.316s] Level 5:colcon.colcon_core.verb:set package 'zed_tutorial_depth' build argument 'cmake_args' from command line to 'None'
[0.316s] Level 5:colcon.colcon_core.verb:set package 'zed_tutorial_depth' build argument 'cmake_target' from command line to 'None'
[0.316s] Level 5:colcon.colcon_core.verb:set package 'zed_tutorial_depth' build argument 'cmake_target_skip_unavailable' from command line to 'False'
[0.316s] Level 5:colcon.colcon_core.verb:set package 'zed_tutorial_depth' build argument 'cmake_clean_cache' from command line to 'False'
[0.316s] Level 5:colcon.colcon_core.verb:set package 'zed_tutorial_depth' build argument 'cmake_clean_first' from command line to 'False'
[0.316s] Level 5:colcon.colcon_core.verb:set package 'zed_tutorial_depth' build argument 'cmake_force_configure' from command line to 'False'
[0.316s] Level 5:colcon.colcon_core.verb:set package 'zed_tutorial_depth' build argument 'ament_cmake_args' from command line to 'None'
[0.316s] Level 5:colcon.colcon_core.verb:set package 'zed_tutorial_depth' build argument 'catkin_cmake_args' from command line to 'None'
[0.316s] Level 5:colcon.colcon_core.verb:set package 'zed_tutorial_depth' build argument 'catkin_skip_building_tests' from command line to 'False'
[0.316s] DEBUG:colcon.colcon_core.verb:Building package 'zed_tutorial_depth' with the following arguments: {'ament_cmake_args': None, 'build_base': '/home/awadh/zed_ws/build/zed_tutorial_depth', 'catkin_cmake_args': None, 'catkin_skip_building_tests': False, 'cmake_args': None, 'cmake_clean_cache': False, 'cmake_clean_first': False, 'cmake_force_configure': False, 'cmake_target': None, 'cmake_target_skip_unavailable': False, 'install_base': '/home/awadh/zed_ws/install/zed_tutorial_depth', 'merge_install': False, 'path': '/home/awadh/zed_ws/src/zed-ros2-examples/tutorials/zed_depth_tutorial', 'symlink_install': False, 'test_result_base': None}
[0.316s] Level 5:colcon.colcon_core.verb:set package 'zed_tutorial_pos_tracking' build argument 'cmake_args' from command line to 'None'
[0.316s] Level 5:colcon.colcon_core.verb:set package 'zed_tutorial_pos_tracking' build argument 'cmake_target' from command line to 'None'
[0.316s] Level 5:colcon.colcon_core.verb:set package 'zed_tutorial_pos_tracking' build argument 'cmake_target_skip_unavailable' from command line to 'False'
[0.316s] Level 5:colcon.colcon_core.verb:set package 'zed_tutorial_pos_tracking' build argument 'cmake_clean_cache' from command line to 'False'
[0.316s] Level 5:colcon.colcon_core.verb:set package 'zed_tutorial_pos_tracking' build argument 'cmake_clean_first' from command line to 'False'
[0.316s] Level 5:colcon.colcon_core.verb:set package 'zed_tutorial_pos_tracking' build argument 'cmake_force_configure' from command line to 'False'
[0.316s] Level 5:colcon.colcon_core.verb:set package 'zed_tutorial_pos_tracking' build argument 'ament_cmake_args' from command line to 'None'
[0.316s] Level 5:colcon.colcon_core.verb:set package 'zed_tutorial_pos_tracking' build argument 'catkin_cmake_args' from command line to 'None'
[0.316s] Level 5:colcon.colcon_core.verb:set package 'zed_tutorial_pos_tracking' build argument 'catkin_skip_building_tests' from command line to 'False'
[0.316s] DEBUG:colcon.colcon_core.verb:Building package 'zed_tutorial_pos_tracking' with the following arguments: {'ament_cmake_args': None, 'build_base': '/home/awadh/zed_ws/build/zed_tutorial_pos_tracking', 'catkin_cmake_args': None, 'catkin_skip_building_tests': False, 'cmake_args': None, 'cmake_clean_cache': False, 'cmake_clean_first': False, 'cmake_force_configure': False, 'cmake_target': None, 'cmake_target_skip_unavailable': False, 'install_base': '/home/awadh/zed_ws/install/zed_tutorial_pos_tracking', 'merge_install': False, 'path': '/home/awadh/zed_ws/src/zed-ros2-examples/tutorials/zed_pose_tutorial', 'symlink_install': False, 'test_result_base': None}
[0.317s] Level 5:colcon.colcon_core.verb:set package 'zed_tutorial_video' build argument 'cmake_args' from command line to 'None'
[0.317s] Level 5:colcon.colcon_core.verb:set package 'zed_tutorial_video' build argument 'cmake_target' from command line to 'None'
[0.317s] Level 5:colcon.colcon_core.verb:set package 'zed_tutorial_video' build argument 'cmake_target_skip_unavailable' from command line to 'False'
[0.317s] Level 5:colcon.colcon_core.verb:set package 'zed_tutorial_video' build argument 'cmake_clean_cache' from command line to 'False'
[0.317s] Level 5:colcon.colcon_core.verb:set package 'zed_tutorial_video' build argument 'cmake_clean_first' from command line to 'False'
[0.317s] Level 5:colcon.colcon_core.verb:set package 'zed_tutorial_video' build argument 'cmake_force_configure' from command line to 'False'
[0.317s] Level 5:colcon.colcon_core.verb:set package 'zed_tutorial_video' build argument 'ament_cmake_args' from command line to 'None'
[0.317s] Level 5:colcon.colcon_core.verb:set package 'zed_tutorial_video' build argument 'catkin_cmake_args' from command line to 'None'
[0.317s] Level 5:colcon.colcon_core.verb:set package 'zed_tutorial_video' build argument 'catkin_skip_building_tests' from command line to 'False'
[0.317s] DEBUG:colcon.colcon_core.verb:Building package 'zed_tutorial_video' with the following arguments: {'ament_cmake_args': None, 'build_base': '/home/awadh/zed_ws/build/zed_tutorial_video', 'catkin_cmake_args': None, 'catkin_skip_building_tests': False, 'cmake_args': None, 'cmake_clean_cache': False, 'cmake_clean_first': False, 'cmake_force_configure': False, 'cmake_target': None, 'cmake_target_skip_unavailable': False, 'install_base': '/home/awadh/zed_ws/install/zed_tutorial_video', 'merge_install': False, 'path': '/home/awadh/zed_ws/src/zed-ros2-examples/tutorials/zed_video_tutorial', 'symlink_install': False, 'test_result_base': None}
[0.317s] Level 5:colcon.colcon_core.verb:set package 'rviz_plugin_zed_od' build argument 'cmake_args' from command line to 'None'
[0.317s] Level 5:colcon.colcon_core.verb:set package 'rviz_plugin_zed_od' build argument 'cmake_target' from command line to 'None'
[0.317s] Level 5:colcon.colcon_core.verb:set package 'rviz_plugin_zed_od' build argument 'cmake_target_skip_unavailable' from command line to 'False'
[0.317s] Level 5:colcon.colcon_core.verb:set package 'rviz_plugin_zed_od' build argument 'cmake_clean_cache' from command line to 'False'
[0.317s] Level 5:colcon.colcon_core.verb:set package 'rviz_plugin_zed_od' build argument 'cmake_clean_first' from command line to 'False'
[0.317s] Level 5:colcon.colcon_core.verb:set package 'rviz_plugin_zed_od' build argument 'cmake_force_configure' from command line to 'False'
[0.317s] Level 5:colcon.colcon_core.verb:set package 'rviz_plugin_zed_od' build argument 'ament_cmake_args' from command line to 'None'
[0.317s] Level 5:colcon.colcon_core.verb:set package 'rviz_plugin_zed_od' build argument 'catkin_cmake_args' from command line to 'None'
[0.317s] Level 5:colcon.colcon_core.verb:set package 'rviz_plugin_zed_od' build argument 'catkin_skip_building_tests' from command line to 'False'
[0.317s] DEBUG:colcon.colcon_core.verb:Building package 'rviz_plugin_zed_od' with the following arguments: {'ament_cmake_args': None, 'build_base': '/home/awadh/zed_ws/build/rviz_plugin_zed_od', 'catkin_cmake_args': None, 'catkin_skip_building_tests': False, 'cmake_args': None, 'cmake_clean_cache': False, 'cmake_clean_first': False, 'cmake_force_configure': False, 'cmake_target': None, 'cmake_target_skip_unavailable': False, 'install_base': '/home/awadh/zed_ws/install/rviz_plugin_zed_od', 'merge_install': False, 'path': '/home/awadh/zed_ws/src/zed-ros2-examples/rviz-plugin-zed-od', 'symlink_install': False, 'test_result_base': None}
[0.317s] Level 5:colcon.colcon_core.verb:set package 'zed_components' build argument 'cmake_args' from command line to 'None'
[0.317s] Level 5:colcon.colcon_core.verb:set package 'zed_components' build argument 'cmake_target' from command line to 'None'
[0.317s] Level 5:colcon.colcon_core.verb:set package 'zed_components' build argument 'cmake_target_skip_unavailable' from command line to 'False'
[0.317s] Level 5:colcon.colcon_core.verb:set package 'zed_components' build argument 'cmake_clean_cache' from command line to 'False'
[0.317s] Level 5:colcon.colcon_core.verb:set package 'zed_components' build argument 'cmake_clean_first' from command line to 'False'
[0.317s] Level 5:colcon.colcon_core.verb:set package 'zed_components' build argument 'cmake_force_configure' from command line to 'False'
[0.317s] Level 5:colcon.colcon_core.verb:set package 'zed_components' build argument 'ament_cmake_args' from command line to 'None'
[0.317s] Level 5:colcon.colcon_core.verb:set package 'zed_components' build argument 'catkin_cmake_args' from command line to 'None'
[0.317s] Level 5:colcon.colcon_core.verb:set package 'zed_components' build argument 'catkin_skip_building_tests' from command line to 'False'
[0.317s] DEBUG:colcon.colcon_core.verb:Building package 'zed_components' with the following arguments: {'ament_cmake_args': None, 'build_base': '/home/awadh/zed_ws/build/zed_components', 'catkin_cmake_args': None, 'catkin_skip_building_tests': False, 'cmake_args': None, 'cmake_clean_cache': False, 'cmake_clean_first': False, 'cmake_force_configure': False, 'cmake_target': None, 'cmake_target_skip_unavailable': False, 'install_base': '/home/awadh/zed_ws/install/zed_components', 'merge_install': False, 'path': '/home/awadh/zed_ws/src/zed-ros2-wrapper/zed_components', 'symlink_install': False, 'test_result_base': None}
[0.318s] Level 5:colcon.colcon_core.verb:set package 'zed_topic_benchmark_component' build argument 'cmake_args' from command line to 'None'
[0.318s] Level 5:colcon.colcon_core.verb:set package 'zed_topic_benchmark_component' build argument 'cmake_target' from command line to 'None'
[0.318s] Level 5:colcon.colcon_core.verb:set package 'zed_topic_benchmark_component' build argument 'cmake_target_skip_unavailable' from command line to 'False'
[0.318s] Level 5:colcon.colcon_core.verb:set package 'zed_topic_benchmark_component' build argument 'cmake_clean_cache' from command line to 'False'
[0.318s] Level 5:colcon.colcon_core.verb:set package 'zed_topic_benchmark_component' build argument 'cmake_clean_first' from command line to 'False'
[0.318s] Level 5:colcon.colcon_core.verb:set package 'zed_topic_benchmark_component' build argument 'cmake_force_configure' from command line to 'False'
[0.318s] Level 5:colcon.colcon_core.verb:set package 'zed_topic_benchmark_component' build argument 'ament_cmake_args' from command line to 'None'
[0.318s] Level 5:colcon.colcon_core.verb:set package 'zed_topic_benchmark_component' build argument 'catkin_cmake_args' from command line to 'None'
[0.318s] Level 5:colcon.colcon_core.verb:set package 'zed_topic_benchmark_component' build argument 'catkin_skip_building_tests' from command line to 'False'
[0.318s] DEBUG:colcon.colcon_core.verb:Building package 'zed_topic_benchmark_component' with the following arguments: {'ament_cmake_args': None, 'build_base': '/home/awadh/zed_ws/build/zed_topic_benchmark_component', 'catkin_cmake_args': None, 'catkin_skip_building_tests': False, 'cmake_args': None, 'cmake_clean_cache': False, 'cmake_clean_first': False, 'cmake_force_configure': False, 'cmake_target': None, 'cmake_target_skip_unavailable': False, 'install_base': '/home/awadh/zed_ws/install/zed_topic_benchmark_component', 'merge_install': False, 'path': '/home/awadh/zed_ws/src/zed-ros2-examples/tools/zed_benchmark_component', 'symlink_install': False, 'test_result_base': None}
[0.318s] Level 5:colcon.colcon_core.verb:set package 'zed_aruco_localization' build argument 'cmake_args' from command line to 'None'
[0.318s] Level 5:colcon.colcon_core.verb:set package 'zed_aruco_localization' build argument 'cmake_target' from command line to 'None'
[0.318s] Level 5:colcon.colcon_core.verb:set package 'zed_aruco_localization' build argument 'cmake_target_skip_unavailable' from command line to 'False'
[0.318s] Level 5:colcon.colcon_core.verb:set package 'zed_aruco_localization' build argument 'cmake_clean_cache' from command line to 'False'
[0.318s] Level 5:colcon.colcon_core.verb:set package 'zed_aruco_localization' build argument 'cmake_clean_first' from command line to 'False'
[0.318s] Level 5:colcon.colcon_core.verb:set package 'zed_aruco_localization' build argument 'cmake_force_configure' from command line to 'False'
[0.318s] Level 5:colcon.colcon_core.verb:set package 'zed_aruco_localization' build argument 'ament_cmake_args' from command line to 'None'
[0.318s] Level 5:colcon.colcon_core.verb:set package 'zed_aruco_localization' build argument 'catkin_cmake_args' from command line to 'None'
[0.318s] Level 5:colcon.colcon_core.verb:set package 'zed_aruco_localization' build argument 'catkin_skip_building_tests' from command line to 'False'
[0.318s] DEBUG:colcon.colcon_core.verb:Building package 'zed_aruco_localization' with the following arguments: {'ament_cmake_args': None, 'build_base': '/home/awadh/zed_ws/build/zed_aruco_localization', 'catkin_cmake_args': None, 'catkin_skip_building_tests': False, 'cmake_args': None, 'cmake_clean_cache': False, 'cmake_clean_first': False, 'cmake_force_configure': False, 'cmake_target': None, 'cmake_target_skip_unavailable': False, 'install_base': '/home/awadh/zed_ws/install/zed_aruco_localization', 'merge_install': False, 'path': '/home/awadh/zed_ws/src/zed-ros2-examples/examples/zed_aruco_localization', 'symlink_install': False, 'test_result_base': None}
[0.318s] Level 5:colcon.colcon_core.verb:set package 'zed_rgb_convert' build argument 'cmake_args' from command line to 'None'
[0.318s] Level 5:colcon.colcon_core.verb:set package 'zed_rgb_convert' build argument 'cmake_target' from command line to 'None'
[0.318s] Level 5:colcon.colcon_core.verb:set package 'zed_rgb_convert' build argument 'cmake_target_skip_unavailable' from command line to 'False'
[0.318s] Level 5:colcon.colcon_core.verb:set package 'zed_rgb_convert' build argument 'cmake_clean_cache' from command line to 'False'
[0.318s] Level 5:colcon.colcon_core.verb:set package 'zed_rgb_convert' build argument 'cmake_clean_first' from command line to 'False'
[0.318s] Level 5:colcon.colcon_core.verb:set package 'zed_rgb_convert' build argument 'cmake_force_configure' from command line to 'False'
[0.318s] Level 5:colcon.colcon_core.verb:set package 'zed_rgb_convert' build argument 'ament_cmake_args' from command line to 'None'
[0.318s] Level 5:colcon.colcon_core.verb:set package 'zed_rgb_convert' build argument 'catkin_cmake_args' from command line to 'None'
[0.318s] Level 5:colcon.colcon_core.verb:set package 'zed_rgb_convert' build argument 'catkin_skip_building_tests' from command line to 'False'
[0.318s] DEBUG:colcon.colcon_core.verb:Building package 'zed_rgb_convert' with the following arguments: {'ament_cmake_args': None, 'build_base': '/home/awadh/zed_ws/build/zed_rgb_convert', 'catkin_cmake_args': None, 'catkin_skip_building_tests': False, 'cmake_args': None, 'cmake_clean_cache': False, 'cmake_clean_first': False, 'cmake_force_configure': False, 'cmake_target': None, 'cmake_target_skip_unavailable': False, 'install_base': '/home/awadh/zed_ws/install/zed_rgb_convert', 'merge_install': False, 'path': '/home/awadh/zed_ws/src/zed-ros2-examples/tutorials/zed_rgb_convert', 'symlink_install': False, 'test_result_base': None}
[0.319s] Level 5:colcon.colcon_core.verb:set package 'zed_topic_benchmark' build argument 'cmake_args' from command line to 'None'
[0.319s] Level 5:colcon.colcon_core.verb:set package 'zed_topic_benchmark' build argument 'cmake_target' from command line to 'None'
[0.319s] Level 5:colcon.colcon_core.verb:set package 'zed_topic_benchmark' build argument 'cmake_target_skip_unavailable' from command line to 'False'
[0.319s] Level 5:colcon.colcon_core.verb:set package 'zed_topic_benchmark' build argument 'cmake_clean_cache' from command line to 'False'
[0.319s] Level 5:colcon.colcon_core.verb:set package 'zed_topic_benchmark' build argument 'cmake_clean_first' from command line to 'False'
[0.319s] Level 5:colcon.colcon_core.verb:set package 'zed_topic_benchmark' build argument 'cmake_force_configure' from command line to 'False'
[0.319s] Level 5:colcon.colcon_core.verb:set package 'zed_topic_benchmark' build argument 'ament_cmake_args' from command line to 'None'
[0.319s] Level 5:colcon.colcon_core.verb:set package 'zed_topic_benchmark' build argument 'catkin_cmake_args' from command line to 'None'
[0.319s] Level 5:colcon.colcon_core.verb:set package 'zed_topic_benchmark' build argument 'catkin_skip_building_tests' from command line to 'False'
[0.319s] DEBUG:colcon.colcon_core.verb:Building package 'zed_topic_benchmark' with the following arguments: {'ament_cmake_args': None, 'build_base': '/home/awadh/zed_ws/build/zed_topic_benchmark', 'catkin_cmake_args': None, 'catkin_skip_building_tests': False, 'cmake_args': None, 'cmake_clean_cache': False, 'cmake_clean_first': False, 'cmake_force_configure': False, 'cmake_target': None, 'cmake_target_skip_unavailable': False, 'install_base': '/home/awadh/zed_ws/install/zed_topic_benchmark', 'merge_install': False, 'path': '/home/awadh/zed_ws/src/zed-ros2-examples/tools/zed_benchmark', 'symlink_install': False, 'test_result_base': None}
[0.319s] Level 5:colcon.colcon_core.verb:set package 'zed_wrapper' build argument 'cmake_args' from command line to 'None'
[0.319s] Level 5:colcon.colcon_core.verb:set package 'zed_wrapper' build argument 'cmake_target' from command line to 'None'
[0.319s] Level 5:colcon.colcon_core.verb:set package 'zed_wrapper' build argument 'cmake_target_skip_unavailable' from command line to 'False'
[0.319s] Level 5:colcon.colcon_core.verb:set package 'zed_wrapper' build argument 'cmake_clean_cache' from command line to 'False'
[0.319s] Level 5:colcon.colcon_core.verb:set package 'zed_wrapper' build argument 'cmake_clean_first' from command line to 'False'
[0.319s] Level 5:colcon.colcon_core.verb:set package 'zed_wrapper' build argument 'cmake_force_configure' from command line to 'False'
[0.319s] Level 5:colcon.colcon_core.verb:set package 'zed_wrapper' build argument 'ament_cmake_args' from command line to 'None'
[0.319s] Level 5:colcon.colcon_core.verb:set package 'zed_wrapper' build argument 'catkin_cmake_args' from command line to 'None'
[0.319s] Level 5:colcon.colcon_core.verb:set package 'zed_wrapper' build argument 'catkin_skip_building_tests' from command line to 'False'
[0.319s] DEBUG:colcon.colcon_core.verb:Building package 'zed_wrapper' with the following arguments: {'ament_cmake_args': None, 'build_base': '/home/awadh/zed_ws/build/zed_wrapper', 'catkin_cmake_args': None, 'catkin_skip_building_tests': False, 'cmake_args': None, 'cmake_clean_cache': False, 'cmake_clean_first': False, 'cmake_force_configure': False, 'cmake_target': None, 'cmake_target_skip_unavailable': False, 'install_base': '/home/awadh/zed_ws/install/zed_wrapper', 'merge_install': False, 'path': '/home/awadh/zed_ws/src/zed-ros2-wrapper/zed_wrapper', 'symlink_install': False, 'test_result_base': None}
[0.319s] Level 5:colcon.colcon_core.verb:set package 'zed_depth_to_laserscan' build argument 'cmake_args' from command line to 'None'
[0.319s] Level 5:colcon.colcon_core.verb:set package 'zed_depth_to_laserscan' build argument 'cmake_target' from command line to 'None'
[0.319s] Level 5:colcon.colcon_core.verb:set package 'zed_depth_to_laserscan' build argument 'cmake_target_skip_unavailable' from command line to 'False'
[0.319s] Level 5:colcon.colcon_core.verb:set package 'zed_depth_to_laserscan' build argument 'cmake_clean_cache' from command line to 'False'
[0.319s] Level 5:colcon.colcon_core.verb:set package 'zed_depth_to_laserscan' build argument 'cmake_clean_first' from command line to 'False'
[0.319s] Level 5:colcon.colcon_core.verb:set package 'zed_depth_to_laserscan' build argument 'cmake_force_configure' from command line to 'False'
[0.319s] Level 5:colcon.colcon_core.verb:set package 'zed_depth_to_laserscan' build argument 'ament_cmake_args' from command line to 'None'
[0.320s] Level 5:colcon.colcon_core.verb:set package 'zed_depth_to_laserscan' build argument 'catkin_cmake_args' from command line to 'None'
[0.320s] Level 5:colcon.colcon_core.verb:set package 'zed_depth_to_laserscan' build argument 'catkin_skip_building_tests' from command line to 'False'
[0.320s] DEBUG:colcon.colcon_core.verb:Building package 'zed_depth_to_laserscan' with the following arguments: {'ament_cmake_args': None, 'build_base': '/home/awadh/zed_ws/build/zed_depth_to_laserscan', 'catkin_cmake_args': None, 'catkin_skip_building_tests': False, 'cmake_args': None, 'cmake_clean_cache': False, 'cmake_clean_first': False, 'cmake_force_configure': False, 'cmake_target': None, 'cmake_target_skip_unavailable': False, 'install_base': '/home/awadh/zed_ws/install/zed_depth_to_laserscan', 'merge_install': False, 'path': '/home/awadh/zed_ws/src/zed-ros2-examples/examples/zed_depth_to_laserscan', 'symlink_install': False, 'test_result_base': None}
[0.320s] Level 5:colcon.colcon_core.verb:set package 'zed_display_rviz2' build argument 'cmake_args' from command line to 'None'
[0.320s] Level 5:colcon.colcon_core.verb:set package 'zed_display_rviz2' build argument 'cmake_target' from command line to 'None'
[0.320s] Level 5:colcon.colcon_core.verb:set package 'zed_display_rviz2' build argument 'cmake_target_skip_unavailable' from command line to 'False'
[0.320s] Level 5:colcon.colcon_core.verb:set package 'zed_display_rviz2' build argument 'cmake_clean_cache' from command line to 'False'
[0.320s] Level 5:colcon.colcon_core.verb:set package 'zed_display_rviz2' build argument 'cmake_clean_first' from command line to 'False'
[0.320s] Level 5:colcon.colcon_core.verb:set package 'zed_display_rviz2' build argument 'cmake_force_configure' from command line to 'False'
[0.320s] Level 5:colcon.colcon_core.verb:set package 'zed_display_rviz2' build argument 'ament_cmake_args' from command line to 'None'
[0.320s] Level 5:colcon.colcon_core.verb:set package 'zed_display_rviz2' build argument 'catkin_cmake_args' from command line to 'None'
[0.320s] Level 5:colcon.colcon_core.verb:set package 'zed_display_rviz2' build argument 'catkin_skip_building_tests' from command line to 'False'
[0.320s] DEBUG:colcon.colcon_core.verb:Building package 'zed_display_rviz2' with the following arguments: {'ament_cmake_args': None, 'build_base': '/home/awadh/zed_ws/build/zed_display_rviz2', 'catkin_cmake_args': None, 'catkin_skip_building_tests': False, 'cmake_args': None, 'cmake_clean_cache': False, 'cmake_clean_first': False, 'cmake_force_configure': False, 'cmake_target': None, 'cmake_target_skip_unavailable': False, 'install_base': '/home/awadh/zed_ws/install/zed_display_rviz2', 'merge_install': False, 'path': '/home/awadh/zed_ws/src/zed-ros2-examples/zed_display_rviz2', 'symlink_install': False, 'test_result_base': None}
[0.320s] Level 5:colcon.colcon_core.verb:set package 'zed_multi_camera' build argument 'cmake_args' from command line to 'None'
[0.320s] Level 5:colcon.colcon_core.verb:set package 'zed_multi_camera' build argument 'cmake_target' from command line to 'None'
[0.320s] Level 5:colcon.colcon_core.verb:set package 'zed_multi_camera' build argument 'cmake_target_skip_unavailable' from command line to 'False'
[0.320s] Level 5:colcon.colcon_core.verb:set package 'zed_multi_camera' build argument 'cmake_clean_cache' from command line to 'False'
[0.320s] Level 5:colcon.colcon_core.verb:set package 'zed_multi_camera' build argument 'cmake_clean_first' from command line to 'False'
[0.320s] Level 5:colcon.colcon_core.verb:set package 'zed_multi_camera' build argument 'cmake_force_configure' from command line to 'False'
[0.320s] Level 5:colcon.colcon_core.verb:set package 'zed_multi_camera' build argument 'ament_cmake_args' from command line to 'None'
[0.320s] Level 5:colcon.colcon_core.verb:set package 'zed_multi_camera' build argument 'catkin_cmake_args' from command line to 'None'
[0.320s] Level 5:colcon.colcon_core.verb:set package 'zed_multi_camera' build argument 'catkin_skip_building_tests' from command line to 'False'
[0.320s] DEBUG:colcon.colcon_core.verb:Building package 'zed_multi_camera' with the following arguments: {'ament_cmake_args': None, 'build_base': '/home/awadh/zed_ws/build/zed_multi_camera', 'catkin_cmake_args': None, 'catkin_skip_building_tests': False, 'cmake_args': None, 'cmake_clean_cache': False, 'cmake_clean_first': False, 'cmake_force_configure': False, 'cmake_target': None, 'cmake_target_skip_unavailable': False, 'install_base': '/home/awadh/zed_ws/install/zed_multi_camera', 'merge_install': False, 'path': '/home/awadh/zed_ws/src/zed-ros2-examples/tutorials/zed_multi_camera', 'symlink_install': False, 'test_result_base': None}
[0.320s] Level 5:colcon.colcon_core.verb:set package 'zed_robot_integration' build argument 'cmake_args' from command line to 'None'
[0.320s] Level 5:colcon.colcon_core.verb:set package 'zed_robot_integration' build argument 'cmake_target' from command line to 'None'
[0.320s] Level 5:colcon.colcon_core.verb:set package 'zed_robot_integration' build argument 'cmake_target_skip_unavailable' from command line to 'False'
[0.320s] Level 5:colcon.colcon_core.verb:set package 'zed_robot_integration' build argument 'cmake_clean_cache' from command line to 'False'
[0.320s] Level 5:colcon.colcon_core.verb:set package 'zed_robot_integration' build argument 'cmake_clean_first' from command line to 'False'
[0.320s] Level 5:colcon.colcon_core.verb:set package 'zed_robot_integration' build argument 'cmake_force_configure' from command line to 'False'
[0.321s] Level 5:colcon.colcon_core.verb:set package 'zed_robot_integration' build argument 'ament_cmake_args' from command line to 'None'
[0.321s] Level 5:colcon.colcon_core.verb:set package 'zed_robot_integration' build argument 'catkin_cmake_args' from command line to 'None'
[0.321s] Level 5:colcon.colcon_core.verb:set package 'zed_robot_integration' build argument 'catkin_skip_building_tests' from command line to 'False'
[0.321s] DEBUG:colcon.colcon_core.verb:Building package 'zed_robot_integration' with the following arguments: {'ament_cmake_args': None, 'build_base': '/home/awadh/zed_ws/build/zed_robot_integration', 'catkin_cmake_args': None, 'catkin_skip_building_tests': False, 'cmake_args': None, 'cmake_clean_cache': False, 'cmake_clean_first': False, 'cmake_force_configure': False, 'cmake_target': None, 'cmake_target_skip_unavailable': False, 'install_base': '/home/awadh/zed_ws/install/zed_robot_integration', 'merge_install': False, 'path': '/home/awadh/zed_ws/src/zed-ros2-examples/tutorials/zed_robot_integration', 'symlink_install': False, 'test_result_base': None}
[0.321s] Level 5:colcon.colcon_core.verb:set package 'zed_ros2' build argument 'cmake_args' from command line to 'None'
[0.321s] Level 5:colcon.colcon_core.verb:set package 'zed_ros2' build argument 'cmake_target' from command line to 'None'
[0.321s] Level 5:colcon.colcon_core.verb:set package 'zed_ros2' build argument 'cmake_target_skip_unavailable' from command line to 'False'
[0.321s] Level 5:colcon.colcon_core.verb:set package 'zed_ros2' build argument 'cmake_clean_cache' from command line to 'False'
[0.321s] Level 5:colcon.colcon_core.verb:set package 'zed_ros2' build argument 'cmake_clean_first' from command line to 'False'
[0.321s] Level 5:colcon.colcon_core.verb:set package 'zed_ros2' build argument 'cmake_force_configure' from command line to 'False'
[0.321s] Level 5:colcon.colcon_core.verb:set package 'zed_ros2' build argument 'ament_cmake_args' from command line to 'None'
[0.321s] Level 5:colcon.colcon_core.verb:set package 'zed_ros2' build argument 'catkin_cmake_args' from command line to 'None'
[0.321s] Level 5:colcon.colcon_core.verb:set package 'zed_ros2' build argument 'catkin_skip_building_tests' from command line to 'False'
[0.321s] DEBUG:colcon.colcon_core.verb:Building package 'zed_ros2' with the following arguments: {'ament_cmake_args': None, 'build_base': '/home/awadh/zed_ws/build/zed_ros2', 'catkin_cmake_args': None, 'catkin_skip_building_tests': False, 'cmake_args': None, 'cmake_clean_cache': False, 'cmake_clean_first': False, 'cmake_force_configure': False, 'cmake_target': None, 'cmake_target_skip_unavailable': False, 'install_base': '/home/awadh/zed_ws/install/zed_ros2', 'merge_install': False, 'path': '/home/awadh/zed_ws/src/zed-ros2-wrapper/zed_ros2', 'symlink_install': False, 'test_result_base': None}
[0.321s] INFO:colcon.colcon_core.executor:Executing jobs using 'parallel' executor
[0.322s] DEBUG:colcon.colcon_parallel_executor.executor.parallel:run_until_complete
[0.322s] INFO:colcon.colcon_ros.task.ament_cmake.build:Building ROS package in '/home/awadh/zed_ws/src/zed-ros2-wrapper/zed-ros2-interfaces' with build type 'ament_cmake'
[0.323s] INFO:colcon.colcon_cmake.task.cmake.build:Building CMake package in '/home/awadh/zed_ws/src/zed-ros2-wrapper/zed-ros2-interfaces'
[0.324s] INFO:colcon.colcon_core.plugin_system:Skipping extension 'colcon_core.shell.bat': Not used on non-Windows systems
[0.324s] INFO:colcon.colcon_core.shell:Skip shell extension 'powershell' for command environment: Not usable outside of PowerShell
[0.324s] DEBUG:colcon.colcon_core.shell:Skip shell extension 'dsv' for command environment
[0.330s] INFO:colcon.colcon_ros.task.ament_cmake.build:Building ROS package in '/home/awadh/zed_ws/src/zed-ros2-examples/tools/zed_benchmark_interfaces' with build type 'ament_cmake'
[0.330s] INFO:colcon.colcon_cmake.task.cmake.build:Building CMake package in '/home/awadh/zed_ws/src/zed-ros2-examples/tools/zed_benchmark_interfaces'
[0.330s] INFO:colcon.colcon_core.shell:Skip shell extension 'powershell' for command environment: Not usable outside of PowerShell
[0.330s] DEBUG:colcon.colcon_core.shell:Skip shell extension 'dsv' for command environment
[0.337s] INFO:colcon.colcon_ros.task.ament_cmake.build:Building ROS package in '/home/awadh/zed_ws/src/zed-ros2-examples/tutorials/zed_depth_tutorial' with build type 'ament_cmake'
[0.337s] INFO:colcon.colcon_cmake.task.cmake.build:Building CMake package in '/home/awadh/zed_ws/src/zed-ros2-examples/tutorials/zed_depth_tutorial'
[0.337s] INFO:colcon.colcon_core.shell:Skip shell extension 'powershell' for command environment: Not usable outside of PowerShell
[0.337s] DEBUG:colcon.colcon_core.shell:Skip shell extension 'dsv' for command environment
[0.343s] INFO:colcon.colcon_ros.task.ament_cmake.build:Building ROS package in '/home/awadh/zed_ws/src/zed-ros2-examples/tutorials/zed_pose_tutorial' with build type 'ament_cmake'
[0.343s] INFO:colcon.colcon_cmake.task.cmake.build:Building CMake package in '/home/awadh/zed_ws/src/zed-ros2-examples/tutorials/zed_pose_tutorial'
[0.343s] INFO:colcon.colcon_core.shell:Skip shell extension 'powershell' for command environment: Not usable outside of PowerShell
[0.343s] DEBUG:colcon.colcon_core.shell:Skip shell extension 'dsv' for command environment
[0.350s] INFO:colcon.colcon_ros.task.ament_cmake.build:Building ROS package in '/home/awadh/zed_ws/src/zed-ros2-examples/tutorials/zed_video_tutorial' with build type 'ament_cmake'
[0.350s] INFO:colcon.colcon_cmake.task.cmake.build:Building CMake package in '/home/awadh/zed_ws/src/zed-ros2-examples/tutorials/zed_video_tutorial'
[0.350s] INFO:colcon.colcon_core.shell:Skip shell extension 'powershell' for command environment: Not usable outside of PowerShell
[0.350s] DEBUG:colcon.colcon_core.shell:Skip shell extension 'dsv' for command environment
[0.363s] DEBUG:colcon.colcon_core.event_handler.log_command:Invoking command in '/home/awadh/zed_ws/build/zed_interfaces': CMAKE_PREFIX_PATH=/home/awadh/gazebo_ws/install/yolov8_msgs:/home/awadh/gazebo_ws/install/yolobot_recognition:/home/awadh/gazebo_ws/install/yolobot_gazebo:/home/awadh/gazebo_ws/install/yolobot_description:/home/awadh/gazebo_ws/install/yolobot_control:/home/awadh/gazebo_ws/install/my_robot_bringup:/home/awadh/gazebo_ws/install/my_robot_description:/home/awadh/yolobot/install/yolov8_msgs:/home/awadh/yolobot/install/yolobot_recognition:/home/awadh/yolobot/install/yolobot_gazebo:/home/awadh/yolobot/install/yolobot_description:/home/awadh/yolobot/install/yolobot_control:/home/awadh/test2_ws/install/pcl_object_detection:/home/awadh/zed_ws/install/zed_ros2:/home/awadh/zed_ws/install/zed_robot_integration:/home/awadh/zed_ws/install/zed_multi_camera:/home/awadh/zed_ws/install/zed_display_rviz2:/home/awadh/zed_ws/install/zed_depth_to_laserscan:/home/awadh/zed_ws/install/zed_wrapper:/home/awadh/zed_ws/install/zed_tutorial_video:/home/awadh/zed_ws/install/zed_tutorial_pos_tracking:/home/awadh/zed_ws/install/zed_tutorial_depth:/home/awadh/zed_ws/install/zed_topic_benchmark:/home/awadh/zed_ws/install/zed_topic_benchmark_component:/home/awadh/zed_ws/install/zed_topic_benchmark_interfaces:/home/awadh/zed_ws/install/zed_rgb_convert:/home/awadh/zed_ws/install/zed_aruco_localization:/home/awadh/zed_ws/install/zed_components:/home/awadh/zed_ws/install/rviz_plugin_zed_od:/home/awadh/zed_ws/install/zed_interfaces:/home/awadh/ouster_ws/install/ouster_ros:/home/awadh/ouster_ws/install/ouster_sensor_msgs:/home/awadh/ros2_ws/install/my_robot_bringup:/home/awadh/ros2_ws/install/turtlesim_project_cpp:/home/awadh/ros2_ws/install/my_cpp_pkg:/home/awadh/ros2_ws/install/my_robot_interfaces:/home/awadh/gazebo_ws/install/ultralytics_ros2:/home/awadh/ros2_ws/install/turtlesim_catch_them_all:/home/awadh/ros2_ws/install/my_py_pkg:/opt/ros/humble:/home/awadh/sick_tim_ws/install/sick_tim /usr/bin/cmake --build /home/awadh/zed_ws/build/zed_interfaces -- -j16 -l16
[0.366s] DEBUG:colcon.colcon_core.event_handler.log_command:Invoking command in '/home/awadh/zed_ws/build/zed_topic_benchmark_interfaces': CMAKE_PREFIX_PATH=/home/awadh/gazebo_ws/install/yolov8_msgs:/home/awadh/gazebo_ws/install/yolobot_recognition:/home/awadh/gazebo_ws/install/yolobot_gazebo:/home/awadh/gazebo_ws/install/yolobot_description:/home/awadh/gazebo_ws/install/yolobot_control:/home/awadh/gazebo_ws/install/my_robot_bringup:/home/awadh/gazebo_ws/install/my_robot_description:/home/awadh/yolobot/install/yolov8_msgs:/home/awadh/yolobot/install/yolobot_recognition:/home/awadh/yolobot/install/yolobot_gazebo:/home/awadh/yolobot/install/yolobot_description:/home/awadh/yolobot/install/yolobot_control:/home/awadh/test2_ws/install/pcl_object_detection:/home/awadh/zed_ws/install/zed_ros2:/home/awadh/zed_ws/install/zed_robot_integration:/home/awadh/zed_ws/install/zed_multi_camera:/home/awadh/zed_ws/install/zed_display_rviz2:/home/awadh/zed_ws/install/zed_depth_to_laserscan:/home/awadh/zed_ws/install/zed_wrapper:/home/awadh/zed_ws/install/zed_tutorial_video:/home/awadh/zed_ws/install/zed_tutorial_pos_tracking:/home/awadh/zed_ws/install/zed_tutorial_depth:/home/awadh/zed_ws/install/zed_topic_benchmark:/home/awadh/zed_ws/install/zed_topic_benchmark_component:/home/awadh/zed_ws/install/zed_topic_benchmark_interfaces:/home/awadh/zed_ws/install/zed_rgb_convert:/home/awadh/zed_ws/install/zed_aruco_localization:/home/awadh/zed_ws/install/zed_components:/home/awadh/zed_ws/install/rviz_plugin_zed_od:/home/awadh/zed_ws/install/zed_interfaces:/home/awadh/ouster_ws/install/ouster_ros:/home/awadh/ouster_ws/install/ouster_sensor_msgs:/home/awadh/ros2_ws/install/my_robot_bringup:/home/awadh/ros2_ws/install/turtlesim_project_cpp:/home/awadh/ros2_ws/install/my_cpp_pkg:/home/awadh/ros2_ws/install/my_robot_interfaces:/home/awadh/gazebo_ws/install/ultralytics_ros2:/home/awadh/ros2_ws/install/turtlesim_catch_them_all:/home/awadh/ros2_ws/install/my_py_pkg:/opt/ros/humble:/home/awadh/sick_tim_ws/install/sick_tim /usr/bin/cmake --build /home/awadh/zed_ws/build/zed_topic_benchmark_interfaces -- -j16 -l16
[0.369s] DEBUG:colcon.colcon_core.event_handler.log_command:Invoking command in '/home/awadh/zed_ws/build/zed_tutorial_depth': CMAKE_PREFIX_PATH=/home/awadh/gazebo_ws/install/yolov8_msgs:/home/awadh/gazebo_ws/install/yolobot_recognition:/home/awadh/gazebo_ws/install/yolobot_gazebo:/home/awadh/gazebo_ws/install/yolobot_description:/home/awadh/gazebo_ws/install/yolobot_control:/home/awadh/gazebo_ws/install/my_robot_bringup:/home/awadh/gazebo_ws/install/my_robot_description:/home/awadh/yolobot/install/yolov8_msgs:/home/awadh/yolobot/install/yolobot_recognition:/home/awadh/yolobot/install/yolobot_gazebo:/home/awadh/yolobot/install/yolobot_description:/home/awadh/yolobot/install/yolobot_control:/home/awadh/test2_ws/install/pcl_object_detection:/home/awadh/zed_ws/install/zed_ros2:/home/awadh/zed_ws/install/zed_robot_integration:/home/awadh/zed_ws/install/zed_multi_camera:/home/awadh/zed_ws/install/zed_display_rviz2:/home/awadh/zed_ws/install/zed_depth_to_laserscan:/home/awadh/zed_ws/install/zed_wrapper:/home/awadh/zed_ws/install/zed_tutorial_video:/home/awadh/zed_ws/install/zed_tutorial_pos_tracking:/home/awadh/zed_ws/install/zed_tutorial_depth:/home/awadh/zed_ws/install/zed_topic_benchmark:/home/awadh/zed_ws/install/zed_topic_benchmark_component:/home/awadh/zed_ws/install/zed_topic_benchmark_interfaces:/home/awadh/zed_ws/install/zed_rgb_convert:/home/awadh/zed_ws/install/zed_aruco_localization:/home/awadh/zed_ws/install/zed_components:/home/awadh/zed_ws/install/rviz_plugin_zed_od:/home/awadh/zed_ws/install/zed_interfaces:/home/awadh/ouster_ws/install/ouster_ros:/home/awadh/ouster_ws/install/ouster_sensor_msgs:/home/awadh/ros2_ws/install/my_robot_bringup:/home/awadh/ros2_ws/install/turtlesim_project_cpp:/home/awadh/ros2_ws/install/my_cpp_pkg:/home/awadh/ros2_ws/install/my_robot_interfaces:/home/awadh/gazebo_ws/install/ultralytics_ros2:/home/awadh/ros2_ws/install/turtlesim_catch_them_all:/home/awadh/ros2_ws/install/my_py_pkg:/opt/ros/humble:/home/awadh/sick_tim_ws/install/sick_tim /usr/bin/cmake --build /home/awadh/zed_ws/build/zed_tutorial_depth -- -j16 -l16
[0.372s] DEBUG:colcon.colcon_core.event_handler.log_command:Invoking command in '/home/awadh/zed_ws/build/zed_tutorial_pos_tracking': CMAKE_PREFIX_PATH=/home/awadh/gazebo_ws/install/yolov8_msgs:/home/awadh/gazebo_ws/install/yolobot_recognition:/home/awadh/gazebo_ws/install/yolobot_gazebo:/home/awadh/gazebo_ws/install/yolobot_description:/home/awadh/gazebo_ws/install/yolobot_control:/home/awadh/gazebo_ws/install/my_robot_bringup:/home/awadh/gazebo_ws/install/my_robot_description:/home/awadh/yolobot/install/yolov8_msgs:/home/awadh/yolobot/install/yolobot_recognition:/home/awadh/yolobot/install/yolobot_gazebo:/home/awadh/yolobot/install/yolobot_description:/home/awadh/yolobot/install/yolobot_control:/home/awadh/test2_ws/install/pcl_object_detection:/home/awadh/zed_ws/install/zed_ros2:/home/awadh/zed_ws/install/zed_robot_integration:/home/awadh/zed_ws/install/zed_multi_camera:/home/awadh/zed_ws/install/zed_display_rviz2:/home/awadh/zed_ws/install/zed_depth_to_laserscan:/home/awadh/zed_ws/install/zed_wrapper:/home/awadh/zed_ws/install/zed_tutorial_video:/home/awadh/zed_ws/install/zed_tutorial_pos_tracking:/home/awadh/zed_ws/install/zed_tutorial_depth:/home/awadh/zed_ws/install/zed_topic_benchmark:/home/awadh/zed_ws/install/zed_topic_benchmark_component:/home/awadh/zed_ws/install/zed_topic_benchmark_interfaces:/home/awadh/zed_ws/install/zed_rgb_convert:/home/awadh/zed_ws/install/zed_aruco_localization:/home/awadh/zed_ws/install/zed_components:/home/awadh/zed_ws/install/rviz_plugin_zed_od:/home/awadh/zed_ws/install/zed_interfaces:/home/awadh/ouster_ws/install/ouster_ros:/home/awadh/ouster_ws/install/ouster_sensor_msgs:/home/awadh/ros2_ws/install/my_robot_bringup:/home/awadh/ros2_ws/install/turtlesim_project_cpp:/home/awadh/ros2_ws/install/my_cpp_pkg:/home/awadh/ros2_ws/install/my_robot_interfaces:/home/awadh/gazebo_ws/install/ultralytics_ros2:/home/awadh/ros2_ws/install/turtlesim_catch_them_all:/home/awadh/ros2_ws/install/my_py_pkg:/opt/ros/humble:/home/awadh/sick_tim_ws/install/sick_tim /usr/bin/cmake --build /home/awadh/zed_ws/build/zed_tutorial_pos_tracking -- -j16 -l16
[0.377s] DEBUG:colcon.colcon_core.event_handler.log_command:Invoking command in '/home/awadh/zed_ws/build/zed_tutorial_video': CMAKE_PREFIX_PATH=/home/awadh/gazebo_ws/install/yolov8_msgs:/home/awadh/gazebo_ws/install/yolobot_recognition:/home/awadh/gazebo_ws/install/yolobot_gazebo:/home/awadh/gazebo_ws/install/yolobot_description:/home/awadh/gazebo_ws/install/yolobot_control:/home/awadh/gazebo_ws/install/my_robot_bringup:/home/awadh/gazebo_ws/install/my_robot_description:/home/awadh/yolobot/install/yolov8_msgs:/home/awadh/yolobot/install/yolobot_recognition:/home/awadh/yolobot/install/yolobot_gazebo:/home/awadh/yolobot/install/yolobot_description:/home/awadh/yolobot/install/yolobot_control:/home/awadh/test2_ws/install/pcl_object_detection:/home/awadh/zed_ws/install/zed_ros2:/home/awadh/zed_ws/install/zed_robot_integration:/home/awadh/zed_ws/install/zed_multi_camera:/home/awadh/zed_ws/install/zed_display_rviz2:/home/awadh/zed_ws/install/zed_depth_to_laserscan:/home/awadh/zed_ws/install/zed_wrapper:/home/awadh/zed_ws/install/zed_tutorial_video:/home/awadh/zed_ws/install/zed_tutorial_pos_tracking:/home/awadh/zed_ws/install/zed_tutorial_depth:/home/awadh/zed_ws/install/zed_topic_benchmark:/home/awadh/zed_ws/install/zed_topic_benchmark_component:/home/awadh/zed_ws/install/zed_topic_benchmark_interfaces:/home/awadh/zed_ws/install/zed_rgb_convert:/home/awadh/zed_ws/install/zed_aruco_localization:/home/awadh/zed_ws/install/zed_components:/home/awadh/zed_ws/install/rviz_plugin_zed_od:/home/awadh/zed_ws/install/zed_interfaces:/home/awadh/ouster_ws/install/ouster_ros:/home/awadh/ouster_ws/install/ouster_sensor_msgs:/home/awadh/ros2_ws/install/my_robot_bringup:/home/awadh/ros2_ws/install/turtlesim_project_cpp:/home/awadh/ros2_ws/install/my_cpp_pkg:/home/awadh/ros2_ws/install/my_robot_interfaces:/home/awadh/gazebo_ws/install/ultralytics_ros2:/home/awadh/ros2_ws/install/turtlesim_catch_them_all:/home/awadh/ros2_ws/install/my_py_pkg:/opt/ros/humble:/home/awadh/sick_tim_ws/install/sick_tim /usr/bin/cmake --build /home/awadh/zed_ws/build/zed_tutorial_video -- -j16 -l16
[0.458s] DEBUG:colcon.colcon_core.event_handler.log_command:Invoked command in '/home/awadh/zed_ws/build/zed_tutorial_depth' returned '0': CMAKE_PREFIX_PATH=/home/awadh/gazebo_ws/install/yolov8_msgs:/home/awadh/gazebo_ws/install/yolobot_recognition:/home/awadh/gazebo_ws/install/yolobot_gazebo:/home/awadh/gazebo_ws/install/yolobot_description:/home/awadh/gazebo_ws/install/yolobot_control:/home/awadh/gazebo_ws/install/my_robot_bringup:/home/awadh/gazebo_ws/install/my_robot_description:/home/awadh/yolobot/install/yolov8_msgs:/home/awadh/yolobot/install/yolobot_recognition:/home/awadh/yolobot/install/yolobot_gazebo:/home/awadh/yolobot/install/yolobot_description:/home/awadh/yolobot/install/yolobot_control:/home/awadh/test2_ws/install/pcl_object_detection:/home/awadh/zed_ws/install/zed_ros2:/home/awadh/zed_ws/install/zed_robot_integration:/home/awadh/zed_ws/install/zed_multi_camera:/home/awadh/zed_ws/install/zed_display_rviz2:/home/awadh/zed_ws/install/zed_depth_to_laserscan:/home/awadh/zed_ws/install/zed_wrapper:/home/awadh/zed_ws/install/zed_tutorial_video:/home/awadh/zed_ws/install/zed_tutorial_pos_tracking:/home/awadh/zed_ws/install/zed_tutorial_depth:/home/awadh/zed_ws/install/zed_topic_benchmark:/home/awadh/zed_ws/install/zed_topic_benchmark_component:/home/awadh/zed_ws/install/zed_topic_benchmark_interfaces:/home/awadh/zed_ws/install/zed_rgb_convert:/home/awadh/zed_ws/install/zed_aruco_localization:/home/awadh/zed_ws/install/zed_components:/home/awadh/zed_ws/install/rviz_plugin_zed_od:/home/awadh/zed_ws/install/zed_interfaces:/home/awadh/ouster_ws/install/ouster_ros:/home/awadh/ouster_ws/install/ouster_sensor_msgs:/home/awadh/ros2_ws/install/my_robot_bringup:/home/awadh/ros2_ws/install/turtlesim_project_cpp:/home/awadh/ros2_ws/install/my_cpp_pkg:/home/awadh/ros2_ws/install/my_robot_interfaces:/home/awadh/gazebo_ws/install/ultralytics_ros2:/home/awadh/ros2_ws/install/turtlesim_catch_them_all:/home/awadh/ros2_ws/install/my_py_pkg:/opt/ros/humble:/home/awadh/sick_tim_ws/install/sick_tim /usr/bin/cmake --build /home/awadh/zed_ws/build/zed_tutorial_depth -- -j16 -l16
[0.471s] DEBUG:colcon.colcon_core.event_handler.log_command:Invoked command in '/home/awadh/zed_ws/build/zed_tutorial_pos_tracking' returned '0': CMAKE_PREFIX_PATH=/home/awadh/gazebo_ws/install/yolov8_msgs:/home/awadh/gazebo_ws/install/yolobot_recognition:/home/awadh/gazebo_ws/install/yolobot_gazebo:/home/awadh/gazebo_ws/install/yolobot_description:/home/awadh/gazebo_ws/install/yolobot_control:/home/awadh/gazebo_ws/install/my_robot_bringup:/home/awadh/gazebo_ws/install/my_robot_description:/home/awadh/yolobot/install/yolov8_msgs:/home/awadh/yolobot/install/yolobot_recognition:/home/awadh/yolobot/install/yolobot_gazebo:/home/awadh/yolobot/install/yolobot_description:/home/awadh/yolobot/install/yolobot_control:/home/awadh/test2_ws/install/pcl_object_detection:/home/awadh/zed_ws/install/zed_ros2:/home/awadh/zed_ws/install/zed_robot_integration:/home/awadh/zed_ws/install/zed_multi_camera:/home/awadh/zed_ws/install/zed_display_rviz2:/home/awadh/zed_ws/install/zed_depth_to_laserscan:/home/awadh/zed_ws/install/zed_wrapper:/home/awadh/zed_ws/install/zed_tutorial_video:/home/awadh/zed_ws/install/zed_tutorial_pos_tracking:/home/awadh/zed_ws/install/zed_tutorial_depth:/home/awadh/zed_ws/install/zed_topic_benchmark:/home/awadh/zed_ws/install/zed_topic_benchmark_component:/home/awadh/zed_ws/install/zed_topic_benchmark_interfaces:/home/awadh/zed_ws/install/zed_rgb_convert:/home/awadh/zed_ws/install/zed_aruco_localization:/home/awadh/zed_ws/install/zed_components:/home/awadh/zed_ws/install/rviz_plugin_zed_od:/home/awadh/zed_ws/install/zed_interfaces:/home/awadh/ouster_ws/install/ouster_ros:/home/awadh/ouster_ws/install/ouster_sensor_msgs:/home/awadh/ros2_ws/install/my_robot_bringup:/home/awadh/ros2_ws/install/turtlesim_project_cpp:/home/awadh/ros2_ws/install/my_cpp_pkg:/home/awadh/ros2_ws/install/my_robot_interfaces:/home/awadh/gazebo_ws/install/ultralytics_ros2:/home/awadh/ros2_ws/install/turtlesim_catch_them_all:/home/awadh/ros2_ws/install/my_py_pkg:/opt/ros/humble:/home/awadh/sick_tim_ws/install/sick_tim /usr/bin/cmake --build /home/awadh/zed_ws/build/zed_tutorial_pos_tracking -- -j16 -l16
[0.494s] DEBUG:colcon.colcon_core.event_handler.log_command:Invoked command in '/home/awadh/zed_ws/build/zed_tutorial_video' returned '0': CMAKE_PREFIX_PATH=/home/awadh/gazebo_ws/install/yolov8_msgs:/home/awadh/gazebo_ws/install/yolobot_recognition:/home/awadh/gazebo_ws/install/yolobot_gazebo:/home/awadh/gazebo_ws/install/yolobot_description:/home/awadh/gazebo_ws/install/yolobot_control:/home/awadh/gazebo_ws/install/my_robot_bringup:/home/awadh/gazebo_ws/install/my_robot_description:/home/awadh/yolobot/install/yolov8_msgs:/home/awadh/yolobot/install/yolobot_recognition:/home/awadh/yolobot/install/yolobot_gazebo:/home/awadh/yolobot/install/yolobot_description:/home/awadh/yolobot/install/yolobot_control:/home/awadh/test2_ws/install/pcl_object_detection:/home/awadh/zed_ws/install/zed_ros2:/home/awadh/zed_ws/install/zed_robot_integration:/home/awadh/zed_ws/install/zed_multi_camera:/home/awadh/zed_ws/install/zed_display_rviz2:/home/awadh/zed_ws/install/zed_depth_to_laserscan:/home/awadh/zed_ws/install/zed_wrapper:/home/awadh/zed_ws/install/zed_tutorial_video:/home/awadh/zed_ws/install/zed_tutorial_pos_tracking:/home/awadh/zed_ws/install/zed_tutorial_depth:/home/awadh/zed_ws/install/zed_topic_benchmark:/home/awadh/zed_ws/install/zed_topic_benchmark_component:/home/awadh/zed_ws/install/zed_topic_benchmark_interfaces:/home/awadh/zed_ws/install/zed_rgb_convert:/home/awadh/zed_ws/install/zed_aruco_localization:/home/awadh/zed_ws/install/zed_components:/home/awadh/zed_ws/install/rviz_plugin_zed_od:/home/awadh/zed_ws/install/zed_interfaces:/home/awadh/ouster_ws/install/ouster_ros:/home/awadh/ouster_ws/install/ouster_sensor_msgs:/home/awadh/ros2_ws/install/my_robot_bringup:/home/awadh/ros2_ws/install/turtlesim_project_cpp:/home/awadh/ros2_ws/install/my_cpp_pkg:/home/awadh/ros2_ws/install/my_robot_interfaces:/home/awadh/gazebo_ws/install/ultralytics_ros2:/home/awadh/ros2_ws/install/turtlesim_catch_them_all:/home/awadh/ros2_ws/install/my_py_pkg:/opt/ros/humble:/home/awadh/sick_tim_ws/install/sick_tim /usr/bin/cmake --build /home/awadh/zed_ws/build/zed_tutorial_video -- -j16 -l16
[0.527s] DEBUG:colcon.colcon_core.event_handler.log_command:Invoking command in '/home/awadh/zed_ws/build/zed_tutorial_depth': CMAKE_PREFIX_PATH=/home/awadh/gazebo_ws/install/yolov8_msgs:/home/awadh/gazebo_ws/install/yolobot_recognition:/home/awadh/gazebo_ws/install/yolobot_gazebo:/home/awadh/gazebo_ws/install/yolobot_description:/home/awadh/gazebo_ws/install/yolobot_control:/home/awadh/gazebo_ws/install/my_robot_bringup:/home/awadh/gazebo_ws/install/my_robot_description:/home/awadh/yolobot/install/yolov8_msgs:/home/awadh/yolobot/install/yolobot_recognition:/home/awadh/yolobot/install/yolobot_gazebo:/home/awadh/yolobot/install/yolobot_description:/home/awadh/yolobot/install/yolobot_control:/home/awadh/test2_ws/install/pcl_object_detection:/home/awadh/zed_ws/install/zed_ros2:/home/awadh/zed_ws/install/zed_robot_integration:/home/awadh/zed_ws/install/zed_multi_camera:/home/awadh/zed_ws/install/zed_display_rviz2:/home/awadh/zed_ws/install/zed_depth_to_laserscan:/home/awadh/zed_ws/install/zed_wrapper:/home/awadh/zed_ws/install/zed_tutorial_video:/home/awadh/zed_ws/install/zed_tutorial_pos_tracking:/home/awadh/zed_ws/install/zed_tutorial_depth:/home/awadh/zed_ws/install/zed_topic_benchmark:/home/awadh/zed_ws/install/zed_topic_benchmark_component:/home/awadh/zed_ws/install/zed_topic_benchmark_interfaces:/home/awadh/zed_ws/install/zed_rgb_convert:/home/awadh/zed_ws/install/zed_aruco_localization:/home/awadh/zed_ws/install/zed_components:/home/awadh/zed_ws/install/rviz_plugin_zed_od:/home/awadh/zed_ws/install/zed_interfaces:/home/awadh/ouster_ws/install/ouster_ros:/home/awadh/ouster_ws/install/ouster_sensor_msgs:/home/awadh/ros2_ws/install/my_robot_bringup:/home/awadh/ros2_ws/install/turtlesim_project_cpp:/home/awadh/ros2_ws/install/my_cpp_pkg:/home/awadh/ros2_ws/install/my_robot_interfaces:/home/awadh/gazebo_ws/install/ultralytics_ros2:/home/awadh/ros2_ws/install/turtlesim_catch_them_all:/home/awadh/ros2_ws/install/my_py_pkg:/opt/ros/humble:/home/awadh/sick_tim_ws/install/sick_tim /usr/bin/cmake --install /home/awadh/zed_ws/build/zed_tutorial_depth
[0.530s] DEBUG:colcon.colcon_core.event_handler.log_command:Invoking command in '/home/awadh/zed_ws/build/zed_tutorial_pos_tracking': CMAKE_PREFIX_PATH=/home/awadh/gazebo_ws/install/yolov8_msgs:/home/awadh/gazebo_ws/install/yolobot_recognition:/home/awadh/gazebo_ws/install/yolobot_gazebo:/home/awadh/gazebo_ws/install/yolobot_description:/home/awadh/gazebo_ws/install/yolobot_control:/home/awadh/gazebo_ws/install/my_robot_bringup:/home/awadh/gazebo_ws/install/my_robot_description:/home/awadh/yolobot/install/yolov8_msgs:/home/awadh/yolobot/install/yolobot_recognition:/home/awadh/yolobot/install/yolobot_gazebo:/home/awadh/yolobot/install/yolobot_description:/home/awadh/yolobot/install/yolobot_control:/home/awadh/test2_ws/install/pcl_object_detection:/home/awadh/zed_ws/install/zed_ros2:/home/awadh/zed_ws/install/zed_robot_integration:/home/awadh/zed_ws/install/zed_multi_camera:/home/awadh/zed_ws/install/zed_display_rviz2:/home/awadh/zed_ws/install/zed_depth_to_laserscan:/home/awadh/zed_ws/install/zed_wrapper:/home/awadh/zed_ws/install/zed_tutorial_video:/home/awadh/zed_ws/install/zed_tutorial_pos_tracking:/home/awadh/zed_ws/install/zed_tutorial_depth:/home/awadh/zed_ws/install/zed_topic_benchmark:/home/awadh/zed_ws/install/zed_topic_benchmark_component:/home/awadh/zed_ws/install/zed_topic_benchmark_interfaces:/home/awadh/zed_ws/install/zed_rgb_convert:/home/awadh/zed_ws/install/zed_aruco_localization:/home/awadh/zed_ws/install/zed_components:/home/awadh/zed_ws/install/rviz_plugin_zed_od:/home/awadh/zed_ws/install/zed_interfaces:/home/awadh/ouster_ws/install/ouster_ros:/home/awadh/ouster_ws/install/ouster_sensor_msgs:/home/awadh/ros2_ws/install/my_robot_bringup:/home/awadh/ros2_ws/install/turtlesim_project_cpp:/home/awadh/ros2_ws/install/my_cpp_pkg:/home/awadh/ros2_ws/install/my_robot_interfaces:/home/awadh/gazebo_ws/install/ultralytics_ros2:/home/awadh/ros2_ws/install/turtlesim_catch_them_all:/home/awadh/ros2_ws/install/my_py_pkg:/opt/ros/humble:/home/awadh/sick_tim_ws/install/sick_tim /usr/bin/cmake --install /home/awadh/zed_ws/build/zed_tutorial_pos_tracking
[0.544s] DEBUG:colcon.colcon_core.event_handler.log_command:Invoking command in '/home/awadh/zed_ws/build/zed_tutorial_video': CMAKE_PREFIX_PATH=/home/awadh/gazebo_ws/install/yolov8_msgs:/home/awadh/gazebo_ws/install/yolobot_recognition:/home/awadh/gazebo_ws/install/yolobot_gazebo:/home/awadh/gazebo_ws/install/yolobot_description:/home/awadh/gazebo_ws/install/yolobot_control:/home/awadh/gazebo_ws/install/my_robot_bringup:/home/awadh/gazebo_ws/install/my_robot_description:/home/awadh/yolobot/install/yolov8_msgs:/home/awadh/yolobot/install/yolobot_recognition:/home/awadh/yolobot/install/yolobot_gazebo:/home/awadh/yolobot/install/yolobot_description:/home/awadh/yolobot/install/yolobot_control:/home/awadh/test2_ws/install/pcl_object_detection:/home/awadh/zed_ws/install/zed_ros2:/home/awadh/zed_ws/install/zed_robot_integration:/home/awadh/zed_ws/install/zed_multi_camera:/home/awadh/zed_ws/install/zed_display_rviz2:/home/awadh/zed_ws/install/zed_depth_to_laserscan:/home/awadh/zed_ws/install/zed_wrapper:/home/awadh/zed_ws/install/zed_tutorial_video:/home/awadh/zed_ws/install/zed_tutorial_pos_tracking:/home/awadh/zed_ws/install/zed_tutorial_depth:/home/awadh/zed_ws/install/zed_topic_benchmark:/home/awadh/zed_ws/install/zed_topic_benchmark_component:/home/awadh/zed_ws/install/zed_topic_benchmark_interfaces:/home/awadh/zed_ws/install/zed_rgb_convert:/home/awadh/zed_ws/install/zed_aruco_localization:/home/awadh/zed_ws/install/zed_components:/home/awadh/zed_ws/install/rviz_plugin_zed_od:/home/awadh/zed_ws/install/zed_interfaces:/home/awadh/ouster_ws/install/ouster_ros:/home/awadh/ouster_ws/install/ouster_sensor_msgs:/home/awadh/ros2_ws/install/my_robot_bringup:/home/awadh/ros2_ws/install/turtlesim_project_cpp:/home/awadh/ros2_ws/install/my_cpp_pkg:/home/awadh/ros2_ws/install/my_robot_interfaces:/home/awadh/gazebo_ws/install/ultralytics_ros2:/home/awadh/ros2_ws/install/turtlesim_catch_them_all:/home/awadh/ros2_ws/install/my_py_pkg:/opt/ros/humble:/home/awadh/sick_tim_ws/install/sick_tim /usr/bin/cmake --install /home/awadh/zed_ws/build/zed_tutorial_video
[0.555s] Level 1:colcon.colcon_core.environment:create_environment_scripts_only(zed_tutorial_depth)
[0.556s] DEBUG:colcon.colcon_core.event_handler.log_command:Invoked command in '/home/awadh/zed_ws/build/zed_tutorial_depth' returned '0': CMAKE_PREFIX_PATH=/home/awadh/gazebo_ws/install/yolov8_msgs:/home/awadh/gazebo_ws/install/yolobot_recognition:/home/awadh/gazebo_ws/install/yolobot_gazebo:/home/awadh/gazebo_ws/install/yolobot_description:/home/awadh/gazebo_ws/install/yolobot_control:/home/awadh/gazebo_ws/install/my_robot_bringup:/home/awadh/gazebo_ws/install/my_robot_description:/home/awadh/yolobot/install/yolov8_msgs:/home/awadh/yolobot/install/yolobot_recognition:/home/awadh/yolobot/install/yolobot_gazebo:/home/awadh/yolobot/install/yolobot_description:/home/awadh/yolobot/install/yolobot_control:/home/awadh/test2_ws/install/pcl_object_detection:/home/awadh/zed_ws/install/zed_ros2:/home/awadh/zed_ws/install/zed_robot_integration:/home/awadh/zed_ws/install/zed_multi_camera:/home/awadh/zed_ws/install/zed_display_rviz2:/home/awadh/zed_ws/install/zed_depth_to_laserscan:/home/awadh/zed_ws/install/zed_wrapper:/home/awadh/zed_ws/install/zed_tutorial_video:/home/awadh/zed_ws/install/zed_tutorial_pos_tracking:/home/awadh/zed_ws/install/zed_tutorial_depth:/home/awadh/zed_ws/install/zed_topic_benchmark:/home/awadh/zed_ws/install/zed_topic_benchmark_component:/home/awadh/zed_ws/install/zed_topic_benchmark_interfaces:/home/awadh/zed_ws/install/zed_rgb_convert:/home/awadh/zed_ws/install/zed_aruco_localization:/home/awadh/zed_ws/install/zed_components:/home/awadh/zed_ws/install/rviz_plugin_zed_od:/home/awadh/zed_ws/install/zed_interfaces:/home/awadh/ouster_ws/install/ouster_ros:/home/awadh/ouster_ws/install/ouster_sensor_msgs:/home/awadh/ros2_ws/install/my_robot_bringup:/home/awadh/ros2_ws/install/turtlesim_project_cpp:/home/awadh/ros2_ws/install/my_cpp_pkg:/home/awadh/ros2_ws/install/my_robot_interfaces:/home/awadh/gazebo_ws/install/ultralytics_ros2:/home/awadh/ros2_ws/install/turtlesim_catch_them_all:/home/awadh/ros2_ws/install/my_py_pkg:/opt/ros/humble:/home/awadh/sick_tim_ws/install/sick_tim /usr/bin/cmake --install /home/awadh/zed_ws/build/zed_tutorial_depth
[0.560s] Level 1:colcon.colcon_core.environment:checking '/home/awadh/zed_ws/install/zed_tutorial_depth' for CMake module files
[0.561s] Level 1:colcon.colcon_core.environment:checking '/home/awadh/zed_ws/install/zed_tutorial_depth' for CMake config files
[0.561s] Level 1:colcon.colcon_core.shell:create_environment_hook('zed_tutorial_depth', 'cmake_prefix_path')
[0.562s] INFO:colcon.colcon_core.shell:Creating environment hook '/home/awadh/zed_ws/install/zed_tutorial_depth/share/zed_tutorial_depth/hook/cmake_prefix_path.ps1'
[0.563s] INFO:colcon.colcon_core.shell:Creating environment descriptor '/home/awadh/zed_ws/install/zed_tutorial_depth/share/zed_tutorial_depth/hook/cmake_prefix_path.dsv'
[0.563s] INFO:colcon.colcon_core.shell:Creating environment hook '/home/awadh/zed_ws/install/zed_tutorial_depth/share/zed_tutorial_depth/hook/cmake_prefix_path.sh'
[0.564s] Level 1:colcon.colcon_core.environment:checking '/home/awadh/zed_ws/install/zed_tutorial_depth/lib'
[0.565s] Level 1:colcon.colcon_core.environment:checking '/home/awadh/zed_ws/install/zed_tutorial_depth/bin'
[0.565s] Level 1:colcon.colcon_core.environment:checking '/home/awadh/zed_ws/install/zed_tutorial_depth/lib/pkgconfig/zed_tutorial_depth.pc'
[0.565s] Level 1:colcon.colcon_core.environment:checking '/home/awadh/zed_ws/install/zed_tutorial_depth/lib/python3.10/site-packages'
[0.565s] Level 1:colcon.colcon_core.environment:checking '/home/awadh/zed_ws/install/zed_tutorial_depth/bin'
[0.566s] INFO:colcon.colcon_core.shell:Creating package script '/home/awadh/zed_ws/install/zed_tutorial_depth/share/zed_tutorial_depth/package.ps1'
[0.568s] INFO:colcon.colcon_core.shell:Creating package descriptor '/home/awadh/zed_ws/install/zed_tutorial_depth/share/zed_tutorial_depth/package.dsv'
[0.569s] INFO:colcon.colcon_core.shell:Creating package script '/home/awadh/zed_ws/install/zed_tutorial_depth/share/zed_tutorial_depth/package.sh'
[0.570s] INFO:colcon.colcon_core.shell:Creating package script '/home/awadh/zed_ws/install/zed_tutorial_depth/share/zed_tutorial_depth/package.bash'
[0.571s] INFO:colcon.colcon_core.shell:Creating package script '/home/awadh/zed_ws/install/zed_tutorial_depth/share/zed_tutorial_depth/package.zsh'
[0.572s] Level 1:colcon.colcon_core.environment:create_file_with_runtime_dependencies(/home/awadh/zed_ws/install/zed_tutorial_depth/share/colcon-core/packages/zed_tutorial_depth)
[0.575s] Level 1:colcon.colcon_core.environment:create_environment_scripts_only(zed_tutorial_video)
[0.575s] Level 1:colcon.colcon_core.environment:checking '/home/awadh/zed_ws/install/zed_tutorial_video' for CMake module files
[0.576s] DEBUG:colcon.colcon_core.event_handler.log_command:Invoked command in '/home/awadh/zed_ws/build/zed_tutorial_video' returned '0': CMAKE_PREFIX_PATH=/home/awadh/gazebo_ws/install/yolov8_msgs:/home/awadh/gazebo_ws/install/yolobot_recognition:/home/awadh/gazebo_ws/install/yolobot_gazebo:/home/awadh/gazebo_ws/install/yolobot_description:/home/awadh/gazebo_ws/install/yolobot_control:/home/awadh/gazebo_ws/install/my_robot_bringup:/home/awadh/gazebo_ws/install/my_robot_description:/home/awadh/yolobot/install/yolov8_msgs:/home/awadh/yolobot/install/yolobot_recognition:/home/awadh/yolobot/install/yolobot_gazebo:/home/awadh/yolobot/install/yolobot_description:/home/awadh/yolobot/install/yolobot_control:/home/awadh/test2_ws/install/pcl_object_detection:/home/awadh/zed_ws/install/zed_ros2:/home/awadh/zed_ws/install/zed_robot_integration:/home/awadh/zed_ws/install/zed_multi_camera:/home/awadh/zed_ws/install/zed_display_rviz2:/home/awadh/zed_ws/install/zed_depth_to_laserscan:/home/awadh/zed_ws/install/zed_wrapper:/home/awadh/zed_ws/install/zed_tutorial_video:/home/awadh/zed_ws/install/zed_tutorial_pos_tracking:/home/awadh/zed_ws/install/zed_tutorial_depth:/home/awadh/zed_ws/install/zed_topic_benchmark:/home/awadh/zed_ws/install/zed_topic_benchmark_component:/home/awadh/zed_ws/install/zed_topic_benchmark_interfaces:/home/awadh/zed_ws/install/zed_rgb_convert:/home/awadh/zed_ws/install/zed_aruco_localization:/home/awadh/zed_ws/install/zed_components:/home/awadh/zed_ws/install/rviz_plugin_zed_od:/home/awadh/zed_ws/install/zed_interfaces:/home/awadh/ouster_ws/install/ouster_ros:/home/awadh/ouster_ws/install/ouster_sensor_msgs:/home/awadh/ros2_ws/install/my_robot_bringup:/home/awadh/ros2_ws/install/turtlesim_project_cpp:/home/awadh/ros2_ws/install/my_cpp_pkg:/home/awadh/ros2_ws/install/my_robot_interfaces:/home/awadh/gazebo_ws/install/ultralytics_ros2:/home/awadh/ros2_ws/install/turtlesim_catch_them_all:/home/awadh/ros2_ws/install/my_py_pkg:/opt/ros/humble:/home/awadh/sick_tim_ws/install/sick_tim /usr/bin/cmake --install /home/awadh/zed_ws/build/zed_tutorial_video
[0.576s] Level 1:colcon.colcon_core.environment:checking '/home/awadh/zed_ws/install/zed_tutorial_video' for CMake config files
[0.577s] Level 1:colcon.colcon_core.shell:create_environment_hook('zed_tutorial_video', 'cmake_prefix_path')
[0.577s] INFO:colcon.colcon_core.shell:Creating environment hook '/home/awadh/zed_ws/install/zed_tutorial_video/share/zed_tutorial_video/hook/cmake_prefix_path.ps1'
[0.577s] INFO:colcon.colcon_core.shell:Creating environment descriptor '/home/awadh/zed_ws/install/zed_tutorial_video/share/zed_tutorial_video/hook/cmake_prefix_path.dsv'
[0.578s] INFO:colcon.colcon_core.shell:Creating environment hook '/home/awadh/zed_ws/install/zed_tutorial_video/share/zed_tutorial_video/hook/cmake_prefix_path.sh'
[0.578s] Level 1:colcon.colcon_core.environment:checking '/home/awadh/zed_ws/install/zed_tutorial_video/lib'
[0.578s] Level 1:colcon.colcon_core.environment:checking '/home/awadh/zed_ws/install/zed_tutorial_video/bin'
[0.578s] Level 1:colcon.colcon_core.environment:checking '/home/awadh/zed_ws/install/zed_tutorial_video/lib/pkgconfig/zed_tutorial_video.pc'
[0.578s] Level 1:colcon.colcon_core.environment:checking '/home/awadh/zed_ws/install/zed_tutorial_video/lib/python3.10/site-packages'
[0.579s] Level 1:colcon.colcon_core.environment:checking '/home/awadh/zed_ws/install/zed_tutorial_video/bin'
[0.579s] INFO:colcon.colcon_core.shell:Creating package script '/home/awadh/zed_ws/install/zed_tutorial_video/share/zed_tutorial_video/package.ps1'
[0.580s] INFO:colcon.colcon_core.shell:Creating package descriptor '/home/awadh/zed_ws/install/zed_tutorial_video/share/zed_tutorial_video/package.dsv'
[0.580s] INFO:colcon.colcon_core.shell:Creating package script '/home/awadh/zed_ws/install/zed_tutorial_video/share/zed_tutorial_video/package.sh'
[0.580s] INFO:colcon.colcon_core.shell:Creating package script '/home/awadh/zed_ws/install/zed_tutorial_video/share/zed_tutorial_video/package.bash'
[0.581s] INFO:colcon.colcon_core.shell:Creating package script '/home/awadh/zed_ws/install/zed_tutorial_video/share/zed_tutorial_video/package.zsh'
[0.581s] Level 1:colcon.colcon_core.environment:create_file_with_runtime_dependencies(/home/awadh/zed_ws/install/zed_tutorial_video/share/colcon-core/packages/zed_tutorial_video)
[0.584s] Level 1:colcon.colcon_core.environment:create_environment_scripts_only(zed_tutorial_pos_tracking)
[0.584s] Level 1:colcon.colcon_core.environment:checking '/home/awadh/zed_ws/install/zed_tutorial_pos_tracking' for CMake module files
[0.585s] DEBUG:colcon.colcon_core.event_handler.log_command:Invoked command in '/home/awadh/zed_ws/build/zed_tutorial_pos_tracking' returned '0': CMAKE_PREFIX_PATH=/home/awadh/gazebo_ws/install/yolov8_msgs:/home/awadh/gazebo_ws/install/yolobot_recognition:/home/awadh/gazebo_ws/install/yolobot_gazebo:/home/awadh/gazebo_ws/install/yolobot_description:/home/awadh/gazebo_ws/install/yolobot_control:/home/awadh/gazebo_ws/install/my_robot_bringup:/home/awadh/gazebo_ws/install/my_robot_description:/home/awadh/yolobot/install/yolov8_msgs:/home/awadh/yolobot/install/yolobot_recognition:/home/awadh/yolobot/install/yolobot_gazebo:/home/awadh/yolobot/install/yolobot_description:/home/awadh/yolobot/install/yolobot_control:/home/awadh/test2_ws/install/pcl_object_detection:/home/awadh/zed_ws/install/zed_ros2:/home/awadh/zed_ws/install/zed_robot_integration:/home/awadh/zed_ws/install/zed_multi_camera:/home/awadh/zed_ws/install/zed_display_rviz2:/home/awadh/zed_ws/install/zed_depth_to_laserscan:/home/awadh/zed_ws/install/zed_wrapper:/home/awadh/zed_ws/install/zed_tutorial_video:/home/awadh/zed_ws/install/zed_tutorial_pos_tracking:/home/awadh/zed_ws/install/zed_tutorial_depth:/home/awadh/zed_ws/install/zed_topic_benchmark:/home/awadh/zed_ws/install/zed_topic_benchmark_component:/home/awadh/zed_ws/install/zed_topic_benchmark_interfaces:/home/awadh/zed_ws/install/zed_rgb_convert:/home/awadh/zed_ws/install/zed_aruco_localization:/home/awadh/zed_ws/install/zed_components:/home/awadh/zed_ws/install/rviz_plugin_zed_od:/home/awadh/zed_ws/install/zed_interfaces:/home/awadh/ouster_ws/install/ouster_ros:/home/awadh/ouster_ws/install/ouster_sensor_msgs:/home/awadh/ros2_ws/install/my_robot_bringup:/home/awadh/ros2_ws/install/turtlesim_project_cpp:/home/awadh/ros2_ws/install/my_cpp_pkg:/home/awadh/ros2_ws/install/my_robot_interfaces:/home/awadh/gazebo_ws/install/ultralytics_ros2:/home/awadh/ros2_ws/install/turtlesim_catch_them_all:/home/awadh/ros2_ws/install/my_py_pkg:/opt/ros/humble:/home/awadh/sick_tim_ws/install/sick_tim /usr/bin/cmake --install /home/awadh/zed_ws/build/zed_tutorial_pos_tracking
[0.585s] Level 1:colcon.colcon_core.environment:checking '/home/awadh/zed_ws/install/zed_tutorial_pos_tracking' for CMake config files
[0.586s] Level 1:colcon.colcon_core.shell:create_environment_hook('zed_tutorial_pos_tracking', 'cmake_prefix_path')
[0.586s] INFO:colcon.colcon_core.shell:Creating environment hook '/home/awadh/zed_ws/install/zed_tutorial_pos_tracking/share/zed_tutorial_pos_tracking/hook/cmake_prefix_path.ps1'
[0.587s] INFO:colcon.colcon_core.shell:Creating environment descriptor '/home/awadh/zed_ws/install/zed_tutorial_pos_tracking/share/zed_tutorial_pos_tracking/hook/cmake_prefix_path.dsv'
[0.587s] INFO:colcon.colcon_core.shell:Creating environment hook '/home/awadh/zed_ws/install/zed_tutorial_pos_tracking/share/zed_tutorial_pos_tracking/hook/cmake_prefix_path.sh'
[0.587s] Level 1:colcon.colcon_core.environment:checking '/home/awadh/zed_ws/install/zed_tutorial_pos_tracking/lib'
[0.588s] Level 1:colcon.colcon_core.environment:checking '/home/awadh/zed_ws/install/zed_tutorial_pos_tracking/bin'
[0.588s] Level 1:colcon.colcon_core.environment:checking '/home/awadh/zed_ws/install/zed_tutorial_pos_tracking/lib/pkgconfig/zed_tutorial_pos_tracking.pc'
[0.588s] Level 1:colcon.colcon_core.environment:checking '/home/awadh/zed_ws/install/zed_tutorial_pos_tracking/lib/python3.10/site-packages'
[0.588s] Level 1:colcon.colcon_core.environment:checking '/home/awadh/zed_ws/install/zed_tutorial_pos_tracking/bin'
[0.588s] INFO:colcon.colcon_core.shell:Creating package script '/home/awadh/zed_ws/install/zed_tutorial_pos_tracking/share/zed_tutorial_pos_tracking/package.ps1'
[0.589s] INFO:colcon.colcon_core.shell:Creating package descriptor '/home/awadh/zed_ws/install/zed_tutorial_pos_tracking/share/zed_tutorial_pos_tracking/package.dsv'
[0.589s] INFO:colcon.colcon_core.shell:Creating package script '/home/awadh/zed_ws/install/zed_tutorial_pos_tracking/share/zed_tutorial_pos_tracking/package.sh'
[0.590s] INFO:colcon.colcon_core.shell:Creating package script '/home/awadh/zed_ws/install/zed_tutorial_pos_tracking/share/zed_tutorial_pos_tracking/package.bash'
[0.590s] INFO:colcon.colcon_core.shell:Creating package script '/home/awadh/zed_ws/install/zed_tutorial_pos_tracking/share/zed_tutorial_pos_tracking/package.zsh'
[0.590s] Level 1:colcon.colcon_core.environment:create_file_with_runtime_dependencies(/home/awadh/zed_ws/install/zed_tutorial_pos_tracking/share/colcon-core/packages/zed_tutorial_pos_tracking)
[0.625s] Level 1:colcon.colcon_core.environment:create_environment_scripts_only(zed_tutorial_depth)
[0.626s] Level 1:colcon.colcon_core.environment:checking '/home/awadh/zed_ws/install/zed_tutorial_depth' for CMake module files
[0.627s] Level 1:colcon.colcon_core.environment:checking '/home/awadh/zed_ws/install/zed_tutorial_depth' for CMake config files
[0.627s] Level 1:colcon.colcon_core.shell:create_environment_hook('zed_tutorial_depth', 'cmake_prefix_path')
[0.627s] INFO:colcon.colcon_core.shell:Creating environment hook '/home/awadh/zed_ws/install/zed_tutorial_depth/share/zed_tutorial_depth/hook/cmake_prefix_path.ps1'
[0.628s] INFO:colcon.colcon_core.shell:Creating environment descriptor '/home/awadh/zed_ws/install/zed_tutorial_depth/share/zed_tutorial_depth/hook/cmake_prefix_path.dsv'
[0.628s] INFO:colcon.colcon_core.shell:Creating environment hook '/home/awadh/zed_ws/install/zed_tutorial_depth/share/zed_tutorial_depth/hook/cmake_prefix_path.sh'
[0.629s] Level 1:colcon.colcon_core.environment:checking '/home/awadh/zed_ws/install/zed_tutorial_depth/lib'
[0.629s] Level 1:colcon.colcon_core.environment:checking '/home/awadh/zed_ws/install/zed_tutorial_depth/bin'
[0.629s] Level 1:colcon.colcon_core.environment:checking '/home/awadh/zed_ws/install/zed_tutorial_depth/lib/pkgconfig/zed_tutorial_depth.pc'
[0.629s] Level 1:colcon.colcon_core.environment:checking '/home/awadh/zed_ws/install/zed_tutorial_depth/lib/python3.10/site-packages'
[0.629s] Level 1:colcon.colcon_core.environment:checking '/home/awadh/zed_ws/install/zed_tutorial_depth/bin'
[0.629s] INFO:colcon.colcon_core.shell:Creating package script '/home/awadh/zed_ws/install/zed_tutorial_depth/share/zed_tutorial_depth/package.ps1'
[0.630s] INFO:colcon.colcon_core.shell:Creating package descriptor '/home/awadh/zed_ws/install/zed_tutorial_depth/share/zed_tutorial_depth/package.dsv'
[0.630s] INFO:colcon.colcon_core.shell:Creating package script '/home/awadh/zed_ws/install/zed_tutorial_depth/share/zed_tutorial_depth/package.sh'
[0.631s] INFO:colcon.colcon_core.shell:Creating package script '/home/awadh/zed_ws/install/zed_tutorial_depth/share/zed_tutorial_depth/package.bash'
[0.631s] INFO:colcon.colcon_core.shell:Creating package script '/home/awadh/zed_ws/install/zed_tutorial_depth/share/zed_tutorial_depth/package.zsh'
[0.631s] Level 1:colcon.colcon_core.environment:create_file_with_runtime_dependencies(/home/awadh/zed_ws/install/zed_tutorial_depth/share/colcon-core/packages/zed_tutorial_depth)
[0.633s] Level 1:colcon.colcon_core.environment:create_environment_scripts_only(zed_tutorial_video)
[0.633s] Level 1:colcon.colcon_core.environment:checking '/home/awadh/zed_ws/install/zed_tutorial_video' for CMake module files
[0.634s] Level 1:colcon.colcon_core.environment:checking '/home/awadh/zed_ws/install/zed_tutorial_video' for CMake config files
[0.634s] Level 1:colcon.colcon_core.shell:create_environment_hook('zed_tutorial_video', 'cmake_prefix_path')
[0.634s] INFO:colcon.colcon_core.shell:Creating environment hook '/home/awadh/zed_ws/install/zed_tutorial_video/share/zed_tutorial_video/hook/cmake_prefix_path.ps1'
[0.634s] INFO:colcon.colcon_core.shell:Creating environment descriptor '/home/awadh/zed_ws/install/zed_tutorial_video/share/zed_tutorial_video/hook/cmake_prefix_path.dsv'
[0.635s] INFO:colcon.colcon_core.shell:Creating environment hook '/home/awadh/zed_ws/install/zed_tutorial_video/share/zed_tutorial_video/hook/cmake_prefix_path.sh'
[0.635s] Level 1:colcon.colcon_core.environment:checking '/home/awadh/zed_ws/install/zed_tutorial_video/lib'
[0.635s] Level 1:colcon.colcon_core.environment:checking '/home/awadh/zed_ws/install/zed_tutorial_video/bin'
[0.635s] Level 1:colcon.colcon_core.environment:checking '/home/awadh/zed_ws/install/zed_tutorial_video/lib/pkgconfig/zed_tutorial_video.pc'
[0.636s] Level 1:colcon.colcon_core.environment:checking '/home/awadh/zed_ws/install/zed_tutorial_video/lib/python3.10/site-packages'
[0.636s] Level 1:colcon.colcon_core.environment:checking '/home/awadh/zed_ws/install/zed_tutorial_video/bin'
[0.636s] INFO:colcon.colcon_core.shell:Creating package script '/home/awadh/zed_ws/install/zed_tutorial_video/share/zed_tutorial_video/package.ps1'
[0.637s] INFO:colcon.colcon_core.shell:Creating package descriptor '/home/awadh/zed_ws/install/zed_tutorial_video/share/zed_tutorial_video/package.dsv'
[0.637s] INFO:colcon.colcon_core.shell:Creating package script '/home/awadh/zed_ws/install/zed_tutorial_video/share/zed_tutorial_video/package.sh'
[0.637s] INFO:colcon.colcon_core.shell:Creating package script '/home/awadh/zed_ws/install/zed_tutorial_video/share/zed_tutorial_video/package.bash'
[0.638s] INFO:colcon.colcon_core.shell:Creating package script '/home/awadh/zed_ws/install/zed_tutorial_video/share/zed_tutorial_video/package.zsh'
[0.638s] Level 1:colcon.colcon_core.environment:create_file_with_runtime_dependencies(/home/awadh/zed_ws/install/zed_tutorial_video/share/colcon-core/packages/zed_tutorial_video)
[0.639s] Level 1:colcon.colcon_core.environment:create_environment_scripts_only(zed_tutorial_pos_tracking)
[0.639s] Level 1:colcon.colcon_core.environment:checking '/home/awadh/zed_ws/install/zed_tutorial_pos_tracking' for CMake module files
[0.640s] Level 1:colcon.colcon_core.environment:checking '/home/awadh/zed_ws/install/zed_tutorial_pos_tracking' for CMake config files
[0.640s] Level 1:colcon.colcon_core.shell:create_environment_hook('zed_tutorial_pos_tracking', 'cmake_prefix_path')
[0.641s] INFO:colcon.colcon_core.shell:Creating environment hook '/home/awadh/zed_ws/install/zed_tutorial_pos_tracking/share/zed_tutorial_pos_tracking/hook/cmake_prefix_path.ps1'
[0.641s] INFO:colcon.colcon_core.shell:Creating environment descriptor '/home/awadh/zed_ws/install/zed_tutorial_pos_tracking/share/zed_tutorial_pos_tracking/hook/cmake_prefix_path.dsv'
[0.642s] INFO:colcon.colcon_core.shell:Creating environment hook '/home/awadh/zed_ws/install/zed_tutorial_pos_tracking/share/zed_tutorial_pos_tracking/hook/cmake_prefix_path.sh'
[0.642s] Level 1:colcon.colcon_core.environment:checking '/home/awadh/zed_ws/install/zed_tutorial_pos_tracking/lib'
[0.642s] Level 1:colcon.colcon_core.environment:checking '/home/awadh/zed_ws/install/zed_tutorial_pos_tracking/bin'
[0.642s] Level 1:colcon.colcon_core.environment:checking '/home/awadh/zed_ws/install/zed_tutorial_pos_tracking/lib/pkgconfig/zed_tutorial_pos_tracking.pc'
[0.642s] Level 1:colcon.colcon_core.environment:checking '/home/awadh/zed_ws/install/zed_tutorial_pos_tracking/lib/python3.10/site-packages'
[0.643s] Level 1:colcon.colcon_core.environment:checking '/home/awadh/zed_ws/install/zed_tutorial_pos_tracking/bin'
[0.643s] INFO:colcon.colcon_core.shell:Creating package script '/home/awadh/zed_ws/install/zed_tutorial_pos_tracking/share/zed_tutorial_pos_tracking/package.ps1'
[0.643s] INFO:colcon.colcon_core.shell:Creating package descriptor '/home/awadh/zed_ws/install/zed_tutorial_pos_tracking/share/zed_tutorial_pos_tracking/package.dsv'
[0.644s] INFO:colcon.colcon_core.shell:Creating package script '/home/awadh/zed_ws/install/zed_tutorial_pos_tracking/share/zed_tutorial_pos_tracking/package.sh'
[0.644s] INFO:colcon.colcon_core.shell:Creating package script '/home/awadh/zed_ws/install/zed_tutorial_pos_tracking/share/zed_tutorial_pos_tracking/package.bash'
[0.644s] INFO:colcon.colcon_core.shell:Creating package script '/home/awadh/zed_ws/install/zed_tutorial_pos_tracking/share/zed_tutorial_pos_tracking/package.zsh'
[0.644s] Level 1:colcon.colcon_core.environment:create_file_with_runtime_dependencies(/home/awadh/zed_ws/install/zed_tutorial_pos_tracking/share/colcon-core/packages/zed_tutorial_pos_tracking)
[0.815s] DEBUG:colcon.colcon_core.event_handler.log_command:Invoked command in '/home/awadh/zed_ws/build/zed_topic_benchmark_interfaces' returned '0': CMAKE_PREFIX_PATH=/home/awadh/gazebo_ws/install/yolov8_msgs:/home/awadh/gazebo_ws/install/yolobot_recognition:/home/awadh/gazebo_ws/install/yolobot_gazebo:/home/awadh/gazebo_ws/install/yolobot_description:/home/awadh/gazebo_ws/install/yolobot_control:/home/awadh/gazebo_ws/install/my_robot_bringup:/home/awadh/gazebo_ws/install/my_robot_description:/home/awadh/yolobot/install/yolov8_msgs:/home/awadh/yolobot/install/yolobot_recognition:/home/awadh/yolobot/install/yolobot_gazebo:/home/awadh/yolobot/install/yolobot_description:/home/awadh/yolobot/install/yolobot_control:/home/awadh/test2_ws/install/pcl_object_detection:/home/awadh/zed_ws/install/zed_ros2:/home/awadh/zed_ws/install/zed_robot_integration:/home/awadh/zed_ws/install/zed_multi_camera:/home/awadh/zed_ws/install/zed_display_rviz2:/home/awadh/zed_ws/install/zed_depth_to_laserscan:/home/awadh/zed_ws/install/zed_wrapper:/home/awadh/zed_ws/install/zed_tutorial_video:/home/awadh/zed_ws/install/zed_tutorial_pos_tracking:/home/awadh/zed_ws/install/zed_tutorial_depth:/home/awadh/zed_ws/install/zed_topic_benchmark:/home/awadh/zed_ws/install/zed_topic_benchmark_component:/home/awadh/zed_ws/install/zed_topic_benchmark_interfaces:/home/awadh/zed_ws/install/zed_rgb_convert:/home/awadh/zed_ws/install/zed_aruco_localization:/home/awadh/zed_ws/install/zed_components:/home/awadh/zed_ws/install/rviz_plugin_zed_od:/home/awadh/zed_ws/install/zed_interfaces:/home/awadh/ouster_ws/install/ouster_ros:/home/awadh/ouster_ws/install/ouster_sensor_msgs:/home/awadh/ros2_ws/install/my_robot_bringup:/home/awadh/ros2_ws/install/turtlesim_project_cpp:/home/awadh/ros2_ws/install/my_cpp_pkg:/home/awadh/ros2_ws/install/my_robot_interfaces:/home/awadh/gazebo_ws/install/ultralytics_ros2:/home/awadh/ros2_ws/install/turtlesim_catch_them_all:/home/awadh/ros2_ws/install/my_py_pkg:/opt/ros/humble:/home/awadh/sick_tim_ws/install/sick_tim /usr/bin/cmake --build /home/awadh/zed_ws/build/zed_topic_benchmark_interfaces -- -j16 -l16
[0.816s] DEBUG:colcon.colcon_core.event_handler.log_command:Invoked command in '/home/awadh/zed_ws/build/zed_interfaces' returned '0': CMAKE_PREFIX_PATH=/home/awadh/gazebo_ws/install/yolov8_msgs:/home/awadh/gazebo_ws/install/yolobot_recognition:/home/awadh/gazebo_ws/install/yolobot_gazebo:/home/awadh/gazebo_ws/install/yolobot_description:/home/awadh/gazebo_ws/install/yolobot_control:/home/awadh/gazebo_ws/install/my_robot_bringup:/home/awadh/gazebo_ws/install/my_robot_description:/home/awadh/yolobot/install/yolov8_msgs:/home/awadh/yolobot/install/yolobot_recognition:/home/awadh/yolobot/install/yolobot_gazebo:/home/awadh/yolobot/install/yolobot_description:/home/awadh/yolobot/install/yolobot_control:/home/awadh/test2_ws/install/pcl_object_detection:/home/awadh/zed_ws/install/zed_ros2:/home/awadh/zed_ws/install/zed_robot_integration:/home/awadh/zed_ws/install/zed_multi_camera:/home/awadh/zed_ws/install/zed_display_rviz2:/home/awadh/zed_ws/install/zed_depth_to_laserscan:/home/awadh/zed_ws/install/zed_wrapper:/home/awadh/zed_ws/install/zed_tutorial_video:/home/awadh/zed_ws/install/zed_tutorial_pos_tracking:/home/awadh/zed_ws/install/zed_tutorial_depth:/home/awadh/zed_ws/install/zed_topic_benchmark:/home/awadh/zed_ws/install/zed_topic_benchmark_component:/home/awadh/zed_ws/install/zed_topic_benchmark_interfaces:/home/awadh/zed_ws/install/zed_rgb_convert:/home/awadh/zed_ws/install/zed_aruco_localization:/home/awadh/zed_ws/install/zed_components:/home/awadh/zed_ws/install/rviz_plugin_zed_od:/home/awadh/zed_ws/install/zed_interfaces:/home/awadh/ouster_ws/install/ouster_ros:/home/awadh/ouster_ws/install/ouster_sensor_msgs:/home/awadh/ros2_ws/install/my_robot_bringup:/home/awadh/ros2_ws/install/turtlesim_project_cpp:/home/awadh/ros2_ws/install/my_cpp_pkg:/home/awadh/ros2_ws/install/my_robot_interfaces:/home/awadh/gazebo_ws/install/ultralytics_ros2:/home/awadh/ros2_ws/install/turtlesim_catch_them_all:/home/awadh/ros2_ws/install/my_py_pkg:/opt/ros/humble:/home/awadh/sick_tim_ws/install/sick_tim /usr/bin/cmake --build /home/awadh/zed_ws/build/zed_interfaces -- -j16 -l16
[0.957s] DEBUG:colcon.colcon_core.event_handler.log_command:Invoking command in '/home/awadh/zed_ws/build/zed_topic_benchmark_interfaces': CMAKE_PREFIX_PATH=/home/awadh/gazebo_ws/install/yolov8_msgs:/home/awadh/gazebo_ws/install/yolobot_recognition:/home/awadh/gazebo_ws/install/yolobot_gazebo:/home/awadh/gazebo_ws/install/yolobot_description:/home/awadh/gazebo_ws/install/yolobot_control:/home/awadh/gazebo_ws/install/my_robot_bringup:/home/awadh/gazebo_ws/install/my_robot_description:/home/awadh/yolobot/install/yolov8_msgs:/home/awadh/yolobot/install/yolobot_recognition:/home/awadh/yolobot/install/yolobot_gazebo:/home/awadh/yolobot/install/yolobot_description:/home/awadh/yolobot/install/yolobot_control:/home/awadh/test2_ws/install/pcl_object_detection:/home/awadh/zed_ws/install/zed_ros2:/home/awadh/zed_ws/install/zed_robot_integration:/home/awadh/zed_ws/install/zed_multi_camera:/home/awadh/zed_ws/install/zed_display_rviz2:/home/awadh/zed_ws/install/zed_depth_to_laserscan:/home/awadh/zed_ws/install/zed_wrapper:/home/awadh/zed_ws/install/zed_tutorial_video:/home/awadh/zed_ws/install/zed_tutorial_pos_tracking:/home/awadh/zed_ws/install/zed_tutorial_depth:/home/awadh/zed_ws/install/zed_topic_benchmark:/home/awadh/zed_ws/install/zed_topic_benchmark_component:/home/awadh/zed_ws/install/zed_topic_benchmark_interfaces:/home/awadh/zed_ws/install/zed_rgb_convert:/home/awadh/zed_ws/install/zed_aruco_localization:/home/awadh/zed_ws/install/zed_components:/home/awadh/zed_ws/install/rviz_plugin_zed_od:/home/awadh/zed_ws/install/zed_interfaces:/home/awadh/ouster_ws/install/ouster_ros:/home/awadh/ouster_ws/install/ouster_sensor_msgs:/home/awadh/ros2_ws/install/my_robot_bringup:/home/awadh/ros2_ws/install/turtlesim_project_cpp:/home/awadh/ros2_ws/install/my_cpp_pkg:/home/awadh/ros2_ws/install/my_robot_interfaces:/home/awadh/gazebo_ws/install/ultralytics_ros2:/home/awadh/ros2_ws/install/turtlesim_catch_them_all:/home/awadh/ros2_ws/install/my_py_pkg:/opt/ros/humble:/home/awadh/sick_tim_ws/install/sick_tim /usr/bin/cmake --install /home/awadh/zed_ws/build/zed_topic_benchmark_interfaces
[1.030s] Level 1:colcon.colcon_core.environment:create_environment_scripts_only(zed_topic_benchmark_interfaces)
[1.030s] DEBUG:colcon.colcon_core.event_handler.log_command:Invoked command in '/home/awadh/zed_ws/build/zed_topic_benchmark_interfaces' returned '0': CMAKE_PREFIX_PATH=/home/awadh/gazebo_ws/install/yolov8_msgs:/home/awadh/gazebo_ws/install/yolobot_recognition:/home/awadh/gazebo_ws/install/yolobot_gazebo:/home/awadh/gazebo_ws/install/yolobot_description:/home/awadh/gazebo_ws/install/yolobot_control:/home/awadh/gazebo_ws/install/my_robot_bringup:/home/awadh/gazebo_ws/install/my_robot_description:/home/awadh/yolobot/install/yolov8_msgs:/home/awadh/yolobot/install/yolobot_recognition:/home/awadh/yolobot/install/yolobot_gazebo:/home/awadh/yolobot/install/yolobot_description:/home/awadh/yolobot/install/yolobot_control:/home/awadh/test2_ws/install/pcl_object_detection:/home/awadh/zed_ws/install/zed_ros2:/home/awadh/zed_ws/install/zed_robot_integration:/home/awadh/zed_ws/install/zed_multi_camera:/home/awadh/zed_ws/install/zed_display_rviz2:/home/awadh/zed_ws/install/zed_depth_to_laserscan:/home/awadh/zed_ws/install/zed_wrapper:/home/awadh/zed_ws/install/zed_tutorial_video:/home/awadh/zed_ws/install/zed_tutorial_pos_tracking:/home/awadh/zed_ws/install/zed_tutorial_depth:/home/awadh/zed_ws/install/zed_topic_benchmark:/home/awadh/zed_ws/install/zed_topic_benchmark_component:/home/awadh/zed_ws/install/zed_topic_benchmark_interfaces:/home/awadh/zed_ws/install/zed_rgb_convert:/home/awadh/zed_ws/install/zed_aruco_localization:/home/awadh/zed_ws/install/zed_components:/home/awadh/zed_ws/install/rviz_plugin_zed_od:/home/awadh/zed_ws/install/zed_interfaces:/home/awadh/ouster_ws/install/ouster_ros:/home/awadh/ouster_ws/install/ouster_sensor_msgs:/home/awadh/ros2_ws/install/my_robot_bringup:/home/awadh/ros2_ws/install/turtlesim_project_cpp:/home/awadh/ros2_ws/install/my_cpp_pkg:/home/awadh/ros2_ws/install/my_robot_interfaces:/home/awadh/gazebo_ws/install/ultralytics_ros2:/home/awadh/ros2_ws/install/turtlesim_catch_them_all:/home/awadh/ros2_ws/install/my_py_pkg:/opt/ros/humble:/home/awadh/sick_tim_ws/install/sick_tim /usr/bin/cmake --install /home/awadh/zed_ws/build/zed_topic_benchmark_interfaces
[1.030s] Level 1:colcon.colcon_core.environment:checking '/home/awadh/zed_ws/install/zed_topic_benchmark_interfaces' for CMake module files
[1.031s] Level 1:colcon.colcon_core.environment:checking '/home/awadh/zed_ws/install/zed_topic_benchmark_interfaces' for CMake config files
[1.031s] Level 1:colcon.colcon_core.shell:create_environment_hook('zed_topic_benchmark_interfaces', 'cmake_prefix_path')
[1.032s] INFO:colcon.colcon_core.shell:Creating environment hook '/home/awadh/zed_ws/install/zed_topic_benchmark_interfaces/share/zed_topic_benchmark_interfaces/hook/cmake_prefix_path.ps1'
[1.032s] INFO:colcon.colcon_core.shell:Creating environment descriptor '/home/awadh/zed_ws/install/zed_topic_benchmark_interfaces/share/zed_topic_benchmark_interfaces/hook/cmake_prefix_path.dsv'
[1.032s] INFO:colcon.colcon_core.shell:Creating environment hook '/home/awadh/zed_ws/install/zed_topic_benchmark_interfaces/share/zed_topic_benchmark_interfaces/hook/cmake_prefix_path.sh'
[1.033s] Level 1:colcon.colcon_core.environment:checking '/home/awadh/zed_ws/install/zed_topic_benchmark_interfaces/lib'
[1.033s] Level 1:colcon.colcon_core.shell:create_environment_hook('zed_topic_benchmark_interfaces', 'ld_library_path_lib')
[1.033s] INFO:colcon.colcon_core.shell:Creating environment hook '/home/awadh/zed_ws/install/zed_topic_benchmark_interfaces/share/zed_topic_benchmark_interfaces/hook/ld_library_path_lib.ps1'
[1.033s] INFO:colcon.colcon_core.shell:Creating environment descriptor '/home/awadh/zed_ws/install/zed_topic_benchmark_interfaces/share/zed_topic_benchmark_interfaces/hook/ld_library_path_lib.dsv'
[1.033s] INFO:colcon.colcon_core.shell:Creating environment hook '/home/awadh/zed_ws/install/zed_topic_benchmark_interfaces/share/zed_topic_benchmark_interfaces/hook/ld_library_path_lib.sh'
[1.033s] Level 1:colcon.colcon_core.environment:checking '/home/awadh/zed_ws/install/zed_topic_benchmark_interfaces/bin'
[1.034s] Level 1:colcon.colcon_core.environment:checking '/home/awadh/zed_ws/install/zed_topic_benchmark_interfaces/lib/pkgconfig/zed_topic_benchmark_interfaces.pc'
[1.034s] Level 1:colcon.colcon_core.environment:checking '/home/awadh/zed_ws/install/zed_topic_benchmark_interfaces/lib/python3.10/site-packages'
[1.034s] Level 1:colcon.colcon_core.environment:checking '/home/awadh/zed_ws/install/zed_topic_benchmark_interfaces/bin'
[1.034s] INFO:colcon.colcon_core.shell:Creating package script '/home/awadh/zed_ws/install/zed_topic_benchmark_interfaces/share/zed_topic_benchmark_interfaces/package.ps1'
[1.035s] INFO:colcon.colcon_core.shell:Creating package descriptor '/home/awadh/zed_ws/install/zed_topic_benchmark_interfaces/share/zed_topic_benchmark_interfaces/package.dsv'
[1.035s] INFO:colcon.colcon_core.shell:Creating package script '/home/awadh/zed_ws/install/zed_topic_benchmark_interfaces/share/zed_topic_benchmark_interfaces/package.sh'
[1.035s] INFO:colcon.colcon_core.shell:Creating package script '/home/awadh/zed_ws/install/zed_topic_benchmark_interfaces/share/zed_topic_benchmark_interfaces/package.bash'
[1.035s] INFO:colcon.colcon_core.shell:Creating package script '/home/awadh/zed_ws/install/zed_topic_benchmark_interfaces/share/zed_topic_benchmark_interfaces/package.zsh'
[1.036s] Level 1:colcon.colcon_core.environment:create_file_with_runtime_dependencies(/home/awadh/zed_ws/install/zed_topic_benchmark_interfaces/share/colcon-core/packages/zed_topic_benchmark_interfaces)
[1.176s] Level 1:colcon.colcon_core.environment:create_environment_scripts_only(zed_topic_benchmark_interfaces)
[1.177s] Level 1:colcon.colcon_core.environment:checking '/home/awadh/zed_ws/install/zed_topic_benchmark_interfaces' for CMake module files
[1.178s] Level 1:colcon.colcon_core.environment:checking '/home/awadh/zed_ws/install/zed_topic_benchmark_interfaces' for CMake config files
[1.178s] Level 1:colcon.colcon_core.shell:create_environment_hook('zed_topic_benchmark_interfaces', 'cmake_prefix_path')
[1.179s] INFO:colcon.colcon_core.shell:Creating environment hook '/home/awadh/zed_ws/install/zed_topic_benchmark_interfaces/share/zed_topic_benchmark_interfaces/hook/cmake_prefix_path.ps1'
[1.179s] INFO:colcon.colcon_core.shell:Creating environment descriptor '/home/awadh/zed_ws/install/zed_topic_benchmark_interfaces/share/zed_topic_benchmark_interfaces/hook/cmake_prefix_path.dsv'
[1.180s] INFO:colcon.colcon_core.shell:Creating environment hook '/home/awadh/zed_ws/install/zed_topic_benchmark_interfaces/share/zed_topic_benchmark_interfaces/hook/cmake_prefix_path.sh'
[1.181s] Level 1:colcon.colcon_core.environment:checking '/home/awadh/zed_ws/install/zed_topic_benchmark_interfaces/lib'
[1.181s] Level 1:colcon.colcon_core.shell:create_environment_hook('zed_topic_benchmark_interfaces', 'ld_library_path_lib')
[1.181s] INFO:colcon.colcon_core.shell:Creating environment hook '/home/awadh/zed_ws/install/zed_topic_benchmark_interfaces/share/zed_topic_benchmark_interfaces/hook/ld_library_path_lib.ps1'
[1.182s] INFO:colcon.colcon_core.shell:Creating environment descriptor '/home/awadh/zed_ws/install/zed_topic_benchmark_interfaces/share/zed_topic_benchmark_interfaces/hook/ld_library_path_lib.dsv'
[1.182s] INFO:colcon.colcon_core.shell:Creating environment hook '/home/awadh/zed_ws/install/zed_topic_benchmark_interfaces/share/zed_topic_benchmark_interfaces/hook/ld_library_path_lib.sh'
[1.182s] Level 1:colcon.colcon_core.environment:checking '/home/awadh/zed_ws/install/zed_topic_benchmark_interfaces/bin'
[1.183s] Level 1:colcon.colcon_core.environment:checking '/home/awadh/zed_ws/install/zed_topic_benchmark_interfaces/lib/pkgconfig/zed_topic_benchmark_interfaces.pc'
[1.183s] Level 1:colcon.colcon_core.environment:checking '/home/awadh/zed_ws/install/zed_topic_benchmark_interfaces/lib/python3.10/site-packages'
[1.183s] Level 1:colcon.colcon_core.environment:checking '/home/awadh/zed_ws/install/zed_topic_benchmark_interfaces/bin'
[1.184s] INFO:colcon.colcon_core.shell:Creating package script '/home/awadh/zed_ws/install/zed_topic_benchmark_interfaces/share/zed_topic_benchmark_interfaces/package.ps1'
[1.184s] INFO:colcon.colcon_core.shell:Creating package descriptor '/home/awadh/zed_ws/install/zed_topic_benchmark_interfaces/share/zed_topic_benchmark_interfaces/package.dsv'
[1.185s] INFO:colcon.colcon_core.shell:Creating package script '/home/awadh/zed_ws/install/zed_topic_benchmark_interfaces/share/zed_topic_benchmark_interfaces/package.sh'
[1.186s] INFO:colcon.colcon_core.shell:Creating package script '/home/awadh/zed_ws/install/zed_topic_benchmark_interfaces/share/zed_topic_benchmark_interfaces/package.bash'
[1.186s] INFO:colcon.colcon_core.shell:Creating package script '/home/awadh/zed_ws/install/zed_topic_benchmark_interfaces/share/zed_topic_benchmark_interfaces/package.zsh'
[1.186s] Level 1:colcon.colcon_core.environment:create_file_with_runtime_dependencies(/home/awadh/zed_ws/install/zed_topic_benchmark_interfaces/share/colcon-core/packages/zed_topic_benchmark_interfaces)
[1.187s] INFO:colcon.colcon_ros.task.ament_cmake.build:Building ROS package in '/home/awadh/zed_ws/src/zed-ros2-examples/tools/zed_benchmark_component' with build type 'ament_cmake'
[1.187s] INFO:colcon.colcon_cmake.task.cmake.build:Building CMake package in '/home/awadh/zed_ws/src/zed-ros2-examples/tools/zed_benchmark_component'
[1.187s] INFO:colcon.colcon_core.shell:Skip shell extension 'powershell' for command environment: Not usable outside of PowerShell
[1.187s] DEBUG:colcon.colcon_core.shell:Skip shell extension 'dsv' for command environment
[1.205s] DEBUG:colcon.colcon_core.event_handler.log_command:Invoking command in '/home/awadh/zed_ws/build/zed_topic_benchmark_component': CMAKE_PREFIX_PATH=/home/awadh/zed_ws/install/zed_topic_benchmark_interfaces:/home/awadh/gazebo_ws/install/yolov8_msgs:/home/awadh/gazebo_ws/install/yolobot_recognition:/home/awadh/gazebo_ws/install/yolobot_gazebo:/home/awadh/gazebo_ws/install/yolobot_description:/home/awadh/gazebo_ws/install/yolobot_control:/home/awadh/gazebo_ws/install/my_robot_bringup:/home/awadh/gazebo_ws/install/my_robot_description:/home/awadh/yolobot/install/yolov8_msgs:/home/awadh/yolobot/install/yolobot_recognition:/home/awadh/yolobot/install/yolobot_gazebo:/home/awadh/yolobot/install/yolobot_description:/home/awadh/yolobot/install/yolobot_control:/home/awadh/test2_ws/install/pcl_object_detection:/home/awadh/zed_ws/install/zed_ros2:/home/awadh/zed_ws/install/zed_robot_integration:/home/awadh/zed_ws/install/zed_multi_camera:/home/awadh/zed_ws/install/zed_display_rviz2:/home/awadh/zed_ws/install/zed_depth_to_laserscan:/home/awadh/zed_ws/install/zed_wrapper:/home/awadh/zed_ws/install/zed_tutorial_video:/home/awadh/zed_ws/install/zed_tutorial_pos_tracking:/home/awadh/zed_ws/install/zed_tutorial_depth:/home/awadh/zed_ws/install/zed_topic_benchmark:/home/awadh/zed_ws/install/zed_topic_benchmark_component:/home/awadh/zed_ws/install/zed_rgb_convert:/home/awadh/zed_ws/install/zed_aruco_localization:/home/awadh/zed_ws/install/zed_components:/home/awadh/zed_ws/install/rviz_plugin_zed_od:/home/awadh/zed_ws/install/zed_interfaces:/home/awadh/ouster_ws/install/ouster_ros:/home/awadh/ouster_ws/install/ouster_sensor_msgs:/home/awadh/ros2_ws/install/my_robot_bringup:/home/awadh/ros2_ws/install/turtlesim_project_cpp:/home/awadh/ros2_ws/install/my_cpp_pkg:/home/awadh/ros2_ws/install/my_robot_interfaces:/home/awadh/gazebo_ws/install/ultralytics_ros2:/home/awadh/ros2_ws/install/turtlesim_catch_them_all:/home/awadh/ros2_ws/install/my_py_pkg:/opt/ros/humble:/home/awadh/sick_tim_ws/install/sick_tim LD_LIBRARY_PATH=/home/awadh/zed_ws/install/zed_topic_benchmark_interfaces/lib:/home/awadh/gazebo_ws/install/yolov8_msgs/lib:/home/awadh/yolobot/install/yolov8_msgs/lib:/home/awadh/test2_ws/install/pcl_object_detection/lib:/home/awadh/zed_ws/install/zed_topic_benchmark_component/lib:/home/awadh/zed_ws/install/zed_rgb_convert/lib:/home/awadh/zed_ws/install/zed_aruco_localization/lib:/home/awadh/zed_ws/install/zed_components/lib:/home/awadh/zed_ws/install/rviz_plugin_zed_od/lib:/home/awadh/zed_ws/install/zed_interfaces/lib:/home/awadh/ouster_ws/install/ouster_ros/lib:/home/awadh/ouster_ws/install/ouster_sensor_msgs/lib:/home/awadh/ros2_ws/install/my_robot_interfaces/lib:/home/awadh/sick_tim_ws/install/sick_tim/lib:/usr/lib/x86_64-linux-gnu/gazebo-11/plugins:/opt/ros/humble/opt/rviz_ogre_vendor/lib:/opt/ros/humble/lib/x86_64-linux-gnu:/opt/ros/humble/lib:/usr/share/gazebo/../../lib/x86_64-linux-gnu/gazebo-11/plugins /usr/bin/cmake --build /home/awadh/zed_ws/build/zed_topic_benchmark_component -- -j16 -l16
[1.284s] DEBUG:colcon.colcon_core.event_handler.log_command:Invoked command in '/home/awadh/zed_ws/build/zed_topic_benchmark_component' returned '0': CMAKE_PREFIX_PATH=/home/awadh/zed_ws/install/zed_topic_benchmark_interfaces:/home/awadh/gazebo_ws/install/yolov8_msgs:/home/awadh/gazebo_ws/install/yolobot_recognition:/home/awadh/gazebo_ws/install/yolobot_gazebo:/home/awadh/gazebo_ws/install/yolobot_description:/home/awadh/gazebo_ws/install/yolobot_control:/home/awadh/gazebo_ws/install/my_robot_bringup:/home/awadh/gazebo_ws/install/my_robot_description:/home/awadh/yolobot/install/yolov8_msgs:/home/awadh/yolobot/install/yolobot_recognition:/home/awadh/yolobot/install/yolobot_gazebo:/home/awadh/yolobot/install/yolobot_description:/home/awadh/yolobot/install/yolobot_control:/home/awadh/test2_ws/install/pcl_object_detection:/home/awadh/zed_ws/install/zed_ros2:/home/awadh/zed_ws/install/zed_robot_integration:/home/awadh/zed_ws/install/zed_multi_camera:/home/awadh/zed_ws/install/zed_display_rviz2:/home/awadh/zed_ws/install/zed_depth_to_laserscan:/home/awadh/zed_ws/install/zed_wrapper:/home/awadh/zed_ws/install/zed_tutorial_video:/home/awadh/zed_ws/install/zed_tutorial_pos_tracking:/home/awadh/zed_ws/install/zed_tutorial_depth:/home/awadh/zed_ws/install/zed_topic_benchmark:/home/awadh/zed_ws/install/zed_topic_benchmark_component:/home/awadh/zed_ws/install/zed_rgb_convert:/home/awadh/zed_ws/install/zed_aruco_localization:/home/awadh/zed_ws/install/zed_components:/home/awadh/zed_ws/install/rviz_plugin_zed_od:/home/awadh/zed_ws/install/zed_interfaces:/home/awadh/ouster_ws/install/ouster_ros:/home/awadh/ouster_ws/install/ouster_sensor_msgs:/home/awadh/ros2_ws/install/my_robot_bringup:/home/awadh/ros2_ws/install/turtlesim_project_cpp:/home/awadh/ros2_ws/install/my_cpp_pkg:/home/awadh/ros2_ws/install/my_robot_interfaces:/home/awadh/gazebo_ws/install/ultralytics_ros2:/home/awadh/ros2_ws/install/turtlesim_catch_them_all:/home/awadh/ros2_ws/install/my_py_pkg:/opt/ros/humble:/home/awadh/sick_tim_ws/install/sick_tim LD_LIBRARY_PATH=/home/awadh/zed_ws/install/zed_topic_benchmark_interfaces/lib:/home/awadh/gazebo_ws/install/yolov8_msgs/lib:/home/awadh/yolobot/install/yolov8_msgs/lib:/home/awadh/test2_ws/install/pcl_object_detection/lib:/home/awadh/zed_ws/install/zed_topic_benchmark_component/lib:/home/awadh/zed_ws/install/zed_rgb_convert/lib:/home/awadh/zed_ws/install/zed_aruco_localization/lib:/home/awadh/zed_ws/install/zed_components/lib:/home/awadh/zed_ws/install/rviz_plugin_zed_od/lib:/home/awadh/zed_ws/install/zed_interfaces/lib:/home/awadh/ouster_ws/install/ouster_ros/lib:/home/awadh/ouster_ws/install/ouster_sensor_msgs/lib:/home/awadh/ros2_ws/install/my_robot_interfaces/lib:/home/awadh/sick_tim_ws/install/sick_tim/lib:/usr/lib/x86_64-linux-gnu/gazebo-11/plugins:/opt/ros/humble/opt/rviz_ogre_vendor/lib:/opt/ros/humble/lib/x86_64-linux-gnu:/opt/ros/humble/lib:/usr/share/gazebo/../../lib/x86_64-linux-gnu/gazebo-11/plugins /usr/bin/cmake --build /home/awadh/zed_ws/build/zed_topic_benchmark_component -- -j16 -l16
[1.346s] DEBUG:colcon.colcon_core.event_handler.log_command:Invoking command in '/home/awadh/zed_ws/build/zed_topic_benchmark_component': CMAKE_PREFIX_PATH=/home/awadh/zed_ws/install/zed_topic_benchmark_interfaces:/home/awadh/gazebo_ws/install/yolov8_msgs:/home/awadh/gazebo_ws/install/yolobot_recognition:/home/awadh/gazebo_ws/install/yolobot_gazebo:/home/awadh/gazebo_ws/install/yolobot_description:/home/awadh/gazebo_ws/install/yolobot_control:/home/awadh/gazebo_ws/install/my_robot_bringup:/home/awadh/gazebo_ws/install/my_robot_description:/home/awadh/yolobot/install/yolov8_msgs:/home/awadh/yolobot/install/yolobot_recognition:/home/awadh/yolobot/install/yolobot_gazebo:/home/awadh/yolobot/install/yolobot_description:/home/awadh/yolobot/install/yolobot_control:/home/awadh/test2_ws/install/pcl_object_detection:/home/awadh/zed_ws/install/zed_ros2:/home/awadh/zed_ws/install/zed_robot_integration:/home/awadh/zed_ws/install/zed_multi_camera:/home/awadh/zed_ws/install/zed_display_rviz2:/home/awadh/zed_ws/install/zed_depth_to_laserscan:/home/awadh/zed_ws/install/zed_wrapper:/home/awadh/zed_ws/install/zed_tutorial_video:/home/awadh/zed_ws/install/zed_tutorial_pos_tracking:/home/awadh/zed_ws/install/zed_tutorial_depth:/home/awadh/zed_ws/install/zed_topic_benchmark:/home/awadh/zed_ws/install/zed_topic_benchmark_component:/home/awadh/zed_ws/install/zed_rgb_convert:/home/awadh/zed_ws/install/zed_aruco_localization:/home/awadh/zed_ws/install/zed_components:/home/awadh/zed_ws/install/rviz_plugin_zed_od:/home/awadh/zed_ws/install/zed_interfaces:/home/awadh/ouster_ws/install/ouster_ros:/home/awadh/ouster_ws/install/ouster_sensor_msgs:/home/awadh/ros2_ws/install/my_robot_bringup:/home/awadh/ros2_ws/install/turtlesim_project_cpp:/home/awadh/ros2_ws/install/my_cpp_pkg:/home/awadh/ros2_ws/install/my_robot_interfaces:/home/awadh/gazebo_ws/install/ultralytics_ros2:/home/awadh/ros2_ws/install/turtlesim_catch_them_all:/home/awadh/ros2_ws/install/my_py_pkg:/opt/ros/humble:/home/awadh/sick_tim_ws/install/sick_tim LD_LIBRARY_PATH=/home/awadh/zed_ws/install/zed_topic_benchmark_interfaces/lib:/home/awadh/gazebo_ws/install/yolov8_msgs/lib:/home/awadh/yolobot/install/yolov8_msgs/lib:/home/awadh/test2_ws/install/pcl_object_detection/lib:/home/awadh/zed_ws/install/zed_topic_benchmark_component/lib:/home/awadh/zed_ws/install/zed_rgb_convert/lib:/home/awadh/zed_ws/install/zed_aruco_localization/lib:/home/awadh/zed_ws/install/zed_components/lib:/home/awadh/zed_ws/install/rviz_plugin_zed_od/lib:/home/awadh/zed_ws/install/zed_interfaces/lib:/home/awadh/ouster_ws/install/ouster_ros/lib:/home/awadh/ouster_ws/install/ouster_sensor_msgs/lib:/home/awadh/ros2_ws/install/my_robot_interfaces/lib:/home/awadh/sick_tim_ws/install/sick_tim/lib:/usr/lib/x86_64-linux-gnu/gazebo-11/plugins:/opt/ros/humble/opt/rviz_ogre_vendor/lib:/opt/ros/humble/lib/x86_64-linux-gnu:/opt/ros/humble/lib:/usr/share/gazebo/../../lib/x86_64-linux-gnu/gazebo-11/plugins /usr/bin/cmake --install /home/awadh/zed_ws/build/zed_topic_benchmark_component
[1.360s] Level 1:colcon.colcon_core.environment:create_environment_scripts_only(zed_topic_benchmark_component)
[1.360s] Level 1:colcon.colcon_core.environment:checking '/home/awadh/zed_ws/install/zed_topic_benchmark_component' for CMake module files
[1.361s] DEBUG:colcon.colcon_core.event_handler.log_command:Invoked command in '/home/awadh/zed_ws/build/zed_topic_benchmark_component' returned '0': CMAKE_PREFIX_PATH=/home/awadh/zed_ws/install/zed_topic_benchmark_interfaces:/home/awadh/gazebo_ws/install/yolov8_msgs:/home/awadh/gazebo_ws/install/yolobot_recognition:/home/awadh/gazebo_ws/install/yolobot_gazebo:/home/awadh/gazebo_ws/install/yolobot_description:/home/awadh/gazebo_ws/install/yolobot_control:/home/awadh/gazebo_ws/install/my_robot_bringup:/home/awadh/gazebo_ws/install/my_robot_description:/home/awadh/yolobot/install/yolov8_msgs:/home/awadh/yolobot/install/yolobot_recognition:/home/awadh/yolobot/install/yolobot_gazebo:/home/awadh/yolobot/install/yolobot_description:/home/awadh/yolobot/install/yolobot_control:/home/awadh/test2_ws/install/pcl_object_detection:/home/awadh/zed_ws/install/zed_ros2:/home/awadh/zed_ws/install/zed_robot_integration:/home/awadh/zed_ws/install/zed_multi_camera:/home/awadh/zed_ws/install/zed_display_rviz2:/home/awadh/zed_ws/install/zed_depth_to_laserscan:/home/awadh/zed_ws/install/zed_wrapper:/home/awadh/zed_ws/install/zed_tutorial_video:/home/awadh/zed_ws/install/zed_tutorial_pos_tracking:/home/awadh/zed_ws/install/zed_tutorial_depth:/home/awadh/zed_ws/install/zed_topic_benchmark:/home/awadh/zed_ws/install/zed_topic_benchmark_component:/home/awadh/zed_ws/install/zed_rgb_convert:/home/awadh/zed_ws/install/zed_aruco_localization:/home/awadh/zed_ws/install/zed_components:/home/awadh/zed_ws/install/rviz_plugin_zed_od:/home/awadh/zed_ws/install/zed_interfaces:/home/awadh/ouster_ws/install/ouster_ros:/home/awadh/ouster_ws/install/ouster_sensor_msgs:/home/awadh/ros2_ws/install/my_robot_bringup:/home/awadh/ros2_ws/install/turtlesim_project_cpp:/home/awadh/ros2_ws/install/my_cpp_pkg:/home/awadh/ros2_ws/install/my_robot_interfaces:/home/awadh/gazebo_ws/install/ultralytics_ros2:/home/awadh/ros2_ws/install/turtlesim_catch_them_all:/home/awadh/ros2_ws/install/my_py_pkg:/opt/ros/humble:/home/awadh/sick_tim_ws/install/sick_tim LD_LIBRARY_PATH=/home/awadh/zed_ws/install/zed_topic_benchmark_interfaces/lib:/home/awadh/gazebo_ws/install/yolov8_msgs/lib:/home/awadh/yolobot/install/yolov8_msgs/lib:/home/awadh/test2_ws/install/pcl_object_detection/lib:/home/awadh/zed_ws/install/zed_topic_benchmark_component/lib:/home/awadh/zed_ws/install/zed_rgb_convert/lib:/home/awadh/zed_ws/install/zed_aruco_localization/lib:/home/awadh/zed_ws/install/zed_components/lib:/home/awadh/zed_ws/install/rviz_plugin_zed_od/lib:/home/awadh/zed_ws/install/zed_interfaces/lib:/home/awadh/ouster_ws/install/ouster_ros/lib:/home/awadh/ouster_ws/install/ouster_sensor_msgs/lib:/home/awadh/ros2_ws/install/my_robot_interfaces/lib:/home/awadh/sick_tim_ws/install/sick_tim/lib:/usr/lib/x86_64-linux-gnu/gazebo-11/plugins:/opt/ros/humble/opt/rviz_ogre_vendor/lib:/opt/ros/humble/lib/x86_64-linux-gnu:/opt/ros/humble/lib:/usr/share/gazebo/../../lib/x86_64-linux-gnu/gazebo-11/plugins /usr/bin/cmake --install /home/awadh/zed_ws/build/zed_topic_benchmark_component
[1.361s] Level 1:colcon.colcon_core.environment:checking '/home/awadh/zed_ws/install/zed_topic_benchmark_component' for CMake config files
[1.361s] Level 1:colcon.colcon_core.shell:create_environment_hook('zed_topic_benchmark_component', 'cmake_prefix_path')
[1.361s] INFO:colcon.colcon_core.shell:Creating environment hook '/home/awadh/zed_ws/install/zed_topic_benchmark_component/share/zed_topic_benchmark_component/hook/cmake_prefix_path.ps1'
[1.362s] INFO:colcon.colcon_core.shell:Creating environment descriptor '/home/awadh/zed_ws/install/zed_topic_benchmark_component/share/zed_topic_benchmark_component/hook/cmake_prefix_path.dsv'
[1.362s] INFO:colcon.colcon_core.shell:Creating environment hook '/home/awadh/zed_ws/install/zed_topic_benchmark_component/share/zed_topic_benchmark_component/hook/cmake_prefix_path.sh'
[1.362s] Level 1:colcon.colcon_core.environment:checking '/home/awadh/zed_ws/install/zed_topic_benchmark_component/lib'
[1.362s] Level 1:colcon.colcon_core.shell:create_environment_hook('zed_topic_benchmark_component', 'ld_library_path_lib')
[1.363s] INFO:colcon.colcon_core.shell:Creating environment hook '/home/awadh/zed_ws/install/zed_topic_benchmark_component/share/zed_topic_benchmark_component/hook/ld_library_path_lib.ps1'
[1.363s] INFO:colcon.colcon_core.shell:Creating environment descriptor '/home/awadh/zed_ws/install/zed_topic_benchmark_component/share/zed_topic_benchmark_component/hook/ld_library_path_lib.dsv'
[1.363s] INFO:colcon.colcon_core.shell:Creating environment hook '/home/awadh/zed_ws/install/zed_topic_benchmark_component/share/zed_topic_benchmark_component/hook/ld_library_path_lib.sh'
[1.363s] Level 1:colcon.colcon_core.environment:checking '/home/awadh/zed_ws/install/zed_topic_benchmark_component/bin'
[1.363s] Level 1:colcon.colcon_core.environment:checking '/home/awadh/zed_ws/install/zed_topic_benchmark_component/lib/pkgconfig/zed_topic_benchmark_component.pc'
[1.364s] Level 1:colcon.colcon_core.environment:checking '/home/awadh/zed_ws/install/zed_topic_benchmark_component/lib/python3.10/site-packages'
[1.364s] Level 1:colcon.colcon_core.environment:checking '/home/awadh/zed_ws/install/zed_topic_benchmark_component/bin'
[1.364s] INFO:colcon.colcon_core.shell:Creating package script '/home/awadh/zed_ws/install/zed_topic_benchmark_component/share/zed_topic_benchmark_component/package.ps1'
[1.364s] INFO:colcon.colcon_core.shell:Creating package descriptor '/home/awadh/zed_ws/install/zed_topic_benchmark_component/share/zed_topic_benchmark_component/package.dsv'
[1.365s] INFO:colcon.colcon_core.shell:Creating package script '/home/awadh/zed_ws/install/zed_topic_benchmark_component/share/zed_topic_benchmark_component/package.sh'
[1.365s] INFO:colcon.colcon_core.shell:Creating package script '/home/awadh/zed_ws/install/zed_topic_benchmark_component/share/zed_topic_benchmark_component/package.bash'
[1.365s] INFO:colcon.colcon_core.shell:Creating package script '/home/awadh/zed_ws/install/zed_topic_benchmark_component/share/zed_topic_benchmark_component/package.zsh'
[1.365s] Level 1:colcon.colcon_core.environment:create_file_with_runtime_dependencies(/home/awadh/zed_ws/install/zed_topic_benchmark_component/share/colcon-core/packages/zed_topic_benchmark_component)
[1.425s] Level 1:colcon.colcon_core.environment:create_environment_scripts_only(zed_topic_benchmark_component)
[1.425s] Level 1:colcon.colcon_core.environment:checking '/home/awadh/zed_ws/install/zed_topic_benchmark_component' for CMake module files
[1.426s] Level 1:colcon.colcon_core.environment:checking '/home/awadh/zed_ws/install/zed_topic_benchmark_component' for CMake config files
[1.426s] Level 1:colcon.colcon_core.shell:create_environment_hook('zed_topic_benchmark_component', 'cmake_prefix_path')
[1.427s] INFO:colcon.colcon_core.shell:Creating environment hook '/home/awadh/zed_ws/install/zed_topic_benchmark_component/share/zed_topic_benchmark_component/hook/cmake_prefix_path.ps1'
[1.427s] INFO:colcon.colcon_core.shell:Creating environment descriptor '/home/awadh/zed_ws/install/zed_topic_benchmark_component/share/zed_topic_benchmark_component/hook/cmake_prefix_path.dsv'
[1.428s] INFO:colcon.colcon_core.shell:Creating environment hook '/home/awadh/zed_ws/install/zed_topic_benchmark_component/share/zed_topic_benchmark_component/hook/cmake_prefix_path.sh'
[1.429s] Level 1:colcon.colcon_core.environment:checking '/home/awadh/zed_ws/install/zed_topic_benchmark_component/lib'
[1.429s] Level 1:colcon.colcon_core.shell:create_environment_hook('zed_topic_benchmark_component', 'ld_library_path_lib')
[1.429s] INFO:colcon.colcon_core.shell:Creating environment hook '/home/awadh/zed_ws/install/zed_topic_benchmark_component/share/zed_topic_benchmark_component/hook/ld_library_path_lib.ps1'
[1.430s] INFO:colcon.colcon_core.shell:Creating environment descriptor '/home/awadh/zed_ws/install/zed_topic_benchmark_component/share/zed_topic_benchmark_component/hook/ld_library_path_lib.dsv'
[1.430s] INFO:colcon.colcon_core.shell:Creating environment hook '/home/awadh/zed_ws/install/zed_topic_benchmark_component/share/zed_topic_benchmark_component/hook/ld_library_path_lib.sh'
[1.431s] Level 1:colcon.colcon_core.environment:checking '/home/awadh/zed_ws/install/zed_topic_benchmark_component/bin'
[1.431s] Level 1:colcon.colcon_core.environment:checking '/home/awadh/zed_ws/install/zed_topic_benchmark_component/lib/pkgconfig/zed_topic_benchmark_component.pc'
[1.431s] Level 1:colcon.colcon_core.environment:checking '/home/awadh/zed_ws/install/zed_topic_benchmark_component/lib/python3.10/site-packages'
[1.432s] Level 1:colcon.colcon_core.environment:checking '/home/awadh/zed_ws/install/zed_topic_benchmark_component/bin'
[1.432s] INFO:colcon.colcon_core.shell:Creating package script '/home/awadh/zed_ws/install/zed_topic_benchmark_component/share/zed_topic_benchmark_component/package.ps1'
[1.433s] INFO:colcon.colcon_core.shell:Creating package descriptor '/home/awadh/zed_ws/install/zed_topic_benchmark_component/share/zed_topic_benchmark_component/package.dsv'
[1.434s] INFO:colcon.colcon_core.shell:Creating package script '/home/awadh/zed_ws/install/zed_topic_benchmark_component/share/zed_topic_benchmark_component/package.sh'
[1.434s] INFO:colcon.colcon_core.shell:Creating package script '/home/awadh/zed_ws/install/zed_topic_benchmark_component/share/zed_topic_benchmark_component/package.bash'
[1.434s] INFO:colcon.colcon_core.shell:Creating package script '/home/awadh/zed_ws/install/zed_topic_benchmark_component/share/zed_topic_benchmark_component/package.zsh'
[1.435s] Level 1:colcon.colcon_core.environment:create_file_with_runtime_dependencies(/home/awadh/zed_ws/install/zed_topic_benchmark_component/share/colcon-core/packages/zed_topic_benchmark_component)
[1.435s] INFO:colcon.colcon_ros.task.ament_cmake.build:Building ROS package in '/home/awadh/zed_ws/src/zed-ros2-examples/tools/zed_benchmark' with build type 'ament_cmake'
[1.436s] INFO:colcon.colcon_cmake.task.cmake.build:Building CMake package in '/home/awadh/zed_ws/src/zed-ros2-examples/tools/zed_benchmark'
[1.436s] INFO:colcon.colcon_core.shell:Skip shell extension 'powershell' for command environment: Not usable outside of PowerShell
[1.436s] DEBUG:colcon.colcon_core.shell:Skip shell extension 'dsv' for command environment
[1.457s] DEBUG:colcon.colcon_core.event_handler.log_command:Invoking command in '/home/awadh/zed_ws/build/zed_topic_benchmark': CMAKE_PREFIX_PATH=/home/awadh/zed_ws/install/zed_topic_benchmark_component:/home/awadh/zed_ws/install/zed_topic_benchmark_interfaces:/home/awadh/gazebo_ws/install/yolov8_msgs:/home/awadh/gazebo_ws/install/yolobot_recognition:/home/awadh/gazebo_ws/install/yolobot_gazebo:/home/awadh/gazebo_ws/install/yolobot_description:/home/awadh/gazebo_ws/install/yolobot_control:/home/awadh/gazebo_ws/install/my_robot_bringup:/home/awadh/gazebo_ws/install/my_robot_description:/home/awadh/yolobot/install/yolov8_msgs:/home/awadh/yolobot/install/yolobot_recognition:/home/awadh/yolobot/install/yolobot_gazebo:/home/awadh/yolobot/install/yolobot_description:/home/awadh/yolobot/install/yolobot_control:/home/awadh/test2_ws/install/pcl_object_detection:/home/awadh/zed_ws/install/zed_ros2:/home/awadh/zed_ws/install/zed_robot_integration:/home/awadh/zed_ws/install/zed_multi_camera:/home/awadh/zed_ws/install/zed_display_rviz2:/home/awadh/zed_ws/install/zed_depth_to_laserscan:/home/awadh/zed_ws/install/zed_wrapper:/home/awadh/zed_ws/install/zed_tutorial_video:/home/awadh/zed_ws/install/zed_tutorial_pos_tracking:/home/awadh/zed_ws/install/zed_tutorial_depth:/home/awadh/zed_ws/install/zed_topic_benchmark:/home/awadh/zed_ws/install/zed_rgb_convert:/home/awadh/zed_ws/install/zed_aruco_localization:/home/awadh/zed_ws/install/zed_components:/home/awadh/zed_ws/install/rviz_plugin_zed_od:/home/awadh/zed_ws/install/zed_interfaces:/home/awadh/ouster_ws/install/ouster_ros:/home/awadh/ouster_ws/install/ouster_sensor_msgs:/home/awadh/ros2_ws/install/my_robot_bringup:/home/awadh/ros2_ws/install/turtlesim_project_cpp:/home/awadh/ros2_ws/install/my_cpp_pkg:/home/awadh/ros2_ws/install/my_robot_interfaces:/home/awadh/gazebo_ws/install/ultralytics_ros2:/home/awadh/ros2_ws/install/turtlesim_catch_them_all:/home/awadh/ros2_ws/install/my_py_pkg:/opt/ros/humble:/home/awadh/sick_tim_ws/install/sick_tim LD_LIBRARY_PATH=/home/awadh/zed_ws/install/zed_topic_benchmark_component/lib:/home/awadh/zed_ws/install/zed_topic_benchmark_interfaces/lib:/home/awadh/gazebo_ws/install/yolov8_msgs/lib:/home/awadh/yolobot/install/yolov8_msgs/lib:/home/awadh/test2_ws/install/pcl_object_detection/lib:/home/awadh/zed_ws/install/zed_rgb_convert/lib:/home/awadh/zed_ws/install/zed_aruco_localization/lib:/home/awadh/zed_ws/install/zed_components/lib:/home/awadh/zed_ws/install/rviz_plugin_zed_od/lib:/home/awadh/zed_ws/install/zed_interfaces/lib:/home/awadh/ouster_ws/install/ouster_ros/lib:/home/awadh/ouster_ws/install/ouster_sensor_msgs/lib:/home/awadh/ros2_ws/install/my_robot_interfaces/lib:/home/awadh/sick_tim_ws/install/sick_tim/lib:/usr/lib/x86_64-linux-gnu/gazebo-11/plugins:/opt/ros/humble/opt/rviz_ogre_vendor/lib:/opt/ros/humble/lib/x86_64-linux-gnu:/opt/ros/humble/lib:/usr/share/gazebo/../../lib/x86_64-linux-gnu/gazebo-11/plugins /usr/bin/cmake --build /home/awadh/zed_ws/build/zed_topic_benchmark -- -j16 -l16
[1.541s] DEBUG:colcon.colcon_core.event_handler.log_command:Invoked command in '/home/awadh/zed_ws/build/zed_topic_benchmark' returned '0': CMAKE_PREFIX_PATH=/home/awadh/zed_ws/install/zed_topic_benchmark_component:/home/awadh/zed_ws/install/zed_topic_benchmark_interfaces:/home/awadh/gazebo_ws/install/yolov8_msgs:/home/awadh/gazebo_ws/install/yolobot_recognition:/home/awadh/gazebo_ws/install/yolobot_gazebo:/home/awadh/gazebo_ws/install/yolobot_description:/home/awadh/gazebo_ws/install/yolobot_control:/home/awadh/gazebo_ws/install/my_robot_bringup:/home/awadh/gazebo_ws/install/my_robot_description:/home/awadh/yolobot/install/yolov8_msgs:/home/awadh/yolobot/install/yolobot_recognition:/home/awadh/yolobot/install/yolobot_gazebo:/home/awadh/yolobot/install/yolobot_description:/home/awadh/yolobot/install/yolobot_control:/home/awadh/test2_ws/install/pcl_object_detection:/home/awadh/zed_ws/install/zed_ros2:/home/awadh/zed_ws/install/zed_robot_integration:/home/awadh/zed_ws/install/zed_multi_camera:/home/awadh/zed_ws/install/zed_display_rviz2:/home/awadh/zed_ws/install/zed_depth_to_laserscan:/home/awadh/zed_ws/install/zed_wrapper:/home/awadh/zed_ws/install/zed_tutorial_video:/home/awadh/zed_ws/install/zed_tutorial_pos_tracking:/home/awadh/zed_ws/install/zed_tutorial_depth:/home/awadh/zed_ws/install/zed_topic_benchmark:/home/awadh/zed_ws/install/zed_rgb_convert:/home/awadh/zed_ws/install/zed_aruco_localization:/home/awadh/zed_ws/install/zed_components:/home/awadh/zed_ws/install/rviz_plugin_zed_od:/home/awadh/zed_ws/install/zed_interfaces:/home/awadh/ouster_ws/install/ouster_ros:/home/awadh/ouster_ws/install/ouster_sensor_msgs:/home/awadh/ros2_ws/install/my_robot_bringup:/home/awadh/ros2_ws/install/turtlesim_project_cpp:/home/awadh/ros2_ws/install/my_cpp_pkg:/home/awadh/ros2_ws/install/my_robot_interfaces:/home/awadh/gazebo_ws/install/ultralytics_ros2:/home/awadh/ros2_ws/install/turtlesim_catch_them_all:/home/awadh/ros2_ws/install/my_py_pkg:/opt/ros/humble:/home/awadh/sick_tim_ws/install/sick_tim LD_LIBRARY_PATH=/home/awadh/zed_ws/install/zed_topic_benchmark_component/lib:/home/awadh/zed_ws/install/zed_topic_benchmark_interfaces/lib:/home/awadh/gazebo_ws/install/yolov8_msgs/lib:/home/awadh/yolobot/install/yolov8_msgs/lib:/home/awadh/test2_ws/install/pcl_object_detection/lib:/home/awadh/zed_ws/install/zed_rgb_convert/lib:/home/awadh/zed_ws/install/zed_aruco_localization/lib:/home/awadh/zed_ws/install/zed_components/lib:/home/awadh/zed_ws/install/rviz_plugin_zed_od/lib:/home/awadh/zed_ws/install/zed_interfaces/lib:/home/awadh/ouster_ws/install/ouster_ros/lib:/home/awadh/ouster_ws/install/ouster_sensor_msgs/lib:/home/awadh/ros2_ws/install/my_robot_interfaces/lib:/home/awadh/sick_tim_ws/install/sick_tim/lib:/usr/lib/x86_64-linux-gnu/gazebo-11/plugins:/opt/ros/humble/opt/rviz_ogre_vendor/lib:/opt/ros/humble/lib/x86_64-linux-gnu:/opt/ros/humble/lib:/usr/share/gazebo/../../lib/x86_64-linux-gnu/gazebo-11/plugins /usr/bin/cmake --build /home/awadh/zed_ws/build/zed_topic_benchmark -- -j16 -l16
[1.595s] DEBUG:colcon.colcon_core.event_handler.log_command:Invoking command in '/home/awadh/zed_ws/build/zed_topic_benchmark': CMAKE_PREFIX_PATH=/home/awadh/zed_ws/install/zed_topic_benchmark_component:/home/awadh/zed_ws/install/zed_topic_benchmark_interfaces:/home/awadh/gazebo_ws/install/yolov8_msgs:/home/awadh/gazebo_ws/install/yolobot_recognition:/home/awadh/gazebo_ws/install/yolobot_gazebo:/home/awadh/gazebo_ws/install/yolobot_description:/home/awadh/gazebo_ws/install/yolobot_control:/home/awadh/gazebo_ws/install/my_robot_bringup:/home/awadh/gazebo_ws/install/my_robot_description:/home/awadh/yolobot/install/yolov8_msgs:/home/awadh/yolobot/install/yolobot_recognition:/home/awadh/yolobot/install/yolobot_gazebo:/home/awadh/yolobot/install/yolobot_description:/home/awadh/yolobot/install/yolobot_control:/home/awadh/test2_ws/install/pcl_object_detection:/home/awadh/zed_ws/install/zed_ros2:/home/awadh/zed_ws/install/zed_robot_integration:/home/awadh/zed_ws/install/zed_multi_camera:/home/awadh/zed_ws/install/zed_display_rviz2:/home/awadh/zed_ws/install/zed_depth_to_laserscan:/home/awadh/zed_ws/install/zed_wrapper:/home/awadh/zed_ws/install/zed_tutorial_video:/home/awadh/zed_ws/install/zed_tutorial_pos_tracking:/home/awadh/zed_ws/install/zed_tutorial_depth:/home/awadh/zed_ws/install/zed_topic_benchmark:/home/awadh/zed_ws/install/zed_rgb_convert:/home/awadh/zed_ws/install/zed_aruco_localization:/home/awadh/zed_ws/install/zed_components:/home/awadh/zed_ws/install/rviz_plugin_zed_od:/home/awadh/zed_ws/install/zed_interfaces:/home/awadh/ouster_ws/install/ouster_ros:/home/awadh/ouster_ws/install/ouster_sensor_msgs:/home/awadh/ros2_ws/install/my_robot_bringup:/home/awadh/ros2_ws/install/turtlesim_project_cpp:/home/awadh/ros2_ws/install/my_cpp_pkg:/home/awadh/ros2_ws/install/my_robot_interfaces:/home/awadh/gazebo_ws/install/ultralytics_ros2:/home/awadh/ros2_ws/install/turtlesim_catch_them_all:/home/awadh/ros2_ws/install/my_py_pkg:/opt/ros/humble:/home/awadh/sick_tim_ws/install/sick_tim LD_LIBRARY_PATH=/home/awadh/zed_ws/install/zed_topic_benchmark_component/lib:/home/awadh/zed_ws/install/zed_topic_benchmark_interfaces/lib:/home/awadh/gazebo_ws/install/yolov8_msgs/lib:/home/awadh/yolobot/install/yolov8_msgs/lib:/home/awadh/test2_ws/install/pcl_object_detection/lib:/home/awadh/zed_ws/install/zed_rgb_convert/lib:/home/awadh/zed_ws/install/zed_aruco_localization/lib:/home/awadh/zed_ws/install/zed_components/lib:/home/awadh/zed_ws/install/rviz_plugin_zed_od/lib:/home/awadh/zed_ws/install/zed_interfaces/lib:/home/awadh/ouster_ws/install/ouster_ros/lib:/home/awadh/ouster_ws/install/ouster_sensor_msgs/lib:/home/awadh/ros2_ws/install/my_robot_interfaces/lib:/home/awadh/sick_tim_ws/install/sick_tim/lib:/usr/lib/x86_64-linux-gnu/gazebo-11/plugins:/opt/ros/humble/opt/rviz_ogre_vendor/lib:/opt/ros/humble/lib/x86_64-linux-gnu:/opt/ros/humble/lib:/usr/share/gazebo/../../lib/x86_64-linux-gnu/gazebo-11/plugins /usr/bin/cmake --install /home/awadh/zed_ws/build/zed_topic_benchmark
[1.607s] Level 1:colcon.colcon_core.environment:create_environment_scripts_only(zed_topic_benchmark)
[1.608s] Level 1:colcon.colcon_core.environment:checking '/home/awadh/zed_ws/install/zed_topic_benchmark' for CMake module files
[1.609s] DEBUG:colcon.colcon_core.event_handler.log_command:Invoked command in '/home/awadh/zed_ws/build/zed_topic_benchmark' returned '0': CMAKE_PREFIX_PATH=/home/awadh/zed_ws/install/zed_topic_benchmark_component:/home/awadh/zed_ws/install/zed_topic_benchmark_interfaces:/home/awadh/gazebo_ws/install/yolov8_msgs:/home/awadh/gazebo_ws/install/yolobot_recognition:/home/awadh/gazebo_ws/install/yolobot_gazebo:/home/awadh/gazebo_ws/install/yolobot_description:/home/awadh/gazebo_ws/install/yolobot_control:/home/awadh/gazebo_ws/install/my_robot_bringup:/home/awadh/gazebo_ws/install/my_robot_description:/home/awadh/yolobot/install/yolov8_msgs:/home/awadh/yolobot/install/yolobot_recognition:/home/awadh/yolobot/install/yolobot_gazebo:/home/awadh/yolobot/install/yolobot_description:/home/awadh/yolobot/install/yolobot_control:/home/awadh/test2_ws/install/pcl_object_detection:/home/awadh/zed_ws/install/zed_ros2:/home/awadh/zed_ws/install/zed_robot_integration:/home/awadh/zed_ws/install/zed_multi_camera:/home/awadh/zed_ws/install/zed_display_rviz2:/home/awadh/zed_ws/install/zed_depth_to_laserscan:/home/awadh/zed_ws/install/zed_wrapper:/home/awadh/zed_ws/install/zed_tutorial_video:/home/awadh/zed_ws/install/zed_tutorial_pos_tracking:/home/awadh/zed_ws/install/zed_tutorial_depth:/home/awadh/zed_ws/install/zed_topic_benchmark:/home/awadh/zed_ws/install/zed_rgb_convert:/home/awadh/zed_ws/install/zed_aruco_localization:/home/awadh/zed_ws/install/zed_components:/home/awadh/zed_ws/install/rviz_plugin_zed_od:/home/awadh/zed_ws/install/zed_interfaces:/home/awadh/ouster_ws/install/ouster_ros:/home/awadh/ouster_ws/install/ouster_sensor_msgs:/home/awadh/ros2_ws/install/my_robot_bringup:/home/awadh/ros2_ws/install/turtlesim_project_cpp:/home/awadh/ros2_ws/install/my_cpp_pkg:/home/awadh/ros2_ws/install/my_robot_interfaces:/home/awadh/gazebo_ws/install/ultralytics_ros2:/home/awadh/ros2_ws/install/turtlesim_catch_them_all:/home/awadh/ros2_ws/install/my_py_pkg:/opt/ros/humble:/home/awadh/sick_tim_ws/install/sick_tim LD_LIBRARY_PATH=/home/awadh/zed_ws/install/zed_topic_benchmark_component/lib:/home/awadh/zed_ws/install/zed_topic_benchmark_interfaces/lib:/home/awadh/gazebo_ws/install/yolov8_msgs/lib:/home/awadh/yolobot/install/yolov8_msgs/lib:/home/awadh/test2_ws/install/pcl_object_detection/lib:/home/awadh/zed_ws/install/zed_rgb_convert/lib:/home/awadh/zed_ws/install/zed_aruco_localization/lib:/home/awadh/zed_ws/install/zed_components/lib:/home/awadh/zed_ws/install/rviz_plugin_zed_od/lib:/home/awadh/zed_ws/install/zed_interfaces/lib:/home/awadh/ouster_ws/install/ouster_ros/lib:/home/awadh/ouster_ws/install/ouster_sensor_msgs/lib:/home/awadh/ros2_ws/install/my_robot_interfaces/lib:/home/awadh/sick_tim_ws/install/sick_tim/lib:/usr/lib/x86_64-linux-gnu/gazebo-11/plugins:/opt/ros/humble/opt/rviz_ogre_vendor/lib:/opt/ros/humble/lib/x86_64-linux-gnu:/opt/ros/humble/lib:/usr/share/gazebo/../../lib/x86_64-linux-gnu/gazebo-11/plugins /usr/bin/cmake --install /home/awadh/zed_ws/build/zed_topic_benchmark
[1.609s] Level 1:colcon.colcon_core.environment:checking '/home/awadh/zed_ws/install/zed_topic_benchmark' for CMake config files
[1.609s] Level 1:colcon.colcon_core.shell:create_environment_hook('zed_topic_benchmark', 'cmake_prefix_path')
[1.609s] INFO:colcon.colcon_core.shell:Creating environment hook '/home/awadh/zed_ws/install/zed_topic_benchmark/share/zed_topic_benchmark/hook/cmake_prefix_path.ps1'
[1.610s] INFO:colcon.colcon_core.shell:Creating environment descriptor '/home/awadh/zed_ws/install/zed_topic_benchmark/share/zed_topic_benchmark/hook/cmake_prefix_path.dsv'
[1.610s] INFO:colcon.colcon_core.shell:Creating environment hook '/home/awadh/zed_ws/install/zed_topic_benchmark/share/zed_topic_benchmark/hook/cmake_prefix_path.sh'
[1.610s] Level 1:colcon.colcon_core.environment:checking '/home/awadh/zed_ws/install/zed_topic_benchmark/lib'
[1.611s] Level 1:colcon.colcon_core.environment:checking '/home/awadh/zed_ws/install/zed_topic_benchmark/bin'
[1.611s] Level 1:colcon.colcon_core.environment:checking '/home/awadh/zed_ws/install/zed_topic_benchmark/lib/pkgconfig/zed_topic_benchmark.pc'
[1.611s] Level 1:colcon.colcon_core.environment:checking '/home/awadh/zed_ws/install/zed_topic_benchmark/lib/python3.10/site-packages'
[1.611s] Level 1:colcon.colcon_core.environment:checking '/home/awadh/zed_ws/install/zed_topic_benchmark/bin'
[1.611s] INFO:colcon.colcon_core.shell:Creating package script '/home/awadh/zed_ws/install/zed_topic_benchmark/share/zed_topic_benchmark/package.ps1'
[1.612s] INFO:colcon.colcon_core.shell:Creating package descriptor '/home/awadh/zed_ws/install/zed_topic_benchmark/share/zed_topic_benchmark/package.dsv'
[1.612s] INFO:colcon.colcon_core.shell:Creating package script '/home/awadh/zed_ws/install/zed_topic_benchmark/share/zed_topic_benchmark/package.sh'
[1.612s] INFO:colcon.colcon_core.shell:Creating package script '/home/awadh/zed_ws/install/zed_topic_benchmark/share/zed_topic_benchmark/package.bash'
[1.612s] INFO:colcon.colcon_core.shell:Creating package script '/home/awadh/zed_ws/install/zed_topic_benchmark/share/zed_topic_benchmark/package.zsh'
[1.612s] Level 1:colcon.colcon_core.environment:create_file_with_runtime_dependencies(/home/awadh/zed_ws/install/zed_topic_benchmark/share/colcon-core/packages/zed_topic_benchmark)
[1.667s] Level 1:colcon.colcon_core.environment:create_environment_scripts_only(zed_topic_benchmark)
[1.667s] Level 1:colcon.colcon_core.environment:checking '/home/awadh/zed_ws/install/zed_topic_benchmark' for CMake module files
[1.668s] Level 1:colcon.colcon_core.environment:checking '/home/awadh/zed_ws/install/zed_topic_benchmark' for CMake config files
[1.668s] Level 1:colcon.colcon_core.shell:create_environment_hook('zed_topic_benchmark', 'cmake_prefix_path')
[1.668s] INFO:colcon.colcon_core.shell:Creating environment hook '/home/awadh/zed_ws/install/zed_topic_benchmark/share/zed_topic_benchmark/hook/cmake_prefix_path.ps1'
[1.669s] INFO:colcon.colcon_core.shell:Creating environment descriptor '/home/awadh/zed_ws/install/zed_topic_benchmark/share/zed_topic_benchmark/hook/cmake_prefix_path.dsv'
[1.670s] INFO:colcon.colcon_core.shell:Creating environment hook '/home/awadh/zed_ws/install/zed_topic_benchmark/share/zed_topic_benchmark/hook/cmake_prefix_path.sh'
[1.670s] Level 1:colcon.colcon_core.environment:checking '/home/awadh/zed_ws/install/zed_topic_benchmark/lib'
[1.670s] Level 1:colcon.colcon_core.environment:checking '/home/awadh/zed_ws/install/zed_topic_benchmark/bin'
[1.671s] Level 1:colcon.colcon_core.environment:checking '/home/awadh/zed_ws/install/zed_topic_benchmark/lib/pkgconfig/zed_topic_benchmark.pc'
[1.671s] Level 1:colcon.colcon_core.environment:checking '/home/awadh/zed_ws/install/zed_topic_benchmark/lib/python3.10/site-packages'
[1.671s] Level 1:colcon.colcon_core.environment:checking '/home/awadh/zed_ws/install/zed_topic_benchmark/bin'
[1.672s] INFO:colcon.colcon_core.shell:Creating package script '/home/awadh/zed_ws/install/zed_topic_benchmark/share/zed_topic_benchmark/package.ps1'
[1.672s] INFO:colcon.colcon_core.shell:Creating package descriptor '/home/awadh/zed_ws/install/zed_topic_benchmark/share/zed_topic_benchmark/package.dsv'
[1.673s] INFO:colcon.colcon_core.shell:Creating package script '/home/awadh/zed_ws/install/zed_topic_benchmark/share/zed_topic_benchmark/package.sh'
[1.674s] INFO:colcon.colcon_core.shell:Creating package script '/home/awadh/zed_ws/install/zed_topic_benchmark/share/zed_topic_benchmark/package.bash'
[1.674s] INFO:colcon.colcon_core.shell:Creating package script '/home/awadh/zed_ws/install/zed_topic_benchmark/share/zed_topic_benchmark/package.zsh'
[1.675s] Level 1:colcon.colcon_core.environment:create_file_with_runtime_dependencies(/home/awadh/zed_ws/install/zed_topic_benchmark/share/colcon-core/packages/zed_topic_benchmark)
[1.753s] DEBUG:colcon.colcon_core.event_handler.log_command:Invoking command in '/home/awadh/zed_ws/build/zed_interfaces': CMAKE_PREFIX_PATH=/home/awadh/gazebo_ws/install/yolov8_msgs:/home/awadh/gazebo_ws/install/yolobot_recognition:/home/awadh/gazebo_ws/install/yolobot_gazebo:/home/awadh/gazebo_ws/install/yolobot_description:/home/awadh/gazebo_ws/install/yolobot_control:/home/awadh/gazebo_ws/install/my_robot_bringup:/home/awadh/gazebo_ws/install/my_robot_description:/home/awadh/yolobot/install/yolov8_msgs:/home/awadh/yolobot/install/yolobot_recognition:/home/awadh/yolobot/install/yolobot_gazebo:/home/awadh/yolobot/install/yolobot_description:/home/awadh/yolobot/install/yolobot_control:/home/awadh/test2_ws/install/pcl_object_detection:/home/awadh/zed_ws/install/zed_ros2:/home/awadh/zed_ws/install/zed_robot_integration:/home/awadh/zed_ws/install/zed_multi_camera:/home/awadh/zed_ws/install/zed_display_rviz2:/home/awadh/zed_ws/install/zed_depth_to_laserscan:/home/awadh/zed_ws/install/zed_wrapper:/home/awadh/zed_ws/install/zed_tutorial_video:/home/awadh/zed_ws/install/zed_tutorial_pos_tracking:/home/awadh/zed_ws/install/zed_tutorial_depth:/home/awadh/zed_ws/install/zed_topic_benchmark:/home/awadh/zed_ws/install/zed_topic_benchmark_component:/home/awadh/zed_ws/install/zed_topic_benchmark_interfaces:/home/awadh/zed_ws/install/zed_rgb_convert:/home/awadh/zed_ws/install/zed_aruco_localization:/home/awadh/zed_ws/install/zed_components:/home/awadh/zed_ws/install/rviz_plugin_zed_od:/home/awadh/zed_ws/install/zed_interfaces:/home/awadh/ouster_ws/install/ouster_ros:/home/awadh/ouster_ws/install/ouster_sensor_msgs:/home/awadh/ros2_ws/install/my_robot_bringup:/home/awadh/ros2_ws/install/turtlesim_project_cpp:/home/awadh/ros2_ws/install/my_cpp_pkg:/home/awadh/ros2_ws/install/my_robot_interfaces:/home/awadh/gazebo_ws/install/ultralytics_ros2:/home/awadh/ros2_ws/install/turtlesim_catch_them_all:/home/awadh/ros2_ws/install/my_py_pkg:/opt/ros/humble:/home/awadh/sick_tim_ws/install/sick_tim /usr/bin/cmake --install /home/awadh/zed_ws/build/zed_interfaces
[1.848s] Level 1:colcon.colcon_core.environment:create_environment_scripts_only(zed_interfaces)
[1.849s] Level 1:colcon.colcon_core.environment:checking '/home/awadh/zed_ws/install/zed_interfaces' for CMake module files
[1.849s] DEBUG:colcon.colcon_core.event_handler.log_command:Invoked command in '/home/awadh/zed_ws/build/zed_interfaces' returned '0': CMAKE_PREFIX_PATH=/home/awadh/gazebo_ws/install/yolov8_msgs:/home/awadh/gazebo_ws/install/yolobot_recognition:/home/awadh/gazebo_ws/install/yolobot_gazebo:/home/awadh/gazebo_ws/install/yolobot_description:/home/awadh/gazebo_ws/install/yolobot_control:/home/awadh/gazebo_ws/install/my_robot_bringup:/home/awadh/gazebo_ws/install/my_robot_description:/home/awadh/yolobot/install/yolov8_msgs:/home/awadh/yolobot/install/yolobot_recognition:/home/awadh/yolobot/install/yolobot_gazebo:/home/awadh/yolobot/install/yolobot_description:/home/awadh/yolobot/install/yolobot_control:/home/awadh/test2_ws/install/pcl_object_detection:/home/awadh/zed_ws/install/zed_ros2:/home/awadh/zed_ws/install/zed_robot_integration:/home/awadh/zed_ws/install/zed_multi_camera:/home/awadh/zed_ws/install/zed_display_rviz2:/home/awadh/zed_ws/install/zed_depth_to_laserscan:/home/awadh/zed_ws/install/zed_wrapper:/home/awadh/zed_ws/install/zed_tutorial_video:/home/awadh/zed_ws/install/zed_tutorial_pos_tracking:/home/awadh/zed_ws/install/zed_tutorial_depth:/home/awadh/zed_ws/install/zed_topic_benchmark:/home/awadh/zed_ws/install/zed_topic_benchmark_component:/home/awadh/zed_ws/install/zed_topic_benchmark_interfaces:/home/awadh/zed_ws/install/zed_rgb_convert:/home/awadh/zed_ws/install/zed_aruco_localization:/home/awadh/zed_ws/install/zed_components:/home/awadh/zed_ws/install/rviz_plugin_zed_od:/home/awadh/zed_ws/install/zed_interfaces:/home/awadh/ouster_ws/install/ouster_ros:/home/awadh/ouster_ws/install/ouster_sensor_msgs:/home/awadh/ros2_ws/install/my_robot_bringup:/home/awadh/ros2_ws/install/turtlesim_project_cpp:/home/awadh/ros2_ws/install/my_cpp_pkg:/home/awadh/ros2_ws/install/my_robot_interfaces:/home/awadh/gazebo_ws/install/ultralytics_ros2:/home/awadh/ros2_ws/install/turtlesim_catch_them_all:/home/awadh/ros2_ws/install/my_py_pkg:/opt/ros/humble:/home/awadh/sick_tim_ws/install/sick_tim /usr/bin/cmake --install /home/awadh/zed_ws/build/zed_interfaces
[1.850s] Level 1:colcon.colcon_core.environment:checking '/home/awadh/zed_ws/install/zed_interfaces' for CMake config files
[1.850s] Level 1:colcon.colcon_core.shell:create_environment_hook('zed_interfaces', 'cmake_prefix_path')
[1.851s] INFO:colcon.colcon_core.shell:Creating environment hook '/home/awadh/zed_ws/install/zed_interfaces/share/zed_interfaces/hook/cmake_prefix_path.ps1'
[1.851s] INFO:colcon.colcon_core.shell:Creating environment descriptor '/home/awadh/zed_ws/install/zed_interfaces/share/zed_interfaces/hook/cmake_prefix_path.dsv'
[1.851s] INFO:colcon.colcon_core.shell:Creating environment hook '/home/awadh/zed_ws/install/zed_interfaces/share/zed_interfaces/hook/cmake_prefix_path.sh'
[1.852s] Level 1:colcon.colcon_core.environment:checking '/home/awadh/zed_ws/install/zed_interfaces/lib'
[1.852s] Level 1:colcon.colcon_core.shell:create_environment_hook('zed_interfaces', 'ld_library_path_lib')
[1.852s] INFO:colcon.colcon_core.shell:Creating environment hook '/home/awadh/zed_ws/install/zed_interfaces/share/zed_interfaces/hook/ld_library_path_lib.ps1'
[1.852s] INFO:colcon.colcon_core.shell:Creating environment descriptor '/home/awadh/zed_ws/install/zed_interfaces/share/zed_interfaces/hook/ld_library_path_lib.dsv'
[1.852s] INFO:colcon.colcon_core.shell:Creating environment hook '/home/awadh/zed_ws/install/zed_interfaces/share/zed_interfaces/hook/ld_library_path_lib.sh'
[1.853s] Level 1:colcon.colcon_core.environment:checking '/home/awadh/zed_ws/install/zed_interfaces/bin'
[1.853s] Level 1:colcon.colcon_core.environment:checking '/home/awadh/zed_ws/install/zed_interfaces/lib/pkgconfig/zed_interfaces.pc'
[1.853s] Level 1:colcon.colcon_core.environment:checking '/home/awadh/zed_ws/install/zed_interfaces/lib/python3.10/site-packages'
[1.853s] Level 1:colcon.colcon_core.environment:checking '/home/awadh/zed_ws/install/zed_interfaces/bin'
[1.853s] INFO:colcon.colcon_core.shell:Creating package script '/home/awadh/zed_ws/install/zed_interfaces/share/zed_interfaces/package.ps1'
[1.853s] INFO:colcon.colcon_core.shell:Creating package descriptor '/home/awadh/zed_ws/install/zed_interfaces/share/zed_interfaces/package.dsv'
[1.854s] INFO:colcon.colcon_core.shell:Creating package script '/home/awadh/zed_ws/install/zed_interfaces/share/zed_interfaces/package.sh'
[1.854s] INFO:colcon.colcon_core.shell:Creating package script '/home/awadh/zed_ws/install/zed_interfaces/share/zed_interfaces/package.bash'
[1.854s] INFO:colcon.colcon_core.shell:Creating package script '/home/awadh/zed_ws/install/zed_interfaces/share/zed_interfaces/package.zsh'
[1.854s] Level 1:colcon.colcon_core.environment:create_file_with_runtime_dependencies(/home/awadh/zed_ws/install/zed_interfaces/share/colcon-core/packages/zed_interfaces)
[2.915s] Level 1:colcon.colcon_core.environment:create_environment_scripts_only(zed_interfaces)
[2.916s] Level 1:colcon.colcon_core.environment:checking '/home/awadh/zed_ws/install/zed_interfaces' for CMake module files
[2.917s] Level 1:colcon.colcon_core.environment:checking '/home/awadh/zed_ws/install/zed_interfaces' for CMake config files
[2.918s] Level 1:colcon.colcon_core.shell:create_environment_hook('zed_interfaces', 'cmake_prefix_path')
[2.918s] INFO:colcon.colcon_core.shell:Creating environment hook '/home/awadh/zed_ws/install/zed_interfaces/share/zed_interfaces/hook/cmake_prefix_path.ps1'
[2.919s] INFO:colcon.colcon_core.shell:Creating environment descriptor '/home/awadh/zed_ws/install/zed_interfaces/share/zed_interfaces/hook/cmake_prefix_path.dsv'
[2.919s] INFO:colcon.colcon_core.shell:Creating environment hook '/home/awadh/zed_ws/install/zed_interfaces/share/zed_interfaces/hook/cmake_prefix_path.sh'
[2.920s] Level 1:colcon.colcon_core.environment:checking '/home/awadh/zed_ws/install/zed_interfaces/lib'
[2.920s] Level 1:colcon.colcon_core.shell:create_environment_hook('zed_interfaces', 'ld_library_path_lib')
[2.921s] INFO:colcon.colcon_core.shell:Creating environment hook '/home/awadh/zed_ws/install/zed_interfaces/share/zed_interfaces/hook/ld_library_path_lib.ps1'
[2.921s] INFO:colcon.colcon_core.shell:Creating environment descriptor '/home/awadh/zed_ws/install/zed_interfaces/share/zed_interfaces/hook/ld_library_path_lib.dsv'
[2.921s] INFO:colcon.colcon_core.shell:Creating environment hook '/home/awadh/zed_ws/install/zed_interfaces/share/zed_interfaces/hook/ld_library_path_lib.sh'
[2.922s] Level 1:colcon.colcon_core.environment:checking '/home/awadh/zed_ws/install/zed_interfaces/bin'
[2.922s] Level 1:colcon.colcon_core.environment:checking '/home/awadh/zed_ws/install/zed_interfaces/lib/pkgconfig/zed_interfaces.pc'
[2.922s] Level 1:colcon.colcon_core.environment:checking '/home/awadh/zed_ws/install/zed_interfaces/lib/python3.10/site-packages'
[2.923s] Level 1:colcon.colcon_core.environment:checking '/home/awadh/zed_ws/install/zed_interfaces/bin'
[2.923s] INFO:colcon.colcon_core.shell:Creating package script '/home/awadh/zed_ws/install/zed_interfaces/share/zed_interfaces/package.ps1'
[2.924s] INFO:colcon.colcon_core.shell:Creating package descriptor '/home/awadh/zed_ws/install/zed_interfaces/share/zed_interfaces/package.dsv'
[2.925s] INFO:colcon.colcon_core.shell:Creating package script '/home/awadh/zed_ws/install/zed_interfaces/share/zed_interfaces/package.sh'
[2.925s] INFO:colcon.colcon_core.shell:Creating package script '/home/awadh/zed_ws/install/zed_interfaces/share/zed_interfaces/package.bash'
[2.926s] INFO:colcon.colcon_core.shell:Creating package script '/home/awadh/zed_ws/install/zed_interfaces/share/zed_interfaces/package.zsh'
[2.926s] Level 1:colcon.colcon_core.environment:create_file_with_runtime_dependencies(/home/awadh/zed_ws/install/zed_interfaces/share/colcon-core/packages/zed_interfaces)
[2.927s] INFO:colcon.colcon_ros.task.ament_cmake.build:Building ROS package in '/home/awadh/zed_ws/src/zed-ros2-wrapper/zed_components' with build type 'ament_cmake'
[2.927s] INFO:colcon.colcon_cmake.task.cmake.build:Building CMake package in '/home/awadh/zed_ws/src/zed-ros2-wrapper/zed_components'
[2.927s] INFO:colcon.colcon_core.shell:Skip shell extension 'powershell' for command environment: Not usable outside of PowerShell
[2.927s] DEBUG:colcon.colcon_core.shell:Skip shell extension 'dsv' for command environment
[2.936s] INFO:colcon.colcon_ros.task.ament_cmake.build:Building ROS package in '/home/awadh/zed_ws/src/zed-ros2-examples/rviz-plugin-zed-od' with build type 'ament_cmake'
[2.936s] INFO:colcon.colcon_cmake.task.cmake.build:Building CMake package in '/home/awadh/zed_ws/src/zed-ros2-examples/rviz-plugin-zed-od'
[2.936s] INFO:colcon.colcon_core.shell:Skip shell extension 'powershell' for command environment: Not usable outside of PowerShell
[2.936s] DEBUG:colcon.colcon_core.shell:Skip shell extension 'dsv' for command environment
[2.947s] DEBUG:colcon.colcon_core.event_handler.log_command:Invoking command in '/home/awadh/zed_ws/build/zed_components': CMAKE_PREFIX_PATH=/home/awadh/zed_ws/install/zed_interfaces:/home/awadh/gazebo_ws/install/yolov8_msgs:/home/awadh/gazebo_ws/install/yolobot_recognition:/home/awadh/gazebo_ws/install/yolobot_gazebo:/home/awadh/gazebo_ws/install/yolobot_description:/home/awadh/gazebo_ws/install/yolobot_control:/home/awadh/gazebo_ws/install/my_robot_bringup:/home/awadh/gazebo_ws/install/my_robot_description:/home/awadh/yolobot/install/yolov8_msgs:/home/awadh/yolobot/install/yolobot_recognition:/home/awadh/yolobot/install/yolobot_gazebo:/home/awadh/yolobot/install/yolobot_description:/home/awadh/yolobot/install/yolobot_control:/home/awadh/test2_ws/install/pcl_object_detection:/home/awadh/zed_ws/install/zed_ros2:/home/awadh/zed_ws/install/zed_robot_integration:/home/awadh/zed_ws/install/zed_multi_camera:/home/awadh/zed_ws/install/zed_display_rviz2:/home/awadh/zed_ws/install/zed_depth_to_laserscan:/home/awadh/zed_ws/install/zed_wrapper:/home/awadh/zed_ws/install/zed_tutorial_video:/home/awadh/zed_ws/install/zed_tutorial_pos_tracking:/home/awadh/zed_ws/install/zed_tutorial_depth:/home/awadh/zed_ws/install/zed_topic_benchmark:/home/awadh/zed_ws/install/zed_topic_benchmark_component:/home/awadh/zed_ws/install/zed_topic_benchmark_interfaces:/home/awadh/zed_ws/install/zed_rgb_convert:/home/awadh/zed_ws/install/zed_aruco_localization:/home/awadh/zed_ws/install/zed_components:/home/awadh/zed_ws/install/rviz_plugin_zed_od:/home/awadh/ouster_ws/install/ouster_ros:/home/awadh/ouster_ws/install/ouster_sensor_msgs:/home/awadh/ros2_ws/install/my_robot_bringup:/home/awadh/ros2_ws/install/turtlesim_project_cpp:/home/awadh/ros2_ws/install/my_cpp_pkg:/home/awadh/ros2_ws/install/my_robot_interfaces:/home/awadh/gazebo_ws/install/ultralytics_ros2:/home/awadh/ros2_ws/install/turtlesim_catch_them_all:/home/awadh/ros2_ws/install/my_py_pkg:/opt/ros/humble:/home/awadh/sick_tim_ws/install/sick_tim LD_LIBRARY_PATH=/home/awadh/zed_ws/install/zed_interfaces/lib:/home/awadh/gazebo_ws/install/yolov8_msgs/lib:/home/awadh/yolobot/install/yolov8_msgs/lib:/home/awadh/test2_ws/install/pcl_object_detection/lib:/home/awadh/zed_ws/install/zed_topic_benchmark_component/lib:/home/awadh/zed_ws/install/zed_topic_benchmark_interfaces/lib:/home/awadh/zed_ws/install/zed_rgb_convert/lib:/home/awadh/zed_ws/install/zed_aruco_localization/lib:/home/awadh/zed_ws/install/zed_components/lib:/home/awadh/zed_ws/install/rviz_plugin_zed_od/lib:/home/awadh/ouster_ws/install/ouster_ros/lib:/home/awadh/ouster_ws/install/ouster_sensor_msgs/lib:/home/awadh/ros2_ws/install/my_robot_interfaces/lib:/home/awadh/sick_tim_ws/install/sick_tim/lib:/usr/lib/x86_64-linux-gnu/gazebo-11/plugins:/opt/ros/humble/opt/rviz_ogre_vendor/lib:/opt/ros/humble/lib/x86_64-linux-gnu:/opt/ros/humble/lib:/usr/share/gazebo/../../lib/x86_64-linux-gnu/gazebo-11/plugins /usr/bin/cmake --build /home/awadh/zed_ws/build/zed_components -- -j16 -l16
[2.953s] DEBUG:colcon.colcon_core.event_handler.log_command:Invoking command in '/home/awadh/zed_ws/build/rviz_plugin_zed_od': CMAKE_PREFIX_PATH=/home/awadh/zed_ws/install/zed_interfaces:/home/awadh/gazebo_ws/install/yolov8_msgs:/home/awadh/gazebo_ws/install/yolobot_recognition:/home/awadh/gazebo_ws/install/yolobot_gazebo:/home/awadh/gazebo_ws/install/yolobot_description:/home/awadh/gazebo_ws/install/yolobot_control:/home/awadh/gazebo_ws/install/my_robot_bringup:/home/awadh/gazebo_ws/install/my_robot_description:/home/awadh/yolobot/install/yolov8_msgs:/home/awadh/yolobot/install/yolobot_recognition:/home/awadh/yolobot/install/yolobot_gazebo:/home/awadh/yolobot/install/yolobot_description:/home/awadh/yolobot/install/yolobot_control:/home/awadh/test2_ws/install/pcl_object_detection:/home/awadh/zed_ws/install/zed_ros2:/home/awadh/zed_ws/install/zed_robot_integration:/home/awadh/zed_ws/install/zed_multi_camera:/home/awadh/zed_ws/install/zed_display_rviz2:/home/awadh/zed_ws/install/zed_depth_to_laserscan:/home/awadh/zed_ws/install/zed_wrapper:/home/awadh/zed_ws/install/zed_tutorial_video:/home/awadh/zed_ws/install/zed_tutorial_pos_tracking:/home/awadh/zed_ws/install/zed_tutorial_depth:/home/awadh/zed_ws/install/zed_topic_benchmark:/home/awadh/zed_ws/install/zed_topic_benchmark_component:/home/awadh/zed_ws/install/zed_topic_benchmark_interfaces:/home/awadh/zed_ws/install/zed_rgb_convert:/home/awadh/zed_ws/install/zed_aruco_localization:/home/awadh/zed_ws/install/zed_components:/home/awadh/zed_ws/install/rviz_plugin_zed_od:/home/awadh/ouster_ws/install/ouster_ros:/home/awadh/ouster_ws/install/ouster_sensor_msgs:/home/awadh/ros2_ws/install/my_robot_bringup:/home/awadh/ros2_ws/install/turtlesim_project_cpp:/home/awadh/ros2_ws/install/my_cpp_pkg:/home/awadh/ros2_ws/install/my_robot_interfaces:/home/awadh/gazebo_ws/install/ultralytics_ros2:/home/awadh/ros2_ws/install/turtlesim_catch_them_all:/home/awadh/ros2_ws/install/my_py_pkg:/opt/ros/humble:/home/awadh/sick_tim_ws/install/sick_tim LD_LIBRARY_PATH=/home/awadh/zed_ws/install/zed_interfaces/lib:/home/awadh/gazebo_ws/install/yolov8_msgs/lib:/home/awadh/yolobot/install/yolov8_msgs/lib:/home/awadh/test2_ws/install/pcl_object_detection/lib:/home/awadh/zed_ws/install/zed_topic_benchmark_component/lib:/home/awadh/zed_ws/install/zed_topic_benchmark_interfaces/lib:/home/awadh/zed_ws/install/zed_rgb_convert/lib:/home/awadh/zed_ws/install/zed_aruco_localization/lib:/home/awadh/zed_ws/install/zed_components/lib:/home/awadh/zed_ws/install/rviz_plugin_zed_od/lib:/home/awadh/ouster_ws/install/ouster_ros/lib:/home/awadh/ouster_ws/install/ouster_sensor_msgs/lib:/home/awadh/ros2_ws/install/my_robot_interfaces/lib:/home/awadh/sick_tim_ws/install/sick_tim/lib:/usr/lib/x86_64-linux-gnu/gazebo-11/plugins:/opt/ros/humble/opt/rviz_ogre_vendor/lib:/opt/ros/humble/lib/x86_64-linux-gnu:/opt/ros/humble/lib:/usr/share/gazebo/../../lib/x86_64-linux-gnu/gazebo-11/plugins /usr/bin/cmake --build /home/awadh/zed_ws/build/rviz_plugin_zed_od -- -j16 -l16
[3.025s] DEBUG:colcon.colcon_core.event_handler.log_command:Invoked command in '/home/awadh/zed_ws/build/zed_components' returned '0': CMAKE_PREFIX_PATH=/home/awadh/zed_ws/install/zed_interfaces:/home/awadh/gazebo_ws/install/yolov8_msgs:/home/awadh/gazebo_ws/install/yolobot_recognition:/home/awadh/gazebo_ws/install/yolobot_gazebo:/home/awadh/gazebo_ws/install/yolobot_description:/home/awadh/gazebo_ws/install/yolobot_control:/home/awadh/gazebo_ws/install/my_robot_bringup:/home/awadh/gazebo_ws/install/my_robot_description:/home/awadh/yolobot/install/yolov8_msgs:/home/awadh/yolobot/install/yolobot_recognition:/home/awadh/yolobot/install/yolobot_gazebo:/home/awadh/yolobot/install/yolobot_description:/home/awadh/yolobot/install/yolobot_control:/home/awadh/test2_ws/install/pcl_object_detection:/home/awadh/zed_ws/install/zed_ros2:/home/awadh/zed_ws/install/zed_robot_integration:/home/awadh/zed_ws/install/zed_multi_camera:/home/awadh/zed_ws/install/zed_display_rviz2:/home/awadh/zed_ws/install/zed_depth_to_laserscan:/home/awadh/zed_ws/install/zed_wrapper:/home/awadh/zed_ws/install/zed_tutorial_video:/home/awadh/zed_ws/install/zed_tutorial_pos_tracking:/home/awadh/zed_ws/install/zed_tutorial_depth:/home/awadh/zed_ws/install/zed_topic_benchmark:/home/awadh/zed_ws/install/zed_topic_benchmark_component:/home/awadh/zed_ws/install/zed_topic_benchmark_interfaces:/home/awadh/zed_ws/install/zed_rgb_convert:/home/awadh/zed_ws/install/zed_aruco_localization:/home/awadh/zed_ws/install/zed_components:/home/awadh/zed_ws/install/rviz_plugin_zed_od:/home/awadh/ouster_ws/install/ouster_ros:/home/awadh/ouster_ws/install/ouster_sensor_msgs:/home/awadh/ros2_ws/install/my_robot_bringup:/home/awadh/ros2_ws/install/turtlesim_project_cpp:/home/awadh/ros2_ws/install/my_cpp_pkg:/home/awadh/ros2_ws/install/my_robot_interfaces:/home/awadh/gazebo_ws/install/ultralytics_ros2:/home/awadh/ros2_ws/install/turtlesim_catch_them_all:/home/awadh/ros2_ws/install/my_py_pkg:/opt/ros/humble:/home/awadh/sick_tim_ws/install/sick_tim LD_LIBRARY_PATH=/home/awadh/zed_ws/install/zed_interfaces/lib:/home/awadh/gazebo_ws/install/yolov8_msgs/lib:/home/awadh/yolobot/install/yolov8_msgs/lib:/home/awadh/test2_ws/install/pcl_object_detection/lib:/home/awadh/zed_ws/install/zed_topic_benchmark_component/lib:/home/awadh/zed_ws/install/zed_topic_benchmark_interfaces/lib:/home/awadh/zed_ws/install/zed_rgb_convert/lib:/home/awadh/zed_ws/install/zed_aruco_localization/lib:/home/awadh/zed_ws/install/zed_components/lib:/home/awadh/zed_ws/install/rviz_plugin_zed_od/lib:/home/awadh/ouster_ws/install/ouster_ros/lib:/home/awadh/ouster_ws/install/ouster_sensor_msgs/lib:/home/awadh/ros2_ws/install/my_robot_interfaces/lib:/home/awadh/sick_tim_ws/install/sick_tim/lib:/usr/lib/x86_64-linux-gnu/gazebo-11/plugins:/opt/ros/humble/opt/rviz_ogre_vendor/lib:/opt/ros/humble/lib/x86_64-linux-gnu:/opt/ros/humble/lib:/usr/share/gazebo/../../lib/x86_64-linux-gnu/gazebo-11/plugins /usr/bin/cmake --build /home/awadh/zed_ws/build/zed_components -- -j16 -l16
[3.084s] DEBUG:colcon.colcon_core.event_handler.log_command:Invoked command in '/home/awadh/zed_ws/build/rviz_plugin_zed_od' returned '0': CMAKE_PREFIX_PATH=/home/awadh/zed_ws/install/zed_interfaces:/home/awadh/gazebo_ws/install/yolov8_msgs:/home/awadh/gazebo_ws/install/yolobot_recognition:/home/awadh/gazebo_ws/install/yolobot_gazebo:/home/awadh/gazebo_ws/install/yolobot_description:/home/awadh/gazebo_ws/install/yolobot_control:/home/awadh/gazebo_ws/install/my_robot_bringup:/home/awadh/gazebo_ws/install/my_robot_description:/home/awadh/yolobot/install/yolov8_msgs:/home/awadh/yolobot/install/yolobot_recognition:/home/awadh/yolobot/install/yolobot_gazebo:/home/awadh/yolobot/install/yolobot_description:/home/awadh/yolobot/install/yolobot_control:/home/awadh/test2_ws/install/pcl_object_detection:/home/awadh/zed_ws/install/zed_ros2:/home/awadh/zed_ws/install/zed_robot_integration:/home/awadh/zed_ws/install/zed_multi_camera:/home/awadh/zed_ws/install/zed_display_rviz2:/home/awadh/zed_ws/install/zed_depth_to_laserscan:/home/awadh/zed_ws/install/zed_wrapper:/home/awadh/zed_ws/install/zed_tutorial_video:/home/awadh/zed_ws/install/zed_tutorial_pos_tracking:/home/awadh/zed_ws/install/zed_tutorial_depth:/home/awadh/zed_ws/install/zed_topic_benchmark:/home/awadh/zed_ws/install/zed_topic_benchmark_component:/home/awadh/zed_ws/install/zed_topic_benchmark_interfaces:/home/awadh/zed_ws/install/zed_rgb_convert:/home/awadh/zed_ws/install/zed_aruco_localization:/home/awadh/zed_ws/install/zed_components:/home/awadh/zed_ws/install/rviz_plugin_zed_od:/home/awadh/ouster_ws/install/ouster_ros:/home/awadh/ouster_ws/install/ouster_sensor_msgs:/home/awadh/ros2_ws/install/my_robot_bringup:/home/awadh/ros2_ws/install/turtlesim_project_cpp:/home/awadh/ros2_ws/install/my_cpp_pkg:/home/awadh/ros2_ws/install/my_robot_interfaces:/home/awadh/gazebo_ws/install/ultralytics_ros2:/home/awadh/ros2_ws/install/turtlesim_catch_them_all:/home/awadh/ros2_ws/install/my_py_pkg:/opt/ros/humble:/home/awadh/sick_tim_ws/install/sick_tim LD_LIBRARY_PATH=/home/awadh/zed_ws/install/zed_interfaces/lib:/home/awadh/gazebo_ws/install/yolov8_msgs/lib:/home/awadh/yolobot/install/yolov8_msgs/lib:/home/awadh/test2_ws/install/pcl_object_detection/lib:/home/awadh/zed_ws/install/zed_topic_benchmark_component/lib:/home/awadh/zed_ws/install/zed_topic_benchmark_interfaces/lib:/home/awadh/zed_ws/install/zed_rgb_convert/lib:/home/awadh/zed_ws/install/zed_aruco_localization/lib:/home/awadh/zed_ws/install/zed_components/lib:/home/awadh/zed_ws/install/rviz_plugin_zed_od/lib:/home/awadh/ouster_ws/install/ouster_ros/lib:/home/awadh/ouster_ws/install/ouster_sensor_msgs/lib:/home/awadh/ros2_ws/install/my_robot_interfaces/lib:/home/awadh/sick_tim_ws/install/sick_tim/lib:/usr/lib/x86_64-linux-gnu/gazebo-11/plugins:/opt/ros/humble/opt/rviz_ogre_vendor/lib:/opt/ros/humble/lib/x86_64-linux-gnu:/opt/ros/humble/lib:/usr/share/gazebo/../../lib/x86_64-linux-gnu/gazebo-11/plugins /usr/bin/cmake --build /home/awadh/zed_ws/build/rviz_plugin_zed_od -- -j16 -l16
[3.087s] DEBUG:colcon.colcon_core.event_handler.log_command:Invoking command in '/home/awadh/zed_ws/build/zed_components': CMAKE_PREFIX_PATH=/home/awadh/zed_ws/install/zed_interfaces:/home/awadh/gazebo_ws/install/yolov8_msgs:/home/awadh/gazebo_ws/install/yolobot_recognition:/home/awadh/gazebo_ws/install/yolobot_gazebo:/home/awadh/gazebo_ws/install/yolobot_description:/home/awadh/gazebo_ws/install/yolobot_control:/home/awadh/gazebo_ws/install/my_robot_bringup:/home/awadh/gazebo_ws/install/my_robot_description:/home/awadh/yolobot/install/yolov8_msgs:/home/awadh/yolobot/install/yolobot_recognition:/home/awadh/yolobot/install/yolobot_gazebo:/home/awadh/yolobot/install/yolobot_description:/home/awadh/yolobot/install/yolobot_control:/home/awadh/test2_ws/install/pcl_object_detection:/home/awadh/zed_ws/install/zed_ros2:/home/awadh/zed_ws/install/zed_robot_integration:/home/awadh/zed_ws/install/zed_multi_camera:/home/awadh/zed_ws/install/zed_display_rviz2:/home/awadh/zed_ws/install/zed_depth_to_laserscan:/home/awadh/zed_ws/install/zed_wrapper:/home/awadh/zed_ws/install/zed_tutorial_video:/home/awadh/zed_ws/install/zed_tutorial_pos_tracking:/home/awadh/zed_ws/install/zed_tutorial_depth:/home/awadh/zed_ws/install/zed_topic_benchmark:/home/awadh/zed_ws/install/zed_topic_benchmark_component:/home/awadh/zed_ws/install/zed_topic_benchmark_interfaces:/home/awadh/zed_ws/install/zed_rgb_convert:/home/awadh/zed_ws/install/zed_aruco_localization:/home/awadh/zed_ws/install/zed_components:/home/awadh/zed_ws/install/rviz_plugin_zed_od:/home/awadh/ouster_ws/install/ouster_ros:/home/awadh/ouster_ws/install/ouster_sensor_msgs:/home/awadh/ros2_ws/install/my_robot_bringup:/home/awadh/ros2_ws/install/turtlesim_project_cpp:/home/awadh/ros2_ws/install/my_cpp_pkg:/home/awadh/ros2_ws/install/my_robot_interfaces:/home/awadh/gazebo_ws/install/ultralytics_ros2:/home/awadh/ros2_ws/install/turtlesim_catch_them_all:/home/awadh/ros2_ws/install/my_py_pkg:/opt/ros/humble:/home/awadh/sick_tim_ws/install/sick_tim LD_LIBRARY_PATH=/home/awadh/zed_ws/install/zed_interfaces/lib:/home/awadh/gazebo_ws/install/yolov8_msgs/lib:/home/awadh/yolobot/install/yolov8_msgs/lib:/home/awadh/test2_ws/install/pcl_object_detection/lib:/home/awadh/zed_ws/install/zed_topic_benchmark_component/lib:/home/awadh/zed_ws/install/zed_topic_benchmark_interfaces/lib:/home/awadh/zed_ws/install/zed_rgb_convert/lib:/home/awadh/zed_ws/install/zed_aruco_localization/lib:/home/awadh/zed_ws/install/zed_components/lib:/home/awadh/zed_ws/install/rviz_plugin_zed_od/lib:/home/awadh/ouster_ws/install/ouster_ros/lib:/home/awadh/ouster_ws/install/ouster_sensor_msgs/lib:/home/awadh/ros2_ws/install/my_robot_interfaces/lib:/home/awadh/sick_tim_ws/install/sick_tim/lib:/usr/lib/x86_64-linux-gnu/gazebo-11/plugins:/opt/ros/humble/opt/rviz_ogre_vendor/lib:/opt/ros/humble/lib/x86_64-linux-gnu:/opt/ros/humble/lib:/usr/share/gazebo/../../lib/x86_64-linux-gnu/gazebo-11/plugins /usr/bin/cmake --install /home/awadh/zed_ws/build/zed_components
[3.098s] Level 1:colcon.colcon_core.environment:create_environment_scripts_only(zed_components)
[3.098s] DEBUG:colcon.colcon_core.event_handler.log_command:Invoked command in '/home/awadh/zed_ws/build/zed_components' returned '0': CMAKE_PREFIX_PATH=/home/awadh/zed_ws/install/zed_interfaces:/home/awadh/gazebo_ws/install/yolov8_msgs:/home/awadh/gazebo_ws/install/yolobot_recognition:/home/awadh/gazebo_ws/install/yolobot_gazebo:/home/awadh/gazebo_ws/install/yolobot_description:/home/awadh/gazebo_ws/install/yolobot_control:/home/awadh/gazebo_ws/install/my_robot_bringup:/home/awadh/gazebo_ws/install/my_robot_description:/home/awadh/yolobot/install/yolov8_msgs:/home/awadh/yolobot/install/yolobot_recognition:/home/awadh/yolobot/install/yolobot_gazebo:/home/awadh/yolobot/install/yolobot_description:/home/awadh/yolobot/install/yolobot_control:/home/awadh/test2_ws/install/pcl_object_detection:/home/awadh/zed_ws/install/zed_ros2:/home/awadh/zed_ws/install/zed_robot_integration:/home/awadh/zed_ws/install/zed_multi_camera:/home/awadh/zed_ws/install/zed_display_rviz2:/home/awadh/zed_ws/install/zed_depth_to_laserscan:/home/awadh/zed_ws/install/zed_wrapper:/home/awadh/zed_ws/install/zed_tutorial_video:/home/awadh/zed_ws/install/zed_tutorial_pos_tracking:/home/awadh/zed_ws/install/zed_tutorial_depth:/home/awadh/zed_ws/install/zed_topic_benchmark:/home/awadh/zed_ws/install/zed_topic_benchmark_component:/home/awadh/zed_ws/install/zed_topic_benchmark_interfaces:/home/awadh/zed_ws/install/zed_rgb_convert:/home/awadh/zed_ws/install/zed_aruco_localization:/home/awadh/zed_ws/install/zed_components:/home/awadh/zed_ws/install/rviz_plugin_zed_od:/home/awadh/ouster_ws/install/ouster_ros:/home/awadh/ouster_ws/install/ouster_sensor_msgs:/home/awadh/ros2_ws/install/my_robot_bringup:/home/awadh/ros2_ws/install/turtlesim_project_cpp:/home/awadh/ros2_ws/install/my_cpp_pkg:/home/awadh/ros2_ws/install/my_robot_interfaces:/home/awadh/gazebo_ws/install/ultralytics_ros2:/home/awadh/ros2_ws/install/turtlesim_catch_them_all:/home/awadh/ros2_ws/install/my_py_pkg:/opt/ros/humble:/home/awadh/sick_tim_ws/install/sick_tim LD_LIBRARY_PATH=/home/awadh/zed_ws/install/zed_interfaces/lib:/home/awadh/gazebo_ws/install/yolov8_msgs/lib:/home/awadh/yolobot/install/yolov8_msgs/lib:/home/awadh/test2_ws/install/pcl_object_detection/lib:/home/awadh/zed_ws/install/zed_topic_benchmark_component/lib:/home/awadh/zed_ws/install/zed_topic_benchmark_interfaces/lib:/home/awadh/zed_ws/install/zed_rgb_convert/lib:/home/awadh/zed_ws/install/zed_aruco_localization/lib:/home/awadh/zed_ws/install/zed_components/lib:/home/awadh/zed_ws/install/rviz_plugin_zed_od/lib:/home/awadh/ouster_ws/install/ouster_ros/lib:/home/awadh/ouster_ws/install/ouster_sensor_msgs/lib:/home/awadh/ros2_ws/install/my_robot_interfaces/lib:/home/awadh/sick_tim_ws/install/sick_tim/lib:/usr/lib/x86_64-linux-gnu/gazebo-11/plugins:/opt/ros/humble/opt/rviz_ogre_vendor/lib:/opt/ros/humble/lib/x86_64-linux-gnu:/opt/ros/humble/lib:/usr/share/gazebo/../../lib/x86_64-linux-gnu/gazebo-11/plugins /usr/bin/cmake --install /home/awadh/zed_ws/build/zed_components
[3.098s] Level 1:colcon.colcon_core.environment:checking '/home/awadh/zed_ws/install/zed_components' for CMake module files
[3.099s] Level 1:colcon.colcon_core.environment:checking '/home/awadh/zed_ws/install/zed_components' for CMake config files
[3.099s] Level 1:colcon.colcon_core.shell:create_environment_hook('zed_components', 'cmake_prefix_path')
[3.099s] INFO:colcon.colcon_core.shell:Creating environment hook '/home/awadh/zed_ws/install/zed_components/share/zed_components/hook/cmake_prefix_path.ps1'
[3.100s] INFO:colcon.colcon_core.shell:Creating environment descriptor '/home/awadh/zed_ws/install/zed_components/share/zed_components/hook/cmake_prefix_path.dsv'
[3.100s] INFO:colcon.colcon_core.shell:Creating environment hook '/home/awadh/zed_ws/install/zed_components/share/zed_components/hook/cmake_prefix_path.sh'
[3.100s] Level 1:colcon.colcon_core.environment:checking '/home/awadh/zed_ws/install/zed_components/lib'
[3.100s] Level 1:colcon.colcon_core.shell:create_environment_hook('zed_components', 'ld_library_path_lib')
[3.100s] INFO:colcon.colcon_core.shell:Creating environment hook '/home/awadh/zed_ws/install/zed_components/share/zed_components/hook/ld_library_path_lib.ps1'
[3.101s] INFO:colcon.colcon_core.shell:Creating environment descriptor '/home/awadh/zed_ws/install/zed_components/share/zed_components/hook/ld_library_path_lib.dsv'
[3.101s] INFO:colcon.colcon_core.shell:Creating environment hook '/home/awadh/zed_ws/install/zed_components/share/zed_components/hook/ld_library_path_lib.sh'
[3.101s] Level 1:colcon.colcon_core.environment:checking '/home/awadh/zed_ws/install/zed_components/bin'
[3.101s] Level 1:colcon.colcon_core.environment:checking '/home/awadh/zed_ws/install/zed_components/lib/pkgconfig/zed_components.pc'
[3.101s] Level 1:colcon.colcon_core.environment:checking '/home/awadh/zed_ws/install/zed_components/lib/python3.10/site-packages'
[3.102s] Level 1:colcon.colcon_core.environment:checking '/home/awadh/zed_ws/install/zed_components/bin'
[3.102s] INFO:colcon.colcon_core.shell:Creating package script '/home/awadh/zed_ws/install/zed_components/share/zed_components/package.ps1'
[3.102s] INFO:colcon.colcon_core.shell:Creating package descriptor '/home/awadh/zed_ws/install/zed_components/share/zed_components/package.dsv'
[3.102s] INFO:colcon.colcon_core.shell:Creating package script '/home/awadh/zed_ws/install/zed_components/share/zed_components/package.sh'
[3.103s] INFO:colcon.colcon_core.shell:Creating package script '/home/awadh/zed_ws/install/zed_components/share/zed_components/package.bash'
[3.103s] INFO:colcon.colcon_core.shell:Creating package script '/home/awadh/zed_ws/install/zed_components/share/zed_components/package.zsh'
[3.103s] Level 1:colcon.colcon_core.environment:create_file_with_runtime_dependencies(/home/awadh/zed_ws/install/zed_components/share/colcon-core/packages/zed_components)
[3.141s] DEBUG:colcon.colcon_core.event_handler.log_command:Invoking command in '/home/awadh/zed_ws/build/rviz_plugin_zed_od': CMAKE_PREFIX_PATH=/home/awadh/zed_ws/install/zed_interfaces:/home/awadh/gazebo_ws/install/yolov8_msgs:/home/awadh/gazebo_ws/install/yolobot_recognition:/home/awadh/gazebo_ws/install/yolobot_gazebo:/home/awadh/gazebo_ws/install/yolobot_description:/home/awadh/gazebo_ws/install/yolobot_control:/home/awadh/gazebo_ws/install/my_robot_bringup:/home/awadh/gazebo_ws/install/my_robot_description:/home/awadh/yolobot/install/yolov8_msgs:/home/awadh/yolobot/install/yolobot_recognition:/home/awadh/yolobot/install/yolobot_gazebo:/home/awadh/yolobot/install/yolobot_description:/home/awadh/yolobot/install/yolobot_control:/home/awadh/test2_ws/install/pcl_object_detection:/home/awadh/zed_ws/install/zed_ros2:/home/awadh/zed_ws/install/zed_robot_integration:/home/awadh/zed_ws/install/zed_multi_camera:/home/awadh/zed_ws/install/zed_display_rviz2:/home/awadh/zed_ws/install/zed_depth_to_laserscan:/home/awadh/zed_ws/install/zed_wrapper:/home/awadh/zed_ws/install/zed_tutorial_video:/home/awadh/zed_ws/install/zed_tutorial_pos_tracking:/home/awadh/zed_ws/install/zed_tutorial_depth:/home/awadh/zed_ws/install/zed_topic_benchmark:/home/awadh/zed_ws/install/zed_topic_benchmark_component:/home/awadh/zed_ws/install/zed_topic_benchmark_interfaces:/home/awadh/zed_ws/install/zed_rgb_convert:/home/awadh/zed_ws/install/zed_aruco_localization:/home/awadh/zed_ws/install/zed_components:/home/awadh/zed_ws/install/rviz_plugin_zed_od:/home/awadh/ouster_ws/install/ouster_ros:/home/awadh/ouster_ws/install/ouster_sensor_msgs:/home/awadh/ros2_ws/install/my_robot_bringup:/home/awadh/ros2_ws/install/turtlesim_project_cpp:/home/awadh/ros2_ws/install/my_cpp_pkg:/home/awadh/ros2_ws/install/my_robot_interfaces:/home/awadh/gazebo_ws/install/ultralytics_ros2:/home/awadh/ros2_ws/install/turtlesim_catch_them_all:/home/awadh/ros2_ws/install/my_py_pkg:/opt/ros/humble:/home/awadh/sick_tim_ws/install/sick_tim LD_LIBRARY_PATH=/home/awadh/zed_ws/install/zed_interfaces/lib:/home/awadh/gazebo_ws/install/yolov8_msgs/lib:/home/awadh/yolobot/install/yolov8_msgs/lib:/home/awadh/test2_ws/install/pcl_object_detection/lib:/home/awadh/zed_ws/install/zed_topic_benchmark_component/lib:/home/awadh/zed_ws/install/zed_topic_benchmark_interfaces/lib:/home/awadh/zed_ws/install/zed_rgb_convert/lib:/home/awadh/zed_ws/install/zed_aruco_localization/lib:/home/awadh/zed_ws/install/zed_components/lib:/home/awadh/zed_ws/install/rviz_plugin_zed_od/lib:/home/awadh/ouster_ws/install/ouster_ros/lib:/home/awadh/ouster_ws/install/ouster_sensor_msgs/lib:/home/awadh/ros2_ws/install/my_robot_interfaces/lib:/home/awadh/sick_tim_ws/install/sick_tim/lib:/usr/lib/x86_64-linux-gnu/gazebo-11/plugins:/opt/ros/humble/opt/rviz_ogre_vendor/lib:/opt/ros/humble/lib/x86_64-linux-gnu:/opt/ros/humble/lib:/usr/share/gazebo/../../lib/x86_64-linux-gnu/gazebo-11/plugins /usr/bin/cmake --install /home/awadh/zed_ws/build/rviz_plugin_zed_od
[3.153s] Level 1:colcon.colcon_core.environment:create_environment_scripts_only(rviz_plugin_zed_od)
[3.154s] Level 1:colcon.colcon_core.environment:checking '/home/awadh/zed_ws/install/rviz_plugin_zed_od' for CMake module files
[3.154s] DEBUG:colcon.colcon_core.event_handler.log_command:Invoked command in '/home/awadh/zed_ws/build/rviz_plugin_zed_od' returned '0': CMAKE_PREFIX_PATH=/home/awadh/zed_ws/install/zed_interfaces:/home/awadh/gazebo_ws/install/yolov8_msgs:/home/awadh/gazebo_ws/install/yolobot_recognition:/home/awadh/gazebo_ws/install/yolobot_gazebo:/home/awadh/gazebo_ws/install/yolobot_description:/home/awadh/gazebo_ws/install/yolobot_control:/home/awadh/gazebo_ws/install/my_robot_bringup:/home/awadh/gazebo_ws/install/my_robot_description:/home/awadh/yolobot/install/yolov8_msgs:/home/awadh/yolobot/install/yolobot_recognition:/home/awadh/yolobot/install/yolobot_gazebo:/home/awadh/yolobot/install/yolobot_description:/home/awadh/yolobot/install/yolobot_control:/home/awadh/test2_ws/install/pcl_object_detection:/home/awadh/zed_ws/install/zed_ros2:/home/awadh/zed_ws/install/zed_robot_integration:/home/awadh/zed_ws/install/zed_multi_camera:/home/awadh/zed_ws/install/zed_display_rviz2:/home/awadh/zed_ws/install/zed_depth_to_laserscan:/home/awadh/zed_ws/install/zed_wrapper:/home/awadh/zed_ws/install/zed_tutorial_video:/home/awadh/zed_ws/install/zed_tutorial_pos_tracking:/home/awadh/zed_ws/install/zed_tutorial_depth:/home/awadh/zed_ws/install/zed_topic_benchmark:/home/awadh/zed_ws/install/zed_topic_benchmark_component:/home/awadh/zed_ws/install/zed_topic_benchmark_interfaces:/home/awadh/zed_ws/install/zed_rgb_convert:/home/awadh/zed_ws/install/zed_aruco_localization:/home/awadh/zed_ws/install/zed_components:/home/awadh/zed_ws/install/rviz_plugin_zed_od:/home/awadh/ouster_ws/install/ouster_ros:/home/awadh/ouster_ws/install/ouster_sensor_msgs:/home/awadh/ros2_ws/install/my_robot_bringup:/home/awadh/ros2_ws/install/turtlesim_project_cpp:/home/awadh/ros2_ws/install/my_cpp_pkg:/home/awadh/ros2_ws/install/my_robot_interfaces:/home/awadh/gazebo_ws/install/ultralytics_ros2:/home/awadh/ros2_ws/install/turtlesim_catch_them_all:/home/awadh/ros2_ws/install/my_py_pkg:/opt/ros/humble:/home/awadh/sick_tim_ws/install/sick_tim LD_LIBRARY_PATH=/home/awadh/zed_ws/install/zed_interfaces/lib:/home/awadh/gazebo_ws/install/yolov8_msgs/lib:/home/awadh/yolobot/install/yolov8_msgs/lib:/home/awadh/test2_ws/install/pcl_object_detection/lib:/home/awadh/zed_ws/install/zed_topic_benchmark_component/lib:/home/awadh/zed_ws/install/zed_topic_benchmark_interfaces/lib:/home/awadh/zed_ws/install/zed_rgb_convert/lib:/home/awadh/zed_ws/install/zed_aruco_localization/lib:/home/awadh/zed_ws/install/zed_components/lib:/home/awadh/zed_ws/install/rviz_plugin_zed_od/lib:/home/awadh/ouster_ws/install/ouster_ros/lib:/home/awadh/ouster_ws/install/ouster_sensor_msgs/lib:/home/awadh/ros2_ws/install/my_robot_interfaces/lib:/home/awadh/sick_tim_ws/install/sick_tim/lib:/usr/lib/x86_64-linux-gnu/gazebo-11/plugins:/opt/ros/humble/opt/rviz_ogre_vendor/lib:/opt/ros/humble/lib/x86_64-linux-gnu:/opt/ros/humble/lib:/usr/share/gazebo/../../lib/x86_64-linux-gnu/gazebo-11/plugins /usr/bin/cmake --install /home/awadh/zed_ws/build/rviz_plugin_zed_od
[3.154s] Level 1:colcon.colcon_core.environment:checking '/home/awadh/zed_ws/install/rviz_plugin_zed_od' for CMake config files
[3.155s] Level 1:colcon.colcon_core.shell:create_environment_hook('rviz_plugin_zed_od', 'cmake_prefix_path')
[3.155s] INFO:colcon.colcon_core.shell:Creating environment hook '/home/awadh/zed_ws/install/rviz_plugin_zed_od/share/rviz_plugin_zed_od/hook/cmake_prefix_path.ps1'
[3.156s] INFO:colcon.colcon_core.shell:Creating environment descriptor '/home/awadh/zed_ws/install/rviz_plugin_zed_od/share/rviz_plugin_zed_od/hook/cmake_prefix_path.dsv'
[3.156s] INFO:colcon.colcon_core.shell:Creating environment hook '/home/awadh/zed_ws/install/rviz_plugin_zed_od/share/rviz_plugin_zed_od/hook/cmake_prefix_path.sh'
[3.156s] Level 1:colcon.colcon_core.environment:checking '/home/awadh/zed_ws/install/rviz_plugin_zed_od/lib'
[3.156s] Level 1:colcon.colcon_core.shell:create_environment_hook('rviz_plugin_zed_od', 'ld_library_path_lib')
[3.157s] INFO:colcon.colcon_core.shell:Creating environment hook '/home/awadh/zed_ws/install/rviz_plugin_zed_od/share/rviz_plugin_zed_od/hook/ld_library_path_lib.ps1'
[3.157s] INFO:colcon.colcon_core.shell:Creating environment descriptor '/home/awadh/zed_ws/install/rviz_plugin_zed_od/share/rviz_plugin_zed_od/hook/ld_library_path_lib.dsv'
[3.157s] INFO:colcon.colcon_core.shell:Creating environment hook '/home/awadh/zed_ws/install/rviz_plugin_zed_od/share/rviz_plugin_zed_od/hook/ld_library_path_lib.sh'
[3.157s] Level 1:colcon.colcon_core.environment:checking '/home/awadh/zed_ws/install/rviz_plugin_zed_od/bin'
[3.157s] Level 1:colcon.colcon_core.environment:checking '/home/awadh/zed_ws/install/rviz_plugin_zed_od/lib/pkgconfig/rviz_plugin_zed_od.pc'
[3.158s] Level 1:colcon.colcon_core.environment:checking '/home/awadh/zed_ws/install/rviz_plugin_zed_od/lib/python3.10/site-packages'
[3.158s] Level 1:colcon.colcon_core.environment:checking '/home/awadh/zed_ws/install/rviz_plugin_zed_od/bin'
[3.158s] INFO:colcon.colcon_core.shell:Creating package script '/home/awadh/zed_ws/install/rviz_plugin_zed_od/share/rviz_plugin_zed_od/package.ps1'
[3.159s] INFO:colcon.colcon_core.shell:Creating package descriptor '/home/awadh/zed_ws/install/rviz_plugin_zed_od/share/rviz_plugin_zed_od/package.dsv'
[3.159s] INFO:colcon.colcon_core.shell:Creating package script '/home/awadh/zed_ws/install/rviz_plugin_zed_od/share/rviz_plugin_zed_od/package.sh'
[3.159s] INFO:colcon.colcon_core.shell:Creating package script '/home/awadh/zed_ws/install/rviz_plugin_zed_od/share/rviz_plugin_zed_od/package.bash'
[3.159s] INFO:colcon.colcon_core.shell:Creating package script '/home/awadh/zed_ws/install/rviz_plugin_zed_od/share/rviz_plugin_zed_od/package.zsh'
[3.160s] Level 1:colcon.colcon_core.environment:create_file_with_runtime_dependencies(/home/awadh/zed_ws/install/rviz_plugin_zed_od/share/colcon-core/packages/rviz_plugin_zed_od)
[3.164s] Level 1:colcon.colcon_core.environment:create_environment_scripts_only(zed_components)
[3.164s] Level 1:colcon.colcon_core.environment:checking '/home/awadh/zed_ws/install/zed_components' for CMake module files
[3.164s] Level 1:colcon.colcon_core.environment:checking '/home/awadh/zed_ws/install/zed_components' for CMake config files
[3.165s] Level 1:colcon.colcon_core.shell:create_environment_hook('zed_components', 'cmake_prefix_path')
[3.165s] INFO:colcon.colcon_core.shell:Creating environment hook '/home/awadh/zed_ws/install/zed_components/share/zed_components/hook/cmake_prefix_path.ps1'
[3.165s] INFO:colcon.colcon_core.shell:Creating environment descriptor '/home/awadh/zed_ws/install/zed_components/share/zed_components/hook/cmake_prefix_path.dsv'
[3.165s] INFO:colcon.colcon_core.shell:Creating environment hook '/home/awadh/zed_ws/install/zed_components/share/zed_components/hook/cmake_prefix_path.sh'
[3.165s] Level 1:colcon.colcon_core.environment:checking '/home/awadh/zed_ws/install/zed_components/lib'
[3.166s] Level 1:colcon.colcon_core.shell:create_environment_hook('zed_components', 'ld_library_path_lib')
[3.166s] INFO:colcon.colcon_core.shell:Creating environment hook '/home/awadh/zed_ws/install/zed_components/share/zed_components/hook/ld_library_path_lib.ps1'
[3.166s] INFO:colcon.colcon_core.shell:Creating environment descriptor '/home/awadh/zed_ws/install/zed_components/share/zed_components/hook/ld_library_path_lib.dsv'
[3.166s] INFO:colcon.colcon_core.shell:Creating environment hook '/home/awadh/zed_ws/install/zed_components/share/zed_components/hook/ld_library_path_lib.sh'
[3.166s] Level 1:colcon.colcon_core.environment:checking '/home/awadh/zed_ws/install/zed_components/bin'
[3.166s] Level 1:colcon.colcon_core.environment:checking '/home/awadh/zed_ws/install/zed_components/lib/pkgconfig/zed_components.pc'
[3.167s] Level 1:colcon.colcon_core.environment:checking '/home/awadh/zed_ws/install/zed_components/lib/python3.10/site-packages'
[3.167s] Level 1:colcon.colcon_core.environment:checking '/home/awadh/zed_ws/install/zed_components/bin'
[3.167s] INFO:colcon.colcon_core.shell:Creating package script '/home/awadh/zed_ws/install/zed_components/share/zed_components/package.ps1'
[3.168s] INFO:colcon.colcon_core.shell:Creating package descriptor '/home/awadh/zed_ws/install/zed_components/share/zed_components/package.dsv'
[3.168s] INFO:colcon.colcon_core.shell:Creating package script '/home/awadh/zed_ws/install/zed_components/share/zed_components/package.sh'
[3.168s] INFO:colcon.colcon_core.shell:Creating package script '/home/awadh/zed_ws/install/zed_components/share/zed_components/package.bash'
[3.169s] INFO:colcon.colcon_core.shell:Creating package script '/home/awadh/zed_ws/install/zed_components/share/zed_components/package.zsh'
[3.169s] Level 1:colcon.colcon_core.environment:create_file_with_runtime_dependencies(/home/awadh/zed_ws/install/zed_components/share/colcon-core/packages/zed_components)
[3.169s] INFO:colcon.colcon_ros.task.ament_cmake.build:Building ROS package in '/home/awadh/zed_ws/src/zed-ros2-wrapper/zed_wrapper' with build type 'ament_cmake'
[3.169s] INFO:colcon.colcon_cmake.task.cmake.build:Building CMake package in '/home/awadh/zed_ws/src/zed-ros2-wrapper/zed_wrapper'
[3.169s] INFO:colcon.colcon_core.shell:Skip shell extension 'powershell' for command environment: Not usable outside of PowerShell
[3.169s] DEBUG:colcon.colcon_core.shell:Skip shell extension 'dsv' for command environment
[3.177s] INFO:colcon.colcon_ros.task.ament_cmake.build:Building ROS package in '/home/awadh/zed_ws/src/zed-ros2-examples/examples/zed_aruco_localization' with build type 'ament_cmake'
[3.177s] INFO:colcon.colcon_cmake.task.cmake.build:Building CMake package in '/home/awadh/zed_ws/src/zed-ros2-examples/examples/zed_aruco_localization'
[3.177s] INFO:colcon.colcon_core.shell:Skip shell extension 'powershell' for command environment: Not usable outside of PowerShell
[3.177s] DEBUG:colcon.colcon_core.shell:Skip shell extension 'dsv' for command environment
[3.184s] INFO:colcon.colcon_ros.task.ament_cmake.build:Building ROS package in '/home/awadh/zed_ws/src/zed-ros2-examples/tutorials/zed_rgb_convert' with build type 'ament_cmake'
[3.184s] INFO:colcon.colcon_cmake.task.cmake.build:Building CMake package in '/home/awadh/zed_ws/src/zed-ros2-examples/tutorials/zed_rgb_convert'
[3.185s] INFO:colcon.colcon_core.shell:Skip shell extension 'powershell' for command environment: Not usable outside of PowerShell
[3.185s] DEBUG:colcon.colcon_core.shell:Skip shell extension 'dsv' for command environment
[3.197s] DEBUG:colcon.colcon_core.event_handler.log_command:Invoking command in '/home/awadh/zed_ws/build/zed_wrapper': CMAKE_PREFIX_PATH=/home/awadh/zed_ws/install/zed_components:/home/awadh/zed_ws/install/zed_interfaces:/home/awadh/gazebo_ws/install/yolov8_msgs:/home/awadh/gazebo_ws/install/yolobot_recognition:/home/awadh/gazebo_ws/install/yolobot_gazebo:/home/awadh/gazebo_ws/install/yolobot_description:/home/awadh/gazebo_ws/install/yolobot_control:/home/awadh/gazebo_ws/install/my_robot_bringup:/home/awadh/gazebo_ws/install/my_robot_description:/home/awadh/yolobot/install/yolov8_msgs:/home/awadh/yolobot/install/yolobot_recognition:/home/awadh/yolobot/install/yolobot_gazebo:/home/awadh/yolobot/install/yolobot_description:/home/awadh/yolobot/install/yolobot_control:/home/awadh/test2_ws/install/pcl_object_detection:/home/awadh/zed_ws/install/zed_ros2:/home/awadh/zed_ws/install/zed_robot_integration:/home/awadh/zed_ws/install/zed_multi_camera:/home/awadh/zed_ws/install/zed_display_rviz2:/home/awadh/zed_ws/install/zed_depth_to_laserscan:/home/awadh/zed_ws/install/zed_wrapper:/home/awadh/zed_ws/install/zed_tutorial_video:/home/awadh/zed_ws/install/zed_tutorial_pos_tracking:/home/awadh/zed_ws/install/zed_tutorial_depth:/home/awadh/zed_ws/install/zed_topic_benchmark:/home/awadh/zed_ws/install/zed_topic_benchmark_component:/home/awadh/zed_ws/install/zed_topic_benchmark_interfaces:/home/awadh/zed_ws/install/zed_rgb_convert:/home/awadh/zed_ws/install/zed_aruco_localization:/home/awadh/zed_ws/install/rviz_plugin_zed_od:/home/awadh/ouster_ws/install/ouster_ros:/home/awadh/ouster_ws/install/ouster_sensor_msgs:/home/awadh/ros2_ws/install/my_robot_bringup:/home/awadh/ros2_ws/install/turtlesim_project_cpp:/home/awadh/ros2_ws/install/my_cpp_pkg:/home/awadh/ros2_ws/install/my_robot_interfaces:/home/awadh/gazebo_ws/install/ultralytics_ros2:/home/awadh/ros2_ws/install/turtlesim_catch_them_all:/home/awadh/ros2_ws/install/my_py_pkg:/opt/ros/humble:/home/awadh/sick_tim_ws/install/sick_tim LD_LIBRARY_PATH=/home/awadh/zed_ws/install/zed_components/lib:/home/awadh/zed_ws/install/zed_interfaces/lib:/home/awadh/gazebo_ws/install/yolov8_msgs/lib:/home/awadh/yolobot/install/yolov8_msgs/lib:/home/awadh/test2_ws/install/pcl_object_detection/lib:/home/awadh/zed_ws/install/zed_topic_benchmark_component/lib:/home/awadh/zed_ws/install/zed_topic_benchmark_interfaces/lib:/home/awadh/zed_ws/install/zed_rgb_convert/lib:/home/awadh/zed_ws/install/zed_aruco_localization/lib:/home/awadh/zed_ws/install/rviz_plugin_zed_od/lib:/home/awadh/ouster_ws/install/ouster_ros/lib:/home/awadh/ouster_ws/install/ouster_sensor_msgs/lib:/home/awadh/ros2_ws/install/my_robot_interfaces/lib:/home/awadh/sick_tim_ws/install/sick_tim/lib:/usr/lib/x86_64-linux-gnu/gazebo-11/plugins:/opt/ros/humble/opt/rviz_ogre_vendor/lib:/opt/ros/humble/lib/x86_64-linux-gnu:/opt/ros/humble/lib:/usr/share/gazebo/../../lib/x86_64-linux-gnu/gazebo-11/plugins /usr/bin/cmake --build /home/awadh/zed_ws/build/zed_wrapper -- -j16 -l16
[3.200s] DEBUG:colcon.colcon_core.event_handler.log_command:Invoking command in '/home/awadh/zed_ws/build/zed_aruco_localization': CMAKE_PREFIX_PATH=/home/awadh/zed_ws/install/zed_components:/home/awadh/zed_ws/install/zed_interfaces:/home/awadh/gazebo_ws/install/yolov8_msgs:/home/awadh/gazebo_ws/install/yolobot_recognition:/home/awadh/gazebo_ws/install/yolobot_gazebo:/home/awadh/gazebo_ws/install/yolobot_description:/home/awadh/gazebo_ws/install/yolobot_control:/home/awadh/gazebo_ws/install/my_robot_bringup:/home/awadh/gazebo_ws/install/my_robot_description:/home/awadh/yolobot/install/yolov8_msgs:/home/awadh/yolobot/install/yolobot_recognition:/home/awadh/yolobot/install/yolobot_gazebo:/home/awadh/yolobot/install/yolobot_description:/home/awadh/yolobot/install/yolobot_control:/home/awadh/test2_ws/install/pcl_object_detection:/home/awadh/zed_ws/install/zed_ros2:/home/awadh/zed_ws/install/zed_robot_integration:/home/awadh/zed_ws/install/zed_multi_camera:/home/awadh/zed_ws/install/zed_display_rviz2:/home/awadh/zed_ws/install/zed_depth_to_laserscan:/home/awadh/zed_ws/install/zed_wrapper:/home/awadh/zed_ws/install/zed_tutorial_video:/home/awadh/zed_ws/install/zed_tutorial_pos_tracking:/home/awadh/zed_ws/install/zed_tutorial_depth:/home/awadh/zed_ws/install/zed_topic_benchmark:/home/awadh/zed_ws/install/zed_topic_benchmark_component:/home/awadh/zed_ws/install/zed_topic_benchmark_interfaces:/home/awadh/zed_ws/install/zed_rgb_convert:/home/awadh/zed_ws/install/zed_aruco_localization:/home/awadh/zed_ws/install/rviz_plugin_zed_od:/home/awadh/ouster_ws/install/ouster_ros:/home/awadh/ouster_ws/install/ouster_sensor_msgs:/home/awadh/ros2_ws/install/my_robot_bringup:/home/awadh/ros2_ws/install/turtlesim_project_cpp:/home/awadh/ros2_ws/install/my_cpp_pkg:/home/awadh/ros2_ws/install/my_robot_interfaces:/home/awadh/gazebo_ws/install/ultralytics_ros2:/home/awadh/ros2_ws/install/turtlesim_catch_them_all:/home/awadh/ros2_ws/install/my_py_pkg:/opt/ros/humble:/home/awadh/sick_tim_ws/install/sick_tim LD_LIBRARY_PATH=/home/awadh/zed_ws/install/zed_components/lib:/home/awadh/zed_ws/install/zed_interfaces/lib:/home/awadh/gazebo_ws/install/yolov8_msgs/lib:/home/awadh/yolobot/install/yolov8_msgs/lib:/home/awadh/test2_ws/install/pcl_object_detection/lib:/home/awadh/zed_ws/install/zed_topic_benchmark_component/lib:/home/awadh/zed_ws/install/zed_topic_benchmark_interfaces/lib:/home/awadh/zed_ws/install/zed_rgb_convert/lib:/home/awadh/zed_ws/install/zed_aruco_localization/lib:/home/awadh/zed_ws/install/rviz_plugin_zed_od/lib:/home/awadh/ouster_ws/install/ouster_ros/lib:/home/awadh/ouster_ws/install/ouster_sensor_msgs/lib:/home/awadh/ros2_ws/install/my_robot_interfaces/lib:/home/awadh/sick_tim_ws/install/sick_tim/lib:/usr/lib/x86_64-linux-gnu/gazebo-11/plugins:/opt/ros/humble/opt/rviz_ogre_vendor/lib:/opt/ros/humble/lib/x86_64-linux-gnu:/opt/ros/humble/lib:/usr/share/gazebo/../../lib/x86_64-linux-gnu/gazebo-11/plugins /usr/bin/cmake --build /home/awadh/zed_ws/build/zed_aruco_localization -- -j16 -l16
[3.207s] DEBUG:colcon.colcon_core.event_handler.log_command:Invoking command in '/home/awadh/zed_ws/build/zed_rgb_convert': CMAKE_PREFIX_PATH=/home/awadh/zed_ws/install/zed_components:/home/awadh/zed_ws/install/zed_interfaces:/home/awadh/gazebo_ws/install/yolov8_msgs:/home/awadh/gazebo_ws/install/yolobot_recognition:/home/awadh/gazebo_ws/install/yolobot_gazebo:/home/awadh/gazebo_ws/install/yolobot_description:/home/awadh/gazebo_ws/install/yolobot_control:/home/awadh/gazebo_ws/install/my_robot_bringup:/home/awadh/gazebo_ws/install/my_robot_description:/home/awadh/yolobot/install/yolov8_msgs:/home/awadh/yolobot/install/yolobot_recognition:/home/awadh/yolobot/install/yolobot_gazebo:/home/awadh/yolobot/install/yolobot_description:/home/awadh/yolobot/install/yolobot_control:/home/awadh/test2_ws/install/pcl_object_detection:/home/awadh/zed_ws/install/zed_ros2:/home/awadh/zed_ws/install/zed_robot_integration:/home/awadh/zed_ws/install/zed_multi_camera:/home/awadh/zed_ws/install/zed_display_rviz2:/home/awadh/zed_ws/install/zed_depth_to_laserscan:/home/awadh/zed_ws/install/zed_wrapper:/home/awadh/zed_ws/install/zed_tutorial_video:/home/awadh/zed_ws/install/zed_tutorial_pos_tracking:/home/awadh/zed_ws/install/zed_tutorial_depth:/home/awadh/zed_ws/install/zed_topic_benchmark:/home/awadh/zed_ws/install/zed_topic_benchmark_component:/home/awadh/zed_ws/install/zed_topic_benchmark_interfaces:/home/awadh/zed_ws/install/zed_rgb_convert:/home/awadh/zed_ws/install/zed_aruco_localization:/home/awadh/zed_ws/install/rviz_plugin_zed_od:/home/awadh/ouster_ws/install/ouster_ros:/home/awadh/ouster_ws/install/ouster_sensor_msgs:/home/awadh/ros2_ws/install/my_robot_bringup:/home/awadh/ros2_ws/install/turtlesim_project_cpp:/home/awadh/ros2_ws/install/my_cpp_pkg:/home/awadh/ros2_ws/install/my_robot_interfaces:/home/awadh/gazebo_ws/install/ultralytics_ros2:/home/awadh/ros2_ws/install/turtlesim_catch_them_all:/home/awadh/ros2_ws/install/my_py_pkg:/opt/ros/humble:/home/awadh/sick_tim_ws/install/sick_tim LD_LIBRARY_PATH=/home/awadh/zed_ws/install/zed_components/lib:/home/awadh/zed_ws/install/zed_interfaces/lib:/home/awadh/gazebo_ws/install/yolov8_msgs/lib:/home/awadh/yolobot/install/yolov8_msgs/lib:/home/awadh/test2_ws/install/pcl_object_detection/lib:/home/awadh/zed_ws/install/zed_topic_benchmark_component/lib:/home/awadh/zed_ws/install/zed_topic_benchmark_interfaces/lib:/home/awadh/zed_ws/install/zed_rgb_convert/lib:/home/awadh/zed_ws/install/zed_aruco_localization/lib:/home/awadh/zed_ws/install/rviz_plugin_zed_od/lib:/home/awadh/ouster_ws/install/ouster_ros/lib:/home/awadh/ouster_ws/install/ouster_sensor_msgs/lib:/home/awadh/ros2_ws/install/my_robot_interfaces/lib:/home/awadh/sick_tim_ws/install/sick_tim/lib:/usr/lib/x86_64-linux-gnu/gazebo-11/plugins:/opt/ros/humble/opt/rviz_ogre_vendor/lib:/opt/ros/humble/lib/x86_64-linux-gnu:/opt/ros/humble/lib:/usr/share/gazebo/../../lib/x86_64-linux-gnu/gazebo-11/plugins /usr/bin/cmake --build /home/awadh/zed_ws/build/zed_rgb_convert -- -j16 -l16
[3.212s] Level 1:colcon.colcon_core.environment:create_environment_scripts_only(rviz_plugin_zed_od)
[3.212s] Level 1:colcon.colcon_core.environment:checking '/home/awadh/zed_ws/install/rviz_plugin_zed_od' for CMake module files
[3.212s] Level 1:colcon.colcon_core.environment:checking '/home/awadh/zed_ws/install/rviz_plugin_zed_od' for CMake config files
[3.213s] Level 1:colcon.colcon_core.shell:create_environment_hook('rviz_plugin_zed_od', 'cmake_prefix_path')
[3.213s] INFO:colcon.colcon_core.shell:Creating environment hook '/home/awadh/zed_ws/install/rviz_plugin_zed_od/share/rviz_plugin_zed_od/hook/cmake_prefix_path.ps1'
[3.213s] INFO:colcon.colcon_core.shell:Creating environment descriptor '/home/awadh/zed_ws/install/rviz_plugin_zed_od/share/rviz_plugin_zed_od/hook/cmake_prefix_path.dsv'
[3.214s] INFO:colcon.colcon_core.shell:Creating environment hook '/home/awadh/zed_ws/install/rviz_plugin_zed_od/share/rviz_plugin_zed_od/hook/cmake_prefix_path.sh'
[3.214s] Level 1:colcon.colcon_core.environment:checking '/home/awadh/zed_ws/install/rviz_plugin_zed_od/lib'
[3.214s] Level 1:colcon.colcon_core.shell:create_environment_hook('rviz_plugin_zed_od', 'ld_library_path_lib')
[3.214s] INFO:colcon.colcon_core.shell:Creating environment hook '/home/awadh/zed_ws/install/rviz_plugin_zed_od/share/rviz_plugin_zed_od/hook/ld_library_path_lib.ps1'
[3.215s] INFO:colcon.colcon_core.shell:Creating environment descriptor '/home/awadh/zed_ws/install/rviz_plugin_zed_od/share/rviz_plugin_zed_od/hook/ld_library_path_lib.dsv'
[3.215s] INFO:colcon.colcon_core.shell:Creating environment hook '/home/awadh/zed_ws/install/rviz_plugin_zed_od/share/rviz_plugin_zed_od/hook/ld_library_path_lib.sh'
[3.215s] Level 1:colcon.colcon_core.environment:checking '/home/awadh/zed_ws/install/rviz_plugin_zed_od/bin'
[3.215s] Level 1:colcon.colcon_core.environment:checking '/home/awadh/zed_ws/install/rviz_plugin_zed_od/lib/pkgconfig/rviz_plugin_zed_od.pc'
[3.215s] Level 1:colcon.colcon_core.environment:checking '/home/awadh/zed_ws/install/rviz_plugin_zed_od/lib/python3.10/site-packages'
[3.216s] Level 1:colcon.colcon_core.environment:checking '/home/awadh/zed_ws/install/rviz_plugin_zed_od/bin'
[3.216s] INFO:colcon.colcon_core.shell:Creating package script '/home/awadh/zed_ws/install/rviz_plugin_zed_od/share/rviz_plugin_zed_od/package.ps1'
[3.216s] INFO:colcon.colcon_core.shell:Creating package descriptor '/home/awadh/zed_ws/install/rviz_plugin_zed_od/share/rviz_plugin_zed_od/package.dsv'
[3.217s] INFO:colcon.colcon_core.shell:Creating package script '/home/awadh/zed_ws/install/rviz_plugin_zed_od/share/rviz_plugin_zed_od/package.sh'
[3.217s] INFO:colcon.colcon_core.shell:Creating package script '/home/awadh/zed_ws/install/rviz_plugin_zed_od/share/rviz_plugin_zed_od/package.bash'
[3.217s] INFO:colcon.colcon_core.shell:Creating package script '/home/awadh/zed_ws/install/rviz_plugin_zed_od/share/rviz_plugin_zed_od/package.zsh'
[3.218s] Level 1:colcon.colcon_core.environment:create_file_with_runtime_dependencies(/home/awadh/zed_ws/install/rviz_plugin_zed_od/share/colcon-core/packages/rviz_plugin_zed_od)
[3.276s] DEBUG:colcon.colcon_core.event_handler.log_command:Invoked command in '/home/awadh/zed_ws/build/zed_aruco_localization' returned '0': CMAKE_PREFIX_PATH=/home/awadh/zed_ws/install/zed_components:/home/awadh/zed_ws/install/zed_interfaces:/home/awadh/gazebo_ws/install/yolov8_msgs:/home/awadh/gazebo_ws/install/yolobot_recognition:/home/awadh/gazebo_ws/install/yolobot_gazebo:/home/awadh/gazebo_ws/install/yolobot_description:/home/awadh/gazebo_ws/install/yolobot_control:/home/awadh/gazebo_ws/install/my_robot_bringup:/home/awadh/gazebo_ws/install/my_robot_description:/home/awadh/yolobot/install/yolov8_msgs:/home/awadh/yolobot/install/yolobot_recognition:/home/awadh/yolobot/install/yolobot_gazebo:/home/awadh/yolobot/install/yolobot_description:/home/awadh/yolobot/install/yolobot_control:/home/awadh/test2_ws/install/pcl_object_detection:/home/awadh/zed_ws/install/zed_ros2:/home/awadh/zed_ws/install/zed_robot_integration:/home/awadh/zed_ws/install/zed_multi_camera:/home/awadh/zed_ws/install/zed_display_rviz2:/home/awadh/zed_ws/install/zed_depth_to_laserscan:/home/awadh/zed_ws/install/zed_wrapper:/home/awadh/zed_ws/install/zed_tutorial_video:/home/awadh/zed_ws/install/zed_tutorial_pos_tracking:/home/awadh/zed_ws/install/zed_tutorial_depth:/home/awadh/zed_ws/install/zed_topic_benchmark:/home/awadh/zed_ws/install/zed_topic_benchmark_component:/home/awadh/zed_ws/install/zed_topic_benchmark_interfaces:/home/awadh/zed_ws/install/zed_rgb_convert:/home/awadh/zed_ws/install/zed_aruco_localization:/home/awadh/zed_ws/install/rviz_plugin_zed_od:/home/awadh/ouster_ws/install/ouster_ros:/home/awadh/ouster_ws/install/ouster_sensor_msgs:/home/awadh/ros2_ws/install/my_robot_bringup:/home/awadh/ros2_ws/install/turtlesim_project_cpp:/home/awadh/ros2_ws/install/my_cpp_pkg:/home/awadh/ros2_ws/install/my_robot_interfaces:/home/awadh/gazebo_ws/install/ultralytics_ros2:/home/awadh/ros2_ws/install/turtlesim_catch_them_all:/home/awadh/ros2_ws/install/my_py_pkg:/opt/ros/humble:/home/awadh/sick_tim_ws/install/sick_tim LD_LIBRARY_PATH=/home/awadh/zed_ws/install/zed_components/lib:/home/awadh/zed_ws/install/zed_interfaces/lib:/home/awadh/gazebo_ws/install/yolov8_msgs/lib:/home/awadh/yolobot/install/yolov8_msgs/lib:/home/awadh/test2_ws/install/pcl_object_detection/lib:/home/awadh/zed_ws/install/zed_topic_benchmark_component/lib:/home/awadh/zed_ws/install/zed_topic_benchmark_interfaces/lib:/home/awadh/zed_ws/install/zed_rgb_convert/lib:/home/awadh/zed_ws/install/zed_aruco_localization/lib:/home/awadh/zed_ws/install/rviz_plugin_zed_od/lib:/home/awadh/ouster_ws/install/ouster_ros/lib:/home/awadh/ouster_ws/install/ouster_sensor_msgs/lib:/home/awadh/ros2_ws/install/my_robot_interfaces/lib:/home/awadh/sick_tim_ws/install/sick_tim/lib:/usr/lib/x86_64-linux-gnu/gazebo-11/plugins:/opt/ros/humble/opt/rviz_ogre_vendor/lib:/opt/ros/humble/lib/x86_64-linux-gnu:/opt/ros/humble/lib:/usr/share/gazebo/../../lib/x86_64-linux-gnu/gazebo-11/plugins /usr/bin/cmake --build /home/awadh/zed_ws/build/zed_aruco_localization -- -j16 -l16
[3.278s] DEBUG:colcon.colcon_core.event_handler.log_command:Invoked command in '/home/awadh/zed_ws/build/zed_wrapper' returned '0': CMAKE_PREFIX_PATH=/home/awadh/zed_ws/install/zed_components:/home/awadh/zed_ws/install/zed_interfaces:/home/awadh/gazebo_ws/install/yolov8_msgs:/home/awadh/gazebo_ws/install/yolobot_recognition:/home/awadh/gazebo_ws/install/yolobot_gazebo:/home/awadh/gazebo_ws/install/yolobot_description:/home/awadh/gazebo_ws/install/yolobot_control:/home/awadh/gazebo_ws/install/my_robot_bringup:/home/awadh/gazebo_ws/install/my_robot_description:/home/awadh/yolobot/install/yolov8_msgs:/home/awadh/yolobot/install/yolobot_recognition:/home/awadh/yolobot/install/yolobot_gazebo:/home/awadh/yolobot/install/yolobot_description:/home/awadh/yolobot/install/yolobot_control:/home/awadh/test2_ws/install/pcl_object_detection:/home/awadh/zed_ws/install/zed_ros2:/home/awadh/zed_ws/install/zed_robot_integration:/home/awadh/zed_ws/install/zed_multi_camera:/home/awadh/zed_ws/install/zed_display_rviz2:/home/awadh/zed_ws/install/zed_depth_to_laserscan:/home/awadh/zed_ws/install/zed_wrapper:/home/awadh/zed_ws/install/zed_tutorial_video:/home/awadh/zed_ws/install/zed_tutorial_pos_tracking:/home/awadh/zed_ws/install/zed_tutorial_depth:/home/awadh/zed_ws/install/zed_topic_benchmark:/home/awadh/zed_ws/install/zed_topic_benchmark_component:/home/awadh/zed_ws/install/zed_topic_benchmark_interfaces:/home/awadh/zed_ws/install/zed_rgb_convert:/home/awadh/zed_ws/install/zed_aruco_localization:/home/awadh/zed_ws/install/rviz_plugin_zed_od:/home/awadh/ouster_ws/install/ouster_ros:/home/awadh/ouster_ws/install/ouster_sensor_msgs:/home/awadh/ros2_ws/install/my_robot_bringup:/home/awadh/ros2_ws/install/turtlesim_project_cpp:/home/awadh/ros2_ws/install/my_cpp_pkg:/home/awadh/ros2_ws/install/my_robot_interfaces:/home/awadh/gazebo_ws/install/ultralytics_ros2:/home/awadh/ros2_ws/install/turtlesim_catch_them_all:/home/awadh/ros2_ws/install/my_py_pkg:/opt/ros/humble:/home/awadh/sick_tim_ws/install/sick_tim LD_LIBRARY_PATH=/home/awadh/zed_ws/install/zed_components/lib:/home/awadh/zed_ws/install/zed_interfaces/lib:/home/awadh/gazebo_ws/install/yolov8_msgs/lib:/home/awadh/yolobot/install/yolov8_msgs/lib:/home/awadh/test2_ws/install/pcl_object_detection/lib:/home/awadh/zed_ws/install/zed_topic_benchmark_component/lib:/home/awadh/zed_ws/install/zed_topic_benchmark_interfaces/lib:/home/awadh/zed_ws/install/zed_rgb_convert/lib:/home/awadh/zed_ws/install/zed_aruco_localization/lib:/home/awadh/zed_ws/install/rviz_plugin_zed_od/lib:/home/awadh/ouster_ws/install/ouster_ros/lib:/home/awadh/ouster_ws/install/ouster_sensor_msgs/lib:/home/awadh/ros2_ws/install/my_robot_interfaces/lib:/home/awadh/sick_tim_ws/install/sick_tim/lib:/usr/lib/x86_64-linux-gnu/gazebo-11/plugins:/opt/ros/humble/opt/rviz_ogre_vendor/lib:/opt/ros/humble/lib/x86_64-linux-gnu:/opt/ros/humble/lib:/usr/share/gazebo/../../lib/x86_64-linux-gnu/gazebo-11/plugins /usr/bin/cmake --build /home/awadh/zed_ws/build/zed_wrapper -- -j16 -l16
[3.319s] DEBUG:colcon.colcon_core.event_handler.log_command:Invoked command in '/home/awadh/zed_ws/build/zed_rgb_convert' returned '0': CMAKE_PREFIX_PATH=/home/awadh/zed_ws/install/zed_components:/home/awadh/zed_ws/install/zed_interfaces:/home/awadh/gazebo_ws/install/yolov8_msgs:/home/awadh/gazebo_ws/install/yolobot_recognition:/home/awadh/gazebo_ws/install/yolobot_gazebo:/home/awadh/gazebo_ws/install/yolobot_description:/home/awadh/gazebo_ws/install/yolobot_control:/home/awadh/gazebo_ws/install/my_robot_bringup:/home/awadh/gazebo_ws/install/my_robot_description:/home/awadh/yolobot/install/yolov8_msgs:/home/awadh/yolobot/install/yolobot_recognition:/home/awadh/yolobot/install/yolobot_gazebo:/home/awadh/yolobot/install/yolobot_description:/home/awadh/yolobot/install/yolobot_control:/home/awadh/test2_ws/install/pcl_object_detection:/home/awadh/zed_ws/install/zed_ros2:/home/awadh/zed_ws/install/zed_robot_integration:/home/awadh/zed_ws/install/zed_multi_camera:/home/awadh/zed_ws/install/zed_display_rviz2:/home/awadh/zed_ws/install/zed_depth_to_laserscan:/home/awadh/zed_ws/install/zed_wrapper:/home/awadh/zed_ws/install/zed_tutorial_video:/home/awadh/zed_ws/install/zed_tutorial_pos_tracking:/home/awadh/zed_ws/install/zed_tutorial_depth:/home/awadh/zed_ws/install/zed_topic_benchmark:/home/awadh/zed_ws/install/zed_topic_benchmark_component:/home/awadh/zed_ws/install/zed_topic_benchmark_interfaces:/home/awadh/zed_ws/install/zed_rgb_convert:/home/awadh/zed_ws/install/zed_aruco_localization:/home/awadh/zed_ws/install/rviz_plugin_zed_od:/home/awadh/ouster_ws/install/ouster_ros:/home/awadh/ouster_ws/install/ouster_sensor_msgs:/home/awadh/ros2_ws/install/my_robot_bringup:/home/awadh/ros2_ws/install/turtlesim_project_cpp:/home/awadh/ros2_ws/install/my_cpp_pkg:/home/awadh/ros2_ws/install/my_robot_interfaces:/home/awadh/gazebo_ws/install/ultralytics_ros2:/home/awadh/ros2_ws/install/turtlesim_catch_them_all:/home/awadh/ros2_ws/install/my_py_pkg:/opt/ros/humble:/home/awadh/sick_tim_ws/install/sick_tim LD_LIBRARY_PATH=/home/awadh/zed_ws/install/zed_components/lib:/home/awadh/zed_ws/install/zed_interfaces/lib:/home/awadh/gazebo_ws/install/yolov8_msgs/lib:/home/awadh/yolobot/install/yolov8_msgs/lib:/home/awadh/test2_ws/install/pcl_object_detection/lib:/home/awadh/zed_ws/install/zed_topic_benchmark_component/lib:/home/awadh/zed_ws/install/zed_topic_benchmark_interfaces/lib:/home/awadh/zed_ws/install/zed_rgb_convert/lib:/home/awadh/zed_ws/install/zed_aruco_localization/lib:/home/awadh/zed_ws/install/rviz_plugin_zed_od/lib:/home/awadh/ouster_ws/install/ouster_ros/lib:/home/awadh/ouster_ws/install/ouster_sensor_msgs/lib:/home/awadh/ros2_ws/install/my_robot_interfaces/lib:/home/awadh/sick_tim_ws/install/sick_tim/lib:/usr/lib/x86_64-linux-gnu/gazebo-11/plugins:/opt/ros/humble/opt/rviz_ogre_vendor/lib:/opt/ros/humble/lib/x86_64-linux-gnu:/opt/ros/humble/lib:/usr/share/gazebo/../../lib/x86_64-linux-gnu/gazebo-11/plugins /usr/bin/cmake --build /home/awadh/zed_ws/build/zed_rgb_convert -- -j16 -l16
[3.322s] DEBUG:colcon.colcon_core.event_handler.log_command:Invoking command in '/home/awadh/zed_ws/build/zed_wrapper': CMAKE_PREFIX_PATH=/home/awadh/zed_ws/install/zed_components:/home/awadh/zed_ws/install/zed_interfaces:/home/awadh/gazebo_ws/install/yolov8_msgs:/home/awadh/gazebo_ws/install/yolobot_recognition:/home/awadh/gazebo_ws/install/yolobot_gazebo:/home/awadh/gazebo_ws/install/yolobot_description:/home/awadh/gazebo_ws/install/yolobot_control:/home/awadh/gazebo_ws/install/my_robot_bringup:/home/awadh/gazebo_ws/install/my_robot_description:/home/awadh/yolobot/install/yolov8_msgs:/home/awadh/yolobot/install/yolobot_recognition:/home/awadh/yolobot/install/yolobot_gazebo:/home/awadh/yolobot/install/yolobot_description:/home/awadh/yolobot/install/yolobot_control:/home/awadh/test2_ws/install/pcl_object_detection:/home/awadh/zed_ws/install/zed_ros2:/home/awadh/zed_ws/install/zed_robot_integration:/home/awadh/zed_ws/install/zed_multi_camera:/home/awadh/zed_ws/install/zed_display_rviz2:/home/awadh/zed_ws/install/zed_depth_to_laserscan:/home/awadh/zed_ws/install/zed_wrapper:/home/awadh/zed_ws/install/zed_tutorial_video:/home/awadh/zed_ws/install/zed_tutorial_pos_tracking:/home/awadh/zed_ws/install/zed_tutorial_depth:/home/awadh/zed_ws/install/zed_topic_benchmark:/home/awadh/zed_ws/install/zed_topic_benchmark_component:/home/awadh/zed_ws/install/zed_topic_benchmark_interfaces:/home/awadh/zed_ws/install/zed_rgb_convert:/home/awadh/zed_ws/install/zed_aruco_localization:/home/awadh/zed_ws/install/rviz_plugin_zed_od:/home/awadh/ouster_ws/install/ouster_ros:/home/awadh/ouster_ws/install/ouster_sensor_msgs:/home/awadh/ros2_ws/install/my_robot_bringup:/home/awadh/ros2_ws/install/turtlesim_project_cpp:/home/awadh/ros2_ws/install/my_cpp_pkg:/home/awadh/ros2_ws/install/my_robot_interfaces:/home/awadh/gazebo_ws/install/ultralytics_ros2:/home/awadh/ros2_ws/install/turtlesim_catch_them_all:/home/awadh/ros2_ws/install/my_py_pkg:/opt/ros/humble:/home/awadh/sick_tim_ws/install/sick_tim LD_LIBRARY_PATH=/home/awadh/zed_ws/install/zed_components/lib:/home/awadh/zed_ws/install/zed_interfaces/lib:/home/awadh/gazebo_ws/install/yolov8_msgs/lib:/home/awadh/yolobot/install/yolov8_msgs/lib:/home/awadh/test2_ws/install/pcl_object_detection/lib:/home/awadh/zed_ws/install/zed_topic_benchmark_component/lib:/home/awadh/zed_ws/install/zed_topic_benchmark_interfaces/lib:/home/awadh/zed_ws/install/zed_rgb_convert/lib:/home/awadh/zed_ws/install/zed_aruco_localization/lib:/home/awadh/zed_ws/install/rviz_plugin_zed_od/lib:/home/awadh/ouster_ws/install/ouster_ros/lib:/home/awadh/ouster_ws/install/ouster_sensor_msgs/lib:/home/awadh/ros2_ws/install/my_robot_interfaces/lib:/home/awadh/sick_tim_ws/install/sick_tim/lib:/usr/lib/x86_64-linux-gnu/gazebo-11/plugins:/opt/ros/humble/opt/rviz_ogre_vendor/lib:/opt/ros/humble/lib/x86_64-linux-gnu:/opt/ros/humble/lib:/usr/share/gazebo/../../lib/x86_64-linux-gnu/gazebo-11/plugins /usr/bin/cmake --install /home/awadh/zed_ws/build/zed_wrapper
[3.324s] DEBUG:colcon.colcon_core.event_handler.log_command:Invoking command in '/home/awadh/zed_ws/build/zed_aruco_localization': CMAKE_PREFIX_PATH=/home/awadh/zed_ws/install/zed_components:/home/awadh/zed_ws/install/zed_interfaces:/home/awadh/gazebo_ws/install/yolov8_msgs:/home/awadh/gazebo_ws/install/yolobot_recognition:/home/awadh/gazebo_ws/install/yolobot_gazebo:/home/awadh/gazebo_ws/install/yolobot_description:/home/awadh/gazebo_ws/install/yolobot_control:/home/awadh/gazebo_ws/install/my_robot_bringup:/home/awadh/gazebo_ws/install/my_robot_description:/home/awadh/yolobot/install/yolov8_msgs:/home/awadh/yolobot/install/yolobot_recognition:/home/awadh/yolobot/install/yolobot_gazebo:/home/awadh/yolobot/install/yolobot_description:/home/awadh/yolobot/install/yolobot_control:/home/awadh/test2_ws/install/pcl_object_detection:/home/awadh/zed_ws/install/zed_ros2:/home/awadh/zed_ws/install/zed_robot_integration:/home/awadh/zed_ws/install/zed_multi_camera:/home/awadh/zed_ws/install/zed_display_rviz2:/home/awadh/zed_ws/install/zed_depth_to_laserscan:/home/awadh/zed_ws/install/zed_wrapper:/home/awadh/zed_ws/install/zed_tutorial_video:/home/awadh/zed_ws/install/zed_tutorial_pos_tracking:/home/awadh/zed_ws/install/zed_tutorial_depth:/home/awadh/zed_ws/install/zed_topic_benchmark:/home/awadh/zed_ws/install/zed_topic_benchmark_component:/home/awadh/zed_ws/install/zed_topic_benchmark_interfaces:/home/awadh/zed_ws/install/zed_rgb_convert:/home/awadh/zed_ws/install/zed_aruco_localization:/home/awadh/zed_ws/install/rviz_plugin_zed_od:/home/awadh/ouster_ws/install/ouster_ros:/home/awadh/ouster_ws/install/ouster_sensor_msgs:/home/awadh/ros2_ws/install/my_robot_bringup:/home/awadh/ros2_ws/install/turtlesim_project_cpp:/home/awadh/ros2_ws/install/my_cpp_pkg:/home/awadh/ros2_ws/install/my_robot_interfaces:/home/awadh/gazebo_ws/install/ultralytics_ros2:/home/awadh/ros2_ws/install/turtlesim_catch_them_all:/home/awadh/ros2_ws/install/my_py_pkg:/opt/ros/humble:/home/awadh/sick_tim_ws/install/sick_tim LD_LIBRARY_PATH=/home/awadh/zed_ws/install/zed_components/lib:/home/awadh/zed_ws/install/zed_interfaces/lib:/home/awadh/gazebo_ws/install/yolov8_msgs/lib:/home/awadh/yolobot/install/yolov8_msgs/lib:/home/awadh/test2_ws/install/pcl_object_detection/lib:/home/awadh/zed_ws/install/zed_topic_benchmark_component/lib:/home/awadh/zed_ws/install/zed_topic_benchmark_interfaces/lib:/home/awadh/zed_ws/install/zed_rgb_convert/lib:/home/awadh/zed_ws/install/zed_aruco_localization/lib:/home/awadh/zed_ws/install/rviz_plugin_zed_od/lib:/home/awadh/ouster_ws/install/ouster_ros/lib:/home/awadh/ouster_ws/install/ouster_sensor_msgs/lib:/home/awadh/ros2_ws/install/my_robot_interfaces/lib:/home/awadh/sick_tim_ws/install/sick_tim/lib:/usr/lib/x86_64-linux-gnu/gazebo-11/plugins:/opt/ros/humble/opt/rviz_ogre_vendor/lib:/opt/ros/humble/lib/x86_64-linux-gnu:/opt/ros/humble/lib:/usr/share/gazebo/../../lib/x86_64-linux-gnu/gazebo-11/plugins /usr/bin/cmake --install /home/awadh/zed_ws/build/zed_aruco_localization
[3.332s] Level 1:colcon.colcon_core.environment:create_environment_scripts_only(zed_wrapper)
[3.332s] DEBUG:colcon.colcon_core.event_handler.log_command:Invoked command in '/home/awadh/zed_ws/build/zed_wrapper' returned '0': CMAKE_PREFIX_PATH=/home/awadh/zed_ws/install/zed_components:/home/awadh/zed_ws/install/zed_interfaces:/home/awadh/gazebo_ws/install/yolov8_msgs:/home/awadh/gazebo_ws/install/yolobot_recognition:/home/awadh/gazebo_ws/install/yolobot_gazebo:/home/awadh/gazebo_ws/install/yolobot_description:/home/awadh/gazebo_ws/install/yolobot_control:/home/awadh/gazebo_ws/install/my_robot_bringup:/home/awadh/gazebo_ws/install/my_robot_description:/home/awadh/yolobot/install/yolov8_msgs:/home/awadh/yolobot/install/yolobot_recognition:/home/awadh/yolobot/install/yolobot_gazebo:/home/awadh/yolobot/install/yolobot_description:/home/awadh/yolobot/install/yolobot_control:/home/awadh/test2_ws/install/pcl_object_detection:/home/awadh/zed_ws/install/zed_ros2:/home/awadh/zed_ws/install/zed_robot_integration:/home/awadh/zed_ws/install/zed_multi_camera:/home/awadh/zed_ws/install/zed_display_rviz2:/home/awadh/zed_ws/install/zed_depth_to_laserscan:/home/awadh/zed_ws/install/zed_wrapper:/home/awadh/zed_ws/install/zed_tutorial_video:/home/awadh/zed_ws/install/zed_tutorial_pos_tracking:/home/awadh/zed_ws/install/zed_tutorial_depth:/home/awadh/zed_ws/install/zed_topic_benchmark:/home/awadh/zed_ws/install/zed_topic_benchmark_component:/home/awadh/zed_ws/install/zed_topic_benchmark_interfaces:/home/awadh/zed_ws/install/zed_rgb_convert:/home/awadh/zed_ws/install/zed_aruco_localization:/home/awadh/zed_ws/install/rviz_plugin_zed_od:/home/awadh/ouster_ws/install/ouster_ros:/home/awadh/ouster_ws/install/ouster_sensor_msgs:/home/awadh/ros2_ws/install/my_robot_bringup:/home/awadh/ros2_ws/install/turtlesim_project_cpp:/home/awadh/ros2_ws/install/my_cpp_pkg:/home/awadh/ros2_ws/install/my_robot_interfaces:/home/awadh/gazebo_ws/install/ultralytics_ros2:/home/awadh/ros2_ws/install/turtlesim_catch_them_all:/home/awadh/ros2_ws/install/my_py_pkg:/opt/ros/humble:/home/awadh/sick_tim_ws/install/sick_tim LD_LIBRARY_PATH=/home/awadh/zed_ws/install/zed_components/lib:/home/awadh/zed_ws/install/zed_interfaces/lib:/home/awadh/gazebo_ws/install/yolov8_msgs/lib:/home/awadh/yolobot/install/yolov8_msgs/lib:/home/awadh/test2_ws/install/pcl_object_detection/lib:/home/awadh/zed_ws/install/zed_topic_benchmark_component/lib:/home/awadh/zed_ws/install/zed_topic_benchmark_interfaces/lib:/home/awadh/zed_ws/install/zed_rgb_convert/lib:/home/awadh/zed_ws/install/zed_aruco_localization/lib:/home/awadh/zed_ws/install/rviz_plugin_zed_od/lib:/home/awadh/ouster_ws/install/ouster_ros/lib:/home/awadh/ouster_ws/install/ouster_sensor_msgs/lib:/home/awadh/ros2_ws/install/my_robot_interfaces/lib:/home/awadh/sick_tim_ws/install/sick_tim/lib:/usr/lib/x86_64-linux-gnu/gazebo-11/plugins:/opt/ros/humble/opt/rviz_ogre_vendor/lib:/opt/ros/humble/lib/x86_64-linux-gnu:/opt/ros/humble/lib:/usr/share/gazebo/../../lib/x86_64-linux-gnu/gazebo-11/plugins /usr/bin/cmake --install /home/awadh/zed_ws/build/zed_wrapper
[3.333s] Level 1:colcon.colcon_core.environment:checking '/home/awadh/zed_ws/install/zed_wrapper' for CMake module files
[3.336s] Level 1:colcon.colcon_core.environment:checking '/home/awadh/zed_ws/install/zed_wrapper' for CMake config files
[3.336s] Level 1:colcon.colcon_core.shell:create_environment_hook('zed_wrapper', 'cmake_prefix_path')
[3.336s] INFO:colcon.colcon_core.shell:Creating environment hook '/home/awadh/zed_ws/install/zed_wrapper/share/zed_wrapper/hook/cmake_prefix_path.ps1'
[3.337s] INFO:colcon.colcon_core.shell:Creating environment descriptor '/home/awadh/zed_ws/install/zed_wrapper/share/zed_wrapper/hook/cmake_prefix_path.dsv'
[3.337s] INFO:colcon.colcon_core.shell:Creating environment hook '/home/awadh/zed_ws/install/zed_wrapper/share/zed_wrapper/hook/cmake_prefix_path.sh'
[3.337s] Level 1:colcon.colcon_core.environment:checking '/home/awadh/zed_ws/install/zed_wrapper/lib'
[3.337s] Level 1:colcon.colcon_core.environment:checking '/home/awadh/zed_ws/install/zed_wrapper/bin'
[3.337s] Level 1:colcon.colcon_core.environment:checking '/home/awadh/zed_ws/install/zed_wrapper/lib/pkgconfig/zed_wrapper.pc'
[3.338s] Level 1:colcon.colcon_core.environment:checking '/home/awadh/zed_ws/install/zed_wrapper/lib/python3.10/site-packages'
[3.338s] Level 1:colcon.colcon_core.environment:checking '/home/awadh/zed_ws/install/zed_wrapper/bin'
[3.338s] INFO:colcon.colcon_core.shell:Creating package script '/home/awadh/zed_ws/install/zed_wrapper/share/zed_wrapper/package.ps1'
[3.338s] INFO:colcon.colcon_core.shell:Creating package descriptor '/home/awadh/zed_ws/install/zed_wrapper/share/zed_wrapper/package.dsv'
[3.339s] INFO:colcon.colcon_core.shell:Creating package script '/home/awadh/zed_ws/install/zed_wrapper/share/zed_wrapper/package.sh'
[3.339s] INFO:colcon.colcon_core.shell:Creating package script '/home/awadh/zed_ws/install/zed_wrapper/share/zed_wrapper/package.bash'
[3.339s] INFO:colcon.colcon_core.shell:Creating package script '/home/awadh/zed_ws/install/zed_wrapper/share/zed_wrapper/package.zsh'
[3.339s] Level 1:colcon.colcon_core.environment:create_file_with_runtime_dependencies(/home/awadh/zed_ws/install/zed_wrapper/share/colcon-core/packages/zed_wrapper)
[3.341s] Level 1:colcon.colcon_core.environment:create_environment_scripts_only(zed_aruco_localization)
[3.341s] Level 1:colcon.colcon_core.environment:checking '/home/awadh/zed_ws/install/zed_aruco_localization' for CMake module files
[3.342s] DEBUG:colcon.colcon_core.event_handler.log_command:Invoked command in '/home/awadh/zed_ws/build/zed_aruco_localization' returned '0': CMAKE_PREFIX_PATH=/home/awadh/zed_ws/install/zed_components:/home/awadh/zed_ws/install/zed_interfaces:/home/awadh/gazebo_ws/install/yolov8_msgs:/home/awadh/gazebo_ws/install/yolobot_recognition:/home/awadh/gazebo_ws/install/yolobot_gazebo:/home/awadh/gazebo_ws/install/yolobot_description:/home/awadh/gazebo_ws/install/yolobot_control:/home/awadh/gazebo_ws/install/my_robot_bringup:/home/awadh/gazebo_ws/install/my_robot_description:/home/awadh/yolobot/install/yolov8_msgs:/home/awadh/yolobot/install/yolobot_recognition:/home/awadh/yolobot/install/yolobot_gazebo:/home/awadh/yolobot/install/yolobot_description:/home/awadh/yolobot/install/yolobot_control:/home/awadh/test2_ws/install/pcl_object_detection:/home/awadh/zed_ws/install/zed_ros2:/home/awadh/zed_ws/install/zed_robot_integration:/home/awadh/zed_ws/install/zed_multi_camera:/home/awadh/zed_ws/install/zed_display_rviz2:/home/awadh/zed_ws/install/zed_depth_to_laserscan:/home/awadh/zed_ws/install/zed_wrapper:/home/awadh/zed_ws/install/zed_tutorial_video:/home/awadh/zed_ws/install/zed_tutorial_pos_tracking:/home/awadh/zed_ws/install/zed_tutorial_depth:/home/awadh/zed_ws/install/zed_topic_benchmark:/home/awadh/zed_ws/install/zed_topic_benchmark_component:/home/awadh/zed_ws/install/zed_topic_benchmark_interfaces:/home/awadh/zed_ws/install/zed_rgb_convert:/home/awadh/zed_ws/install/zed_aruco_localization:/home/awadh/zed_ws/install/rviz_plugin_zed_od:/home/awadh/ouster_ws/install/ouster_ros:/home/awadh/ouster_ws/install/ouster_sensor_msgs:/home/awadh/ros2_ws/install/my_robot_bringup:/home/awadh/ros2_ws/install/turtlesim_project_cpp:/home/awadh/ros2_ws/install/my_cpp_pkg:/home/awadh/ros2_ws/install/my_robot_interfaces:/home/awadh/gazebo_ws/install/ultralytics_ros2:/home/awadh/ros2_ws/install/turtlesim_catch_them_all:/home/awadh/ros2_ws/install/my_py_pkg:/opt/ros/humble:/home/awadh/sick_tim_ws/install/sick_tim LD_LIBRARY_PATH=/home/awadh/zed_ws/install/zed_components/lib:/home/awadh/zed_ws/install/zed_interfaces/lib:/home/awadh/gazebo_ws/install/yolov8_msgs/lib:/home/awadh/yolobot/install/yolov8_msgs/lib:/home/awadh/test2_ws/install/pcl_object_detection/lib:/home/awadh/zed_ws/install/zed_topic_benchmark_component/lib:/home/awadh/zed_ws/install/zed_topic_benchmark_interfaces/lib:/home/awadh/zed_ws/install/zed_rgb_convert/lib:/home/awadh/zed_ws/install/zed_aruco_localization/lib:/home/awadh/zed_ws/install/rviz_plugin_zed_od/lib:/home/awadh/ouster_ws/install/ouster_ros/lib:/home/awadh/ouster_ws/install/ouster_sensor_msgs/lib:/home/awadh/ros2_ws/install/my_robot_interfaces/lib:/home/awadh/sick_tim_ws/install/sick_tim/lib:/usr/lib/x86_64-linux-gnu/gazebo-11/plugins:/opt/ros/humble/opt/rviz_ogre_vendor/lib:/opt/ros/humble/lib/x86_64-linux-gnu:/opt/ros/humble/lib:/usr/share/gazebo/../../lib/x86_64-linux-gnu/gazebo-11/plugins /usr/bin/cmake --install /home/awadh/zed_ws/build/zed_aruco_localization
[3.342s] Level 1:colcon.colcon_core.environment:checking '/home/awadh/zed_ws/install/zed_aruco_localization' for CMake config files
[3.343s] Level 1:colcon.colcon_core.shell:create_environment_hook('zed_aruco_localization', 'cmake_prefix_path')
[3.343s] INFO:colcon.colcon_core.shell:Creating environment hook '/home/awadh/zed_ws/install/zed_aruco_localization/share/zed_aruco_localization/hook/cmake_prefix_path.ps1'
[3.343s] INFO:colcon.colcon_core.shell:Creating environment descriptor '/home/awadh/zed_ws/install/zed_aruco_localization/share/zed_aruco_localization/hook/cmake_prefix_path.dsv'
[3.343s] INFO:colcon.colcon_core.shell:Creating environment hook '/home/awadh/zed_ws/install/zed_aruco_localization/share/zed_aruco_localization/hook/cmake_prefix_path.sh'
[3.344s] Level 1:colcon.colcon_core.environment:checking '/home/awadh/zed_ws/install/zed_aruco_localization/lib'
[3.344s] Level 1:colcon.colcon_core.shell:create_environment_hook('zed_aruco_localization', 'ld_library_path_lib')
[3.344s] INFO:colcon.colcon_core.shell:Creating environment hook '/home/awadh/zed_ws/install/zed_aruco_localization/share/zed_aruco_localization/hook/ld_library_path_lib.ps1'
[3.344s] INFO:colcon.colcon_core.shell:Creating environment descriptor '/home/awadh/zed_ws/install/zed_aruco_localization/share/zed_aruco_localization/hook/ld_library_path_lib.dsv'
[3.345s] INFO:colcon.colcon_core.shell:Creating environment hook '/home/awadh/zed_ws/install/zed_aruco_localization/share/zed_aruco_localization/hook/ld_library_path_lib.sh'
[3.345s] Level 1:colcon.colcon_core.environment:checking '/home/awadh/zed_ws/install/zed_aruco_localization/bin'
[3.345s] Level 1:colcon.colcon_core.environment:checking '/home/awadh/zed_ws/install/zed_aruco_localization/lib/pkgconfig/zed_aruco_localization.pc'
[3.345s] Level 1:colcon.colcon_core.environment:checking '/home/awadh/zed_ws/install/zed_aruco_localization/lib/python3.10/site-packages'
[3.345s] Level 1:colcon.colcon_core.environment:checking '/home/awadh/zed_ws/install/zed_aruco_localization/bin'
[3.345s] INFO:colcon.colcon_core.shell:Creating package script '/home/awadh/zed_ws/install/zed_aruco_localization/share/zed_aruco_localization/package.ps1'
[3.346s] INFO:colcon.colcon_core.shell:Creating package descriptor '/home/awadh/zed_ws/install/zed_aruco_localization/share/zed_aruco_localization/package.dsv'
[3.346s] INFO:colcon.colcon_core.shell:Creating package script '/home/awadh/zed_ws/install/zed_aruco_localization/share/zed_aruco_localization/package.sh'
[3.346s] INFO:colcon.colcon_core.shell:Creating package script '/home/awadh/zed_ws/install/zed_aruco_localization/share/zed_aruco_localization/package.bash'
[3.347s] INFO:colcon.colcon_core.shell:Creating package script '/home/awadh/zed_ws/install/zed_aruco_localization/share/zed_aruco_localization/package.zsh'
[3.347s] Level 1:colcon.colcon_core.environment:create_file_with_runtime_dependencies(/home/awadh/zed_ws/install/zed_aruco_localization/share/colcon-core/packages/zed_aruco_localization)
[3.369s] DEBUG:colcon.colcon_core.event_handler.log_command:Invoking command in '/home/awadh/zed_ws/build/zed_rgb_convert': CMAKE_PREFIX_PATH=/home/awadh/zed_ws/install/zed_components:/home/awadh/zed_ws/install/zed_interfaces:/home/awadh/gazebo_ws/install/yolov8_msgs:/home/awadh/gazebo_ws/install/yolobot_recognition:/home/awadh/gazebo_ws/install/yolobot_gazebo:/home/awadh/gazebo_ws/install/yolobot_description:/home/awadh/gazebo_ws/install/yolobot_control:/home/awadh/gazebo_ws/install/my_robot_bringup:/home/awadh/gazebo_ws/install/my_robot_description:/home/awadh/yolobot/install/yolov8_msgs:/home/awadh/yolobot/install/yolobot_recognition:/home/awadh/yolobot/install/yolobot_gazebo:/home/awadh/yolobot/install/yolobot_description:/home/awadh/yolobot/install/yolobot_control:/home/awadh/test2_ws/install/pcl_object_detection:/home/awadh/zed_ws/install/zed_ros2:/home/awadh/zed_ws/install/zed_robot_integration:/home/awadh/zed_ws/install/zed_multi_camera:/home/awadh/zed_ws/install/zed_display_rviz2:/home/awadh/zed_ws/install/zed_depth_to_laserscan:/home/awadh/zed_ws/install/zed_wrapper:/home/awadh/zed_ws/install/zed_tutorial_video:/home/awadh/zed_ws/install/zed_tutorial_pos_tracking:/home/awadh/zed_ws/install/zed_tutorial_depth:/home/awadh/zed_ws/install/zed_topic_benchmark:/home/awadh/zed_ws/install/zed_topic_benchmark_component:/home/awadh/zed_ws/install/zed_topic_benchmark_interfaces:/home/awadh/zed_ws/install/zed_rgb_convert:/home/awadh/zed_ws/install/zed_aruco_localization:/home/awadh/zed_ws/install/rviz_plugin_zed_od:/home/awadh/ouster_ws/install/ouster_ros:/home/awadh/ouster_ws/install/ouster_sensor_msgs:/home/awadh/ros2_ws/install/my_robot_bringup:/home/awadh/ros2_ws/install/turtlesim_project_cpp:/home/awadh/ros2_ws/install/my_cpp_pkg:/home/awadh/ros2_ws/install/my_robot_interfaces:/home/awadh/gazebo_ws/install/ultralytics_ros2:/home/awadh/ros2_ws/install/turtlesim_catch_them_all:/home/awadh/ros2_ws/install/my_py_pkg:/opt/ros/humble:/home/awadh/sick_tim_ws/install/sick_tim LD_LIBRARY_PATH=/home/awadh/zed_ws/install/zed_components/lib:/home/awadh/zed_ws/install/zed_interfaces/lib:/home/awadh/gazebo_ws/install/yolov8_msgs/lib:/home/awadh/yolobot/install/yolov8_msgs/lib:/home/awadh/test2_ws/install/pcl_object_detection/lib:/home/awadh/zed_ws/install/zed_topic_benchmark_component/lib:/home/awadh/zed_ws/install/zed_topic_benchmark_interfaces/lib:/home/awadh/zed_ws/install/zed_rgb_convert/lib:/home/awadh/zed_ws/install/zed_aruco_localization/lib:/home/awadh/zed_ws/install/rviz_plugin_zed_od/lib:/home/awadh/ouster_ws/install/ouster_ros/lib:/home/awadh/ouster_ws/install/ouster_sensor_msgs/lib:/home/awadh/ros2_ws/install/my_robot_interfaces/lib:/home/awadh/sick_tim_ws/install/sick_tim/lib:/usr/lib/x86_64-linux-gnu/gazebo-11/plugins:/opt/ros/humble/opt/rviz_ogre_vendor/lib:/opt/ros/humble/lib/x86_64-linux-gnu:/opt/ros/humble/lib:/usr/share/gazebo/../../lib/x86_64-linux-gnu/gazebo-11/plugins /usr/bin/cmake --install /home/awadh/zed_ws/build/zed_rgb_convert
[3.382s] Level 1:colcon.colcon_core.environment:create_environment_scripts_only(zed_rgb_convert)
[3.383s] Level 1:colcon.colcon_core.environment:checking '/home/awadh/zed_ws/install/zed_rgb_convert' for CMake module files
[3.384s] DEBUG:colcon.colcon_core.event_handler.log_command:Invoked command in '/home/awadh/zed_ws/build/zed_rgb_convert' returned '0': CMAKE_PREFIX_PATH=/home/awadh/zed_ws/install/zed_components:/home/awadh/zed_ws/install/zed_interfaces:/home/awadh/gazebo_ws/install/yolov8_msgs:/home/awadh/gazebo_ws/install/yolobot_recognition:/home/awadh/gazebo_ws/install/yolobot_gazebo:/home/awadh/gazebo_ws/install/yolobot_description:/home/awadh/gazebo_ws/install/yolobot_control:/home/awadh/gazebo_ws/install/my_robot_bringup:/home/awadh/gazebo_ws/install/my_robot_description:/home/awadh/yolobot/install/yolov8_msgs:/home/awadh/yolobot/install/yolobot_recognition:/home/awadh/yolobot/install/yolobot_gazebo:/home/awadh/yolobot/install/yolobot_description:/home/awadh/yolobot/install/yolobot_control:/home/awadh/test2_ws/install/pcl_object_detection:/home/awadh/zed_ws/install/zed_ros2:/home/awadh/zed_ws/install/zed_robot_integration:/home/awadh/zed_ws/install/zed_multi_camera:/home/awadh/zed_ws/install/zed_display_rviz2:/home/awadh/zed_ws/install/zed_depth_to_laserscan:/home/awadh/zed_ws/install/zed_wrapper:/home/awadh/zed_ws/install/zed_tutorial_video:/home/awadh/zed_ws/install/zed_tutorial_pos_tracking:/home/awadh/zed_ws/install/zed_tutorial_depth:/home/awadh/zed_ws/install/zed_topic_benchmark:/home/awadh/zed_ws/install/zed_topic_benchmark_component:/home/awadh/zed_ws/install/zed_topic_benchmark_interfaces:/home/awadh/zed_ws/install/zed_rgb_convert:/home/awadh/zed_ws/install/zed_aruco_localization:/home/awadh/zed_ws/install/rviz_plugin_zed_od:/home/awadh/ouster_ws/install/ouster_ros:/home/awadh/ouster_ws/install/ouster_sensor_msgs:/home/awadh/ros2_ws/install/my_robot_bringup:/home/awadh/ros2_ws/install/turtlesim_project_cpp:/home/awadh/ros2_ws/install/my_cpp_pkg:/home/awadh/ros2_ws/install/my_robot_interfaces:/home/awadh/gazebo_ws/install/ultralytics_ros2:/home/awadh/ros2_ws/install/turtlesim_catch_them_all:/home/awadh/ros2_ws/install/my_py_pkg:/opt/ros/humble:/home/awadh/sick_tim_ws/install/sick_tim LD_LIBRARY_PATH=/home/awadh/zed_ws/install/zed_components/lib:/home/awadh/zed_ws/install/zed_interfaces/lib:/home/awadh/gazebo_ws/install/yolov8_msgs/lib:/home/awadh/yolobot/install/yolov8_msgs/lib:/home/awadh/test2_ws/install/pcl_object_detection/lib:/home/awadh/zed_ws/install/zed_topic_benchmark_component/lib:/home/awadh/zed_ws/install/zed_topic_benchmark_interfaces/lib:/home/awadh/zed_ws/install/zed_rgb_convert/lib:/home/awadh/zed_ws/install/zed_aruco_localization/lib:/home/awadh/zed_ws/install/rviz_plugin_zed_od/lib:/home/awadh/ouster_ws/install/ouster_ros/lib:/home/awadh/ouster_ws/install/ouster_sensor_msgs/lib:/home/awadh/ros2_ws/install/my_robot_interfaces/lib:/home/awadh/sick_tim_ws/install/sick_tim/lib:/usr/lib/x86_64-linux-gnu/gazebo-11/plugins:/opt/ros/humble/opt/rviz_ogre_vendor/lib:/opt/ros/humble/lib/x86_64-linux-gnu:/opt/ros/humble/lib:/usr/share/gazebo/../../lib/x86_64-linux-gnu/gazebo-11/plugins /usr/bin/cmake --install /home/awadh/zed_ws/build/zed_rgb_convert
[3.384s] Level 1:colcon.colcon_core.environment:checking '/home/awadh/zed_ws/install/zed_rgb_convert' for CMake config files
[3.384s] Level 1:colcon.colcon_core.shell:create_environment_hook('zed_rgb_convert', 'cmake_prefix_path')
[3.384s] INFO:colcon.colcon_core.shell:Creating environment hook '/home/awadh/zed_ws/install/zed_rgb_convert/share/zed_rgb_convert/hook/cmake_prefix_path.ps1'
[3.385s] INFO:colcon.colcon_core.shell:Creating environment descriptor '/home/awadh/zed_ws/install/zed_rgb_convert/share/zed_rgb_convert/hook/cmake_prefix_path.dsv'
[3.385s] INFO:colcon.colcon_core.shell:Creating environment hook '/home/awadh/zed_ws/install/zed_rgb_convert/share/zed_rgb_convert/hook/cmake_prefix_path.sh'
[3.385s] Level 1:colcon.colcon_core.environment:checking '/home/awadh/zed_ws/install/zed_rgb_convert/lib'
[3.385s] Level 1:colcon.colcon_core.shell:create_environment_hook('zed_rgb_convert', 'ld_library_path_lib')
[3.386s] INFO:colcon.colcon_core.shell:Creating environment hook '/home/awadh/zed_ws/install/zed_rgb_convert/share/zed_rgb_convert/hook/ld_library_path_lib.ps1'
[3.386s] INFO:colcon.colcon_core.shell:Creating environment descriptor '/home/awadh/zed_ws/install/zed_rgb_convert/share/zed_rgb_convert/hook/ld_library_path_lib.dsv'
[3.386s] INFO:colcon.colcon_core.shell:Creating environment hook '/home/awadh/zed_ws/install/zed_rgb_convert/share/zed_rgb_convert/hook/ld_library_path_lib.sh'
[3.386s] Level 1:colcon.colcon_core.environment:checking '/home/awadh/zed_ws/install/zed_rgb_convert/bin'
[3.387s] Level 1:colcon.colcon_core.environment:checking '/home/awadh/zed_ws/install/zed_rgb_convert/lib/pkgconfig/zed_rgb_convert.pc'
[3.387s] Level 1:colcon.colcon_core.environment:checking '/home/awadh/zed_ws/install/zed_rgb_convert/lib/python3.10/site-packages'
[3.387s] Level 1:colcon.colcon_core.environment:checking '/home/awadh/zed_ws/install/zed_rgb_convert/bin'
[3.387s] INFO:colcon.colcon_core.shell:Creating package script '/home/awadh/zed_ws/install/zed_rgb_convert/share/zed_rgb_convert/package.ps1'
[3.388s] INFO:colcon.colcon_core.shell:Creating package descriptor '/home/awadh/zed_ws/install/zed_rgb_convert/share/zed_rgb_convert/package.dsv'
[3.388s] INFO:colcon.colcon_core.shell:Creating package script '/home/awadh/zed_ws/install/zed_rgb_convert/share/zed_rgb_convert/package.sh'
[3.388s] INFO:colcon.colcon_core.shell:Creating package script '/home/awadh/zed_ws/install/zed_rgb_convert/share/zed_rgb_convert/package.bash'
[3.388s] INFO:colcon.colcon_core.shell:Creating package script '/home/awadh/zed_ws/install/zed_rgb_convert/share/zed_rgb_convert/package.zsh'
[3.388s] Level 1:colcon.colcon_core.environment:create_file_with_runtime_dependencies(/home/awadh/zed_ws/install/zed_rgb_convert/share/colcon-core/packages/zed_rgb_convert)
[3.390s] Level 1:colcon.colcon_core.environment:create_environment_scripts_only(zed_wrapper)
[3.390s] Level 1:colcon.colcon_core.environment:checking '/home/awadh/zed_ws/install/zed_wrapper' for CMake module files
[3.390s] Level 1:colcon.colcon_core.environment:checking '/home/awadh/zed_ws/install/zed_wrapper' for CMake config files
[3.390s] Level 1:colcon.colcon_core.shell:create_environment_hook('zed_wrapper', 'cmake_prefix_path')
[3.391s] INFO:colcon.colcon_core.shell:Creating environment hook '/home/awadh/zed_ws/install/zed_wrapper/share/zed_wrapper/hook/cmake_prefix_path.ps1'
[3.391s] INFO:colcon.colcon_core.shell:Creating environment descriptor '/home/awadh/zed_ws/install/zed_wrapper/share/zed_wrapper/hook/cmake_prefix_path.dsv'
[3.391s] INFO:colcon.colcon_core.shell:Creating environment hook '/home/awadh/zed_ws/install/zed_wrapper/share/zed_wrapper/hook/cmake_prefix_path.sh'
[3.391s] Level 1:colcon.colcon_core.environment:checking '/home/awadh/zed_ws/install/zed_wrapper/lib'
[3.392s] Level 1:colcon.colcon_core.environment:checking '/home/awadh/zed_ws/install/zed_wrapper/bin'
[3.392s] Level 1:colcon.colcon_core.environment:checking '/home/awadh/zed_ws/install/zed_wrapper/lib/pkgconfig/zed_wrapper.pc'
[3.392s] Level 1:colcon.colcon_core.environment:checking '/home/awadh/zed_ws/install/zed_wrapper/lib/python3.10/site-packages'
[3.392s] Level 1:colcon.colcon_core.environment:checking '/home/awadh/zed_ws/install/zed_wrapper/bin'
[3.392s] INFO:colcon.colcon_core.shell:Creating package script '/home/awadh/zed_ws/install/zed_wrapper/share/zed_wrapper/package.ps1'
[3.393s] INFO:colcon.colcon_core.shell:Creating package descriptor '/home/awadh/zed_ws/install/zed_wrapper/share/zed_wrapper/package.dsv'
[3.393s] INFO:colcon.colcon_core.shell:Creating package script '/home/awadh/zed_ws/install/zed_wrapper/share/zed_wrapper/package.sh'
[3.393s] INFO:colcon.colcon_core.shell:Creating package script '/home/awadh/zed_ws/install/zed_wrapper/share/zed_wrapper/package.bash'
[3.393s] INFO:colcon.colcon_core.shell:Creating package script '/home/awadh/zed_ws/install/zed_wrapper/share/zed_wrapper/package.zsh'
[3.394s] Level 1:colcon.colcon_core.environment:create_file_with_runtime_dependencies(/home/awadh/zed_ws/install/zed_wrapper/share/colcon-core/packages/zed_wrapper)
[3.394s] INFO:colcon.colcon_ros.task.ament_cmake.build:Building ROS package in '/home/awadh/zed_ws/src/zed-ros2-examples/examples/zed_depth_to_laserscan' with build type 'ament_cmake'
[3.394s] INFO:colcon.colcon_cmake.task.cmake.build:Building CMake package in '/home/awadh/zed_ws/src/zed-ros2-examples/examples/zed_depth_to_laserscan'
[3.394s] INFO:colcon.colcon_core.shell:Skip shell extension 'powershell' for command environment: Not usable outside of PowerShell
[3.395s] DEBUG:colcon.colcon_core.shell:Skip shell extension 'dsv' for command environment
[3.402s] INFO:colcon.colcon_ros.task.ament_cmake.build:Building ROS package in '/home/awadh/zed_ws/src/zed-ros2-examples/zed_display_rviz2' with build type 'ament_cmake'
[3.402s] INFO:colcon.colcon_cmake.task.cmake.build:Building CMake package in '/home/awadh/zed_ws/src/zed-ros2-examples/zed_display_rviz2'
[3.402s] INFO:colcon.colcon_core.shell:Skip shell extension 'powershell' for command environment: Not usable outside of PowerShell
[3.402s] DEBUG:colcon.colcon_core.shell:Skip shell extension 'dsv' for command environment
[3.409s] INFO:colcon.colcon_ros.task.ament_cmake.build:Building ROS package in '/home/awadh/zed_ws/src/zed-ros2-examples/tutorials/zed_multi_camera' with build type 'ament_cmake'
[3.409s] INFO:colcon.colcon_cmake.task.cmake.build:Building CMake package in '/home/awadh/zed_ws/src/zed-ros2-examples/tutorials/zed_multi_camera'
[3.410s] INFO:colcon.colcon_core.shell:Skip shell extension 'powershell' for command environment: Not usable outside of PowerShell
[3.410s] DEBUG:colcon.colcon_core.shell:Skip shell extension 'dsv' for command environment
[3.419s] INFO:colcon.colcon_ros.task.ament_cmake.build:Building ROS package in '/home/awadh/zed_ws/src/zed-ros2-examples/tutorials/zed_robot_integration' with build type 'ament_cmake'
[3.419s] INFO:colcon.colcon_cmake.task.cmake.build:Building CMake package in '/home/awadh/zed_ws/src/zed-ros2-examples/tutorials/zed_robot_integration'
[3.419s] INFO:colcon.colcon_core.shell:Skip shell extension 'powershell' for command environment: Not usable outside of PowerShell
[3.419s] DEBUG:colcon.colcon_core.shell:Skip shell extension 'dsv' for command environment
[3.427s] INFO:colcon.colcon_ros.task.ament_cmake.build:Building ROS package in '/home/awadh/zed_ws/src/zed-ros2-wrapper/zed_ros2' with build type 'ament_cmake'
[3.428s] INFO:colcon.colcon_cmake.task.cmake.build:Building CMake package in '/home/awadh/zed_ws/src/zed-ros2-wrapper/zed_ros2'
[3.428s] INFO:colcon.colcon_core.shell:Skip shell extension 'powershell' for command environment: Not usable outside of PowerShell
[3.428s] DEBUG:colcon.colcon_core.shell:Skip shell extension 'dsv' for command environment
[3.437s] Level 1:colcon.colcon_core.environment:create_environment_scripts_only(zed_aruco_localization)
[3.438s] Level 1:colcon.colcon_core.environment:checking '/home/awadh/zed_ws/install/zed_aruco_localization' for CMake module files
[3.438s] Level 1:colcon.colcon_core.environment:checking '/home/awadh/zed_ws/install/zed_aruco_localization' for CMake config files
[3.438s] Level 1:colcon.colcon_core.shell:create_environment_hook('zed_aruco_localization', 'cmake_prefix_path')
[3.439s] INFO:colcon.colcon_core.shell:Creating environment hook '/home/awadh/zed_ws/install/zed_aruco_localization/share/zed_aruco_localization/hook/cmake_prefix_path.ps1'
[3.439s] INFO:colcon.colcon_core.shell:Creating environment descriptor '/home/awadh/zed_ws/install/zed_aruco_localization/share/zed_aruco_localization/hook/cmake_prefix_path.dsv'
[3.439s] INFO:colcon.colcon_core.shell:Creating environment hook '/home/awadh/zed_ws/install/zed_aruco_localization/share/zed_aruco_localization/hook/cmake_prefix_path.sh'
[3.440s] Level 1:colcon.colcon_core.environment:checking '/home/awadh/zed_ws/install/zed_aruco_localization/lib'
[3.440s] Level 1:colcon.colcon_core.shell:create_environment_hook('zed_aruco_localization', 'ld_library_path_lib')
[3.440s] INFO:colcon.colcon_core.shell:Creating environment hook '/home/awadh/zed_ws/install/zed_aruco_localization/share/zed_aruco_localization/hook/ld_library_path_lib.ps1'
[3.440s] INFO:colcon.colcon_core.shell:Creating environment descriptor '/home/awadh/zed_ws/install/zed_aruco_localization/share/zed_aruco_localization/hook/ld_library_path_lib.dsv'
[3.440s] INFO:colcon.colcon_core.shell:Creating environment hook '/home/awadh/zed_ws/install/zed_aruco_localization/share/zed_aruco_localization/hook/ld_library_path_lib.sh'
[3.441s] Level 1:colcon.colcon_core.environment:checking '/home/awadh/zed_ws/install/zed_aruco_localization/bin'
[3.441s] Level 1:colcon.colcon_core.environment:checking '/home/awadh/zed_ws/install/zed_aruco_localization/lib/pkgconfig/zed_aruco_localization.pc'
[3.441s] Level 1:colcon.colcon_core.environment:checking '/home/awadh/zed_ws/install/zed_aruco_localization/lib/python3.10/site-packages'
[3.441s] Level 1:colcon.colcon_core.environment:checking '/home/awadh/zed_ws/install/zed_aruco_localization/bin'
[3.441s] INFO:colcon.colcon_core.shell:Creating package script '/home/awadh/zed_ws/install/zed_aruco_localization/share/zed_aruco_localization/package.ps1'
[3.442s] INFO:colcon.colcon_core.shell:Creating package descriptor '/home/awadh/zed_ws/install/zed_aruco_localization/share/zed_aruco_localization/package.dsv'
[3.442s] INFO:colcon.colcon_core.shell:Creating package script '/home/awadh/zed_ws/install/zed_aruco_localization/share/zed_aruco_localization/package.sh'
[3.442s] INFO:colcon.colcon_core.shell:Creating package script '/home/awadh/zed_ws/install/zed_aruco_localization/share/zed_aruco_localization/package.bash'
[3.443s] INFO:colcon.colcon_core.shell:Creating package script '/home/awadh/zed_ws/install/zed_aruco_localization/share/zed_aruco_localization/package.zsh'
[3.443s] Level 1:colcon.colcon_core.environment:create_file_with_runtime_dependencies(/home/awadh/zed_ws/install/zed_aruco_localization/share/colcon-core/packages/zed_aruco_localization)
[3.444s] Level 1:colcon.colcon_core.environment:create_environment_scripts_only(zed_rgb_convert)
[3.444s] Level 1:colcon.colcon_core.environment:checking '/home/awadh/zed_ws/install/zed_rgb_convert' for CMake module files
[3.444s] Level 1:colcon.colcon_core.environment:checking '/home/awadh/zed_ws/install/zed_rgb_convert' for CMake config files
[3.444s] Level 1:colcon.colcon_core.shell:create_environment_hook('zed_rgb_convert', 'cmake_prefix_path')
[3.445s] INFO:colcon.colcon_core.shell:Creating environment hook '/home/awadh/zed_ws/install/zed_rgb_convert/share/zed_rgb_convert/hook/cmake_prefix_path.ps1'
[3.445s] INFO:colcon.colcon_core.shell:Creating environment descriptor '/home/awadh/zed_ws/install/zed_rgb_convert/share/zed_rgb_convert/hook/cmake_prefix_path.dsv'
[3.445s] INFO:colcon.colcon_core.shell:Creating environment hook '/home/awadh/zed_ws/install/zed_rgb_convert/share/zed_rgb_convert/hook/cmake_prefix_path.sh'
[3.445s] Level 1:colcon.colcon_core.environment:checking '/home/awadh/zed_ws/install/zed_rgb_convert/lib'
[3.445s] Level 1:colcon.colcon_core.shell:create_environment_hook('zed_rgb_convert', 'ld_library_path_lib')
[3.446s] INFO:colcon.colcon_core.shell:Creating environment hook '/home/awadh/zed_ws/install/zed_rgb_convert/share/zed_rgb_convert/hook/ld_library_path_lib.ps1'
[3.446s] INFO:colcon.colcon_core.shell:Creating environment descriptor '/home/awadh/zed_ws/install/zed_rgb_convert/share/zed_rgb_convert/hook/ld_library_path_lib.dsv'
[3.447s] INFO:colcon.colcon_core.shell:Creating environment hook '/home/awadh/zed_ws/install/zed_rgb_convert/share/zed_rgb_convert/hook/ld_library_path_lib.sh'
[3.447s] Level 1:colcon.colcon_core.environment:checking '/home/awadh/zed_ws/install/zed_rgb_convert/bin'
[3.447s] Level 1:colcon.colcon_core.environment:checking '/home/awadh/zed_ws/install/zed_rgb_convert/lib/pkgconfig/zed_rgb_convert.pc'
[3.447s] Level 1:colcon.colcon_core.environment:checking '/home/awadh/zed_ws/install/zed_rgb_convert/lib/python3.10/site-packages'
[3.447s] Level 1:colcon.colcon_core.environment:checking '/home/awadh/zed_ws/install/zed_rgb_convert/bin'
[3.447s] INFO:colcon.colcon_core.shell:Creating package script '/home/awadh/zed_ws/install/zed_rgb_convert/share/zed_rgb_convert/package.ps1'
[3.448s] INFO:colcon.colcon_core.shell:Creating package descriptor '/home/awadh/zed_ws/install/zed_rgb_convert/share/zed_rgb_convert/package.dsv'
[3.448s] INFO:colcon.colcon_core.shell:Creating package script '/home/awadh/zed_ws/install/zed_rgb_convert/share/zed_rgb_convert/package.sh'
[3.448s] INFO:colcon.colcon_core.shell:Creating package script '/home/awadh/zed_ws/install/zed_rgb_convert/share/zed_rgb_convert/package.bash'
[3.449s] INFO:colcon.colcon_core.shell:Creating package script '/home/awadh/zed_ws/install/zed_rgb_convert/share/zed_rgb_convert/package.zsh'
[3.449s] Level 1:colcon.colcon_core.environment:create_file_with_runtime_dependencies(/home/awadh/zed_ws/install/zed_rgb_convert/share/colcon-core/packages/zed_rgb_convert)
[3.452s] DEBUG:colcon.colcon_core.event_handler.log_command:Invoking command in '/home/awadh/zed_ws/build/zed_depth_to_laserscan': CMAKE_PREFIX_PATH=/home/awadh/zed_ws/install/zed_wrapper:/home/awadh/zed_ws/install/zed_components:/home/awadh/zed_ws/install/zed_interfaces:/home/awadh/gazebo_ws/install/yolov8_msgs:/home/awadh/gazebo_ws/install/yolobot_recognition:/home/awadh/gazebo_ws/install/yolobot_gazebo:/home/awadh/gazebo_ws/install/yolobot_description:/home/awadh/gazebo_ws/install/yolobot_control:/home/awadh/gazebo_ws/install/my_robot_bringup:/home/awadh/gazebo_ws/install/my_robot_description:/home/awadh/yolobot/install/yolov8_msgs:/home/awadh/yolobot/install/yolobot_recognition:/home/awadh/yolobot/install/yolobot_gazebo:/home/awadh/yolobot/install/yolobot_description:/home/awadh/yolobot/install/yolobot_control:/home/awadh/test2_ws/install/pcl_object_detection:/home/awadh/zed_ws/install/zed_ros2:/home/awadh/zed_ws/install/zed_robot_integration:/home/awadh/zed_ws/install/zed_multi_camera:/home/awadh/zed_ws/install/zed_display_rviz2:/home/awadh/zed_ws/install/zed_depth_to_laserscan:/home/awadh/zed_ws/install/zed_tutorial_video:/home/awadh/zed_ws/install/zed_tutorial_pos_tracking:/home/awadh/zed_ws/install/zed_tutorial_depth:/home/awadh/zed_ws/install/zed_topic_benchmark:/home/awadh/zed_ws/install/zed_topic_benchmark_component:/home/awadh/zed_ws/install/zed_topic_benchmark_interfaces:/home/awadh/zed_ws/install/zed_rgb_convert:/home/awadh/zed_ws/install/zed_aruco_localization:/home/awadh/zed_ws/install/rviz_plugin_zed_od:/home/awadh/ouster_ws/install/ouster_ros:/home/awadh/ouster_ws/install/ouster_sensor_msgs:/home/awadh/ros2_ws/install/my_robot_bringup:/home/awadh/ros2_ws/install/turtlesim_project_cpp:/home/awadh/ros2_ws/install/my_cpp_pkg:/home/awadh/ros2_ws/install/my_robot_interfaces:/home/awadh/gazebo_ws/install/ultralytics_ros2:/home/awadh/ros2_ws/install/turtlesim_catch_them_all:/home/awadh/ros2_ws/install/my_py_pkg:/opt/ros/humble:/home/awadh/sick_tim_ws/install/sick_tim LD_LIBRARY_PATH=/home/awadh/zed_ws/install/zed_components/lib:/home/awadh/zed_ws/install/zed_interfaces/lib:/home/awadh/gazebo_ws/install/yolov8_msgs/lib:/home/awadh/yolobot/install/yolov8_msgs/lib:/home/awadh/test2_ws/install/pcl_object_detection/lib:/home/awadh/zed_ws/install/zed_topic_benchmark_component/lib:/home/awadh/zed_ws/install/zed_topic_benchmark_interfaces/lib:/home/awadh/zed_ws/install/zed_rgb_convert/lib:/home/awadh/zed_ws/install/zed_aruco_localization/lib:/home/awadh/zed_ws/install/rviz_plugin_zed_od/lib:/home/awadh/ouster_ws/install/ouster_ros/lib:/home/awadh/ouster_ws/install/ouster_sensor_msgs/lib:/home/awadh/ros2_ws/install/my_robot_interfaces/lib:/home/awadh/sick_tim_ws/install/sick_tim/lib:/usr/lib/x86_64-linux-gnu/gazebo-11/plugins:/opt/ros/humble/opt/rviz_ogre_vendor/lib:/opt/ros/humble/lib/x86_64-linux-gnu:/opt/ros/humble/lib:/usr/share/gazebo/../../lib/x86_64-linux-gnu/gazebo-11/plugins /usr/bin/cmake --build /home/awadh/zed_ws/build/zed_depth_to_laserscan -- -j16 -l16
[3.455s] DEBUG:colcon.colcon_core.event_handler.log_command:Invoking command in '/home/awadh/zed_ws/build/zed_display_rviz2': CMAKE_PREFIX_PATH=/home/awadh/zed_ws/install/zed_wrapper:/home/awadh/zed_ws/install/zed_components:/home/awadh/zed_ws/install/zed_interfaces:/home/awadh/gazebo_ws/install/yolov8_msgs:/home/awadh/gazebo_ws/install/yolobot_recognition:/home/awadh/gazebo_ws/install/yolobot_gazebo:/home/awadh/gazebo_ws/install/yolobot_description:/home/awadh/gazebo_ws/install/yolobot_control:/home/awadh/gazebo_ws/install/my_robot_bringup:/home/awadh/gazebo_ws/install/my_robot_description:/home/awadh/yolobot/install/yolov8_msgs:/home/awadh/yolobot/install/yolobot_recognition:/home/awadh/yolobot/install/yolobot_gazebo:/home/awadh/yolobot/install/yolobot_description:/home/awadh/yolobot/install/yolobot_control:/home/awadh/test2_ws/install/pcl_object_detection:/home/awadh/zed_ws/install/zed_ros2:/home/awadh/zed_ws/install/zed_robot_integration:/home/awadh/zed_ws/install/zed_multi_camera:/home/awadh/zed_ws/install/zed_display_rviz2:/home/awadh/zed_ws/install/zed_depth_to_laserscan:/home/awadh/zed_ws/install/zed_tutorial_video:/home/awadh/zed_ws/install/zed_tutorial_pos_tracking:/home/awadh/zed_ws/install/zed_tutorial_depth:/home/awadh/zed_ws/install/zed_topic_benchmark:/home/awadh/zed_ws/install/zed_topic_benchmark_component:/home/awadh/zed_ws/install/zed_topic_benchmark_interfaces:/home/awadh/zed_ws/install/zed_rgb_convert:/home/awadh/zed_ws/install/zed_aruco_localization:/home/awadh/zed_ws/install/rviz_plugin_zed_od:/home/awadh/ouster_ws/install/ouster_ros:/home/awadh/ouster_ws/install/ouster_sensor_msgs:/home/awadh/ros2_ws/install/my_robot_bringup:/home/awadh/ros2_ws/install/turtlesim_project_cpp:/home/awadh/ros2_ws/install/my_cpp_pkg:/home/awadh/ros2_ws/install/my_robot_interfaces:/home/awadh/gazebo_ws/install/ultralytics_ros2:/home/awadh/ros2_ws/install/turtlesim_catch_them_all:/home/awadh/ros2_ws/install/my_py_pkg:/opt/ros/humble:/home/awadh/sick_tim_ws/install/sick_tim LD_LIBRARY_PATH=/home/awadh/zed_ws/install/zed_components/lib:/home/awadh/zed_ws/install/zed_interfaces/lib:/home/awadh/gazebo_ws/install/yolov8_msgs/lib:/home/awadh/yolobot/install/yolov8_msgs/lib:/home/awadh/test2_ws/install/pcl_object_detection/lib:/home/awadh/zed_ws/install/zed_topic_benchmark_component/lib:/home/awadh/zed_ws/install/zed_topic_benchmark_interfaces/lib:/home/awadh/zed_ws/install/zed_rgb_convert/lib:/home/awadh/zed_ws/install/zed_aruco_localization/lib:/home/awadh/zed_ws/install/rviz_plugin_zed_od/lib:/home/awadh/ouster_ws/install/ouster_ros/lib:/home/awadh/ouster_ws/install/ouster_sensor_msgs/lib:/home/awadh/ros2_ws/install/my_robot_interfaces/lib:/home/awadh/sick_tim_ws/install/sick_tim/lib:/usr/lib/x86_64-linux-gnu/gazebo-11/plugins:/opt/ros/humble/opt/rviz_ogre_vendor/lib:/opt/ros/humble/lib/x86_64-linux-gnu:/opt/ros/humble/lib:/usr/share/gazebo/../../lib/x86_64-linux-gnu/gazebo-11/plugins /usr/bin/cmake --build /home/awadh/zed_ws/build/zed_display_rviz2 -- -j16 -l16
[3.461s] DEBUG:colcon.colcon_core.event_handler.log_command:Invoking command in '/home/awadh/zed_ws/build/zed_multi_camera': CMAKE_PREFIX_PATH=/home/awadh/zed_ws/install/zed_wrapper:/home/awadh/zed_ws/install/zed_components:/home/awadh/zed_ws/install/zed_interfaces:/home/awadh/gazebo_ws/install/yolov8_msgs:/home/awadh/gazebo_ws/install/yolobot_recognition:/home/awadh/gazebo_ws/install/yolobot_gazebo:/home/awadh/gazebo_ws/install/yolobot_description:/home/awadh/gazebo_ws/install/yolobot_control:/home/awadh/gazebo_ws/install/my_robot_bringup:/home/awadh/gazebo_ws/install/my_robot_description:/home/awadh/yolobot/install/yolov8_msgs:/home/awadh/yolobot/install/yolobot_recognition:/home/awadh/yolobot/install/yolobot_gazebo:/home/awadh/yolobot/install/yolobot_description:/home/awadh/yolobot/install/yolobot_control:/home/awadh/test2_ws/install/pcl_object_detection:/home/awadh/zed_ws/install/zed_ros2:/home/awadh/zed_ws/install/zed_robot_integration:/home/awadh/zed_ws/install/zed_multi_camera:/home/awadh/zed_ws/install/zed_display_rviz2:/home/awadh/zed_ws/install/zed_depth_to_laserscan:/home/awadh/zed_ws/install/zed_tutorial_video:/home/awadh/zed_ws/install/zed_tutorial_pos_tracking:/home/awadh/zed_ws/install/zed_tutorial_depth:/home/awadh/zed_ws/install/zed_topic_benchmark:/home/awadh/zed_ws/install/zed_topic_benchmark_component:/home/awadh/zed_ws/install/zed_topic_benchmark_interfaces:/home/awadh/zed_ws/install/zed_rgb_convert:/home/awadh/zed_ws/install/zed_aruco_localization:/home/awadh/zed_ws/install/rviz_plugin_zed_od:/home/awadh/ouster_ws/install/ouster_ros:/home/awadh/ouster_ws/install/ouster_sensor_msgs:/home/awadh/ros2_ws/install/my_robot_bringup:/home/awadh/ros2_ws/install/turtlesim_project_cpp:/home/awadh/ros2_ws/install/my_cpp_pkg:/home/awadh/ros2_ws/install/my_robot_interfaces:/home/awadh/gazebo_ws/install/ultralytics_ros2:/home/awadh/ros2_ws/install/turtlesim_catch_them_all:/home/awadh/ros2_ws/install/my_py_pkg:/opt/ros/humble:/home/awadh/sick_tim_ws/install/sick_tim LD_LIBRARY_PATH=/home/awadh/zed_ws/install/zed_components/lib:/home/awadh/zed_ws/install/zed_interfaces/lib:/home/awadh/gazebo_ws/install/yolov8_msgs/lib:/home/awadh/yolobot/install/yolov8_msgs/lib:/home/awadh/test2_ws/install/pcl_object_detection/lib:/home/awadh/zed_ws/install/zed_topic_benchmark_component/lib:/home/awadh/zed_ws/install/zed_topic_benchmark_interfaces/lib:/home/awadh/zed_ws/install/zed_rgb_convert/lib:/home/awadh/zed_ws/install/zed_aruco_localization/lib:/home/awadh/zed_ws/install/rviz_plugin_zed_od/lib:/home/awadh/ouster_ws/install/ouster_ros/lib:/home/awadh/ouster_ws/install/ouster_sensor_msgs/lib:/home/awadh/ros2_ws/install/my_robot_interfaces/lib:/home/awadh/sick_tim_ws/install/sick_tim/lib:/usr/lib/x86_64-linux-gnu/gazebo-11/plugins:/opt/ros/humble/opt/rviz_ogre_vendor/lib:/opt/ros/humble/lib/x86_64-linux-gnu:/opt/ros/humble/lib:/usr/share/gazebo/../../lib/x86_64-linux-gnu/gazebo-11/plugins /usr/bin/cmake --build /home/awadh/zed_ws/build/zed_multi_camera -- -j16 -l16
[3.464s] DEBUG:colcon.colcon_core.event_handler.log_command:Invoking command in '/home/awadh/zed_ws/build/zed_robot_integration': CMAKE_PREFIX_PATH=/home/awadh/zed_ws/install/zed_wrapper:/home/awadh/zed_ws/install/zed_components:/home/awadh/zed_ws/install/zed_interfaces:/home/awadh/gazebo_ws/install/yolov8_msgs:/home/awadh/gazebo_ws/install/yolobot_recognition:/home/awadh/gazebo_ws/install/yolobot_gazebo:/home/awadh/gazebo_ws/install/yolobot_description:/home/awadh/gazebo_ws/install/yolobot_control:/home/awadh/gazebo_ws/install/my_robot_bringup:/home/awadh/gazebo_ws/install/my_robot_description:/home/awadh/yolobot/install/yolov8_msgs:/home/awadh/yolobot/install/yolobot_recognition:/home/awadh/yolobot/install/yolobot_gazebo:/home/awadh/yolobot/install/yolobot_description:/home/awadh/yolobot/install/yolobot_control:/home/awadh/test2_ws/install/pcl_object_detection:/home/awadh/zed_ws/install/zed_ros2:/home/awadh/zed_ws/install/zed_robot_integration:/home/awadh/zed_ws/install/zed_multi_camera:/home/awadh/zed_ws/install/zed_display_rviz2:/home/awadh/zed_ws/install/zed_depth_to_laserscan:/home/awadh/zed_ws/install/zed_tutorial_video:/home/awadh/zed_ws/install/zed_tutorial_pos_tracking:/home/awadh/zed_ws/install/zed_tutorial_depth:/home/awadh/zed_ws/install/zed_topic_benchmark:/home/awadh/zed_ws/install/zed_topic_benchmark_component:/home/awadh/zed_ws/install/zed_topic_benchmark_interfaces:/home/awadh/zed_ws/install/zed_rgb_convert:/home/awadh/zed_ws/install/zed_aruco_localization:/home/awadh/zed_ws/install/rviz_plugin_zed_od:/home/awadh/ouster_ws/install/ouster_ros:/home/awadh/ouster_ws/install/ouster_sensor_msgs:/home/awadh/ros2_ws/install/my_robot_bringup:/home/awadh/ros2_ws/install/turtlesim_project_cpp:/home/awadh/ros2_ws/install/my_cpp_pkg:/home/awadh/ros2_ws/install/my_robot_interfaces:/home/awadh/gazebo_ws/install/ultralytics_ros2:/home/awadh/ros2_ws/install/turtlesim_catch_them_all:/home/awadh/ros2_ws/install/my_py_pkg:/opt/ros/humble:/home/awadh/sick_tim_ws/install/sick_tim LD_LIBRARY_PATH=/home/awadh/zed_ws/install/zed_components/lib:/home/awadh/zed_ws/install/zed_interfaces/lib:/home/awadh/gazebo_ws/install/yolov8_msgs/lib:/home/awadh/yolobot/install/yolov8_msgs/lib:/home/awadh/test2_ws/install/pcl_object_detection/lib:/home/awadh/zed_ws/install/zed_topic_benchmark_component/lib:/home/awadh/zed_ws/install/zed_topic_benchmark_interfaces/lib:/home/awadh/zed_ws/install/zed_rgb_convert/lib:/home/awadh/zed_ws/install/zed_aruco_localization/lib:/home/awadh/zed_ws/install/rviz_plugin_zed_od/lib:/home/awadh/ouster_ws/install/ouster_ros/lib:/home/awadh/ouster_ws/install/ouster_sensor_msgs/lib:/home/awadh/ros2_ws/install/my_robot_interfaces/lib:/home/awadh/sick_tim_ws/install/sick_tim/lib:/usr/lib/x86_64-linux-gnu/gazebo-11/plugins:/opt/ros/humble/opt/rviz_ogre_vendor/lib:/opt/ros/humble/lib/x86_64-linux-gnu:/opt/ros/humble/lib:/usr/share/gazebo/../../lib/x86_64-linux-gnu/gazebo-11/plugins /usr/bin/cmake --build /home/awadh/zed_ws/build/zed_robot_integration -- -j16 -l16
[3.468s] DEBUG:colcon.colcon_core.event_handler.log_command:Invoking command in '/home/awadh/zed_ws/build/zed_ros2': CMAKE_PREFIX_PATH=/home/awadh/zed_ws/install/zed_wrapper:/home/awadh/zed_ws/install/zed_components:/home/awadh/zed_ws/install/zed_interfaces:/home/awadh/gazebo_ws/install/yolov8_msgs:/home/awadh/gazebo_ws/install/yolobot_recognition:/home/awadh/gazebo_ws/install/yolobot_gazebo:/home/awadh/gazebo_ws/install/yolobot_description:/home/awadh/gazebo_ws/install/yolobot_control:/home/awadh/gazebo_ws/install/my_robot_bringup:/home/awadh/gazebo_ws/install/my_robot_description:/home/awadh/yolobot/install/yolov8_msgs:/home/awadh/yolobot/install/yolobot_recognition:/home/awadh/yolobot/install/yolobot_gazebo:/home/awadh/yolobot/install/yolobot_description:/home/awadh/yolobot/install/yolobot_control:/home/awadh/test2_ws/install/pcl_object_detection:/home/awadh/zed_ws/install/zed_ros2:/home/awadh/zed_ws/install/zed_robot_integration:/home/awadh/zed_ws/install/zed_multi_camera:/home/awadh/zed_ws/install/zed_display_rviz2:/home/awadh/zed_ws/install/zed_depth_to_laserscan:/home/awadh/zed_ws/install/zed_tutorial_video:/home/awadh/zed_ws/install/zed_tutorial_pos_tracking:/home/awadh/zed_ws/install/zed_tutorial_depth:/home/awadh/zed_ws/install/zed_topic_benchmark:/home/awadh/zed_ws/install/zed_topic_benchmark_component:/home/awadh/zed_ws/install/zed_topic_benchmark_interfaces:/home/awadh/zed_ws/install/zed_rgb_convert:/home/awadh/zed_ws/install/zed_aruco_localization:/home/awadh/zed_ws/install/rviz_plugin_zed_od:/home/awadh/ouster_ws/install/ouster_ros:/home/awadh/ouster_ws/install/ouster_sensor_msgs:/home/awadh/ros2_ws/install/my_robot_bringup:/home/awadh/ros2_ws/install/turtlesim_project_cpp:/home/awadh/ros2_ws/install/my_cpp_pkg:/home/awadh/ros2_ws/install/my_robot_interfaces:/home/awadh/gazebo_ws/install/ultralytics_ros2:/home/awadh/ros2_ws/install/turtlesim_catch_them_all:/home/awadh/ros2_ws/install/my_py_pkg:/opt/ros/humble:/home/awadh/sick_tim_ws/install/sick_tim LD_LIBRARY_PATH=/home/awadh/zed_ws/install/zed_components/lib:/home/awadh/zed_ws/install/zed_interfaces/lib:/home/awadh/gazebo_ws/install/yolov8_msgs/lib:/home/awadh/yolobot/install/yolov8_msgs/lib:/home/awadh/test2_ws/install/pcl_object_detection/lib:/home/awadh/zed_ws/install/zed_topic_benchmark_component/lib:/home/awadh/zed_ws/install/zed_topic_benchmark_interfaces/lib:/home/awadh/zed_ws/install/zed_rgb_convert/lib:/home/awadh/zed_ws/install/zed_aruco_localization/lib:/home/awadh/zed_ws/install/rviz_plugin_zed_od/lib:/home/awadh/ouster_ws/install/ouster_ros/lib:/home/awadh/ouster_ws/install/ouster_sensor_msgs/lib:/home/awadh/ros2_ws/install/my_robot_interfaces/lib:/home/awadh/sick_tim_ws/install/sick_tim/lib:/usr/lib/x86_64-linux-gnu/gazebo-11/plugins:/opt/ros/humble/opt/rviz_ogre_vendor/lib:/opt/ros/humble/lib/x86_64-linux-gnu:/opt/ros/humble/lib:/usr/share/gazebo/../../lib/x86_64-linux-gnu/gazebo-11/plugins /usr/bin/cmake --build /home/awadh/zed_ws/build/zed_ros2 -- -j16 -l16
[3.499s] DEBUG:colcon.colcon_core.event_handler.log_command:Invoked command in '/home/awadh/zed_ws/build/zed_display_rviz2' returned '0': CMAKE_PREFIX_PATH=/home/awadh/zed_ws/install/zed_wrapper:/home/awadh/zed_ws/install/zed_components:/home/awadh/zed_ws/install/zed_interfaces:/home/awadh/gazebo_ws/install/yolov8_msgs:/home/awadh/gazebo_ws/install/yolobot_recognition:/home/awadh/gazebo_ws/install/yolobot_gazebo:/home/awadh/gazebo_ws/install/yolobot_description:/home/awadh/gazebo_ws/install/yolobot_control:/home/awadh/gazebo_ws/install/my_robot_bringup:/home/awadh/gazebo_ws/install/my_robot_description:/home/awadh/yolobot/install/yolov8_msgs:/home/awadh/yolobot/install/yolobot_recognition:/home/awadh/yolobot/install/yolobot_gazebo:/home/awadh/yolobot/install/yolobot_description:/home/awadh/yolobot/install/yolobot_control:/home/awadh/test2_ws/install/pcl_object_detection:/home/awadh/zed_ws/install/zed_ros2:/home/awadh/zed_ws/install/zed_robot_integration:/home/awadh/zed_ws/install/zed_multi_camera:/home/awadh/zed_ws/install/zed_display_rviz2:/home/awadh/zed_ws/install/zed_depth_to_laserscan:/home/awadh/zed_ws/install/zed_tutorial_video:/home/awadh/zed_ws/install/zed_tutorial_pos_tracking:/home/awadh/zed_ws/install/zed_tutorial_depth:/home/awadh/zed_ws/install/zed_topic_benchmark:/home/awadh/zed_ws/install/zed_topic_benchmark_component:/home/awadh/zed_ws/install/zed_topic_benchmark_interfaces:/home/awadh/zed_ws/install/zed_rgb_convert:/home/awadh/zed_ws/install/zed_aruco_localization:/home/awadh/zed_ws/install/rviz_plugin_zed_od:/home/awadh/ouster_ws/install/ouster_ros:/home/awadh/ouster_ws/install/ouster_sensor_msgs:/home/awadh/ros2_ws/install/my_robot_bringup:/home/awadh/ros2_ws/install/turtlesim_project_cpp:/home/awadh/ros2_ws/install/my_cpp_pkg:/home/awadh/ros2_ws/install/my_robot_interfaces:/home/awadh/gazebo_ws/install/ultralytics_ros2:/home/awadh/ros2_ws/install/turtlesim_catch_them_all:/home/awadh/ros2_ws/install/my_py_pkg:/opt/ros/humble:/home/awadh/sick_tim_ws/install/sick_tim LD_LIBRARY_PATH=/home/awadh/zed_ws/install/zed_components/lib:/home/awadh/zed_ws/install/zed_interfaces/lib:/home/awadh/gazebo_ws/install/yolov8_msgs/lib:/home/awadh/yolobot/install/yolov8_msgs/lib:/home/awadh/test2_ws/install/pcl_object_detection/lib:/home/awadh/zed_ws/install/zed_topic_benchmark_component/lib:/home/awadh/zed_ws/install/zed_topic_benchmark_interfaces/lib:/home/awadh/zed_ws/install/zed_rgb_convert/lib:/home/awadh/zed_ws/install/zed_aruco_localization/lib:/home/awadh/zed_ws/install/rviz_plugin_zed_od/lib:/home/awadh/ouster_ws/install/ouster_ros/lib:/home/awadh/ouster_ws/install/ouster_sensor_msgs/lib:/home/awadh/ros2_ws/install/my_robot_interfaces/lib:/home/awadh/sick_tim_ws/install/sick_tim/lib:/usr/lib/x86_64-linux-gnu/gazebo-11/plugins:/opt/ros/humble/opt/rviz_ogre_vendor/lib:/opt/ros/humble/lib/x86_64-linux-gnu:/opt/ros/humble/lib:/usr/share/gazebo/../../lib/x86_64-linux-gnu/gazebo-11/plugins /usr/bin/cmake --build /home/awadh/zed_ws/build/zed_display_rviz2 -- -j16 -l16
[3.502s] DEBUG:colcon.colcon_core.event_handler.log_command:Invoked command in '/home/awadh/zed_ws/build/zed_depth_to_laserscan' returned '0': CMAKE_PREFIX_PATH=/home/awadh/zed_ws/install/zed_wrapper:/home/awadh/zed_ws/install/zed_components:/home/awadh/zed_ws/install/zed_interfaces:/home/awadh/gazebo_ws/install/yolov8_msgs:/home/awadh/gazebo_ws/install/yolobot_recognition:/home/awadh/gazebo_ws/install/yolobot_gazebo:/home/awadh/gazebo_ws/install/yolobot_description:/home/awadh/gazebo_ws/install/yolobot_control:/home/awadh/gazebo_ws/install/my_robot_bringup:/home/awadh/gazebo_ws/install/my_robot_description:/home/awadh/yolobot/install/yolov8_msgs:/home/awadh/yolobot/install/yolobot_recognition:/home/awadh/yolobot/install/yolobot_gazebo:/home/awadh/yolobot/install/yolobot_description:/home/awadh/yolobot/install/yolobot_control:/home/awadh/test2_ws/install/pcl_object_detection:/home/awadh/zed_ws/install/zed_ros2:/home/awadh/zed_ws/install/zed_robot_integration:/home/awadh/zed_ws/install/zed_multi_camera:/home/awadh/zed_ws/install/zed_display_rviz2:/home/awadh/zed_ws/install/zed_depth_to_laserscan:/home/awadh/zed_ws/install/zed_tutorial_video:/home/awadh/zed_ws/install/zed_tutorial_pos_tracking:/home/awadh/zed_ws/install/zed_tutorial_depth:/home/awadh/zed_ws/install/zed_topic_benchmark:/home/awadh/zed_ws/install/zed_topic_benchmark_component:/home/awadh/zed_ws/install/zed_topic_benchmark_interfaces:/home/awadh/zed_ws/install/zed_rgb_convert:/home/awadh/zed_ws/install/zed_aruco_localization:/home/awadh/zed_ws/install/rviz_plugin_zed_od:/home/awadh/ouster_ws/install/ouster_ros:/home/awadh/ouster_ws/install/ouster_sensor_msgs:/home/awadh/ros2_ws/install/my_robot_bringup:/home/awadh/ros2_ws/install/turtlesim_project_cpp:/home/awadh/ros2_ws/install/my_cpp_pkg:/home/awadh/ros2_ws/install/my_robot_interfaces:/home/awadh/gazebo_ws/install/ultralytics_ros2:/home/awadh/ros2_ws/install/turtlesim_catch_them_all:/home/awadh/ros2_ws/install/my_py_pkg:/opt/ros/humble:/home/awadh/sick_tim_ws/install/sick_tim LD_LIBRARY_PATH=/home/awadh/zed_ws/install/zed_components/lib:/home/awadh/zed_ws/install/zed_interfaces/lib:/home/awadh/gazebo_ws/install/yolov8_msgs/lib:/home/awadh/yolobot/install/yolov8_msgs/lib:/home/awadh/test2_ws/install/pcl_object_detection/lib:/home/awadh/zed_ws/install/zed_topic_benchmark_component/lib:/home/awadh/zed_ws/install/zed_topic_benchmark_interfaces/lib:/home/awadh/zed_ws/install/zed_rgb_convert/lib:/home/awadh/zed_ws/install/zed_aruco_localization/lib:/home/awadh/zed_ws/install/rviz_plugin_zed_od/lib:/home/awadh/ouster_ws/install/ouster_ros/lib:/home/awadh/ouster_ws/install/ouster_sensor_msgs/lib:/home/awadh/ros2_ws/install/my_robot_interfaces/lib:/home/awadh/sick_tim_ws/install/sick_tim/lib:/usr/lib/x86_64-linux-gnu/gazebo-11/plugins:/opt/ros/humble/opt/rviz_ogre_vendor/lib:/opt/ros/humble/lib/x86_64-linux-gnu:/opt/ros/humble/lib:/usr/share/gazebo/../../lib/x86_64-linux-gnu/gazebo-11/plugins /usr/bin/cmake --build /home/awadh/zed_ws/build/zed_depth_to_laserscan -- -j16 -l16
[3.503s] DEBUG:colcon.colcon_core.event_handler.log_command:Invoked command in '/home/awadh/zed_ws/build/zed_multi_camera' returned '0': CMAKE_PREFIX_PATH=/home/awadh/zed_ws/install/zed_wrapper:/home/awadh/zed_ws/install/zed_components:/home/awadh/zed_ws/install/zed_interfaces:/home/awadh/gazebo_ws/install/yolov8_msgs:/home/awadh/gazebo_ws/install/yolobot_recognition:/home/awadh/gazebo_ws/install/yolobot_gazebo:/home/awadh/gazebo_ws/install/yolobot_description:/home/awadh/gazebo_ws/install/yolobot_control:/home/awadh/gazebo_ws/install/my_robot_bringup:/home/awadh/gazebo_ws/install/my_robot_description:/home/awadh/yolobot/install/yolov8_msgs:/home/awadh/yolobot/install/yolobot_recognition:/home/awadh/yolobot/install/yolobot_gazebo:/home/awadh/yolobot/install/yolobot_description:/home/awadh/yolobot/install/yolobot_control:/home/awadh/test2_ws/install/pcl_object_detection:/home/awadh/zed_ws/install/zed_ros2:/home/awadh/zed_ws/install/zed_robot_integration:/home/awadh/zed_ws/install/zed_multi_camera:/home/awadh/zed_ws/install/zed_display_rviz2:/home/awadh/zed_ws/install/zed_depth_to_laserscan:/home/awadh/zed_ws/install/zed_tutorial_video:/home/awadh/zed_ws/install/zed_tutorial_pos_tracking:/home/awadh/zed_ws/install/zed_tutorial_depth:/home/awadh/zed_ws/install/zed_topic_benchmark:/home/awadh/zed_ws/install/zed_topic_benchmark_component:/home/awadh/zed_ws/install/zed_topic_benchmark_interfaces:/home/awadh/zed_ws/install/zed_rgb_convert:/home/awadh/zed_ws/install/zed_aruco_localization:/home/awadh/zed_ws/install/rviz_plugin_zed_od:/home/awadh/ouster_ws/install/ouster_ros:/home/awadh/ouster_ws/install/ouster_sensor_msgs:/home/awadh/ros2_ws/install/my_robot_bringup:/home/awadh/ros2_ws/install/turtlesim_project_cpp:/home/awadh/ros2_ws/install/my_cpp_pkg:/home/awadh/ros2_ws/install/my_robot_interfaces:/home/awadh/gazebo_ws/install/ultralytics_ros2:/home/awadh/ros2_ws/install/turtlesim_catch_them_all:/home/awadh/ros2_ws/install/my_py_pkg:/opt/ros/humble:/home/awadh/sick_tim_ws/install/sick_tim LD_LIBRARY_PATH=/home/awadh/zed_ws/install/zed_components/lib:/home/awadh/zed_ws/install/zed_interfaces/lib:/home/awadh/gazebo_ws/install/yolov8_msgs/lib:/home/awadh/yolobot/install/yolov8_msgs/lib:/home/awadh/test2_ws/install/pcl_object_detection/lib:/home/awadh/zed_ws/install/zed_topic_benchmark_component/lib:/home/awadh/zed_ws/install/zed_topic_benchmark_interfaces/lib:/home/awadh/zed_ws/install/zed_rgb_convert/lib:/home/awadh/zed_ws/install/zed_aruco_localization/lib:/home/awadh/zed_ws/install/rviz_plugin_zed_od/lib:/home/awadh/ouster_ws/install/ouster_ros/lib:/home/awadh/ouster_ws/install/ouster_sensor_msgs/lib:/home/awadh/ros2_ws/install/my_robot_interfaces/lib:/home/awadh/sick_tim_ws/install/sick_tim/lib:/usr/lib/x86_64-linux-gnu/gazebo-11/plugins:/opt/ros/humble/opt/rviz_ogre_vendor/lib:/opt/ros/humble/lib/x86_64-linux-gnu:/opt/ros/humble/lib:/usr/share/gazebo/../../lib/x86_64-linux-gnu/gazebo-11/plugins /usr/bin/cmake --build /home/awadh/zed_ws/build/zed_multi_camera -- -j16 -l16
[3.505s] DEBUG:colcon.colcon_core.event_handler.log_command:Invoked command in '/home/awadh/zed_ws/build/zed_robot_integration' returned '0': CMAKE_PREFIX_PATH=/home/awadh/zed_ws/install/zed_wrapper:/home/awadh/zed_ws/install/zed_components:/home/awadh/zed_ws/install/zed_interfaces:/home/awadh/gazebo_ws/install/yolov8_msgs:/home/awadh/gazebo_ws/install/yolobot_recognition:/home/awadh/gazebo_ws/install/yolobot_gazebo:/home/awadh/gazebo_ws/install/yolobot_description:/home/awadh/gazebo_ws/install/yolobot_control:/home/awadh/gazebo_ws/install/my_robot_bringup:/home/awadh/gazebo_ws/install/my_robot_description:/home/awadh/yolobot/install/yolov8_msgs:/home/awadh/yolobot/install/yolobot_recognition:/home/awadh/yolobot/install/yolobot_gazebo:/home/awadh/yolobot/install/yolobot_description:/home/awadh/yolobot/install/yolobot_control:/home/awadh/test2_ws/install/pcl_object_detection:/home/awadh/zed_ws/install/zed_ros2:/home/awadh/zed_ws/install/zed_robot_integration:/home/awadh/zed_ws/install/zed_multi_camera:/home/awadh/zed_ws/install/zed_display_rviz2:/home/awadh/zed_ws/install/zed_depth_to_laserscan:/home/awadh/zed_ws/install/zed_tutorial_video:/home/awadh/zed_ws/install/zed_tutorial_pos_tracking:/home/awadh/zed_ws/install/zed_tutorial_depth:/home/awadh/zed_ws/install/zed_topic_benchmark:/home/awadh/zed_ws/install/zed_topic_benchmark_component:/home/awadh/zed_ws/install/zed_topic_benchmark_interfaces:/home/awadh/zed_ws/install/zed_rgb_convert:/home/awadh/zed_ws/install/zed_aruco_localization:/home/awadh/zed_ws/install/rviz_plugin_zed_od:/home/awadh/ouster_ws/install/ouster_ros:/home/awadh/ouster_ws/install/ouster_sensor_msgs:/home/awadh/ros2_ws/install/my_robot_bringup:/home/awadh/ros2_ws/install/turtlesim_project_cpp:/home/awadh/ros2_ws/install/my_cpp_pkg:/home/awadh/ros2_ws/install/my_robot_interfaces:/home/awadh/gazebo_ws/install/ultralytics_ros2:/home/awadh/ros2_ws/install/turtlesim_catch_them_all:/home/awadh/ros2_ws/install/my_py_pkg:/opt/ros/humble:/home/awadh/sick_tim_ws/install/sick_tim LD_LIBRARY_PATH=/home/awadh/zed_ws/install/zed_components/lib:/home/awadh/zed_ws/install/zed_interfaces/lib:/home/awadh/gazebo_ws/install/yolov8_msgs/lib:/home/awadh/yolobot/install/yolov8_msgs/lib:/home/awadh/test2_ws/install/pcl_object_detection/lib:/home/awadh/zed_ws/install/zed_topic_benchmark_component/lib:/home/awadh/zed_ws/install/zed_topic_benchmark_interfaces/lib:/home/awadh/zed_ws/install/zed_rgb_convert/lib:/home/awadh/zed_ws/install/zed_aruco_localization/lib:/home/awadh/zed_ws/install/rviz_plugin_zed_od/lib:/home/awadh/ouster_ws/install/ouster_ros/lib:/home/awadh/ouster_ws/install/ouster_sensor_msgs/lib:/home/awadh/ros2_ws/install/my_robot_interfaces/lib:/home/awadh/sick_tim_ws/install/sick_tim/lib:/usr/lib/x86_64-linux-gnu/gazebo-11/plugins:/opt/ros/humble/opt/rviz_ogre_vendor/lib:/opt/ros/humble/lib/x86_64-linux-gnu:/opt/ros/humble/lib:/usr/share/gazebo/../../lib/x86_64-linux-gnu/gazebo-11/plugins /usr/bin/cmake --build /home/awadh/zed_ws/build/zed_robot_integration -- -j16 -l16
[3.510s] DEBUG:colcon.colcon_core.event_handler.log_command:Invoked command in '/home/awadh/zed_ws/build/zed_ros2' returned '0': CMAKE_PREFIX_PATH=/home/awadh/zed_ws/install/zed_wrapper:/home/awadh/zed_ws/install/zed_components:/home/awadh/zed_ws/install/zed_interfaces:/home/awadh/gazebo_ws/install/yolov8_msgs:/home/awadh/gazebo_ws/install/yolobot_recognition:/home/awadh/gazebo_ws/install/yolobot_gazebo:/home/awadh/gazebo_ws/install/yolobot_description:/home/awadh/gazebo_ws/install/yolobot_control:/home/awadh/gazebo_ws/install/my_robot_bringup:/home/awadh/gazebo_ws/install/my_robot_description:/home/awadh/yolobot/install/yolov8_msgs:/home/awadh/yolobot/install/yolobot_recognition:/home/awadh/yolobot/install/yolobot_gazebo:/home/awadh/yolobot/install/yolobot_description:/home/awadh/yolobot/install/yolobot_control:/home/awadh/test2_ws/install/pcl_object_detection:/home/awadh/zed_ws/install/zed_ros2:/home/awadh/zed_ws/install/zed_robot_integration:/home/awadh/zed_ws/install/zed_multi_camera:/home/awadh/zed_ws/install/zed_display_rviz2:/home/awadh/zed_ws/install/zed_depth_to_laserscan:/home/awadh/zed_ws/install/zed_tutorial_video:/home/awadh/zed_ws/install/zed_tutorial_pos_tracking:/home/awadh/zed_ws/install/zed_tutorial_depth:/home/awadh/zed_ws/install/zed_topic_benchmark:/home/awadh/zed_ws/install/zed_topic_benchmark_component:/home/awadh/zed_ws/install/zed_topic_benchmark_interfaces:/home/awadh/zed_ws/install/zed_rgb_convert:/home/awadh/zed_ws/install/zed_aruco_localization:/home/awadh/zed_ws/install/rviz_plugin_zed_od:/home/awadh/ouster_ws/install/ouster_ros:/home/awadh/ouster_ws/install/ouster_sensor_msgs:/home/awadh/ros2_ws/install/my_robot_bringup:/home/awadh/ros2_ws/install/turtlesim_project_cpp:/home/awadh/ros2_ws/install/my_cpp_pkg:/home/awadh/ros2_ws/install/my_robot_interfaces:/home/awadh/gazebo_ws/install/ultralytics_ros2:/home/awadh/ros2_ws/install/turtlesim_catch_them_all:/home/awadh/ros2_ws/install/my_py_pkg:/opt/ros/humble:/home/awadh/sick_tim_ws/install/sick_tim LD_LIBRARY_PATH=/home/awadh/zed_ws/install/zed_components/lib:/home/awadh/zed_ws/install/zed_interfaces/lib:/home/awadh/gazebo_ws/install/yolov8_msgs/lib:/home/awadh/yolobot/install/yolov8_msgs/lib:/home/awadh/test2_ws/install/pcl_object_detection/lib:/home/awadh/zed_ws/install/zed_topic_benchmark_component/lib:/home/awadh/zed_ws/install/zed_topic_benchmark_interfaces/lib:/home/awadh/zed_ws/install/zed_rgb_convert/lib:/home/awadh/zed_ws/install/zed_aruco_localization/lib:/home/awadh/zed_ws/install/rviz_plugin_zed_od/lib:/home/awadh/ouster_ws/install/ouster_ros/lib:/home/awadh/ouster_ws/install/ouster_sensor_msgs/lib:/home/awadh/ros2_ws/install/my_robot_interfaces/lib:/home/awadh/sick_tim_ws/install/sick_tim/lib:/usr/lib/x86_64-linux-gnu/gazebo-11/plugins:/opt/ros/humble/opt/rviz_ogre_vendor/lib:/opt/ros/humble/lib/x86_64-linux-gnu:/opt/ros/humble/lib:/usr/share/gazebo/../../lib/x86_64-linux-gnu/gazebo-11/plugins /usr/bin/cmake --build /home/awadh/zed_ws/build/zed_ros2 -- -j16 -l16
[3.535s] DEBUG:colcon.colcon_core.event_handler.log_command:Invoking command in '/home/awadh/zed_ws/build/zed_display_rviz2': CMAKE_PREFIX_PATH=/home/awadh/zed_ws/install/zed_wrapper:/home/awadh/zed_ws/install/zed_components:/home/awadh/zed_ws/install/zed_interfaces:/home/awadh/gazebo_ws/install/yolov8_msgs:/home/awadh/gazebo_ws/install/yolobot_recognition:/home/awadh/gazebo_ws/install/yolobot_gazebo:/home/awadh/gazebo_ws/install/yolobot_description:/home/awadh/gazebo_ws/install/yolobot_control:/home/awadh/gazebo_ws/install/my_robot_bringup:/home/awadh/gazebo_ws/install/my_robot_description:/home/awadh/yolobot/install/yolov8_msgs:/home/awadh/yolobot/install/yolobot_recognition:/home/awadh/yolobot/install/yolobot_gazebo:/home/awadh/yolobot/install/yolobot_description:/home/awadh/yolobot/install/yolobot_control:/home/awadh/test2_ws/install/pcl_object_detection:/home/awadh/zed_ws/install/zed_ros2:/home/awadh/zed_ws/install/zed_robot_integration:/home/awadh/zed_ws/install/zed_multi_camera:/home/awadh/zed_ws/install/zed_display_rviz2:/home/awadh/zed_ws/install/zed_depth_to_laserscan:/home/awadh/zed_ws/install/zed_tutorial_video:/home/awadh/zed_ws/install/zed_tutorial_pos_tracking:/home/awadh/zed_ws/install/zed_tutorial_depth:/home/awadh/zed_ws/install/zed_topic_benchmark:/home/awadh/zed_ws/install/zed_topic_benchmark_component:/home/awadh/zed_ws/install/zed_topic_benchmark_interfaces:/home/awadh/zed_ws/install/zed_rgb_convert:/home/awadh/zed_ws/install/zed_aruco_localization:/home/awadh/zed_ws/install/rviz_plugin_zed_od:/home/awadh/ouster_ws/install/ouster_ros:/home/awadh/ouster_ws/install/ouster_sensor_msgs:/home/awadh/ros2_ws/install/my_robot_bringup:/home/awadh/ros2_ws/install/turtlesim_project_cpp:/home/awadh/ros2_ws/install/my_cpp_pkg:/home/awadh/ros2_ws/install/my_robot_interfaces:/home/awadh/gazebo_ws/install/ultralytics_ros2:/home/awadh/ros2_ws/install/turtlesim_catch_them_all:/home/awadh/ros2_ws/install/my_py_pkg:/opt/ros/humble:/home/awadh/sick_tim_ws/install/sick_tim LD_LIBRARY_PATH=/home/awadh/zed_ws/install/zed_components/lib:/home/awadh/zed_ws/install/zed_interfaces/lib:/home/awadh/gazebo_ws/install/yolov8_msgs/lib:/home/awadh/yolobot/install/yolov8_msgs/lib:/home/awadh/test2_ws/install/pcl_object_detection/lib:/home/awadh/zed_ws/install/zed_topic_benchmark_component/lib:/home/awadh/zed_ws/install/zed_topic_benchmark_interfaces/lib:/home/awadh/zed_ws/install/zed_rgb_convert/lib:/home/awadh/zed_ws/install/zed_aruco_localization/lib:/home/awadh/zed_ws/install/rviz_plugin_zed_od/lib:/home/awadh/ouster_ws/install/ouster_ros/lib:/home/awadh/ouster_ws/install/ouster_sensor_msgs/lib:/home/awadh/ros2_ws/install/my_robot_interfaces/lib:/home/awadh/sick_tim_ws/install/sick_tim/lib:/usr/lib/x86_64-linux-gnu/gazebo-11/plugins:/opt/ros/humble/opt/rviz_ogre_vendor/lib:/opt/ros/humble/lib/x86_64-linux-gnu:/opt/ros/humble/lib:/usr/share/gazebo/../../lib/x86_64-linux-gnu/gazebo-11/plugins /usr/bin/cmake --install /home/awadh/zed_ws/build/zed_display_rviz2
[3.537s] DEBUG:colcon.colcon_core.event_handler.log_command:Invoking command in '/home/awadh/zed_ws/build/zed_depth_to_laserscan': CMAKE_PREFIX_PATH=/home/awadh/zed_ws/install/zed_wrapper:/home/awadh/zed_ws/install/zed_components:/home/awadh/zed_ws/install/zed_interfaces:/home/awadh/gazebo_ws/install/yolov8_msgs:/home/awadh/gazebo_ws/install/yolobot_recognition:/home/awadh/gazebo_ws/install/yolobot_gazebo:/home/awadh/gazebo_ws/install/yolobot_description:/home/awadh/gazebo_ws/install/yolobot_control:/home/awadh/gazebo_ws/install/my_robot_bringup:/home/awadh/gazebo_ws/install/my_robot_description:/home/awadh/yolobot/install/yolov8_msgs:/home/awadh/yolobot/install/yolobot_recognition:/home/awadh/yolobot/install/yolobot_gazebo:/home/awadh/yolobot/install/yolobot_description:/home/awadh/yolobot/install/yolobot_control:/home/awadh/test2_ws/install/pcl_object_detection:/home/awadh/zed_ws/install/zed_ros2:/home/awadh/zed_ws/install/zed_robot_integration:/home/awadh/zed_ws/install/zed_multi_camera:/home/awadh/zed_ws/install/zed_display_rviz2:/home/awadh/zed_ws/install/zed_depth_to_laserscan:/home/awadh/zed_ws/install/zed_tutorial_video:/home/awadh/zed_ws/install/zed_tutorial_pos_tracking:/home/awadh/zed_ws/install/zed_tutorial_depth:/home/awadh/zed_ws/install/zed_topic_benchmark:/home/awadh/zed_ws/install/zed_topic_benchmark_component:/home/awadh/zed_ws/install/zed_topic_benchmark_interfaces:/home/awadh/zed_ws/install/zed_rgb_convert:/home/awadh/zed_ws/install/zed_aruco_localization:/home/awadh/zed_ws/install/rviz_plugin_zed_od:/home/awadh/ouster_ws/install/ouster_ros:/home/awadh/ouster_ws/install/ouster_sensor_msgs:/home/awadh/ros2_ws/install/my_robot_bringup:/home/awadh/ros2_ws/install/turtlesim_project_cpp:/home/awadh/ros2_ws/install/my_cpp_pkg:/home/awadh/ros2_ws/install/my_robot_interfaces:/home/awadh/gazebo_ws/install/ultralytics_ros2:/home/awadh/ros2_ws/install/turtlesim_catch_them_all:/home/awadh/ros2_ws/install/my_py_pkg:/opt/ros/humble:/home/awadh/sick_tim_ws/install/sick_tim LD_LIBRARY_PATH=/home/awadh/zed_ws/install/zed_components/lib:/home/awadh/zed_ws/install/zed_interfaces/lib:/home/awadh/gazebo_ws/install/yolov8_msgs/lib:/home/awadh/yolobot/install/yolov8_msgs/lib:/home/awadh/test2_ws/install/pcl_object_detection/lib:/home/awadh/zed_ws/install/zed_topic_benchmark_component/lib:/home/awadh/zed_ws/install/zed_topic_benchmark_interfaces/lib:/home/awadh/zed_ws/install/zed_rgb_convert/lib:/home/awadh/zed_ws/install/zed_aruco_localization/lib:/home/awadh/zed_ws/install/rviz_plugin_zed_od/lib:/home/awadh/ouster_ws/install/ouster_ros/lib:/home/awadh/ouster_ws/install/ouster_sensor_msgs/lib:/home/awadh/ros2_ws/install/my_robot_interfaces/lib:/home/awadh/sick_tim_ws/install/sick_tim/lib:/usr/lib/x86_64-linux-gnu/gazebo-11/plugins:/opt/ros/humble/opt/rviz_ogre_vendor/lib:/opt/ros/humble/lib/x86_64-linux-gnu:/opt/ros/humble/lib:/usr/share/gazebo/../../lib/x86_64-linux-gnu/gazebo-11/plugins /usr/bin/cmake --install /home/awadh/zed_ws/build/zed_depth_to_laserscan
[3.539s] DEBUG:colcon.colcon_core.event_handler.log_command:Invoking command in '/home/awadh/zed_ws/build/zed_robot_integration': CMAKE_PREFIX_PATH=/home/awadh/zed_ws/install/zed_wrapper:/home/awadh/zed_ws/install/zed_components:/home/awadh/zed_ws/install/zed_interfaces:/home/awadh/gazebo_ws/install/yolov8_msgs:/home/awadh/gazebo_ws/install/yolobot_recognition:/home/awadh/gazebo_ws/install/yolobot_gazebo:/home/awadh/gazebo_ws/install/yolobot_description:/home/awadh/gazebo_ws/install/yolobot_control:/home/awadh/gazebo_ws/install/my_robot_bringup:/home/awadh/gazebo_ws/install/my_robot_description:/home/awadh/yolobot/install/yolov8_msgs:/home/awadh/yolobot/install/yolobot_recognition:/home/awadh/yolobot/install/yolobot_gazebo:/home/awadh/yolobot/install/yolobot_description:/home/awadh/yolobot/install/yolobot_control:/home/awadh/test2_ws/install/pcl_object_detection:/home/awadh/zed_ws/install/zed_ros2:/home/awadh/zed_ws/install/zed_robot_integration:/home/awadh/zed_ws/install/zed_multi_camera:/home/awadh/zed_ws/install/zed_display_rviz2:/home/awadh/zed_ws/install/zed_depth_to_laserscan:/home/awadh/zed_ws/install/zed_tutorial_video:/home/awadh/zed_ws/install/zed_tutorial_pos_tracking:/home/awadh/zed_ws/install/zed_tutorial_depth:/home/awadh/zed_ws/install/zed_topic_benchmark:/home/awadh/zed_ws/install/zed_topic_benchmark_component:/home/awadh/zed_ws/install/zed_topic_benchmark_interfaces:/home/awadh/zed_ws/install/zed_rgb_convert:/home/awadh/zed_ws/install/zed_aruco_localization:/home/awadh/zed_ws/install/rviz_plugin_zed_od:/home/awadh/ouster_ws/install/ouster_ros:/home/awadh/ouster_ws/install/ouster_sensor_msgs:/home/awadh/ros2_ws/install/my_robot_bringup:/home/awadh/ros2_ws/install/turtlesim_project_cpp:/home/awadh/ros2_ws/install/my_cpp_pkg:/home/awadh/ros2_ws/install/my_robot_interfaces:/home/awadh/gazebo_ws/install/ultralytics_ros2:/home/awadh/ros2_ws/install/turtlesim_catch_them_all:/home/awadh/ros2_ws/install/my_py_pkg:/opt/ros/humble:/home/awadh/sick_tim_ws/install/sick_tim LD_LIBRARY_PATH=/home/awadh/zed_ws/install/zed_components/lib:/home/awadh/zed_ws/install/zed_interfaces/lib:/home/awadh/gazebo_ws/install/yolov8_msgs/lib:/home/awadh/yolobot/install/yolov8_msgs/lib:/home/awadh/test2_ws/install/pcl_object_detection/lib:/home/awadh/zed_ws/install/zed_topic_benchmark_component/lib:/home/awadh/zed_ws/install/zed_topic_benchmark_interfaces/lib:/home/awadh/zed_ws/install/zed_rgb_convert/lib:/home/awadh/zed_ws/install/zed_aruco_localization/lib:/home/awadh/zed_ws/install/rviz_plugin_zed_od/lib:/home/awadh/ouster_ws/install/ouster_ros/lib:/home/awadh/ouster_ws/install/ouster_sensor_msgs/lib:/home/awadh/ros2_ws/install/my_robot_interfaces/lib:/home/awadh/sick_tim_ws/install/sick_tim/lib:/usr/lib/x86_64-linux-gnu/gazebo-11/plugins:/opt/ros/humble/opt/rviz_ogre_vendor/lib:/opt/ros/humble/lib/x86_64-linux-gnu:/opt/ros/humble/lib:/usr/share/gazebo/../../lib/x86_64-linux-gnu/gazebo-11/plugins /usr/bin/cmake --install /home/awadh/zed_ws/build/zed_robot_integration
[3.541s] DEBUG:colcon.colcon_core.event_handler.log_command:Invoking command in '/home/awadh/zed_ws/build/zed_multi_camera': CMAKE_PREFIX_PATH=/home/awadh/zed_ws/install/zed_wrapper:/home/awadh/zed_ws/install/zed_components:/home/awadh/zed_ws/install/zed_interfaces:/home/awadh/gazebo_ws/install/yolov8_msgs:/home/awadh/gazebo_ws/install/yolobot_recognition:/home/awadh/gazebo_ws/install/yolobot_gazebo:/home/awadh/gazebo_ws/install/yolobot_description:/home/awadh/gazebo_ws/install/yolobot_control:/home/awadh/gazebo_ws/install/my_robot_bringup:/home/awadh/gazebo_ws/install/my_robot_description:/home/awadh/yolobot/install/yolov8_msgs:/home/awadh/yolobot/install/yolobot_recognition:/home/awadh/yolobot/install/yolobot_gazebo:/home/awadh/yolobot/install/yolobot_description:/home/awadh/yolobot/install/yolobot_control:/home/awadh/test2_ws/install/pcl_object_detection:/home/awadh/zed_ws/install/zed_ros2:/home/awadh/zed_ws/install/zed_robot_integration:/home/awadh/zed_ws/install/zed_multi_camera:/home/awadh/zed_ws/install/zed_display_rviz2:/home/awadh/zed_ws/install/zed_depth_to_laserscan:/home/awadh/zed_ws/install/zed_tutorial_video:/home/awadh/zed_ws/install/zed_tutorial_pos_tracking:/home/awadh/zed_ws/install/zed_tutorial_depth:/home/awadh/zed_ws/install/zed_topic_benchmark:/home/awadh/zed_ws/install/zed_topic_benchmark_component:/home/awadh/zed_ws/install/zed_topic_benchmark_interfaces:/home/awadh/zed_ws/install/zed_rgb_convert:/home/awadh/zed_ws/install/zed_aruco_localization:/home/awadh/zed_ws/install/rviz_plugin_zed_od:/home/awadh/ouster_ws/install/ouster_ros:/home/awadh/ouster_ws/install/ouster_sensor_msgs:/home/awadh/ros2_ws/install/my_robot_bringup:/home/awadh/ros2_ws/install/turtlesim_project_cpp:/home/awadh/ros2_ws/install/my_cpp_pkg:/home/awadh/ros2_ws/install/my_robot_interfaces:/home/awadh/gazebo_ws/install/ultralytics_ros2:/home/awadh/ros2_ws/install/turtlesim_catch_them_all:/home/awadh/ros2_ws/install/my_py_pkg:/opt/ros/humble:/home/awadh/sick_tim_ws/install/sick_tim LD_LIBRARY_PATH=/home/awadh/zed_ws/install/zed_components/lib:/home/awadh/zed_ws/install/zed_interfaces/lib:/home/awadh/gazebo_ws/install/yolov8_msgs/lib:/home/awadh/yolobot/install/yolov8_msgs/lib:/home/awadh/test2_ws/install/pcl_object_detection/lib:/home/awadh/zed_ws/install/zed_topic_benchmark_component/lib:/home/awadh/zed_ws/install/zed_topic_benchmark_interfaces/lib:/home/awadh/zed_ws/install/zed_rgb_convert/lib:/home/awadh/zed_ws/install/zed_aruco_localization/lib:/home/awadh/zed_ws/install/rviz_plugin_zed_od/lib:/home/awadh/ouster_ws/install/ouster_ros/lib:/home/awadh/ouster_ws/install/ouster_sensor_msgs/lib:/home/awadh/ros2_ws/install/my_robot_interfaces/lib:/home/awadh/sick_tim_ws/install/sick_tim/lib:/usr/lib/x86_64-linux-gnu/gazebo-11/plugins:/opt/ros/humble/opt/rviz_ogre_vendor/lib:/opt/ros/humble/lib/x86_64-linux-gnu:/opt/ros/humble/lib:/usr/share/gazebo/../../lib/x86_64-linux-gnu/gazebo-11/plugins /usr/bin/cmake --install /home/awadh/zed_ws/build/zed_multi_camera
[3.550s] DEBUG:colcon.colcon_core.event_handler.log_command:Invoking command in '/home/awadh/zed_ws/build/zed_ros2': CMAKE_PREFIX_PATH=/home/awadh/zed_ws/install/zed_wrapper:/home/awadh/zed_ws/install/zed_components:/home/awadh/zed_ws/install/zed_interfaces:/home/awadh/gazebo_ws/install/yolov8_msgs:/home/awadh/gazebo_ws/install/yolobot_recognition:/home/awadh/gazebo_ws/install/yolobot_gazebo:/home/awadh/gazebo_ws/install/yolobot_description:/home/awadh/gazebo_ws/install/yolobot_control:/home/awadh/gazebo_ws/install/my_robot_bringup:/home/awadh/gazebo_ws/install/my_robot_description:/home/awadh/yolobot/install/yolov8_msgs:/home/awadh/yolobot/install/yolobot_recognition:/home/awadh/yolobot/install/yolobot_gazebo:/home/awadh/yolobot/install/yolobot_description:/home/awadh/yolobot/install/yolobot_control:/home/awadh/test2_ws/install/pcl_object_detection:/home/awadh/zed_ws/install/zed_ros2:/home/awadh/zed_ws/install/zed_robot_integration:/home/awadh/zed_ws/install/zed_multi_camera:/home/awadh/zed_ws/install/zed_display_rviz2:/home/awadh/zed_ws/install/zed_depth_to_laserscan:/home/awadh/zed_ws/install/zed_tutorial_video:/home/awadh/zed_ws/install/zed_tutorial_pos_tracking:/home/awadh/zed_ws/install/zed_tutorial_depth:/home/awadh/zed_ws/install/zed_topic_benchmark:/home/awadh/zed_ws/install/zed_topic_benchmark_component:/home/awadh/zed_ws/install/zed_topic_benchmark_interfaces:/home/awadh/zed_ws/install/zed_rgb_convert:/home/awadh/zed_ws/install/zed_aruco_localization:/home/awadh/zed_ws/install/rviz_plugin_zed_od:/home/awadh/ouster_ws/install/ouster_ros:/home/awadh/ouster_ws/install/ouster_sensor_msgs:/home/awadh/ros2_ws/install/my_robot_bringup:/home/awadh/ros2_ws/install/turtlesim_project_cpp:/home/awadh/ros2_ws/install/my_cpp_pkg:/home/awadh/ros2_ws/install/my_robot_interfaces:/home/awadh/gazebo_ws/install/ultralytics_ros2:/home/awadh/ros2_ws/install/turtlesim_catch_them_all:/home/awadh/ros2_ws/install/my_py_pkg:/opt/ros/humble:/home/awadh/sick_tim_ws/install/sick_tim LD_LIBRARY_PATH=/home/awadh/zed_ws/install/zed_components/lib:/home/awadh/zed_ws/install/zed_interfaces/lib:/home/awadh/gazebo_ws/install/yolov8_msgs/lib:/home/awadh/yolobot/install/yolov8_msgs/lib:/home/awadh/test2_ws/install/pcl_object_detection/lib:/home/awadh/zed_ws/install/zed_topic_benchmark_component/lib:/home/awadh/zed_ws/install/zed_topic_benchmark_interfaces/lib:/home/awadh/zed_ws/install/zed_rgb_convert/lib:/home/awadh/zed_ws/install/zed_aruco_localization/lib:/home/awadh/zed_ws/install/rviz_plugin_zed_od/lib:/home/awadh/ouster_ws/install/ouster_ros/lib:/home/awadh/ouster_ws/install/ouster_sensor_msgs/lib:/home/awadh/ros2_ws/install/my_robot_interfaces/lib:/home/awadh/sick_tim_ws/install/sick_tim/lib:/usr/lib/x86_64-linux-gnu/gazebo-11/plugins:/opt/ros/humble/opt/rviz_ogre_vendor/lib:/opt/ros/humble/lib/x86_64-linux-gnu:/opt/ros/humble/lib:/usr/share/gazebo/../../lib/x86_64-linux-gnu/gazebo-11/plugins /usr/bin/cmake --install /home/awadh/zed_ws/build/zed_ros2
[3.550s] Level 1:colcon.colcon_core.environment:create_environment_scripts_only(zed_depth_to_laserscan)
[3.551s] Level 1:colcon.colcon_core.environment:checking '/home/awadh/zed_ws/install/zed_depth_to_laserscan' for CMake module files
[3.555s] DEBUG:colcon.colcon_core.event_handler.log_command:Invoked command in '/home/awadh/zed_ws/build/zed_depth_to_laserscan' returned '0': CMAKE_PREFIX_PATH=/home/awadh/zed_ws/install/zed_wrapper:/home/awadh/zed_ws/install/zed_components:/home/awadh/zed_ws/install/zed_interfaces:/home/awadh/gazebo_ws/install/yolov8_msgs:/home/awadh/gazebo_ws/install/yolobot_recognition:/home/awadh/gazebo_ws/install/yolobot_gazebo:/home/awadh/gazebo_ws/install/yolobot_description:/home/awadh/gazebo_ws/install/yolobot_control:/home/awadh/gazebo_ws/install/my_robot_bringup:/home/awadh/gazebo_ws/install/my_robot_description:/home/awadh/yolobot/install/yolov8_msgs:/home/awadh/yolobot/install/yolobot_recognition:/home/awadh/yolobot/install/yolobot_gazebo:/home/awadh/yolobot/install/yolobot_description:/home/awadh/yolobot/install/yolobot_control:/home/awadh/test2_ws/install/pcl_object_detection:/home/awadh/zed_ws/install/zed_ros2:/home/awadh/zed_ws/install/zed_robot_integration:/home/awadh/zed_ws/install/zed_multi_camera:/home/awadh/zed_ws/install/zed_display_rviz2:/home/awadh/zed_ws/install/zed_depth_to_laserscan:/home/awadh/zed_ws/install/zed_tutorial_video:/home/awadh/zed_ws/install/zed_tutorial_pos_tracking:/home/awadh/zed_ws/install/zed_tutorial_depth:/home/awadh/zed_ws/install/zed_topic_benchmark:/home/awadh/zed_ws/install/zed_topic_benchmark_component:/home/awadh/zed_ws/install/zed_topic_benchmark_interfaces:/home/awadh/zed_ws/install/zed_rgb_convert:/home/awadh/zed_ws/install/zed_aruco_localization:/home/awadh/zed_ws/install/rviz_plugin_zed_od:/home/awadh/ouster_ws/install/ouster_ros:/home/awadh/ouster_ws/install/ouster_sensor_msgs:/home/awadh/ros2_ws/install/my_robot_bringup:/home/awadh/ros2_ws/install/turtlesim_project_cpp:/home/awadh/ros2_ws/install/my_cpp_pkg:/home/awadh/ros2_ws/install/my_robot_interfaces:/home/awadh/gazebo_ws/install/ultralytics_ros2:/home/awadh/ros2_ws/install/turtlesim_catch_them_all:/home/awadh/ros2_ws/install/my_py_pkg:/opt/ros/humble:/home/awadh/sick_tim_ws/install/sick_tim LD_LIBRARY_PATH=/home/awadh/zed_ws/install/zed_components/lib:/home/awadh/zed_ws/install/zed_interfaces/lib:/home/awadh/gazebo_ws/install/yolov8_msgs/lib:/home/awadh/yolobot/install/yolov8_msgs/lib:/home/awadh/test2_ws/install/pcl_object_detection/lib:/home/awadh/zed_ws/install/zed_topic_benchmark_component/lib:/home/awadh/zed_ws/install/zed_topic_benchmark_interfaces/lib:/home/awadh/zed_ws/install/zed_rgb_convert/lib:/home/awadh/zed_ws/install/zed_aruco_localization/lib:/home/awadh/zed_ws/install/rviz_plugin_zed_od/lib:/home/awadh/ouster_ws/install/ouster_ros/lib:/home/awadh/ouster_ws/install/ouster_sensor_msgs/lib:/home/awadh/ros2_ws/install/my_robot_interfaces/lib:/home/awadh/sick_tim_ws/install/sick_tim/lib:/usr/lib/x86_64-linux-gnu/gazebo-11/plugins:/opt/ros/humble/opt/rviz_ogre_vendor/lib:/opt/ros/humble/lib/x86_64-linux-gnu:/opt/ros/humble/lib:/usr/share/gazebo/../../lib/x86_64-linux-gnu/gazebo-11/plugins /usr/bin/cmake --install /home/awadh/zed_ws/build/zed_depth_to_laserscan
[3.555s] Level 1:colcon.colcon_core.environment:checking '/home/awadh/zed_ws/install/zed_depth_to_laserscan' for CMake config files
[3.555s] Level 1:colcon.colcon_core.shell:create_environment_hook('zed_depth_to_laserscan', 'cmake_prefix_path')
[3.556s] INFO:colcon.colcon_core.shell:Creating environment hook '/home/awadh/zed_ws/install/zed_depth_to_laserscan/share/zed_depth_to_laserscan/hook/cmake_prefix_path.ps1'
[3.557s] INFO:colcon.colcon_core.shell:Creating environment descriptor '/home/awadh/zed_ws/install/zed_depth_to_laserscan/share/zed_depth_to_laserscan/hook/cmake_prefix_path.dsv'
[3.557s] INFO:colcon.colcon_core.shell:Creating environment hook '/home/awadh/zed_ws/install/zed_depth_to_laserscan/share/zed_depth_to_laserscan/hook/cmake_prefix_path.sh'
[3.559s] Level 1:colcon.colcon_core.environment:checking '/home/awadh/zed_ws/install/zed_depth_to_laserscan/bin'
[3.559s] Level 1:colcon.colcon_core.environment:checking '/home/awadh/zed_ws/install/zed_depth_to_laserscan/lib/pkgconfig/zed_depth_to_laserscan.pc'
[3.559s] Level 1:colcon.colcon_core.environment:checking '/home/awadh/zed_ws/install/zed_depth_to_laserscan/lib/python3.10/site-packages'
[3.559s] Level 1:colcon.colcon_core.environment:checking '/home/awadh/zed_ws/install/zed_depth_to_laserscan/bin'
[3.559s] INFO:colcon.colcon_core.shell:Creating package script '/home/awadh/zed_ws/install/zed_depth_to_laserscan/share/zed_depth_to_laserscan/package.ps1'
[3.560s] INFO:colcon.colcon_core.shell:Creating package descriptor '/home/awadh/zed_ws/install/zed_depth_to_laserscan/share/zed_depth_to_laserscan/package.dsv'
[3.560s] INFO:colcon.colcon_core.shell:Creating package script '/home/awadh/zed_ws/install/zed_depth_to_laserscan/share/zed_depth_to_laserscan/package.sh'
[3.560s] INFO:colcon.colcon_core.shell:Creating package script '/home/awadh/zed_ws/install/zed_depth_to_laserscan/share/zed_depth_to_laserscan/package.bash'
[3.560s] INFO:colcon.colcon_core.shell:Creating package script '/home/awadh/zed_ws/install/zed_depth_to_laserscan/share/zed_depth_to_laserscan/package.zsh'
[3.560s] Level 1:colcon.colcon_core.environment:create_file_with_runtime_dependencies(/home/awadh/zed_ws/install/zed_depth_to_laserscan/share/colcon-core/packages/zed_depth_to_laserscan)
[3.562s] Level 1:colcon.colcon_core.environment:create_environment_scripts_only(zed_display_rviz2)
[3.562s] Level 1:colcon.colcon_core.environment:checking '/home/awadh/zed_ws/install/zed_display_rviz2' for CMake module files
[3.562s] DEBUG:colcon.colcon_core.event_handler.log_command:Invoked command in '/home/awadh/zed_ws/build/zed_display_rviz2' returned '0': CMAKE_PREFIX_PATH=/home/awadh/zed_ws/install/zed_wrapper:/home/awadh/zed_ws/install/zed_components:/home/awadh/zed_ws/install/zed_interfaces:/home/awadh/gazebo_ws/install/yolov8_msgs:/home/awadh/gazebo_ws/install/yolobot_recognition:/home/awadh/gazebo_ws/install/yolobot_gazebo:/home/awadh/gazebo_ws/install/yolobot_description:/home/awadh/gazebo_ws/install/yolobot_control:/home/awadh/gazebo_ws/install/my_robot_bringup:/home/awadh/gazebo_ws/install/my_robot_description:/home/awadh/yolobot/install/yolov8_msgs:/home/awadh/yolobot/install/yolobot_recognition:/home/awadh/yolobot/install/yolobot_gazebo:/home/awadh/yolobot/install/yolobot_description:/home/awadh/yolobot/install/yolobot_control:/home/awadh/test2_ws/install/pcl_object_detection:/home/awadh/zed_ws/install/zed_ros2:/home/awadh/zed_ws/install/zed_robot_integration:/home/awadh/zed_ws/install/zed_multi_camera:/home/awadh/zed_ws/install/zed_display_rviz2:/home/awadh/zed_ws/install/zed_depth_to_laserscan:/home/awadh/zed_ws/install/zed_tutorial_video:/home/awadh/zed_ws/install/zed_tutorial_pos_tracking:/home/awadh/zed_ws/install/zed_tutorial_depth:/home/awadh/zed_ws/install/zed_topic_benchmark:/home/awadh/zed_ws/install/zed_topic_benchmark_component:/home/awadh/zed_ws/install/zed_topic_benchmark_interfaces:/home/awadh/zed_ws/install/zed_rgb_convert:/home/awadh/zed_ws/install/zed_aruco_localization:/home/awadh/zed_ws/install/rviz_plugin_zed_od:/home/awadh/ouster_ws/install/ouster_ros:/home/awadh/ouster_ws/install/ouster_sensor_msgs:/home/awadh/ros2_ws/install/my_robot_bringup:/home/awadh/ros2_ws/install/turtlesim_project_cpp:/home/awadh/ros2_ws/install/my_cpp_pkg:/home/awadh/ros2_ws/install/my_robot_interfaces:/home/awadh/gazebo_ws/install/ultralytics_ros2:/home/awadh/ros2_ws/install/turtlesim_catch_them_all:/home/awadh/ros2_ws/install/my_py_pkg:/opt/ros/humble:/home/awadh/sick_tim_ws/install/sick_tim LD_LIBRARY_PATH=/home/awadh/zed_ws/install/zed_components/lib:/home/awadh/zed_ws/install/zed_interfaces/lib:/home/awadh/gazebo_ws/install/yolov8_msgs/lib:/home/awadh/yolobot/install/yolov8_msgs/lib:/home/awadh/test2_ws/install/pcl_object_detection/lib:/home/awadh/zed_ws/install/zed_topic_benchmark_component/lib:/home/awadh/zed_ws/install/zed_topic_benchmark_interfaces/lib:/home/awadh/zed_ws/install/zed_rgb_convert/lib:/home/awadh/zed_ws/install/zed_aruco_localization/lib:/home/awadh/zed_ws/install/rviz_plugin_zed_od/lib:/home/awadh/ouster_ws/install/ouster_ros/lib:/home/awadh/ouster_ws/install/ouster_sensor_msgs/lib:/home/awadh/ros2_ws/install/my_robot_interfaces/lib:/home/awadh/sick_tim_ws/install/sick_tim/lib:/usr/lib/x86_64-linux-gnu/gazebo-11/plugins:/opt/ros/humble/opt/rviz_ogre_vendor/lib:/opt/ros/humble/lib/x86_64-linux-gnu:/opt/ros/humble/lib:/usr/share/gazebo/../../lib/x86_64-linux-gnu/gazebo-11/plugins /usr/bin/cmake --install /home/awadh/zed_ws/build/zed_display_rviz2
[3.563s] Level 1:colcon.colcon_core.environment:checking '/home/awadh/zed_ws/install/zed_display_rviz2' for CMake config files
[3.563s] Level 1:colcon.colcon_core.shell:create_environment_hook('zed_display_rviz2', 'cmake_prefix_path')
[3.563s] INFO:colcon.colcon_core.shell:Creating environment hook '/home/awadh/zed_ws/install/zed_display_rviz2/share/zed_display_rviz2/hook/cmake_prefix_path.ps1'
[3.563s] INFO:colcon.colcon_core.shell:Creating environment descriptor '/home/awadh/zed_ws/install/zed_display_rviz2/share/zed_display_rviz2/hook/cmake_prefix_path.dsv'
[3.564s] INFO:colcon.colcon_core.shell:Creating environment hook '/home/awadh/zed_ws/install/zed_display_rviz2/share/zed_display_rviz2/hook/cmake_prefix_path.sh'
[3.564s] Level 1:colcon.colcon_core.environment:checking '/home/awadh/zed_ws/install/zed_display_rviz2/bin'
[3.564s] Level 1:colcon.colcon_core.environment:checking '/home/awadh/zed_ws/install/zed_display_rviz2/lib/pkgconfig/zed_display_rviz2.pc'
[3.564s] Level 1:colcon.colcon_core.environment:checking '/home/awadh/zed_ws/install/zed_display_rviz2/lib/python3.10/site-packages'
[3.564s] Level 1:colcon.colcon_core.environment:checking '/home/awadh/zed_ws/install/zed_display_rviz2/bin'
[3.565s] INFO:colcon.colcon_core.shell:Creating package script '/home/awadh/zed_ws/install/zed_display_rviz2/share/zed_display_rviz2/package.ps1'
[3.565s] INFO:colcon.colcon_core.shell:Creating package descriptor '/home/awadh/zed_ws/install/zed_display_rviz2/share/zed_display_rviz2/package.dsv'
[3.565s] INFO:colcon.colcon_core.shell:Creating package script '/home/awadh/zed_ws/install/zed_display_rviz2/share/zed_display_rviz2/package.sh'
[3.565s] INFO:colcon.colcon_core.shell:Creating package script '/home/awadh/zed_ws/install/zed_display_rviz2/share/zed_display_rviz2/package.bash'
[3.566s] INFO:colcon.colcon_core.shell:Creating package script '/home/awadh/zed_ws/install/zed_display_rviz2/share/zed_display_rviz2/package.zsh'
[3.566s] Level 1:colcon.colcon_core.environment:create_file_with_runtime_dependencies(/home/awadh/zed_ws/install/zed_display_rviz2/share/colcon-core/packages/zed_display_rviz2)
[3.567s] Level 1:colcon.colcon_core.environment:create_environment_scripts_only(zed_robot_integration)
[3.567s] Level 1:colcon.colcon_core.environment:checking '/home/awadh/zed_ws/install/zed_robot_integration' for CMake module files
[3.568s] DEBUG:colcon.colcon_core.event_handler.log_command:Invoked command in '/home/awadh/zed_ws/build/zed_robot_integration' returned '0': CMAKE_PREFIX_PATH=/home/awadh/zed_ws/install/zed_wrapper:/home/awadh/zed_ws/install/zed_components:/home/awadh/zed_ws/install/zed_interfaces:/home/awadh/gazebo_ws/install/yolov8_msgs:/home/awadh/gazebo_ws/install/yolobot_recognition:/home/awadh/gazebo_ws/install/yolobot_gazebo:/home/awadh/gazebo_ws/install/yolobot_description:/home/awadh/gazebo_ws/install/yolobot_control:/home/awadh/gazebo_ws/install/my_robot_bringup:/home/awadh/gazebo_ws/install/my_robot_description:/home/awadh/yolobot/install/yolov8_msgs:/home/awadh/yolobot/install/yolobot_recognition:/home/awadh/yolobot/install/yolobot_gazebo:/home/awadh/yolobot/install/yolobot_description:/home/awadh/yolobot/install/yolobot_control:/home/awadh/test2_ws/install/pcl_object_detection:/home/awadh/zed_ws/install/zed_ros2:/home/awadh/zed_ws/install/zed_robot_integration:/home/awadh/zed_ws/install/zed_multi_camera:/home/awadh/zed_ws/install/zed_display_rviz2:/home/awadh/zed_ws/install/zed_depth_to_laserscan:/home/awadh/zed_ws/install/zed_tutorial_video:/home/awadh/zed_ws/install/zed_tutorial_pos_tracking:/home/awadh/zed_ws/install/zed_tutorial_depth:/home/awadh/zed_ws/install/zed_topic_benchmark:/home/awadh/zed_ws/install/zed_topic_benchmark_component:/home/awadh/zed_ws/install/zed_topic_benchmark_interfaces:/home/awadh/zed_ws/install/zed_rgb_convert:/home/awadh/zed_ws/install/zed_aruco_localization:/home/awadh/zed_ws/install/rviz_plugin_zed_od:/home/awadh/ouster_ws/install/ouster_ros:/home/awadh/ouster_ws/install/ouster_sensor_msgs:/home/awadh/ros2_ws/install/my_robot_bringup:/home/awadh/ros2_ws/install/turtlesim_project_cpp:/home/awadh/ros2_ws/install/my_cpp_pkg:/home/awadh/ros2_ws/install/my_robot_interfaces:/home/awadh/gazebo_ws/install/ultralytics_ros2:/home/awadh/ros2_ws/install/turtlesim_catch_them_all:/home/awadh/ros2_ws/install/my_py_pkg:/opt/ros/humble:/home/awadh/sick_tim_ws/install/sick_tim LD_LIBRARY_PATH=/home/awadh/zed_ws/install/zed_components/lib:/home/awadh/zed_ws/install/zed_interfaces/lib:/home/awadh/gazebo_ws/install/yolov8_msgs/lib:/home/awadh/yolobot/install/yolov8_msgs/lib:/home/awadh/test2_ws/install/pcl_object_detection/lib:/home/awadh/zed_ws/install/zed_topic_benchmark_component/lib:/home/awadh/zed_ws/install/zed_topic_benchmark_interfaces/lib:/home/awadh/zed_ws/install/zed_rgb_convert/lib:/home/awadh/zed_ws/install/zed_aruco_localization/lib:/home/awadh/zed_ws/install/rviz_plugin_zed_od/lib:/home/awadh/ouster_ws/install/ouster_ros/lib:/home/awadh/ouster_ws/install/ouster_sensor_msgs/lib:/home/awadh/ros2_ws/install/my_robot_interfaces/lib:/home/awadh/sick_tim_ws/install/sick_tim/lib:/usr/lib/x86_64-linux-gnu/gazebo-11/plugins:/opt/ros/humble/opt/rviz_ogre_vendor/lib:/opt/ros/humble/lib/x86_64-linux-gnu:/opt/ros/humble/lib:/usr/share/gazebo/../../lib/x86_64-linux-gnu/gazebo-11/plugins /usr/bin/cmake --install /home/awadh/zed_ws/build/zed_robot_integration
[3.568s] Level 1:colcon.colcon_core.environment:checking '/home/awadh/zed_ws/install/zed_robot_integration' for CMake config files
[3.568s] Level 1:colcon.colcon_core.shell:create_environment_hook('zed_robot_integration', 'cmake_prefix_path')
[3.568s] INFO:colcon.colcon_core.shell:Creating environment hook '/home/awadh/zed_ws/install/zed_robot_integration/share/zed_robot_integration/hook/cmake_prefix_path.ps1'
[3.569s] INFO:colcon.colcon_core.shell:Creating environment descriptor '/home/awadh/zed_ws/install/zed_robot_integration/share/zed_robot_integration/hook/cmake_prefix_path.dsv'
[3.569s] INFO:colcon.colcon_core.shell:Creating environment hook '/home/awadh/zed_ws/install/zed_robot_integration/share/zed_robot_integration/hook/cmake_prefix_path.sh'
[3.569s] Level 1:colcon.colcon_core.environment:checking '/home/awadh/zed_ws/install/zed_robot_integration/bin'
[3.569s] Level 1:colcon.colcon_core.environment:checking '/home/awadh/zed_ws/install/zed_robot_integration/lib/pkgconfig/zed_robot_integration.pc'
[3.569s] Level 1:colcon.colcon_core.environment:checking '/home/awadh/zed_ws/install/zed_robot_integration/lib/python3.10/site-packages'
[3.570s] Level 1:colcon.colcon_core.environment:checking '/home/awadh/zed_ws/install/zed_robot_integration/bin'
[3.570s] INFO:colcon.colcon_core.shell:Creating package script '/home/awadh/zed_ws/install/zed_robot_integration/share/zed_robot_integration/package.ps1'
[3.570s] INFO:colcon.colcon_core.shell:Creating package descriptor '/home/awadh/zed_ws/install/zed_robot_integration/share/zed_robot_integration/package.dsv'
[3.570s] INFO:colcon.colcon_core.shell:Creating package script '/home/awadh/zed_ws/install/zed_robot_integration/share/zed_robot_integration/package.sh'
[3.571s] INFO:colcon.colcon_core.shell:Creating package script '/home/awadh/zed_ws/install/zed_robot_integration/share/zed_robot_integration/package.bash'
[3.571s] INFO:colcon.colcon_core.shell:Creating package script '/home/awadh/zed_ws/install/zed_robot_integration/share/zed_robot_integration/package.zsh'
[3.571s] Level 1:colcon.colcon_core.environment:create_file_with_runtime_dependencies(/home/awadh/zed_ws/install/zed_robot_integration/share/colcon-core/packages/zed_robot_integration)
[3.572s] Level 1:colcon.colcon_core.environment:create_environment_scripts_only(zed_multi_camera)
[3.573s] Level 1:colcon.colcon_core.environment:checking '/home/awadh/zed_ws/install/zed_multi_camera' for CMake module files
[3.573s] DEBUG:colcon.colcon_core.event_handler.log_command:Invoked command in '/home/awadh/zed_ws/build/zed_multi_camera' returned '0': CMAKE_PREFIX_PATH=/home/awadh/zed_ws/install/zed_wrapper:/home/awadh/zed_ws/install/zed_components:/home/awadh/zed_ws/install/zed_interfaces:/home/awadh/gazebo_ws/install/yolov8_msgs:/home/awadh/gazebo_ws/install/yolobot_recognition:/home/awadh/gazebo_ws/install/yolobot_gazebo:/home/awadh/gazebo_ws/install/yolobot_description:/home/awadh/gazebo_ws/install/yolobot_control:/home/awadh/gazebo_ws/install/my_robot_bringup:/home/awadh/gazebo_ws/install/my_robot_description:/home/awadh/yolobot/install/yolov8_msgs:/home/awadh/yolobot/install/yolobot_recognition:/home/awadh/yolobot/install/yolobot_gazebo:/home/awadh/yolobot/install/yolobot_description:/home/awadh/yolobot/install/yolobot_control:/home/awadh/test2_ws/install/pcl_object_detection:/home/awadh/zed_ws/install/zed_ros2:/home/awadh/zed_ws/install/zed_robot_integration:/home/awadh/zed_ws/install/zed_multi_camera:/home/awadh/zed_ws/install/zed_display_rviz2:/home/awadh/zed_ws/install/zed_depth_to_laserscan:/home/awadh/zed_ws/install/zed_tutorial_video:/home/awadh/zed_ws/install/zed_tutorial_pos_tracking:/home/awadh/zed_ws/install/zed_tutorial_depth:/home/awadh/zed_ws/install/zed_topic_benchmark:/home/awadh/zed_ws/install/zed_topic_benchmark_component:/home/awadh/zed_ws/install/zed_topic_benchmark_interfaces:/home/awadh/zed_ws/install/zed_rgb_convert:/home/awadh/zed_ws/install/zed_aruco_localization:/home/awadh/zed_ws/install/rviz_plugin_zed_od:/home/awadh/ouster_ws/install/ouster_ros:/home/awadh/ouster_ws/install/ouster_sensor_msgs:/home/awadh/ros2_ws/install/my_robot_bringup:/home/awadh/ros2_ws/install/turtlesim_project_cpp:/home/awadh/ros2_ws/install/my_cpp_pkg:/home/awadh/ros2_ws/install/my_robot_interfaces:/home/awadh/gazebo_ws/install/ultralytics_ros2:/home/awadh/ros2_ws/install/turtlesim_catch_them_all:/home/awadh/ros2_ws/install/my_py_pkg:/opt/ros/humble:/home/awadh/sick_tim_ws/install/sick_tim LD_LIBRARY_PATH=/home/awadh/zed_ws/install/zed_components/lib:/home/awadh/zed_ws/install/zed_interfaces/lib:/home/awadh/gazebo_ws/install/yolov8_msgs/lib:/home/awadh/yolobot/install/yolov8_msgs/lib:/home/awadh/test2_ws/install/pcl_object_detection/lib:/home/awadh/zed_ws/install/zed_topic_benchmark_component/lib:/home/awadh/zed_ws/install/zed_topic_benchmark_interfaces/lib:/home/awadh/zed_ws/install/zed_rgb_convert/lib:/home/awadh/zed_ws/install/zed_aruco_localization/lib:/home/awadh/zed_ws/install/rviz_plugin_zed_od/lib:/home/awadh/ouster_ws/install/ouster_ros/lib:/home/awadh/ouster_ws/install/ouster_sensor_msgs/lib:/home/awadh/ros2_ws/install/my_robot_interfaces/lib:/home/awadh/sick_tim_ws/install/sick_tim/lib:/usr/lib/x86_64-linux-gnu/gazebo-11/plugins:/opt/ros/humble/opt/rviz_ogre_vendor/lib:/opt/ros/humble/lib/x86_64-linux-gnu:/opt/ros/humble/lib:/usr/share/gazebo/../../lib/x86_64-linux-gnu/gazebo-11/plugins /usr/bin/cmake --install /home/awadh/zed_ws/build/zed_multi_camera
[3.574s] Level 1:colcon.colcon_core.environment:checking '/home/awadh/zed_ws/install/zed_multi_camera' for CMake config files
[3.574s] Level 1:colcon.colcon_core.shell:create_environment_hook('zed_multi_camera', 'cmake_prefix_path')
[3.574s] INFO:colcon.colcon_core.shell:Creating environment hook '/home/awadh/zed_ws/install/zed_multi_camera/share/zed_multi_camera/hook/cmake_prefix_path.ps1'
[3.575s] INFO:colcon.colcon_core.shell:Creating environment descriptor '/home/awadh/zed_ws/install/zed_multi_camera/share/zed_multi_camera/hook/cmake_prefix_path.dsv'
[3.575s] INFO:colcon.colcon_core.shell:Creating environment hook '/home/awadh/zed_ws/install/zed_multi_camera/share/zed_multi_camera/hook/cmake_prefix_path.sh'
[3.576s] Level 1:colcon.colcon_core.environment:checking '/home/awadh/zed_ws/install/zed_multi_camera/bin'
[3.576s] Level 1:colcon.colcon_core.environment:checking '/home/awadh/zed_ws/install/zed_multi_camera/lib/pkgconfig/zed_multi_camera.pc'
[3.577s] Level 1:colcon.colcon_core.environment:checking '/home/awadh/zed_ws/install/zed_multi_camera/lib/python3.10/site-packages'
[3.577s] Level 1:colcon.colcon_core.environment:checking '/home/awadh/zed_ws/install/zed_multi_camera/bin'
[3.577s] INFO:colcon.colcon_core.shell:Creating package script '/home/awadh/zed_ws/install/zed_multi_camera/share/zed_multi_camera/package.ps1'
[3.578s] INFO:colcon.colcon_core.shell:Creating package descriptor '/home/awadh/zed_ws/install/zed_multi_camera/share/zed_multi_camera/package.dsv'
[3.579s] INFO:colcon.colcon_core.shell:Creating package script '/home/awadh/zed_ws/install/zed_multi_camera/share/zed_multi_camera/package.sh'
[3.579s] INFO:colcon.colcon_core.shell:Creating package script '/home/awadh/zed_ws/install/zed_multi_camera/share/zed_multi_camera/package.bash'
[3.580s] INFO:colcon.colcon_core.shell:Creating package script '/home/awadh/zed_ws/install/zed_multi_camera/share/zed_multi_camera/package.zsh'
[3.580s] Level 1:colcon.colcon_core.environment:create_file_with_runtime_dependencies(/home/awadh/zed_ws/install/zed_multi_camera/share/colcon-core/packages/zed_multi_camera)
[3.581s] Level 1:colcon.colcon_core.environment:create_environment_scripts_only(zed_ros2)
[3.582s] Level 1:colcon.colcon_core.environment:checking '/home/awadh/zed_ws/install/zed_ros2' for CMake module files
[3.583s] DEBUG:colcon.colcon_core.event_handler.log_command:Invoked command in '/home/awadh/zed_ws/build/zed_ros2' returned '0': CMAKE_PREFIX_PATH=/home/awadh/zed_ws/install/zed_wrapper:/home/awadh/zed_ws/install/zed_components:/home/awadh/zed_ws/install/zed_interfaces:/home/awadh/gazebo_ws/install/yolov8_msgs:/home/awadh/gazebo_ws/install/yolobot_recognition:/home/awadh/gazebo_ws/install/yolobot_gazebo:/home/awadh/gazebo_ws/install/yolobot_description:/home/awadh/gazebo_ws/install/yolobot_control:/home/awadh/gazebo_ws/install/my_robot_bringup:/home/awadh/gazebo_ws/install/my_robot_description:/home/awadh/yolobot/install/yolov8_msgs:/home/awadh/yolobot/install/yolobot_recognition:/home/awadh/yolobot/install/yolobot_gazebo:/home/awadh/yolobot/install/yolobot_description:/home/awadh/yolobot/install/yolobot_control:/home/awadh/test2_ws/install/pcl_object_detection:/home/awadh/zed_ws/install/zed_ros2:/home/awadh/zed_ws/install/zed_robot_integration:/home/awadh/zed_ws/install/zed_multi_camera:/home/awadh/zed_ws/install/zed_display_rviz2:/home/awadh/zed_ws/install/zed_depth_to_laserscan:/home/awadh/zed_ws/install/zed_tutorial_video:/home/awadh/zed_ws/install/zed_tutorial_pos_tracking:/home/awadh/zed_ws/install/zed_tutorial_depth:/home/awadh/zed_ws/install/zed_topic_benchmark:/home/awadh/zed_ws/install/zed_topic_benchmark_component:/home/awadh/zed_ws/install/zed_topic_benchmark_interfaces:/home/awadh/zed_ws/install/zed_rgb_convert:/home/awadh/zed_ws/install/zed_aruco_localization:/home/awadh/zed_ws/install/rviz_plugin_zed_od:/home/awadh/ouster_ws/install/ouster_ros:/home/awadh/ouster_ws/install/ouster_sensor_msgs:/home/awadh/ros2_ws/install/my_robot_bringup:/home/awadh/ros2_ws/install/turtlesim_project_cpp:/home/awadh/ros2_ws/install/my_cpp_pkg:/home/awadh/ros2_ws/install/my_robot_interfaces:/home/awadh/gazebo_ws/install/ultralytics_ros2:/home/awadh/ros2_ws/install/turtlesim_catch_them_all:/home/awadh/ros2_ws/install/my_py_pkg:/opt/ros/humble:/home/awadh/sick_tim_ws/install/sick_tim LD_LIBRARY_PATH=/home/awadh/zed_ws/install/zed_components/lib:/home/awadh/zed_ws/install/zed_interfaces/lib:/home/awadh/gazebo_ws/install/yolov8_msgs/lib:/home/awadh/yolobot/install/yolov8_msgs/lib:/home/awadh/test2_ws/install/pcl_object_detection/lib:/home/awadh/zed_ws/install/zed_topic_benchmark_component/lib:/home/awadh/zed_ws/install/zed_topic_benchmark_interfaces/lib:/home/awadh/zed_ws/install/zed_rgb_convert/lib:/home/awadh/zed_ws/install/zed_aruco_localization/lib:/home/awadh/zed_ws/install/rviz_plugin_zed_od/lib:/home/awadh/ouster_ws/install/ouster_ros/lib:/home/awadh/ouster_ws/install/ouster_sensor_msgs/lib:/home/awadh/ros2_ws/install/my_robot_interfaces/lib:/home/awadh/sick_tim_ws/install/sick_tim/lib:/usr/lib/x86_64-linux-gnu/gazebo-11/plugins:/opt/ros/humble/opt/rviz_ogre_vendor/lib:/opt/ros/humble/lib/x86_64-linux-gnu:/opt/ros/humble/lib:/usr/share/gazebo/../../lib/x86_64-linux-gnu/gazebo-11/plugins /usr/bin/cmake --install /home/awadh/zed_ws/build/zed_ros2
[3.583s] Level 1:colcon.colcon_core.environment:checking '/home/awadh/zed_ws/install/zed_ros2' for CMake config files
[3.583s] Level 1:colcon.colcon_core.shell:create_environment_hook('zed_ros2', 'cmake_prefix_path')
[3.584s] INFO:colcon.colcon_core.shell:Creating environment hook '/home/awadh/zed_ws/install/zed_ros2/share/zed_ros2/hook/cmake_prefix_path.ps1'
[3.584s] INFO:colcon.colcon_core.shell:Creating environment descriptor '/home/awadh/zed_ws/install/zed_ros2/share/zed_ros2/hook/cmake_prefix_path.dsv'
[3.585s] INFO:colcon.colcon_core.shell:Creating environment hook '/home/awadh/zed_ws/install/zed_ros2/share/zed_ros2/hook/cmake_prefix_path.sh'
[3.585s] Level 1:colcon.colcon_core.environment:checking '/home/awadh/zed_ws/install/zed_ros2/bin'
[3.585s] Level 1:colcon.colcon_core.environment:checking '/home/awadh/zed_ws/install/zed_ros2/lib/pkgconfig/zed_ros2.pc'
[3.585s] Level 1:colcon.colcon_core.environment:checking '/home/awadh/zed_ws/install/zed_ros2/lib/python3.10/site-packages'
[3.586s] Level 1:colcon.colcon_core.environment:checking '/home/awadh/zed_ws/install/zed_ros2/bin'
[3.586s] INFO:colcon.colcon_core.shell:Creating package script '/home/awadh/zed_ws/install/zed_ros2/share/zed_ros2/package.ps1'
[3.586s] INFO:colcon.colcon_core.shell:Creating package descriptor '/home/awadh/zed_ws/install/zed_ros2/share/zed_ros2/package.dsv'
[3.586s] INFO:colcon.colcon_core.shell:Creating package script '/home/awadh/zed_ws/install/zed_ros2/share/zed_ros2/package.sh'
[3.587s] INFO:colcon.colcon_core.shell:Creating package script '/home/awadh/zed_ws/install/zed_ros2/share/zed_ros2/package.bash'
[3.587s] INFO:colcon.colcon_core.shell:Creating package script '/home/awadh/zed_ws/install/zed_ros2/share/zed_ros2/package.zsh'
[3.587s] Level 1:colcon.colcon_core.environment:create_file_with_runtime_dependencies(/home/awadh/zed_ws/install/zed_ros2/share/colcon-core/packages/zed_ros2)
[3.596s] Level 1:colcon.colcon_core.environment:create_environment_scripts_only(zed_depth_to_laserscan)
[3.597s] Level 1:colcon.colcon_core.environment:checking '/home/awadh/zed_ws/install/zed_depth_to_laserscan' for CMake module files
[3.597s] Level 1:colcon.colcon_core.environment:checking '/home/awadh/zed_ws/install/zed_depth_to_laserscan' for CMake config files
[3.597s] Level 1:colcon.colcon_core.shell:create_environment_hook('zed_depth_to_laserscan', 'cmake_prefix_path')
[3.597s] INFO:colcon.colcon_core.shell:Creating environment hook '/home/awadh/zed_ws/install/zed_depth_to_laserscan/share/zed_depth_to_laserscan/hook/cmake_prefix_path.ps1'
[3.598s] INFO:colcon.colcon_core.shell:Creating environment descriptor '/home/awadh/zed_ws/install/zed_depth_to_laserscan/share/zed_depth_to_laserscan/hook/cmake_prefix_path.dsv'
[3.598s] INFO:colcon.colcon_core.shell:Creating environment hook '/home/awadh/zed_ws/install/zed_depth_to_laserscan/share/zed_depth_to_laserscan/hook/cmake_prefix_path.sh'
[3.599s] Level 1:colcon.colcon_core.environment:checking '/home/awadh/zed_ws/install/zed_depth_to_laserscan/bin'
[3.599s] Level 1:colcon.colcon_core.environment:checking '/home/awadh/zed_ws/install/zed_depth_to_laserscan/lib/pkgconfig/zed_depth_to_laserscan.pc'
[3.599s] Level 1:colcon.colcon_core.environment:checking '/home/awadh/zed_ws/install/zed_depth_to_laserscan/lib/python3.10/site-packages'
[3.599s] Level 1:colcon.colcon_core.environment:checking '/home/awadh/zed_ws/install/zed_depth_to_laserscan/bin'
[3.599s] INFO:colcon.colcon_core.shell:Creating package script '/home/awadh/zed_ws/install/zed_depth_to_laserscan/share/zed_depth_to_laserscan/package.ps1'
[3.600s] INFO:colcon.colcon_core.shell:Creating package descriptor '/home/awadh/zed_ws/install/zed_depth_to_laserscan/share/zed_depth_to_laserscan/package.dsv'
[3.600s] INFO:colcon.colcon_core.shell:Creating package script '/home/awadh/zed_ws/install/zed_depth_to_laserscan/share/zed_depth_to_laserscan/package.sh'
[3.601s] INFO:colcon.colcon_core.shell:Creating package script '/home/awadh/zed_ws/install/zed_depth_to_laserscan/share/zed_depth_to_laserscan/package.bash'
[3.601s] INFO:colcon.colcon_core.shell:Creating package script '/home/awadh/zed_ws/install/zed_depth_to_laserscan/share/zed_depth_to_laserscan/package.zsh'
[3.601s] Level 1:colcon.colcon_core.environment:create_file_with_runtime_dependencies(/home/awadh/zed_ws/install/zed_depth_to_laserscan/share/colcon-core/packages/zed_depth_to_laserscan)
[3.603s] Level 1:colcon.colcon_core.environment:create_environment_scripts_only(zed_display_rviz2)
[3.603s] Level 1:colcon.colcon_core.environment:checking '/home/awadh/zed_ws/install/zed_display_rviz2' for CMake module files
[3.604s] Level 1:colcon.colcon_core.environment:checking '/home/awadh/zed_ws/install/zed_display_rviz2' for CMake config files
[3.604s] Level 1:colcon.colcon_core.shell:create_environment_hook('zed_display_rviz2', 'cmake_prefix_path')
[3.604s] INFO:colcon.colcon_core.shell:Creating environment hook '/home/awadh/zed_ws/install/zed_display_rviz2/share/zed_display_rviz2/hook/cmake_prefix_path.ps1'
[3.605s] INFO:colcon.colcon_core.shell:Creating environment descriptor '/home/awadh/zed_ws/install/zed_display_rviz2/share/zed_display_rviz2/hook/cmake_prefix_path.dsv'
[3.605s] INFO:colcon.colcon_core.shell:Creating environment hook '/home/awadh/zed_ws/install/zed_display_rviz2/share/zed_display_rviz2/hook/cmake_prefix_path.sh'
[3.605s] Level 1:colcon.colcon_core.environment:checking '/home/awadh/zed_ws/install/zed_display_rviz2/bin'
[3.605s] Level 1:colcon.colcon_core.environment:checking '/home/awadh/zed_ws/install/zed_display_rviz2/lib/pkgconfig/zed_display_rviz2.pc'
[3.606s] Level 1:colcon.colcon_core.environment:checking '/home/awadh/zed_ws/install/zed_display_rviz2/lib/python3.10/site-packages'
[3.606s] Level 1:colcon.colcon_core.environment:checking '/home/awadh/zed_ws/install/zed_display_rviz2/bin'
[3.606s] INFO:colcon.colcon_core.shell:Creating package script '/home/awadh/zed_ws/install/zed_display_rviz2/share/zed_display_rviz2/package.ps1'
[3.606s] INFO:colcon.colcon_core.shell:Creating package descriptor '/home/awadh/zed_ws/install/zed_display_rviz2/share/zed_display_rviz2/package.dsv'
[3.607s] INFO:colcon.colcon_core.shell:Creating package script '/home/awadh/zed_ws/install/zed_display_rviz2/share/zed_display_rviz2/package.sh'
[3.607s] INFO:colcon.colcon_core.shell:Creating package script '/home/awadh/zed_ws/install/zed_display_rviz2/share/zed_display_rviz2/package.bash'
[3.607s] INFO:colcon.colcon_core.shell:Creating package script '/home/awadh/zed_ws/install/zed_display_rviz2/share/zed_display_rviz2/package.zsh'
[3.608s] Level 1:colcon.colcon_core.environment:create_file_with_runtime_dependencies(/home/awadh/zed_ws/install/zed_display_rviz2/share/colcon-core/packages/zed_display_rviz2)
[3.610s] Level 1:colcon.colcon_core.environment:create_environment_scripts_only(zed_robot_integration)
[3.611s] Level 1:colcon.colcon_core.environment:checking '/home/awadh/zed_ws/install/zed_robot_integration' for CMake module files
[3.611s] Level 1:colcon.colcon_core.environment:checking '/home/awadh/zed_ws/install/zed_robot_integration' for CMake config files
[3.611s] Level 1:colcon.colcon_core.shell:create_environment_hook('zed_robot_integration', 'cmake_prefix_path')
[3.611s] INFO:colcon.colcon_core.shell:Creating environment hook '/home/awadh/zed_ws/install/zed_robot_integration/share/zed_robot_integration/hook/cmake_prefix_path.ps1'
[3.612s] INFO:colcon.colcon_core.shell:Creating environment descriptor '/home/awadh/zed_ws/install/zed_robot_integration/share/zed_robot_integration/hook/cmake_prefix_path.dsv'
[3.612s] INFO:colcon.colcon_core.shell:Creating environment hook '/home/awadh/zed_ws/install/zed_robot_integration/share/zed_robot_integration/hook/cmake_prefix_path.sh'
[3.612s] Level 1:colcon.colcon_core.environment:checking '/home/awadh/zed_ws/install/zed_robot_integration/bin'
[3.612s] Level 1:colcon.colcon_core.environment:checking '/home/awadh/zed_ws/install/zed_robot_integration/lib/pkgconfig/zed_robot_integration.pc'
[3.612s] Level 1:colcon.colcon_core.environment:checking '/home/awadh/zed_ws/install/zed_robot_integration/lib/python3.10/site-packages'
[3.613s] Level 1:colcon.colcon_core.environment:checking '/home/awadh/zed_ws/install/zed_robot_integration/bin'
[3.613s] INFO:colcon.colcon_core.shell:Creating package script '/home/awadh/zed_ws/install/zed_robot_integration/share/zed_robot_integration/package.ps1'
[3.613s] INFO:colcon.colcon_core.shell:Creating package descriptor '/home/awadh/zed_ws/install/zed_robot_integration/share/zed_robot_integration/package.dsv'
[3.613s] INFO:colcon.colcon_core.shell:Creating package script '/home/awadh/zed_ws/install/zed_robot_integration/share/zed_robot_integration/package.sh'
[3.614s] INFO:colcon.colcon_core.shell:Creating package script '/home/awadh/zed_ws/install/zed_robot_integration/share/zed_robot_integration/package.bash'
[3.614s] INFO:colcon.colcon_core.shell:Creating package script '/home/awadh/zed_ws/install/zed_robot_integration/share/zed_robot_integration/package.zsh'
[3.614s] Level 1:colcon.colcon_core.environment:create_file_with_runtime_dependencies(/home/awadh/zed_ws/install/zed_robot_integration/share/colcon-core/packages/zed_robot_integration)
[3.619s] Level 1:colcon.colcon_core.environment:create_environment_scripts_only(zed_multi_camera)
[3.619s] Level 1:colcon.colcon_core.environment:checking '/home/awadh/zed_ws/install/zed_multi_camera' for CMake module files
[3.620s] Level 1:colcon.colcon_core.environment:checking '/home/awadh/zed_ws/install/zed_multi_camera' for CMake config files
[3.620s] Level 1:colcon.colcon_core.shell:create_environment_hook('zed_multi_camera', 'cmake_prefix_path')
[3.620s] INFO:colcon.colcon_core.shell:Creating environment hook '/home/awadh/zed_ws/install/zed_multi_camera/share/zed_multi_camera/hook/cmake_prefix_path.ps1'
[3.621s] INFO:colcon.colcon_core.shell:Creating environment descriptor '/home/awadh/zed_ws/install/zed_multi_camera/share/zed_multi_camera/hook/cmake_prefix_path.dsv'
[3.621s] INFO:colcon.colcon_core.shell:Creating environment hook '/home/awadh/zed_ws/install/zed_multi_camera/share/zed_multi_camera/hook/cmake_prefix_path.sh'
[3.621s] Level 1:colcon.colcon_core.environment:checking '/home/awadh/zed_ws/install/zed_multi_camera/bin'
[3.621s] Level 1:colcon.colcon_core.environment:checking '/home/awadh/zed_ws/install/zed_multi_camera/lib/pkgconfig/zed_multi_camera.pc'
[3.621s] Level 1:colcon.colcon_core.environment:checking '/home/awadh/zed_ws/install/zed_multi_camera/lib/python3.10/site-packages'
[3.622s] Level 1:colcon.colcon_core.environment:checking '/home/awadh/zed_ws/install/zed_multi_camera/bin'
[3.622s] INFO:colcon.colcon_core.shell:Creating package script '/home/awadh/zed_ws/install/zed_multi_camera/share/zed_multi_camera/package.ps1'
[3.622s] INFO:colcon.colcon_core.shell:Creating package descriptor '/home/awadh/zed_ws/install/zed_multi_camera/share/zed_multi_camera/package.dsv'
[3.623s] INFO:colcon.colcon_core.shell:Creating package script '/home/awadh/zed_ws/install/zed_multi_camera/share/zed_multi_camera/package.sh'
[3.623s] INFO:colcon.colcon_core.shell:Creating package script '/home/awadh/zed_ws/install/zed_multi_camera/share/zed_multi_camera/package.bash'
[3.624s] INFO:colcon.colcon_core.shell:Creating package script '/home/awadh/zed_ws/install/zed_multi_camera/share/zed_multi_camera/package.zsh'
[3.624s] Level 1:colcon.colcon_core.environment:create_file_with_runtime_dependencies(/home/awadh/zed_ws/install/zed_multi_camera/share/colcon-core/packages/zed_multi_camera)
[3.625s] Level 1:colcon.colcon_core.environment:create_environment_scripts_only(zed_ros2)
[3.625s] Level 1:colcon.colcon_core.environment:checking '/home/awadh/zed_ws/install/zed_ros2' for CMake module files
[3.625s] Level 1:colcon.colcon_core.environment:checking '/home/awadh/zed_ws/install/zed_ros2' for CMake config files
[3.625s] Level 1:colcon.colcon_core.shell:create_environment_hook('zed_ros2', 'cmake_prefix_path')
[3.626s] INFO:colcon.colcon_core.shell:Creating environment hook '/home/awadh/zed_ws/install/zed_ros2/share/zed_ros2/hook/cmake_prefix_path.ps1'
[3.626s] INFO:colcon.colcon_core.shell:Creating environment descriptor '/home/awadh/zed_ws/install/zed_ros2/share/zed_ros2/hook/cmake_prefix_path.dsv'
[3.626s] INFO:colcon.colcon_core.shell:Creating environment hook '/home/awadh/zed_ws/install/zed_ros2/share/zed_ros2/hook/cmake_prefix_path.sh'
[3.627s] Level 1:colcon.colcon_core.environment:checking '/home/awadh/zed_ws/install/zed_ros2/bin'
[3.627s] Level 1:colcon.colcon_core.environment:checking '/home/awadh/zed_ws/install/zed_ros2/lib/pkgconfig/zed_ros2.pc'
[3.627s] Level 1:colcon.colcon_core.environment:checking '/home/awadh/zed_ws/install/zed_ros2/lib/python3.10/site-packages'
[3.627s] Level 1:colcon.colcon_core.environment:checking '/home/awadh/zed_ws/install/zed_ros2/bin'
[3.627s] INFO:colcon.colcon_core.shell:Creating package script '/home/awadh/zed_ws/install/zed_ros2/share/zed_ros2/package.ps1'
[3.627s] INFO:colcon.colcon_core.shell:Creating package descriptor '/home/awadh/zed_ws/install/zed_ros2/share/zed_ros2/package.dsv'
[3.628s] INFO:colcon.colcon_core.shell:Creating package script '/home/awadh/zed_ws/install/zed_ros2/share/zed_ros2/package.sh'
[3.628s] INFO:colcon.colcon_core.shell:Creating package script '/home/awadh/zed_ws/install/zed_ros2/share/zed_ros2/package.bash'
[3.628s] INFO:colcon.colcon_core.shell:Creating package script '/home/awadh/zed_ws/install/zed_ros2/share/zed_ros2/package.zsh'
[3.628s] Level 1:colcon.colcon_core.environment:create_file_with_runtime_dependencies(/home/awadh/zed_ws/install/zed_ros2/share/colcon-core/packages/zed_ros2)
[3.629s] DEBUG:colcon.colcon_parallel_executor.executor.parallel:closing loop
[3.629s] DEBUG:colcon.colcon_parallel_executor.executor.parallel:loop closed
[3.629s] DEBUG:colcon.colcon_parallel_executor.executor.parallel:run_until_complete finished with '0'
[3.629s] DEBUG:colcon.colcon_core.event_reactor:joining thread
[3.635s] INFO:colcon.colcon_core.plugin_system:Skipping extension 'colcon_notification.desktop_notification.terminal_notifier': Not used on non-Darwin systems
[3.635s] INFO:colcon.colcon_core.plugin_system:Skipping extension 'colcon_notification.desktop_notification.win32': Not used on non-Windows systems
[3.635s] INFO:colcon.colcon_notification.desktop_notification:Sending desktop notification using 'notify2'
[3.650s] DEBUG:colcon.colcon_core.event_reactor:joined thread
[3.651s] INFO:colcon.colcon_core.shell:Creating prefix script '/home/awadh/zed_ws/install/local_setup.ps1'
[3.652s] INFO:colcon.colcon_core.shell:Creating prefix util module '/home/awadh/zed_ws/install/_local_setup_util_ps1.py'
[3.653s] INFO:colcon.colcon_core.shell:Creating prefix chain script '/home/awadh/zed_ws/install/setup.ps1'
[3.655s] INFO:colcon.colcon_core.shell:Creating prefix script '/home/awadh/zed_ws/install/local_setup.sh'
[3.655s] INFO:colcon.colcon_core.shell:Creating prefix util module '/home/awadh/zed_ws/install/_local_setup_util_sh.py'
[3.655s] INFO:colcon.colcon_core.shell:Creating prefix chain script '/home/awadh/zed_ws/install/setup.sh'
[3.657s] INFO:colcon.colcon_core.shell:Creating prefix script '/home/awadh/zed_ws/install/local_setup.bash'
[3.657s] INFO:colcon.colcon_core.shell:Creating prefix chain script '/home/awadh/zed_ws/install/setup.bash'
[3.660s] INFO:colcon.colcon_core.shell:Creating prefix script '/home/awadh/zed_ws/install/local_setup.zsh'
[3.660s] INFO:colcon.colcon_core.shell:Creating prefix chain script '/home/awadh/zed_ws/install/setup.zsh'
