[0.070s] DEBUG:colcon:Command line arguments: ['/usr/bin/colcon', 'build']
[0.070s] DEBUG:colcon:Parsed command line arguments: Namespace(log_base=None, log_level=None, verb_name='build', build_base='build', install_base='install', merge_install=False, symlink_install=False, test_result_base=None, continue_on_error=False, executor='parallel', parallel_workers=16, event_handlers=None, ignore_user_meta=False, metas=['./colcon.meta'], base_paths=['.'], packages_ignore=None, packages_ignore_regex=None, paths=None, packages_up_to=None, packages_up_to_regex=None, packages_above=None, packages_above_and_dependencies=None, packages_above_depth=None, packages_select_by_dep=None, packages_skip_by_dep=None, packages_skip_up_to=None, packages_select_build_failed=False, packages_skip_build_finished=False, packages_select_test_failures=False, packages_skip_test_passed=False, packages_select=None, packages_skip=None, packages_select_regex=None, packages_skip_regex=None, packages_start=None, packages_end=None, allow_overriding=[], cmake_args=None, cmake_target=None, cmake_target_skip_unavailable=False, cmake_clean_cache=False, cmake_clean_first=False, cmake_force_configure=False, ament_cmake_args=None, catkin_cmake_args=None, catkin_skip_building_tests=False, verb_parser=<colcon_defaults.argument_parser.defaults.DefaultArgumentsDecorator object at 0x7f086f833130>, verb_extension=<colcon_core.verb.build.BuildVerb object at 0x7f086f91fd00>, main=<bound method BuildVerb.main of <colcon_core.verb.build.BuildVerb object at 0x7f086f91fd00>>)
[0.261s] Level 1:colcon.colcon_core.package_discovery:discover_packages(colcon_meta) check parameters
[0.261s] Level 1:colcon.colcon_core.package_discovery:discover_packages(recursive) check parameters
[0.261s] Level 1:colcon.colcon_core.package_discovery:discover_packages(ignore) check parameters
[0.261s] Level 1:colcon.colcon_core.package_discovery:discover_packages(path) check parameters
[0.261s] Level 1:colcon.colcon_core.package_discovery:discover_packages(colcon_meta) discover
[0.261s] Level 1:colcon.colcon_core.package_discovery:discover_packages(recursive) discover
[0.261s] INFO:colcon.colcon_core.package_discovery:Crawling recursively for packages in '/home/awadh/zed_ws'
[0.261s] Level 1:colcon.colcon_core.package_identification:_identify(.) by extensions ['ignore', 'ignore_ament_install']
[0.262s] Level 1:colcon.colcon_core.package_identification:_identify(.) by extension 'ignore'
[0.262s] Level 1:colcon.colcon_core.package_identification:_identify(.) by extension 'ignore_ament_install'
[0.262s] Level 1:colcon.colcon_core.package_identification:_identify(.) by extensions ['colcon_pkg']
[0.262s] Level 1:colcon.colcon_core.package_identification:_identify(.) by extension 'colcon_pkg'
[0.262s] Level 1:colcon.colcon_core.package_identification:_identify(.) by extensions ['colcon_meta']
[0.262s] Level 1:colcon.colcon_core.package_identification:_identify(.) by extension 'colcon_meta'
[0.262s] Level 1:colcon.colcon_core.package_identification:_identify(.) by extensions ['ros']
[0.262s] Level 1:colcon.colcon_core.package_identification:_identify(.) by extension 'ros'
[0.275s] Level 1:colcon.colcon_core.package_identification:_identify(.) by extensions ['cmake', 'python']
[0.275s] Level 1:colcon.colcon_core.package_identification:_identify(.) by extension 'cmake'
[0.275s] Level 1:colcon.colcon_core.package_identification:_identify(.) by extension 'python'
[0.275s] Level 1:colcon.colcon_core.package_identification:_identify(.) by extensions ['python_setup_py']
[0.275s] Level 1:colcon.colcon_core.package_identification:_identify(.) by extension 'python_setup_py'
[0.275s] Level 1:colcon.colcon_core.package_identification:_identify(build) by extensions ['ignore', 'ignore_ament_install']
[0.275s] Level 1:colcon.colcon_core.package_identification:_identify(build) by extension 'ignore'
[0.275s] Level 1:colcon.colcon_core.package_identification:_identify(build) ignored
[0.275s] Level 1:colcon.colcon_core.package_identification:_identify(install) by extensions ['ignore', 'ignore_ament_install']
[0.275s] Level 1:colcon.colcon_core.package_identification:_identify(install) by extension 'ignore'
[0.275s] Level 1:colcon.colcon_core.package_identification:_identify(install) ignored
[0.276s] Level 1:colcon.colcon_core.package_identification:_identify(log) by extensions ['ignore', 'ignore_ament_install']
[0.276s] Level 1:colcon.colcon_core.package_identification:_identify(log) by extension 'ignore'
[0.276s] Level 1:colcon.colcon_core.package_identification:_identify(log) ignored
[0.276s] Level 1:colcon.colcon_core.package_identification:_identify(src) by extensions ['ignore', 'ignore_ament_install']
[0.276s] Level 1:colcon.colcon_core.package_identification:_identify(src) by extension 'ignore'
[0.276s] Level 1:colcon.colcon_core.package_identification:_identify(src) by extension 'ignore_ament_install'
[0.276s] Level 1:colcon.colcon_core.package_identification:_identify(src) by extensions ['colcon_pkg']
[0.276s] Level 1:colcon.colcon_core.package_identification:_identify(src) by extension 'colcon_pkg'
[0.276s] Level 1:colcon.colcon_core.package_identification:_identify(src) by extensions ['colcon_meta']
[0.276s] Level 1:colcon.colcon_core.package_identification:_identify(src) by extension 'colcon_meta'
[0.276s] Level 1:colcon.colcon_core.package_identification:_identify(src) by extensions ['ros']
[0.276s] Level 1:colcon.colcon_core.package_identification:_identify(src) by extension 'ros'
[0.276s] Level 1:colcon.colcon_core.package_identification:_identify(src) by extensions ['cmake', 'python']
[0.276s] Level 1:colcon.colcon_core.package_identification:_identify(src) by extension 'cmake'
[0.276s] Level 1:colcon.colcon_core.package_identification:_identify(src) by extension 'python'
[0.276s] Level 1:colcon.colcon_core.package_identification:_identify(src) by extensions ['python_setup_py']
[0.276s] Level 1:colcon.colcon_core.package_identification:_identify(src) by extension 'python_setup_py'
[0.276s] Level 1:colcon.colcon_core.package_identification:_identify(src/zed-ros2-examples) by extensions ['ignore', 'ignore_ament_install']
[0.276s] Level 1:colcon.colcon_core.package_identification:_identify(src/zed-ros2-examples) by extension 'ignore'
[0.276s] Level 1:colcon.colcon_core.package_identification:_identify(src/zed-ros2-examples) by extension 'ignore_ament_install'
[0.276s] Level 1:colcon.colcon_core.package_identification:_identify(src/zed-ros2-examples) by extensions ['colcon_pkg']
[0.276s] Level 1:colcon.colcon_core.package_identification:_identify(src/zed-ros2-examples) by extension 'colcon_pkg'
[0.276s] Level 1:colcon.colcon_core.package_identification:_identify(src/zed-ros2-examples) by extensions ['colcon_meta']
[0.276s] Level 1:colcon.colcon_core.package_identification:_identify(src/zed-ros2-examples) by extension 'colcon_meta'
[0.276s] Level 1:colcon.colcon_core.package_identification:_identify(src/zed-ros2-examples) by extensions ['ros']
[0.276s] Level 1:colcon.colcon_core.package_identification:_identify(src/zed-ros2-examples) by extension 'ros'
[0.276s] Level 1:colcon.colcon_core.package_identification:_identify(src/zed-ros2-examples) by extensions ['cmake', 'python']
[0.276s] Level 1:colcon.colcon_core.package_identification:_identify(src/zed-ros2-examples) by extension 'cmake'
[0.276s] Level 1:colcon.colcon_core.package_identification:_identify(src/zed-ros2-examples) by extension 'python'
[0.276s] Level 1:colcon.colcon_core.package_identification:_identify(src/zed-ros2-examples) by extensions ['python_setup_py']
[0.276s] Level 1:colcon.colcon_core.package_identification:_identify(src/zed-ros2-examples) by extension 'python_setup_py'
[0.277s] Level 1:colcon.colcon_core.package_identification:_identify(src/zed-ros2-examples/examples) by extensions ['ignore', 'ignore_ament_install']
[0.277s] Level 1:colcon.colcon_core.package_identification:_identify(src/zed-ros2-examples/examples) by extension 'ignore'
[0.277s] Level 1:colcon.colcon_core.package_identification:_identify(src/zed-ros2-examples/examples) by extension 'ignore_ament_install'
[0.277s] Level 1:colcon.colcon_core.package_identification:_identify(src/zed-ros2-examples/examples) by extensions ['colcon_pkg']
[0.277s] Level 1:colcon.colcon_core.package_identification:_identify(src/zed-ros2-examples/examples) by extension 'colcon_pkg'
[0.277s] Level 1:colcon.colcon_core.package_identification:_identify(src/zed-ros2-examples/examples) by extensions ['colcon_meta']
[0.277s] Level 1:colcon.colcon_core.package_identification:_identify(src/zed-ros2-examples/examples) by extension 'colcon_meta'
[0.277s] Level 1:colcon.colcon_core.package_identification:_identify(src/zed-ros2-examples/examples) by extensions ['ros']
[0.277s] Level 1:colcon.colcon_core.package_identification:_identify(src/zed-ros2-examples/examples) by extension 'ros'
[0.277s] Level 1:colcon.colcon_core.package_identification:_identify(src/zed-ros2-examples/examples) by extensions ['cmake', 'python']
[0.277s] Level 1:colcon.colcon_core.package_identification:_identify(src/zed-ros2-examples/examples) by extension 'cmake'
[0.277s] Level 1:colcon.colcon_core.package_identification:_identify(src/zed-ros2-examples/examples) by extension 'python'
[0.277s] Level 1:colcon.colcon_core.package_identification:_identify(src/zed-ros2-examples/examples) by extensions ['python_setup_py']
[0.277s] Level 1:colcon.colcon_core.package_identification:_identify(src/zed-ros2-examples/examples) by extension 'python_setup_py'
[0.277s] Level 1:colcon.colcon_core.package_identification:_identify(src/zed-ros2-examples/examples/zed_aruco_localization) by extensions ['ignore', 'ignore_ament_install']
[0.277s] Level 1:colcon.colcon_core.package_identification:_identify(src/zed-ros2-examples/examples/zed_aruco_localization) by extension 'ignore'
[0.277s] Level 1:colcon.colcon_core.package_identification:_identify(src/zed-ros2-examples/examples/zed_aruco_localization) by extension 'ignore_ament_install'
[0.277s] Level 1:colcon.colcon_core.package_identification:_identify(src/zed-ros2-examples/examples/zed_aruco_localization) by extensions ['colcon_pkg']
[0.277s] Level 1:colcon.colcon_core.package_identification:_identify(src/zed-ros2-examples/examples/zed_aruco_localization) by extension 'colcon_pkg'
[0.277s] Level 1:colcon.colcon_core.package_identification:_identify(src/zed-ros2-examples/examples/zed_aruco_localization) by extensions ['colcon_meta']
[0.277s] Level 1:colcon.colcon_core.package_identification:_identify(src/zed-ros2-examples/examples/zed_aruco_localization) by extension 'colcon_meta'
[0.277s] Level 1:colcon.colcon_core.package_identification:_identify(src/zed-ros2-examples/examples/zed_aruco_localization) by extensions ['ros']
[0.277s] Level 1:colcon.colcon_core.package_identification:_identify(src/zed-ros2-examples/examples/zed_aruco_localization) by extension 'ros'
[0.279s] DEBUG:colcon.colcon_core.package_identification:Package 'src/zed-ros2-examples/examples/zed_aruco_localization' with type 'ros.ament_cmake' and name 'zed_aruco_localization'
[0.280s] Level 1:colcon.colcon_core.package_identification:_identify(src/zed-ros2-examples/examples/zed_depth_to_laserscan) by extensions ['ignore', 'ignore_ament_install']
[0.280s] Level 1:colcon.colcon_core.package_identification:_identify(src/zed-ros2-examples/examples/zed_depth_to_laserscan) by extension 'ignore'
[0.280s] Level 1:colcon.colcon_core.package_identification:_identify(src/zed-ros2-examples/examples/zed_depth_to_laserscan) by extension 'ignore_ament_install'
[0.280s] Level 1:colcon.colcon_core.package_identification:_identify(src/zed-ros2-examples/examples/zed_depth_to_laserscan) by extensions ['colcon_pkg']
[0.280s] Level 1:colcon.colcon_core.package_identification:_identify(src/zed-ros2-examples/examples/zed_depth_to_laserscan) by extension 'colcon_pkg'
[0.280s] Level 1:colcon.colcon_core.package_identification:_identify(src/zed-ros2-examples/examples/zed_depth_to_laserscan) by extensions ['colcon_meta']
[0.280s] Level 1:colcon.colcon_core.package_identification:_identify(src/zed-ros2-examples/examples/zed_depth_to_laserscan) by extension 'colcon_meta'
[0.280s] Level 1:colcon.colcon_core.package_identification:_identify(src/zed-ros2-examples/examples/zed_depth_to_laserscan) by extensions ['ros']
[0.280s] Level 1:colcon.colcon_core.package_identification:_identify(src/zed-ros2-examples/examples/zed_depth_to_laserscan) by extension 'ros'
[0.280s] DEBUG:colcon.colcon_core.package_identification:Package 'src/zed-ros2-examples/examples/zed_depth_to_laserscan' with type 'ros.ament_cmake' and name 'zed_depth_to_laserscan'
[0.281s] Level 1:colcon.colcon_core.package_identification:_identify(src/zed-ros2-examples/rviz-plugin-zed-od) by extensions ['ignore', 'ignore_ament_install']
[0.281s] Level 1:colcon.colcon_core.package_identification:_identify(src/zed-ros2-examples/rviz-plugin-zed-od) by extension 'ignore'
[0.281s] Level 1:colcon.colcon_core.package_identification:_identify(src/zed-ros2-examples/rviz-plugin-zed-od) by extension 'ignore_ament_install'
[0.281s] Level 1:colcon.colcon_core.package_identification:_identify(src/zed-ros2-examples/rviz-plugin-zed-od) by extensions ['colcon_pkg']
[0.281s] Level 1:colcon.colcon_core.package_identification:_identify(src/zed-ros2-examples/rviz-plugin-zed-od) by extension 'colcon_pkg'
[0.281s] Level 1:colcon.colcon_core.package_identification:_identify(src/zed-ros2-examples/rviz-plugin-zed-od) by extensions ['colcon_meta']
[0.281s] Level 1:colcon.colcon_core.package_identification:_identify(src/zed-ros2-examples/rviz-plugin-zed-od) by extension 'colcon_meta'
[0.281s] Level 1:colcon.colcon_core.package_identification:_identify(src/zed-ros2-examples/rviz-plugin-zed-od) by extensions ['ros']
[0.281s] Level 1:colcon.colcon_core.package_identification:_identify(src/zed-ros2-examples/rviz-plugin-zed-od) by extension 'ros'
[0.281s] DEBUG:colcon.colcon_core.package_identification:Package 'src/zed-ros2-examples/rviz-plugin-zed-od' with type 'ros.ament_cmake' and name 'rviz_plugin_zed_od'
[0.281s] Level 1:colcon.colcon_core.package_identification:_identify(src/zed-ros2-examples/tools) by extensions ['ignore', 'ignore_ament_install']
[0.282s] Level 1:colcon.colcon_core.package_identification:_identify(src/zed-ros2-examples/tools) by extension 'ignore'
[0.282s] Level 1:colcon.colcon_core.package_identification:_identify(src/zed-ros2-examples/tools) by extension 'ignore_ament_install'
[0.282s] Level 1:colcon.colcon_core.package_identification:_identify(src/zed-ros2-examples/tools) by extensions ['colcon_pkg']
[0.282s] Level 1:colcon.colcon_core.package_identification:_identify(src/zed-ros2-examples/tools) by extension 'colcon_pkg'
[0.282s] Level 1:colcon.colcon_core.package_identification:_identify(src/zed-ros2-examples/tools) by extensions ['colcon_meta']
[0.282s] Level 1:colcon.colcon_core.package_identification:_identify(src/zed-ros2-examples/tools) by extension 'colcon_meta'
[0.282s] Level 1:colcon.colcon_core.package_identification:_identify(src/zed-ros2-examples/tools) by extensions ['ros']
[0.282s] Level 1:colcon.colcon_core.package_identification:_identify(src/zed-ros2-examples/tools) by extension 'ros'
[0.282s] Level 1:colcon.colcon_core.package_identification:_identify(src/zed-ros2-examples/tools) by extensions ['cmake', 'python']
[0.282s] Level 1:colcon.colcon_core.package_identification:_identify(src/zed-ros2-examples/tools) by extension 'cmake'
[0.282s] Level 1:colcon.colcon_core.package_identification:_identify(src/zed-ros2-examples/tools) by extension 'python'
[0.282s] Level 1:colcon.colcon_core.package_identification:_identify(src/zed-ros2-examples/tools) by extensions ['python_setup_py']
[0.282s] Level 1:colcon.colcon_core.package_identification:_identify(src/zed-ros2-examples/tools) by extension 'python_setup_py'
[0.282s] Level 1:colcon.colcon_core.package_identification:_identify(src/zed-ros2-examples/tools/zed_benchmark) by extensions ['ignore', 'ignore_ament_install']
[0.282s] Level 1:colcon.colcon_core.package_identification:_identify(src/zed-ros2-examples/tools/zed_benchmark) by extension 'ignore'
[0.282s] Level 1:colcon.colcon_core.package_identification:_identify(src/zed-ros2-examples/tools/zed_benchmark) by extension 'ignore_ament_install'
[0.282s] Level 1:colcon.colcon_core.package_identification:_identify(src/zed-ros2-examples/tools/zed_benchmark) by extensions ['colcon_pkg']
[0.282s] Level 1:colcon.colcon_core.package_identification:_identify(src/zed-ros2-examples/tools/zed_benchmark) by extension 'colcon_pkg'
[0.282s] Level 1:colcon.colcon_core.package_identification:_identify(src/zed-ros2-examples/tools/zed_benchmark) by extensions ['colcon_meta']
[0.282s] Level 1:colcon.colcon_core.package_identification:_identify(src/zed-ros2-examples/tools/zed_benchmark) by extension 'colcon_meta'
[0.282s] Level 1:colcon.colcon_core.package_identification:_identify(src/zed-ros2-examples/tools/zed_benchmark) by extensions ['ros']
[0.282s] Level 1:colcon.colcon_core.package_identification:_identify(src/zed-ros2-examples/tools/zed_benchmark) by extension 'ros'
[0.283s] DEBUG:colcon.colcon_core.package_identification:Package 'src/zed-ros2-examples/tools/zed_benchmark' with type 'ros.ament_cmake' and name 'zed_topic_benchmark'
[0.283s] Level 1:colcon.colcon_core.package_identification:_identify(src/zed-ros2-examples/tools/zed_benchmark_component) by extensions ['ignore', 'ignore_ament_install']
[0.283s] Level 1:colcon.colcon_core.package_identification:_identify(src/zed-ros2-examples/tools/zed_benchmark_component) by extension 'ignore'
[0.283s] Level 1:colcon.colcon_core.package_identification:_identify(src/zed-ros2-examples/tools/zed_benchmark_component) by extension 'ignore_ament_install'
[0.283s] Level 1:colcon.colcon_core.package_identification:_identify(src/zed-ros2-examples/tools/zed_benchmark_component) by extensions ['colcon_pkg']
[0.283s] Level 1:colcon.colcon_core.package_identification:_identify(src/zed-ros2-examples/tools/zed_benchmark_component) by extension 'colcon_pkg'
[0.283s] Level 1:colcon.colcon_core.package_identification:_identify(src/zed-ros2-examples/tools/zed_benchmark_component) by extensions ['colcon_meta']
[0.283s] Level 1:colcon.colcon_core.package_identification:_identify(src/zed-ros2-examples/tools/zed_benchmark_component) by extension 'colcon_meta'
[0.283s] Level 1:colcon.colcon_core.package_identification:_identify(src/zed-ros2-examples/tools/zed_benchmark_component) by extensions ['ros']
[0.283s] Level 1:colcon.colcon_core.package_identification:_identify(src/zed-ros2-examples/tools/zed_benchmark_component) by extension 'ros'
[0.283s] DEBUG:colcon.colcon_core.package_identification:Package 'src/zed-ros2-examples/tools/zed_benchmark_component' with type 'ros.ament_cmake' and name 'zed_topic_benchmark_component'
[0.284s] Level 1:colcon.colcon_core.package_identification:_identify(src/zed-ros2-examples/tools/zed_benchmark_interfaces) by extensions ['ignore', 'ignore_ament_install']
[0.284s] Level 1:colcon.colcon_core.package_identification:_identify(src/zed-ros2-examples/tools/zed_benchmark_interfaces) by extension 'ignore'
[0.284s] Level 1:colcon.colcon_core.package_identification:_identify(src/zed-ros2-examples/tools/zed_benchmark_interfaces) by extension 'ignore_ament_install'
[0.284s] Level 1:colcon.colcon_core.package_identification:_identify(src/zed-ros2-examples/tools/zed_benchmark_interfaces) by extensions ['colcon_pkg']
[0.284s] Level 1:colcon.colcon_core.package_identification:_identify(src/zed-ros2-examples/tools/zed_benchmark_interfaces) by extension 'colcon_pkg'
[0.284s] Level 1:colcon.colcon_core.package_identification:_identify(src/zed-ros2-examples/tools/zed_benchmark_interfaces) by extensions ['colcon_meta']
[0.284s] Level 1:colcon.colcon_core.package_identification:_identify(src/zed-ros2-examples/tools/zed_benchmark_interfaces) by extension 'colcon_meta'
[0.284s] Level 1:colcon.colcon_core.package_identification:_identify(src/zed-ros2-examples/tools/zed_benchmark_interfaces) by extensions ['ros']
[0.284s] Level 1:colcon.colcon_core.package_identification:_identify(src/zed-ros2-examples/tools/zed_benchmark_interfaces) by extension 'ros'
[0.284s] DEBUG:colcon.colcon_core.package_identification:Package 'src/zed-ros2-examples/tools/zed_benchmark_interfaces' with type 'ros.ament_cmake' and name 'zed_topic_benchmark_interfaces'
[0.284s] Level 1:colcon.colcon_core.package_identification:_identify(src/zed-ros2-examples/tutorials) by extensions ['ignore', 'ignore_ament_install']
[0.284s] Level 1:colcon.colcon_core.package_identification:_identify(src/zed-ros2-examples/tutorials) by extension 'ignore'
[0.284s] Level 1:colcon.colcon_core.package_identification:_identify(src/zed-ros2-examples/tutorials) by extension 'ignore_ament_install'
[0.284s] Level 1:colcon.colcon_core.package_identification:_identify(src/zed-ros2-examples/tutorials) by extensions ['colcon_pkg']
[0.285s] Level 1:colcon.colcon_core.package_identification:_identify(src/zed-ros2-examples/tutorials) by extension 'colcon_pkg'
[0.285s] Level 1:colcon.colcon_core.package_identification:_identify(src/zed-ros2-examples/tutorials) by extensions ['colcon_meta']
[0.285s] Level 1:colcon.colcon_core.package_identification:_identify(src/zed-ros2-examples/tutorials) by extension 'colcon_meta'
[0.285s] Level 1:colcon.colcon_core.package_identification:_identify(src/zed-ros2-examples/tutorials) by extensions ['ros']
[0.285s] Level 1:colcon.colcon_core.package_identification:_identify(src/zed-ros2-examples/tutorials) by extension 'ros'
[0.285s] Level 1:colcon.colcon_core.package_identification:_identify(src/zed-ros2-examples/tutorials) by extensions ['cmake', 'python']
[0.285s] Level 1:colcon.colcon_core.package_identification:_identify(src/zed-ros2-examples/tutorials) by extension 'cmake'
[0.285s] Level 1:colcon.colcon_core.package_identification:_identify(src/zed-ros2-examples/tutorials) by extension 'python'
[0.285s] Level 1:colcon.colcon_core.package_identification:_identify(src/zed-ros2-examples/tutorials) by extensions ['python_setup_py']
[0.285s] Level 1:colcon.colcon_core.package_identification:_identify(src/zed-ros2-examples/tutorials) by extension 'python_setup_py'
[0.285s] Level 1:colcon.colcon_core.package_identification:_identify(src/zed-ros2-examples/tutorials/zed_depth_tutorial) by extensions ['ignore', 'ignore_ament_install']
[0.285s] Level 1:colcon.colcon_core.package_identification:_identify(src/zed-ros2-examples/tutorials/zed_depth_tutorial) by extension 'ignore'
[0.285s] Level 1:colcon.colcon_core.package_identification:_identify(src/zed-ros2-examples/tutorials/zed_depth_tutorial) by extension 'ignore_ament_install'
[0.285s] Level 1:colcon.colcon_core.package_identification:_identify(src/zed-ros2-examples/tutorials/zed_depth_tutorial) by extensions ['colcon_pkg']
[0.285s] Level 1:colcon.colcon_core.package_identification:_identify(src/zed-ros2-examples/tutorials/zed_depth_tutorial) by extension 'colcon_pkg'
[0.285s] Level 1:colcon.colcon_core.package_identification:_identify(src/zed-ros2-examples/tutorials/zed_depth_tutorial) by extensions ['colcon_meta']
[0.285s] Level 1:colcon.colcon_core.package_identification:_identify(src/zed-ros2-examples/tutorials/zed_depth_tutorial) by extension 'colcon_meta'
[0.285s] Level 1:colcon.colcon_core.package_identification:_identify(src/zed-ros2-examples/tutorials/zed_depth_tutorial) by extensions ['ros']
[0.285s] Level 1:colcon.colcon_core.package_identification:_identify(src/zed-ros2-examples/tutorials/zed_depth_tutorial) by extension 'ros'
[0.286s] DEBUG:colcon.colcon_core.package_identification:Package 'src/zed-ros2-examples/tutorials/zed_depth_tutorial' with type 'ros.ament_cmake' and name 'zed_tutorial_depth'
[0.286s] Level 1:colcon.colcon_core.package_identification:_identify(src/zed-ros2-examples/tutorials/zed_multi_camera) by extensions ['ignore', 'ignore_ament_install']
[0.286s] Level 1:colcon.colcon_core.package_identification:_identify(src/zed-ros2-examples/tutorials/zed_multi_camera) by extension 'ignore'
[0.286s] Level 1:colcon.colcon_core.package_identification:_identify(src/zed-ros2-examples/tutorials/zed_multi_camera) by extension 'ignore_ament_install'
[0.286s] Level 1:colcon.colcon_core.package_identification:_identify(src/zed-ros2-examples/tutorials/zed_multi_camera) by extensions ['colcon_pkg']
[0.286s] Level 1:colcon.colcon_core.package_identification:_identify(src/zed-ros2-examples/tutorials/zed_multi_camera) by extension 'colcon_pkg'
[0.286s] Level 1:colcon.colcon_core.package_identification:_identify(src/zed-ros2-examples/tutorials/zed_multi_camera) by extensions ['colcon_meta']
[0.286s] Level 1:colcon.colcon_core.package_identification:_identify(src/zed-ros2-examples/tutorials/zed_multi_camera) by extension 'colcon_meta'
[0.286s] Level 1:colcon.colcon_core.package_identification:_identify(src/zed-ros2-examples/tutorials/zed_multi_camera) by extensions ['ros']
[0.286s] Level 1:colcon.colcon_core.package_identification:_identify(src/zed-ros2-examples/tutorials/zed_multi_camera) by extension 'ros'
[0.287s] DEBUG:colcon.colcon_core.package_identification:Package 'src/zed-ros2-examples/tutorials/zed_multi_camera' with type 'ros.ament_cmake' and name 'zed_multi_camera'
[0.287s] Level 1:colcon.colcon_core.package_identification:_identify(src/zed-ros2-examples/tutorials/zed_pose_tutorial) by extensions ['ignore', 'ignore_ament_install']
[0.287s] Level 1:colcon.colcon_core.package_identification:_identify(src/zed-ros2-examples/tutorials/zed_pose_tutorial) by extension 'ignore'
[0.287s] Level 1:colcon.colcon_core.package_identification:_identify(src/zed-ros2-examples/tutorials/zed_pose_tutorial) by extension 'ignore_ament_install'
[0.287s] Level 1:colcon.colcon_core.package_identification:_identify(src/zed-ros2-examples/tutorials/zed_pose_tutorial) by extensions ['colcon_pkg']
[0.287s] Level 1:colcon.colcon_core.package_identification:_identify(src/zed-ros2-examples/tutorials/zed_pose_tutorial) by extension 'colcon_pkg'
[0.287s] Level 1:colcon.colcon_core.package_identification:_identify(src/zed-ros2-examples/tutorials/zed_pose_tutorial) by extensions ['colcon_meta']
[0.287s] Level 1:colcon.colcon_core.package_identification:_identify(src/zed-ros2-examples/tutorials/zed_pose_tutorial) by extension 'colcon_meta'
[0.287s] Level 1:colcon.colcon_core.package_identification:_identify(src/zed-ros2-examples/tutorials/zed_pose_tutorial) by extensions ['ros']
[0.287s] Level 1:colcon.colcon_core.package_identification:_identify(src/zed-ros2-examples/tutorials/zed_pose_tutorial) by extension 'ros'
[0.288s] DEBUG:colcon.colcon_core.package_identification:Package 'src/zed-ros2-examples/tutorials/zed_pose_tutorial' with type 'ros.ament_cmake' and name 'zed_tutorial_pos_tracking'
[0.288s] Level 1:colcon.colcon_core.package_identification:_identify(src/zed-ros2-examples/tutorials/zed_rgb_convert) by extensions ['ignore', 'ignore_ament_install']
[0.289s] Level 1:colcon.colcon_core.package_identification:_identify(src/zed-ros2-examples/tutorials/zed_rgb_convert) by extension 'ignore'
[0.289s] Level 1:colcon.colcon_core.package_identification:_identify(src/zed-ros2-examples/tutorials/zed_rgb_convert) by extension 'ignore_ament_install'
[0.289s] Level 1:colcon.colcon_core.package_identification:_identify(src/zed-ros2-examples/tutorials/zed_rgb_convert) by extensions ['colcon_pkg']
[0.289s] Level 1:colcon.colcon_core.package_identification:_identify(src/zed-ros2-examples/tutorials/zed_rgb_convert) by extension 'colcon_pkg'
[0.289s] Level 1:colcon.colcon_core.package_identification:_identify(src/zed-ros2-examples/tutorials/zed_rgb_convert) by extensions ['colcon_meta']
[0.289s] Level 1:colcon.colcon_core.package_identification:_identify(src/zed-ros2-examples/tutorials/zed_rgb_convert) by extension 'colcon_meta'
[0.289s] Level 1:colcon.colcon_core.package_identification:_identify(src/zed-ros2-examples/tutorials/zed_rgb_convert) by extensions ['ros']
[0.289s] Level 1:colcon.colcon_core.package_identification:_identify(src/zed-ros2-examples/tutorials/zed_rgb_convert) by extension 'ros'
[0.289s] DEBUG:colcon.colcon_core.package_identification:Package 'src/zed-ros2-examples/tutorials/zed_rgb_convert' with type 'ros.ament_cmake' and name 'zed_rgb_convert'
[0.289s] Level 1:colcon.colcon_core.package_identification:_identify(src/zed-ros2-examples/tutorials/zed_robot_integration) by extensions ['ignore', 'ignore_ament_install']
[0.289s] Level 1:colcon.colcon_core.package_identification:_identify(src/zed-ros2-examples/tutorials/zed_robot_integration) by extension 'ignore'
[0.290s] Level 1:colcon.colcon_core.package_identification:_identify(src/zed-ros2-examples/tutorials/zed_robot_integration) by extension 'ignore_ament_install'
[0.290s] Level 1:colcon.colcon_core.package_identification:_identify(src/zed-ros2-examples/tutorials/zed_robot_integration) by extensions ['colcon_pkg']
[0.290s] Level 1:colcon.colcon_core.package_identification:_identify(src/zed-ros2-examples/tutorials/zed_robot_integration) by extension 'colcon_pkg'
[0.290s] Level 1:colcon.colcon_core.package_identification:_identify(src/zed-ros2-examples/tutorials/zed_robot_integration) by extensions ['colcon_meta']
[0.290s] Level 1:colcon.colcon_core.package_identification:_identify(src/zed-ros2-examples/tutorials/zed_robot_integration) by extension 'colcon_meta'
[0.290s] Level 1:colcon.colcon_core.package_identification:_identify(src/zed-ros2-examples/tutorials/zed_robot_integration) by extensions ['ros']
[0.290s] Level 1:colcon.colcon_core.package_identification:_identify(src/zed-ros2-examples/tutorials/zed_robot_integration) by extension 'ros'
[0.290s] DEBUG:colcon.colcon_core.package_identification:Package 'src/zed-ros2-examples/tutorials/zed_robot_integration' with type 'ros.ament_cmake' and name 'zed_robot_integration'
[0.290s] Level 1:colcon.colcon_core.package_identification:_identify(src/zed-ros2-examples/tutorials/zed_video_tutorial) by extensions ['ignore', 'ignore_ament_install']
[0.290s] Level 1:colcon.colcon_core.package_identification:_identify(src/zed-ros2-examples/tutorials/zed_video_tutorial) by extension 'ignore'
[0.290s] Level 1:colcon.colcon_core.package_identification:_identify(src/zed-ros2-examples/tutorials/zed_video_tutorial) by extension 'ignore_ament_install'
[0.290s] Level 1:colcon.colcon_core.package_identification:_identify(src/zed-ros2-examples/tutorials/zed_video_tutorial) by extensions ['colcon_pkg']
[0.290s] Level 1:colcon.colcon_core.package_identification:_identify(src/zed-ros2-examples/tutorials/zed_video_tutorial) by extension 'colcon_pkg'
[0.290s] Level 1:colcon.colcon_core.package_identification:_identify(src/zed-ros2-examples/tutorials/zed_video_tutorial) by extensions ['colcon_meta']
[0.290s] Level 1:colcon.colcon_core.package_identification:_identify(src/zed-ros2-examples/tutorials/zed_video_tutorial) by extension 'colcon_meta'
[0.290s] Level 1:colcon.colcon_core.package_identification:_identify(src/zed-ros2-examples/tutorials/zed_video_tutorial) by extensions ['ros']
[0.290s] Level 1:colcon.colcon_core.package_identification:_identify(src/zed-ros2-examples/tutorials/zed_video_tutorial) by extension 'ros'
[0.291s] DEBUG:colcon.colcon_core.package_identification:Package 'src/zed-ros2-examples/tutorials/zed_video_tutorial' with type 'ros.ament_cmake' and name 'zed_tutorial_video'
[0.291s] Level 1:colcon.colcon_core.package_identification:_identify(src/zed-ros2-examples/zed_display_rviz2) by extensions ['ignore', 'ignore_ament_install']
[0.291s] Level 1:colcon.colcon_core.package_identification:_identify(src/zed-ros2-examples/zed_display_rviz2) by extension 'ignore'
[0.291s] Level 1:colcon.colcon_core.package_identification:_identify(src/zed-ros2-examples/zed_display_rviz2) by extension 'ignore_ament_install'
[0.291s] Level 1:colcon.colcon_core.package_identification:_identify(src/zed-ros2-examples/zed_display_rviz2) by extensions ['colcon_pkg']
[0.291s] Level 1:colcon.colcon_core.package_identification:_identify(src/zed-ros2-examples/zed_display_rviz2) by extension 'colcon_pkg'
[0.291s] Level 1:colcon.colcon_core.package_identification:_identify(src/zed-ros2-examples/zed_display_rviz2) by extensions ['colcon_meta']
[0.291s] Level 1:colcon.colcon_core.package_identification:_identify(src/zed-ros2-examples/zed_display_rviz2) by extension 'colcon_meta'
[0.291s] Level 1:colcon.colcon_core.package_identification:_identify(src/zed-ros2-examples/zed_display_rviz2) by extensions ['ros']
[0.291s] Level 1:colcon.colcon_core.package_identification:_identify(src/zed-ros2-examples/zed_display_rviz2) by extension 'ros'
[0.292s] DEBUG:colcon.colcon_core.package_identification:Package 'src/zed-ros2-examples/zed_display_rviz2' with type 'ros.ament_cmake' and name 'zed_display_rviz2'
[0.292s] Level 1:colcon.colcon_core.package_identification:_identify(src/zed-ros2-wrapper) by extensions ['ignore', 'ignore_ament_install']
[0.292s] Level 1:colcon.colcon_core.package_identification:_identify(src/zed-ros2-wrapper) by extension 'ignore'
[0.292s] Level 1:colcon.colcon_core.package_identification:_identify(src/zed-ros2-wrapper) by extension 'ignore_ament_install'
[0.292s] Level 1:colcon.colcon_core.package_identification:_identify(src/zed-ros2-wrapper) by extensions ['colcon_pkg']
[0.292s] Level 1:colcon.colcon_core.package_identification:_identify(src/zed-ros2-wrapper) by extension 'colcon_pkg'
[0.292s] Level 1:colcon.colcon_core.package_identification:_identify(src/zed-ros2-wrapper) by extensions ['colcon_meta']
[0.292s] Level 1:colcon.colcon_core.package_identification:_identify(src/zed-ros2-wrapper) by extension 'colcon_meta'
[0.292s] Level 1:colcon.colcon_core.package_identification:_identify(src/zed-ros2-wrapper) by extensions ['ros']
[0.292s] Level 1:colcon.colcon_core.package_identification:_identify(src/zed-ros2-wrapper) by extension 'ros'
[0.292s] Level 1:colcon.colcon_core.package_identification:_identify(src/zed-ros2-wrapper) by extensions ['cmake', 'python']
[0.292s] Level 1:colcon.colcon_core.package_identification:_identify(src/zed-ros2-wrapper) by extension 'cmake'
[0.292s] Level 1:colcon.colcon_core.package_identification:_identify(src/zed-ros2-wrapper) by extension 'python'
[0.292s] Level 1:colcon.colcon_core.package_identification:_identify(src/zed-ros2-wrapper) by extensions ['python_setup_py']
[0.292s] Level 1:colcon.colcon_core.package_identification:_identify(src/zed-ros2-wrapper) by extension 'python_setup_py'
[0.292s] Level 1:colcon.colcon_core.package_identification:_identify(src/zed-ros2-wrapper/docker) by extensions ['ignore', 'ignore_ament_install']
[0.292s] Level 1:colcon.colcon_core.package_identification:_identify(src/zed-ros2-wrapper/docker) by extension 'ignore'
[0.292s] Level 1:colcon.colcon_core.package_identification:_identify(src/zed-ros2-wrapper/docker) by extension 'ignore_ament_install'
[0.292s] Level 1:colcon.colcon_core.package_identification:_identify(src/zed-ros2-wrapper/docker) by extensions ['colcon_pkg']
[0.292s] Level 1:colcon.colcon_core.package_identification:_identify(src/zed-ros2-wrapper/docker) by extension 'colcon_pkg'
[0.292s] Level 1:colcon.colcon_core.package_identification:_identify(src/zed-ros2-wrapper/docker) by extensions ['colcon_meta']
[0.292s] Level 1:colcon.colcon_core.package_identification:_identify(src/zed-ros2-wrapper/docker) by extension 'colcon_meta'
[0.292s] Level 1:colcon.colcon_core.package_identification:_identify(src/zed-ros2-wrapper/docker) by extensions ['ros']
[0.292s] Level 1:colcon.colcon_core.package_identification:_identify(src/zed-ros2-wrapper/docker) by extension 'ros'
[0.292s] Level 1:colcon.colcon_core.package_identification:_identify(src/zed-ros2-wrapper/docker) by extensions ['cmake', 'python']
[0.292s] Level 1:colcon.colcon_core.package_identification:_identify(src/zed-ros2-wrapper/docker) by extension 'cmake'
[0.292s] Level 1:colcon.colcon_core.package_identification:_identify(src/zed-ros2-wrapper/docker) by extension 'python'
[0.292s] Level 1:colcon.colcon_core.package_identification:_identify(src/zed-ros2-wrapper/docker) by extensions ['python_setup_py']
[0.292s] Level 1:colcon.colcon_core.package_identification:_identify(src/zed-ros2-wrapper/docker) by extension 'python_setup_py'
[0.293s] Level 1:colcon.colcon_core.package_identification:_identify(src/zed-ros2-wrapper/images) by extensions ['ignore', 'ignore_ament_install']
[0.293s] Level 1:colcon.colcon_core.package_identification:_identify(src/zed-ros2-wrapper/images) by extension 'ignore'
[0.293s] Level 1:colcon.colcon_core.package_identification:_identify(src/zed-ros2-wrapper/images) by extension 'ignore_ament_install'
[0.293s] Level 1:colcon.colcon_core.package_identification:_identify(src/zed-ros2-wrapper/images) by extensions ['colcon_pkg']
[0.293s] Level 1:colcon.colcon_core.package_identification:_identify(src/zed-ros2-wrapper/images) by extension 'colcon_pkg'
[0.293s] Level 1:colcon.colcon_core.package_identification:_identify(src/zed-ros2-wrapper/images) by extensions ['colcon_meta']
[0.293s] Level 1:colcon.colcon_core.package_identification:_identify(src/zed-ros2-wrapper/images) by extension 'colcon_meta'
[0.293s] Level 1:colcon.colcon_core.package_identification:_identify(src/zed-ros2-wrapper/images) by extensions ['ros']
[0.293s] Level 1:colcon.colcon_core.package_identification:_identify(src/zed-ros2-wrapper/images) by extension 'ros'
[0.293s] Level 1:colcon.colcon_core.package_identification:_identify(src/zed-ros2-wrapper/images) by extensions ['cmake', 'python']
[0.293s] Level 1:colcon.colcon_core.package_identification:_identify(src/zed-ros2-wrapper/images) by extension 'cmake'
[0.293s] Level 1:colcon.colcon_core.package_identification:_identify(src/zed-ros2-wrapper/images) by extension 'python'
[0.293s] Level 1:colcon.colcon_core.package_identification:_identify(src/zed-ros2-wrapper/images) by extensions ['python_setup_py']
[0.293s] Level 1:colcon.colcon_core.package_identification:_identify(src/zed-ros2-wrapper/images) by extension 'python_setup_py'
[0.293s] Level 1:colcon.colcon_core.package_identification:_identify(src/zed-ros2-wrapper/zed-ros2-interfaces) by extensions ['ignore', 'ignore_ament_install']
[0.293s] Level 1:colcon.colcon_core.package_identification:_identify(src/zed-ros2-wrapper/zed-ros2-interfaces) by extension 'ignore'
[0.293s] Level 1:colcon.colcon_core.package_identification:_identify(src/zed-ros2-wrapper/zed-ros2-interfaces) by extension 'ignore_ament_install'
[0.293s] Level 1:colcon.colcon_core.package_identification:_identify(src/zed-ros2-wrapper/zed-ros2-interfaces) by extensions ['colcon_pkg']
[0.293s] Level 1:colcon.colcon_core.package_identification:_identify(src/zed-ros2-wrapper/zed-ros2-interfaces) by extension 'colcon_pkg'
[0.293s] Level 1:colcon.colcon_core.package_identification:_identify(src/zed-ros2-wrapper/zed-ros2-interfaces) by extensions ['colcon_meta']
[0.293s] Level 1:colcon.colcon_core.package_identification:_identify(src/zed-ros2-wrapper/zed-ros2-interfaces) by extension 'colcon_meta'
[0.293s] Level 1:colcon.colcon_core.package_identification:_identify(src/zed-ros2-wrapper/zed-ros2-interfaces) by extensions ['ros']
[0.293s] Level 1:colcon.colcon_core.package_identification:_identify(src/zed-ros2-wrapper/zed-ros2-interfaces) by extension 'ros'
[0.294s] DEBUG:colcon.colcon_core.package_identification:Package 'src/zed-ros2-wrapper/zed-ros2-interfaces' with type 'ros.ament_cmake' and name 'zed_interfaces'
[0.294s] Level 1:colcon.colcon_core.package_identification:_identify(src/zed-ros2-wrapper/zed_components) by extensions ['ignore', 'ignore_ament_install']
[0.294s] Level 1:colcon.colcon_core.package_identification:_identify(src/zed-ros2-wrapper/zed_components) by extension 'ignore'
[0.294s] Level 1:colcon.colcon_core.package_identification:_identify(src/zed-ros2-wrapper/zed_components) by extension 'ignore_ament_install'
[0.294s] Level 1:colcon.colcon_core.package_identification:_identify(src/zed-ros2-wrapper/zed_components) by extensions ['colcon_pkg']
[0.294s] Level 1:colcon.colcon_core.package_identification:_identify(src/zed-ros2-wrapper/zed_components) by extension 'colcon_pkg'
[0.294s] Level 1:colcon.colcon_core.package_identification:_identify(src/zed-ros2-wrapper/zed_components) by extensions ['colcon_meta']
[0.294s] Level 1:colcon.colcon_core.package_identification:_identify(src/zed-ros2-wrapper/zed_components) by extension 'colcon_meta'
[0.294s] Level 1:colcon.colcon_core.package_identification:_identify(src/zed-ros2-wrapper/zed_components) by extensions ['ros']
[0.294s] Level 1:colcon.colcon_core.package_identification:_identify(src/zed-ros2-wrapper/zed_components) by extension 'ros'
[0.295s] DEBUG:colcon.colcon_core.package_identification:Package 'src/zed-ros2-wrapper/zed_components' with type 'ros.ament_cmake' and name 'zed_components'
[0.295s] Level 1:colcon.colcon_core.package_identification:_identify(src/zed-ros2-wrapper/zed_ros2) by extensions ['ignore', 'ignore_ament_install']
[0.295s] Level 1:colcon.colcon_core.package_identification:_identify(src/zed-ros2-wrapper/zed_ros2) by extension 'ignore'
[0.295s] Level 1:colcon.colcon_core.package_identification:_identify(src/zed-ros2-wrapper/zed_ros2) by extension 'ignore_ament_install'
[0.295s] Level 1:colcon.colcon_core.package_identification:_identify(src/zed-ros2-wrapper/zed_ros2) by extensions ['colcon_pkg']
[0.295s] Level 1:colcon.colcon_core.package_identification:_identify(src/zed-ros2-wrapper/zed_ros2) by extension 'colcon_pkg'
[0.295s] Level 1:colcon.colcon_core.package_identification:_identify(src/zed-ros2-wrapper/zed_ros2) by extensions ['colcon_meta']
[0.295s] Level 1:colcon.colcon_core.package_identification:_identify(src/zed-ros2-wrapper/zed_ros2) by extension 'colcon_meta'
[0.295s] Level 1:colcon.colcon_core.package_identification:_identify(src/zed-ros2-wrapper/zed_ros2) by extensions ['ros']
[0.295s] Level 1:colcon.colcon_core.package_identification:_identify(src/zed-ros2-wrapper/zed_ros2) by extension 'ros'
[0.295s] DEBUG:colcon.colcon_core.package_identification:Package 'src/zed-ros2-wrapper/zed_ros2' with type 'ros.ament_cmake' and name 'zed_ros2'
[0.295s] Level 1:colcon.colcon_core.package_identification:_identify(src/zed-ros2-wrapper/zed_wrapper) by extensions ['ignore', 'ignore_ament_install']
[0.296s] Level 1:colcon.colcon_core.package_identification:_identify(src/zed-ros2-wrapper/zed_wrapper) by extension 'ignore'
[0.296s] Level 1:colcon.colcon_core.package_identification:_identify(src/zed-ros2-wrapper/zed_wrapper) by extension 'ignore_ament_install'
[0.296s] Level 1:colcon.colcon_core.package_identification:_identify(src/zed-ros2-wrapper/zed_wrapper) by extensions ['colcon_pkg']
[0.296s] Level 1:colcon.colcon_core.package_identification:_identify(src/zed-ros2-wrapper/zed_wrapper) by extension 'colcon_pkg'
[0.296s] Level 1:colcon.colcon_core.package_identification:_identify(src/zed-ros2-wrapper/zed_wrapper) by extensions ['colcon_meta']
[0.296s] Level 1:colcon.colcon_core.package_identification:_identify(src/zed-ros2-wrapper/zed_wrapper) by extension 'colcon_meta'
[0.296s] Level 1:colcon.colcon_core.package_identification:_identify(src/zed-ros2-wrapper/zed_wrapper) by extensions ['ros']
[0.296s] Level 1:colcon.colcon_core.package_identification:_identify(src/zed-ros2-wrapper/zed_wrapper) by extension 'ros'
[0.296s] DEBUG:colcon.colcon_core.package_identification:Package 'src/zed-ros2-wrapper/zed_wrapper' with type 'ros.ament_cmake' and name 'zed_wrapper'
[0.296s] Level 1:colcon.colcon_core.package_discovery:discover_packages(recursive) using defaults
[0.296s] Level 1:colcon.colcon_core.package_discovery:discover_packages(ignore) discover
[0.296s] Level 1:colcon.colcon_core.package_discovery:discover_packages(ignore) using defaults
[0.296s] Level 1:colcon.colcon_core.package_discovery:discover_packages(path) discover
[0.296s] Level 1:colcon.colcon_core.package_discovery:discover_packages(path) using defaults
[0.314s] Level 1:colcon.colcon_core.package_discovery:discover_packages(prefix_path) check parameters
[0.314s] Level 1:colcon.colcon_core.package_discovery:discover_packages(prefix_path) discover
[0.315s] WARNING:colcon.colcon_core.prefix_path.colcon:The path '/home/awadh/depth_ws/install' in the environment variable COLCON_PREFIX_PATH doesn't exist
[0.316s] DEBUG:colcon.colcon_installed_package_information.package_discovery:Found 5 installed packages in /home/awadh/yolobot/install
[0.316s] DEBUG:colcon.colcon_installed_package_information.package_discovery:Found 0 installed packages in /home/awadh/test3_ws/install
[0.317s] DEBUG:colcon.colcon_installed_package_information.package_discovery:Found 1 installed packages in /home/awadh/test2_ws/install
[0.317s] DEBUG:colcon.colcon_installed_package_information.package_discovery:Found 0 installed packages in /home/awadh/test_ws/install
[0.317s] DEBUG:colcon.colcon_installed_package_information.package_discovery:Found 0 installed packages in /home/awadh/obj_det_ws/install
[0.317s] DEBUG:colcon.colcon_installed_package_information.package_discovery:Found 17 installed packages in /home/awadh/zed_ws/install
[0.318s] DEBUG:colcon.colcon_installed_package_information.package_discovery:Found 2 installed packages in /home/awadh/ouster_ws/install
[0.318s] DEBUG:colcon.colcon_installed_package_information.package_discovery:Found 1 installed packages in /home/awadh/sick_tim_ws/install
[0.318s] DEBUG:colcon.colcon_installed_package_information.package_discovery:Found 6 installed packages in /home/awadh/ros2_ws/install
[0.318s] DEBUG:colcon.colcon_installed_package_information.package_discovery:Found 9 installed packages in /home/awadh/gazebo_ws/install
[0.319s] DEBUG:colcon.colcon_installed_package_information.package_discovery:Found 409 installed packages in /opt/ros/humble
[0.321s] Level 1:colcon.colcon_core.package_discovery:discover_packages(prefix_path) using defaults
[0.351s] Level 5:colcon.colcon_core.verb:set package 'zed_interfaces' build argument 'cmake_args' from command line to 'None'
[0.351s] Level 5:colcon.colcon_core.verb:set package 'zed_interfaces' build argument 'cmake_target' from command line to 'None'
[0.351s] Level 5:colcon.colcon_core.verb:set package 'zed_interfaces' build argument 'cmake_target_skip_unavailable' from command line to 'False'
[0.351s] Level 5:colcon.colcon_core.verb:set package 'zed_interfaces' build argument 'cmake_clean_cache' from command line to 'False'
[0.351s] Level 5:colcon.colcon_core.verb:set package 'zed_interfaces' build argument 'cmake_clean_first' from command line to 'False'
[0.351s] Level 5:colcon.colcon_core.verb:set package 'zed_interfaces' build argument 'cmake_force_configure' from command line to 'False'
[0.351s] Level 5:colcon.colcon_core.verb:set package 'zed_interfaces' build argument 'ament_cmake_args' from command line to 'None'
[0.352s] Level 5:colcon.colcon_core.verb:set package 'zed_interfaces' build argument 'catkin_cmake_args' from command line to 'None'
[0.352s] Level 5:colcon.colcon_core.verb:set package 'zed_interfaces' build argument 'catkin_skip_building_tests' from command line to 'False'
[0.352s] DEBUG:colcon.colcon_core.verb:Building package 'zed_interfaces' with the following arguments: {'ament_cmake_args': None, 'build_base': '/home/awadh/zed_ws/build/zed_interfaces', 'catkin_cmake_args': None, 'catkin_skip_building_tests': False, 'cmake_args': None, 'cmake_clean_cache': False, 'cmake_clean_first': False, 'cmake_force_configure': False, 'cmake_target': None, 'cmake_target_skip_unavailable': False, 'install_base': '/home/awadh/zed_ws/install/zed_interfaces', 'merge_install': False, 'path': '/home/awadh/zed_ws/src/zed-ros2-wrapper/zed-ros2-interfaces', 'symlink_install': False, 'test_result_base': None}
[0.352s] Level 5:colcon.colcon_core.verb:set package 'zed_topic_benchmark_interfaces' build argument 'cmake_args' from command line to 'None'
[0.352s] Level 5:colcon.colcon_core.verb:set package 'zed_topic_benchmark_interfaces' build argument 'cmake_target' from command line to 'None'
[0.352s] Level 5:colcon.colcon_core.verb:set package 'zed_topic_benchmark_interfaces' build argument 'cmake_target_skip_unavailable' from command line to 'False'
[0.352s] Level 5:colcon.colcon_core.verb:set package 'zed_topic_benchmark_interfaces' build argument 'cmake_clean_cache' from command line to 'False'
[0.352s] Level 5:colcon.colcon_core.verb:set package 'zed_topic_benchmark_interfaces' build argument 'cmake_clean_first' from command line to 'False'
[0.352s] Level 5:colcon.colcon_core.verb:set package 'zed_topic_benchmark_interfaces' build argument 'cmake_force_configure' from command line to 'False'
[0.352s] Level 5:colcon.colcon_core.verb:set package 'zed_topic_benchmark_interfaces' build argument 'ament_cmake_args' from command line to 'None'
[0.352s] Level 5:colcon.colcon_core.verb:set package 'zed_topic_benchmark_interfaces' build argument 'catkin_cmake_args' from command line to 'None'
[0.352s] Level 5:colcon.colcon_core.verb:set package 'zed_topic_benchmark_interfaces' build argument 'catkin_skip_building_tests' from command line to 'False'
[0.352s] DEBUG:colcon.colcon_core.verb:Building package 'zed_topic_benchmark_interfaces' with the following arguments: {'ament_cmake_args': None, 'build_base': '/home/awadh/zed_ws/build/zed_topic_benchmark_interfaces', 'catkin_cmake_args': None, 'catkin_skip_building_tests': False, 'cmake_args': None, 'cmake_clean_cache': False, 'cmake_clean_first': False, 'cmake_force_configure': False, 'cmake_target': None, 'cmake_target_skip_unavailable': False, 'install_base': '/home/awadh/zed_ws/install/zed_topic_benchmark_interfaces', 'merge_install': False, 'path': '/home/awadh/zed_ws/src/zed-ros2-examples/tools/zed_benchmark_interfaces', 'symlink_install': False, 'test_result_base': None}
[0.352s] Level 5:colcon.colcon_core.verb:set package 'zed_tutorial_depth' build argument 'cmake_args' from command line to 'None'
[0.352s] Level 5:colcon.colcon_core.verb:set package 'zed_tutorial_depth' build argument 'cmake_target' from command line to 'None'
[0.352s] Level 5:colcon.colcon_core.verb:set package 'zed_tutorial_depth' build argument 'cmake_target_skip_unavailable' from command line to 'False'
[0.352s] Level 5:colcon.colcon_core.verb:set package 'zed_tutorial_depth' build argument 'cmake_clean_cache' from command line to 'False'
[0.352s] Level 5:colcon.colcon_core.verb:set package 'zed_tutorial_depth' build argument 'cmake_clean_first' from command line to 'False'
[0.352s] Level 5:colcon.colcon_core.verb:set package 'zed_tutorial_depth' build argument 'cmake_force_configure' from command line to 'False'
[0.352s] Level 5:colcon.colcon_core.verb:set package 'zed_tutorial_depth' build argument 'ament_cmake_args' from command line to 'None'
[0.352s] Level 5:colcon.colcon_core.verb:set package 'zed_tutorial_depth' build argument 'catkin_cmake_args' from command line to 'None'
[0.352s] Level 5:colcon.colcon_core.verb:set package 'zed_tutorial_depth' build argument 'catkin_skip_building_tests' from command line to 'False'
[0.352s] DEBUG:colcon.colcon_core.verb:Building package 'zed_tutorial_depth' with the following arguments: {'ament_cmake_args': None, 'build_base': '/home/awadh/zed_ws/build/zed_tutorial_depth', 'catkin_cmake_args': None, 'catkin_skip_building_tests': False, 'cmake_args': None, 'cmake_clean_cache': False, 'cmake_clean_first': False, 'cmake_force_configure': False, 'cmake_target': None, 'cmake_target_skip_unavailable': False, 'install_base': '/home/awadh/zed_ws/install/zed_tutorial_depth', 'merge_install': False, 'path': '/home/awadh/zed_ws/src/zed-ros2-examples/tutorials/zed_depth_tutorial', 'symlink_install': False, 'test_result_base': None}
[0.352s] Level 5:colcon.colcon_core.verb:set package 'zed_tutorial_pos_tracking' build argument 'cmake_args' from command line to 'None'
[0.352s] Level 5:colcon.colcon_core.verb:set package 'zed_tutorial_pos_tracking' build argument 'cmake_target' from command line to 'None'
[0.352s] Level 5:colcon.colcon_core.verb:set package 'zed_tutorial_pos_tracking' build argument 'cmake_target_skip_unavailable' from command line to 'False'
[0.352s] Level 5:colcon.colcon_core.verb:set package 'zed_tutorial_pos_tracking' build argument 'cmake_clean_cache' from command line to 'False'
[0.352s] Level 5:colcon.colcon_core.verb:set package 'zed_tutorial_pos_tracking' build argument 'cmake_clean_first' from command line to 'False'
[0.352s] Level 5:colcon.colcon_core.verb:set package 'zed_tutorial_pos_tracking' build argument 'cmake_force_configure' from command line to 'False'
[0.352s] Level 5:colcon.colcon_core.verb:set package 'zed_tutorial_pos_tracking' build argument 'ament_cmake_args' from command line to 'None'
[0.353s] Level 5:colcon.colcon_core.verb:set package 'zed_tutorial_pos_tracking' build argument 'catkin_cmake_args' from command line to 'None'
[0.353s] Level 5:colcon.colcon_core.verb:set package 'zed_tutorial_pos_tracking' build argument 'catkin_skip_building_tests' from command line to 'False'
[0.353s] DEBUG:colcon.colcon_core.verb:Building package 'zed_tutorial_pos_tracking' with the following arguments: {'ament_cmake_args': None, 'build_base': '/home/awadh/zed_ws/build/zed_tutorial_pos_tracking', 'catkin_cmake_args': None, 'catkin_skip_building_tests': False, 'cmake_args': None, 'cmake_clean_cache': False, 'cmake_clean_first': False, 'cmake_force_configure': False, 'cmake_target': None, 'cmake_target_skip_unavailable': False, 'install_base': '/home/awadh/zed_ws/install/zed_tutorial_pos_tracking', 'merge_install': False, 'path': '/home/awadh/zed_ws/src/zed-ros2-examples/tutorials/zed_pose_tutorial', 'symlink_install': False, 'test_result_base': None}
[0.353s] Level 5:colcon.colcon_core.verb:set package 'zed_tutorial_video' build argument 'cmake_args' from command line to 'None'
[0.353s] Level 5:colcon.colcon_core.verb:set package 'zed_tutorial_video' build argument 'cmake_target' from command line to 'None'
[0.353s] Level 5:colcon.colcon_core.verb:set package 'zed_tutorial_video' build argument 'cmake_target_skip_unavailable' from command line to 'False'
[0.353s] Level 5:colcon.colcon_core.verb:set package 'zed_tutorial_video' build argument 'cmake_clean_cache' from command line to 'False'
[0.353s] Level 5:colcon.colcon_core.verb:set package 'zed_tutorial_video' build argument 'cmake_clean_first' from command line to 'False'
[0.353s] Level 5:colcon.colcon_core.verb:set package 'zed_tutorial_video' build argument 'cmake_force_configure' from command line to 'False'
[0.353s] Level 5:colcon.colcon_core.verb:set package 'zed_tutorial_video' build argument 'ament_cmake_args' from command line to 'None'
[0.353s] Level 5:colcon.colcon_core.verb:set package 'zed_tutorial_video' build argument 'catkin_cmake_args' from command line to 'None'
[0.353s] Level 5:colcon.colcon_core.verb:set package 'zed_tutorial_video' build argument 'catkin_skip_building_tests' from command line to 'False'
[0.353s] DEBUG:colcon.colcon_core.verb:Building package 'zed_tutorial_video' with the following arguments: {'ament_cmake_args': None, 'build_base': '/home/awadh/zed_ws/build/zed_tutorial_video', 'catkin_cmake_args': None, 'catkin_skip_building_tests': False, 'cmake_args': None, 'cmake_clean_cache': False, 'cmake_clean_first': False, 'cmake_force_configure': False, 'cmake_target': None, 'cmake_target_skip_unavailable': False, 'install_base': '/home/awadh/zed_ws/install/zed_tutorial_video', 'merge_install': False, 'path': '/home/awadh/zed_ws/src/zed-ros2-examples/tutorials/zed_video_tutorial', 'symlink_install': False, 'test_result_base': None}
[0.353s] Level 5:colcon.colcon_core.verb:set package 'rviz_plugin_zed_od' build argument 'cmake_args' from command line to 'None'
[0.353s] Level 5:colcon.colcon_core.verb:set package 'rviz_plugin_zed_od' build argument 'cmake_target' from command line to 'None'
[0.353s] Level 5:colcon.colcon_core.verb:set package 'rviz_plugin_zed_od' build argument 'cmake_target_skip_unavailable' from command line to 'False'
[0.353s] Level 5:colcon.colcon_core.verb:set package 'rviz_plugin_zed_od' build argument 'cmake_clean_cache' from command line to 'False'
[0.353s] Level 5:colcon.colcon_core.verb:set package 'rviz_plugin_zed_od' build argument 'cmake_clean_first' from command line to 'False'
[0.353s] Level 5:colcon.colcon_core.verb:set package 'rviz_plugin_zed_od' build argument 'cmake_force_configure' from command line to 'False'
[0.353s] Level 5:colcon.colcon_core.verb:set package 'rviz_plugin_zed_od' build argument 'ament_cmake_args' from command line to 'None'
[0.353s] Level 5:colcon.colcon_core.verb:set package 'rviz_plugin_zed_od' build argument 'catkin_cmake_args' from command line to 'None'
[0.353s] Level 5:colcon.colcon_core.verb:set package 'rviz_plugin_zed_od' build argument 'catkin_skip_building_tests' from command line to 'False'
[0.353s] DEBUG:colcon.colcon_core.verb:Building package 'rviz_plugin_zed_od' with the following arguments: {'ament_cmake_args': None, 'build_base': '/home/awadh/zed_ws/build/rviz_plugin_zed_od', 'catkin_cmake_args': None, 'catkin_skip_building_tests': False, 'cmake_args': None, 'cmake_clean_cache': False, 'cmake_clean_first': False, 'cmake_force_configure': False, 'cmake_target': None, 'cmake_target_skip_unavailable': False, 'install_base': '/home/awadh/zed_ws/install/rviz_plugin_zed_od', 'merge_install': False, 'path': '/home/awadh/zed_ws/src/zed-ros2-examples/rviz-plugin-zed-od', 'symlink_install': False, 'test_result_base': None}
[0.353s] Level 5:colcon.colcon_core.verb:set package 'zed_components' build argument 'cmake_args' from command line to 'None'
[0.353s] Level 5:colcon.colcon_core.verb:set package 'zed_components' build argument 'cmake_target' from command line to 'None'
[0.353s] Level 5:colcon.colcon_core.verb:set package 'zed_components' build argument 'cmake_target_skip_unavailable' from command line to 'False'
[0.353s] Level 5:colcon.colcon_core.verb:set package 'zed_components' build argument 'cmake_clean_cache' from command line to 'False'
[0.353s] Level 5:colcon.colcon_core.verb:set package 'zed_components' build argument 'cmake_clean_first' from command line to 'False'
[0.353s] Level 5:colcon.colcon_core.verb:set package 'zed_components' build argument 'cmake_force_configure' from command line to 'False'
[0.353s] Level 5:colcon.colcon_core.verb:set package 'zed_components' build argument 'ament_cmake_args' from command line to 'None'
[0.353s] Level 5:colcon.colcon_core.verb:set package 'zed_components' build argument 'catkin_cmake_args' from command line to 'None'
[0.353s] Level 5:colcon.colcon_core.verb:set package 'zed_components' build argument 'catkin_skip_building_tests' from command line to 'False'
[0.354s] DEBUG:colcon.colcon_core.verb:Building package 'zed_components' with the following arguments: {'ament_cmake_args': None, 'build_base': '/home/awadh/zed_ws/build/zed_components', 'catkin_cmake_args': None, 'catkin_skip_building_tests': False, 'cmake_args': None, 'cmake_clean_cache': False, 'cmake_clean_first': False, 'cmake_force_configure': False, 'cmake_target': None, 'cmake_target_skip_unavailable': False, 'install_base': '/home/awadh/zed_ws/install/zed_components', 'merge_install': False, 'path': '/home/awadh/zed_ws/src/zed-ros2-wrapper/zed_components', 'symlink_install': False, 'test_result_base': None}
[0.354s] Level 5:colcon.colcon_core.verb:set package 'zed_topic_benchmark_component' build argument 'cmake_args' from command line to 'None'
[0.354s] Level 5:colcon.colcon_core.verb:set package 'zed_topic_benchmark_component' build argument 'cmake_target' from command line to 'None'
[0.354s] Level 5:colcon.colcon_core.verb:set package 'zed_topic_benchmark_component' build argument 'cmake_target_skip_unavailable' from command line to 'False'
[0.354s] Level 5:colcon.colcon_core.verb:set package 'zed_topic_benchmark_component' build argument 'cmake_clean_cache' from command line to 'False'
[0.354s] Level 5:colcon.colcon_core.verb:set package 'zed_topic_benchmark_component' build argument 'cmake_clean_first' from command line to 'False'
[0.354s] Level 5:colcon.colcon_core.verb:set package 'zed_topic_benchmark_component' build argument 'cmake_force_configure' from command line to 'False'
[0.354s] Level 5:colcon.colcon_core.verb:set package 'zed_topic_benchmark_component' build argument 'ament_cmake_args' from command line to 'None'
[0.354s] Level 5:colcon.colcon_core.verb:set package 'zed_topic_benchmark_component' build argument 'catkin_cmake_args' from command line to 'None'
[0.354s] Level 5:colcon.colcon_core.verb:set package 'zed_topic_benchmark_component' build argument 'catkin_skip_building_tests' from command line to 'False'
[0.354s] DEBUG:colcon.colcon_core.verb:Building package 'zed_topic_benchmark_component' with the following arguments: {'ament_cmake_args': None, 'build_base': '/home/awadh/zed_ws/build/zed_topic_benchmark_component', 'catkin_cmake_args': None, 'catkin_skip_building_tests': False, 'cmake_args': None, 'cmake_clean_cache': False, 'cmake_clean_first': False, 'cmake_force_configure': False, 'cmake_target': None, 'cmake_target_skip_unavailable': False, 'install_base': '/home/awadh/zed_ws/install/zed_topic_benchmark_component', 'merge_install': False, 'path': '/home/awadh/zed_ws/src/zed-ros2-examples/tools/zed_benchmark_component', 'symlink_install': False, 'test_result_base': None}
[0.354s] Level 5:colcon.colcon_core.verb:set package 'zed_aruco_localization' build argument 'cmake_args' from command line to 'None'
[0.354s] Level 5:colcon.colcon_core.verb:set package 'zed_aruco_localization' build argument 'cmake_target' from command line to 'None'
[0.354s] Level 5:colcon.colcon_core.verb:set package 'zed_aruco_localization' build argument 'cmake_target_skip_unavailable' from command line to 'False'
[0.354s] Level 5:colcon.colcon_core.verb:set package 'zed_aruco_localization' build argument 'cmake_clean_cache' from command line to 'False'
[0.354s] Level 5:colcon.colcon_core.verb:set package 'zed_aruco_localization' build argument 'cmake_clean_first' from command line to 'False'
[0.354s] Level 5:colcon.colcon_core.verb:set package 'zed_aruco_localization' build argument 'cmake_force_configure' from command line to 'False'
[0.354s] Level 5:colcon.colcon_core.verb:set package 'zed_aruco_localization' build argument 'ament_cmake_args' from command line to 'None'
[0.354s] Level 5:colcon.colcon_core.verb:set package 'zed_aruco_localization' build argument 'catkin_cmake_args' from command line to 'None'
[0.354s] Level 5:colcon.colcon_core.verb:set package 'zed_aruco_localization' build argument 'catkin_skip_building_tests' from command line to 'False'
[0.354s] DEBUG:colcon.colcon_core.verb:Building package 'zed_aruco_localization' with the following arguments: {'ament_cmake_args': None, 'build_base': '/home/awadh/zed_ws/build/zed_aruco_localization', 'catkin_cmake_args': None, 'catkin_skip_building_tests': False, 'cmake_args': None, 'cmake_clean_cache': False, 'cmake_clean_first': False, 'cmake_force_configure': False, 'cmake_target': None, 'cmake_target_skip_unavailable': False, 'install_base': '/home/awadh/zed_ws/install/zed_aruco_localization', 'merge_install': False, 'path': '/home/awadh/zed_ws/src/zed-ros2-examples/examples/zed_aruco_localization', 'symlink_install': False, 'test_result_base': None}
[0.354s] Level 5:colcon.colcon_core.verb:set package 'zed_rgb_convert' build argument 'cmake_args' from command line to 'None'
[0.354s] Level 5:colcon.colcon_core.verb:set package 'zed_rgb_convert' build argument 'cmake_target' from command line to 'None'
[0.354s] Level 5:colcon.colcon_core.verb:set package 'zed_rgb_convert' build argument 'cmake_target_skip_unavailable' from command line to 'False'
[0.354s] Level 5:colcon.colcon_core.verb:set package 'zed_rgb_convert' build argument 'cmake_clean_cache' from command line to 'False'
[0.354s] Level 5:colcon.colcon_core.verb:set package 'zed_rgb_convert' build argument 'cmake_clean_first' from command line to 'False'
[0.354s] Level 5:colcon.colcon_core.verb:set package 'zed_rgb_convert' build argument 'cmake_force_configure' from command line to 'False'
[0.354s] Level 5:colcon.colcon_core.verb:set package 'zed_rgb_convert' build argument 'ament_cmake_args' from command line to 'None'
[0.354s] Level 5:colcon.colcon_core.verb:set package 'zed_rgb_convert' build argument 'catkin_cmake_args' from command line to 'None'
[0.354s] Level 5:colcon.colcon_core.verb:set package 'zed_rgb_convert' build argument 'catkin_skip_building_tests' from command line to 'False'
[0.354s] DEBUG:colcon.colcon_core.verb:Building package 'zed_rgb_convert' with the following arguments: {'ament_cmake_args': None, 'build_base': '/home/awadh/zed_ws/build/zed_rgb_convert', 'catkin_cmake_args': None, 'catkin_skip_building_tests': False, 'cmake_args': None, 'cmake_clean_cache': False, 'cmake_clean_first': False, 'cmake_force_configure': False, 'cmake_target': None, 'cmake_target_skip_unavailable': False, 'install_base': '/home/awadh/zed_ws/install/zed_rgb_convert', 'merge_install': False, 'path': '/home/awadh/zed_ws/src/zed-ros2-examples/tutorials/zed_rgb_convert', 'symlink_install': False, 'test_result_base': None}
[0.355s] Level 5:colcon.colcon_core.verb:set package 'zed_topic_benchmark' build argument 'cmake_args' from command line to 'None'
[0.355s] Level 5:colcon.colcon_core.verb:set package 'zed_topic_benchmark' build argument 'cmake_target' from command line to 'None'
[0.355s] Level 5:colcon.colcon_core.verb:set package 'zed_topic_benchmark' build argument 'cmake_target_skip_unavailable' from command line to 'False'
[0.355s] Level 5:colcon.colcon_core.verb:set package 'zed_topic_benchmark' build argument 'cmake_clean_cache' from command line to 'False'
[0.355s] Level 5:colcon.colcon_core.verb:set package 'zed_topic_benchmark' build argument 'cmake_clean_first' from command line to 'False'
[0.355s] Level 5:colcon.colcon_core.verb:set package 'zed_topic_benchmark' build argument 'cmake_force_configure' from command line to 'False'
[0.355s] Level 5:colcon.colcon_core.verb:set package 'zed_topic_benchmark' build argument 'ament_cmake_args' from command line to 'None'
[0.355s] Level 5:colcon.colcon_core.verb:set package 'zed_topic_benchmark' build argument 'catkin_cmake_args' from command line to 'None'
[0.355s] Level 5:colcon.colcon_core.verb:set package 'zed_topic_benchmark' build argument 'catkin_skip_building_tests' from command line to 'False'
[0.355s] DEBUG:colcon.colcon_core.verb:Building package 'zed_topic_benchmark' with the following arguments: {'ament_cmake_args': None, 'build_base': '/home/awadh/zed_ws/build/zed_topic_benchmark', 'catkin_cmake_args': None, 'catkin_skip_building_tests': False, 'cmake_args': None, 'cmake_clean_cache': False, 'cmake_clean_first': False, 'cmake_force_configure': False, 'cmake_target': None, 'cmake_target_skip_unavailable': False, 'install_base': '/home/awadh/zed_ws/install/zed_topic_benchmark', 'merge_install': False, 'path': '/home/awadh/zed_ws/src/zed-ros2-examples/tools/zed_benchmark', 'symlink_install': False, 'test_result_base': None}
[0.355s] Level 5:colcon.colcon_core.verb:set package 'zed_wrapper' build argument 'cmake_args' from command line to 'None'
[0.355s] Level 5:colcon.colcon_core.verb:set package 'zed_wrapper' build argument 'cmake_target' from command line to 'None'
[0.355s] Level 5:colcon.colcon_core.verb:set package 'zed_wrapper' build argument 'cmake_target_skip_unavailable' from command line to 'False'
[0.355s] Level 5:colcon.colcon_core.verb:set package 'zed_wrapper' build argument 'cmake_clean_cache' from command line to 'False'
[0.355s] Level 5:colcon.colcon_core.verb:set package 'zed_wrapper' build argument 'cmake_clean_first' from command line to 'False'
[0.355s] Level 5:colcon.colcon_core.verb:set package 'zed_wrapper' build argument 'cmake_force_configure' from command line to 'False'
[0.355s] Level 5:colcon.colcon_core.verb:set package 'zed_wrapper' build argument 'ament_cmake_args' from command line to 'None'
[0.355s] Level 5:colcon.colcon_core.verb:set package 'zed_wrapper' build argument 'catkin_cmake_args' from command line to 'None'
[0.355s] Level 5:colcon.colcon_core.verb:set package 'zed_wrapper' build argument 'catkin_skip_building_tests' from command line to 'False'
[0.355s] DEBUG:colcon.colcon_core.verb:Building package 'zed_wrapper' with the following arguments: {'ament_cmake_args': None, 'build_base': '/home/awadh/zed_ws/build/zed_wrapper', 'catkin_cmake_args': None, 'catkin_skip_building_tests': False, 'cmake_args': None, 'cmake_clean_cache': False, 'cmake_clean_first': False, 'cmake_force_configure': False, 'cmake_target': None, 'cmake_target_skip_unavailable': False, 'install_base': '/home/awadh/zed_ws/install/zed_wrapper', 'merge_install': False, 'path': '/home/awadh/zed_ws/src/zed-ros2-wrapper/zed_wrapper', 'symlink_install': False, 'test_result_base': None}
[0.355s] Level 5:colcon.colcon_core.verb:set package 'zed_depth_to_laserscan' build argument 'cmake_args' from command line to 'None'
[0.355s] Level 5:colcon.colcon_core.verb:set package 'zed_depth_to_laserscan' build argument 'cmake_target' from command line to 'None'
[0.355s] Level 5:colcon.colcon_core.verb:set package 'zed_depth_to_laserscan' build argument 'cmake_target_skip_unavailable' from command line to 'False'
[0.355s] Level 5:colcon.colcon_core.verb:set package 'zed_depth_to_laserscan' build argument 'cmake_clean_cache' from command line to 'False'
[0.355s] Level 5:colcon.colcon_core.verb:set package 'zed_depth_to_laserscan' build argument 'cmake_clean_first' from command line to 'False'
[0.355s] Level 5:colcon.colcon_core.verb:set package 'zed_depth_to_laserscan' build argument 'cmake_force_configure' from command line to 'False'
[0.355s] Level 5:colcon.colcon_core.verb:set package 'zed_depth_to_laserscan' build argument 'ament_cmake_args' from command line to 'None'
[0.355s] Level 5:colcon.colcon_core.verb:set package 'zed_depth_to_laserscan' build argument 'catkin_cmake_args' from command line to 'None'
[0.355s] Level 5:colcon.colcon_core.verb:set package 'zed_depth_to_laserscan' build argument 'catkin_skip_building_tests' from command line to 'False'
[0.355s] DEBUG:colcon.colcon_core.verb:Building package 'zed_depth_to_laserscan' with the following arguments: {'ament_cmake_args': None, 'build_base': '/home/awadh/zed_ws/build/zed_depth_to_laserscan', 'catkin_cmake_args': None, 'catkin_skip_building_tests': False, 'cmake_args': None, 'cmake_clean_cache': False, 'cmake_clean_first': False, 'cmake_force_configure': False, 'cmake_target': None, 'cmake_target_skip_unavailable': False, 'install_base': '/home/awadh/zed_ws/install/zed_depth_to_laserscan', 'merge_install': False, 'path': '/home/awadh/zed_ws/src/zed-ros2-examples/examples/zed_depth_to_laserscan', 'symlink_install': False, 'test_result_base': None}
[0.356s] Level 5:colcon.colcon_core.verb:set package 'zed_display_rviz2' build argument 'cmake_args' from command line to 'None'
[0.356s] Level 5:colcon.colcon_core.verb:set package 'zed_display_rviz2' build argument 'cmake_target' from command line to 'None'
[0.356s] Level 5:colcon.colcon_core.verb:set package 'zed_display_rviz2' build argument 'cmake_target_skip_unavailable' from command line to 'False'
[0.356s] Level 5:colcon.colcon_core.verb:set package 'zed_display_rviz2' build argument 'cmake_clean_cache' from command line to 'False'
[0.356s] Level 5:colcon.colcon_core.verb:set package 'zed_display_rviz2' build argument 'cmake_clean_first' from command line to 'False'
[0.356s] Level 5:colcon.colcon_core.verb:set package 'zed_display_rviz2' build argument 'cmake_force_configure' from command line to 'False'
[0.356s] Level 5:colcon.colcon_core.verb:set package 'zed_display_rviz2' build argument 'ament_cmake_args' from command line to 'None'
[0.356s] Level 5:colcon.colcon_core.verb:set package 'zed_display_rviz2' build argument 'catkin_cmake_args' from command line to 'None'
[0.356s] Level 5:colcon.colcon_core.verb:set package 'zed_display_rviz2' build argument 'catkin_skip_building_tests' from command line to 'False'
[0.356s] DEBUG:colcon.colcon_core.verb:Building package 'zed_display_rviz2' with the following arguments: {'ament_cmake_args': None, 'build_base': '/home/awadh/zed_ws/build/zed_display_rviz2', 'catkin_cmake_args': None, 'catkin_skip_building_tests': False, 'cmake_args': None, 'cmake_clean_cache': False, 'cmake_clean_first': False, 'cmake_force_configure': False, 'cmake_target': None, 'cmake_target_skip_unavailable': False, 'install_base': '/home/awadh/zed_ws/install/zed_display_rviz2', 'merge_install': False, 'path': '/home/awadh/zed_ws/src/zed-ros2-examples/zed_display_rviz2', 'symlink_install': False, 'test_result_base': None}
[0.356s] Level 5:colcon.colcon_core.verb:set package 'zed_multi_camera' build argument 'cmake_args' from command line to 'None'
[0.356s] Level 5:colcon.colcon_core.verb:set package 'zed_multi_camera' build argument 'cmake_target' from command line to 'None'
[0.356s] Level 5:colcon.colcon_core.verb:set package 'zed_multi_camera' build argument 'cmake_target_skip_unavailable' from command line to 'False'
[0.356s] Level 5:colcon.colcon_core.verb:set package 'zed_multi_camera' build argument 'cmake_clean_cache' from command line to 'False'
[0.356s] Level 5:colcon.colcon_core.verb:set package 'zed_multi_camera' build argument 'cmake_clean_first' from command line to 'False'
[0.356s] Level 5:colcon.colcon_core.verb:set package 'zed_multi_camera' build argument 'cmake_force_configure' from command line to 'False'
[0.356s] Level 5:colcon.colcon_core.verb:set package 'zed_multi_camera' build argument 'ament_cmake_args' from command line to 'None'
[0.356s] Level 5:colcon.colcon_core.verb:set package 'zed_multi_camera' build argument 'catkin_cmake_args' from command line to 'None'
[0.356s] Level 5:colcon.colcon_core.verb:set package 'zed_multi_camera' build argument 'catkin_skip_building_tests' from command line to 'False'
[0.356s] DEBUG:colcon.colcon_core.verb:Building package 'zed_multi_camera' with the following arguments: {'ament_cmake_args': None, 'build_base': '/home/awadh/zed_ws/build/zed_multi_camera', 'catkin_cmake_args': None, 'catkin_skip_building_tests': False, 'cmake_args': None, 'cmake_clean_cache': False, 'cmake_clean_first': False, 'cmake_force_configure': False, 'cmake_target': None, 'cmake_target_skip_unavailable': False, 'install_base': '/home/awadh/zed_ws/install/zed_multi_camera', 'merge_install': False, 'path': '/home/awadh/zed_ws/src/zed-ros2-examples/tutorials/zed_multi_camera', 'symlink_install': False, 'test_result_base': None}
[0.356s] Level 5:colcon.colcon_core.verb:set package 'zed_robot_integration' build argument 'cmake_args' from command line to 'None'
[0.356s] Level 5:colcon.colcon_core.verb:set package 'zed_robot_integration' build argument 'cmake_target' from command line to 'None'
[0.356s] Level 5:colcon.colcon_core.verb:set package 'zed_robot_integration' build argument 'cmake_target_skip_unavailable' from command line to 'False'
[0.356s] Level 5:colcon.colcon_core.verb:set package 'zed_robot_integration' build argument 'cmake_clean_cache' from command line to 'False'
[0.356s] Level 5:colcon.colcon_core.verb:set package 'zed_robot_integration' build argument 'cmake_clean_first' from command line to 'False'
[0.356s] Level 5:colcon.colcon_core.verb:set package 'zed_robot_integration' build argument 'cmake_force_configure' from command line to 'False'
[0.356s] Level 5:colcon.colcon_core.verb:set package 'zed_robot_integration' build argument 'ament_cmake_args' from command line to 'None'
[0.356s] Level 5:colcon.colcon_core.verb:set package 'zed_robot_integration' build argument 'catkin_cmake_args' from command line to 'None'
[0.356s] Level 5:colcon.colcon_core.verb:set package 'zed_robot_integration' build argument 'catkin_skip_building_tests' from command line to 'False'
[0.356s] DEBUG:colcon.colcon_core.verb:Building package 'zed_robot_integration' with the following arguments: {'ament_cmake_args': None, 'build_base': '/home/awadh/zed_ws/build/zed_robot_integration', 'catkin_cmake_args': None, 'catkin_skip_building_tests': False, 'cmake_args': None, 'cmake_clean_cache': False, 'cmake_clean_first': False, 'cmake_force_configure': False, 'cmake_target': None, 'cmake_target_skip_unavailable': False, 'install_base': '/home/awadh/zed_ws/install/zed_robot_integration', 'merge_install': False, 'path': '/home/awadh/zed_ws/src/zed-ros2-examples/tutorials/zed_robot_integration', 'symlink_install': False, 'test_result_base': None}
[0.356s] Level 5:colcon.colcon_core.verb:set package 'zed_ros2' build argument 'cmake_args' from command line to 'None'
[0.356s] Level 5:colcon.colcon_core.verb:set package 'zed_ros2' build argument 'cmake_target' from command line to 'None'
[0.356s] Level 5:colcon.colcon_core.verb:set package 'zed_ros2' build argument 'cmake_target_skip_unavailable' from command line to 'False'
[0.356s] Level 5:colcon.colcon_core.verb:set package 'zed_ros2' build argument 'cmake_clean_cache' from command line to 'False'
[0.356s] Level 5:colcon.colcon_core.verb:set package 'zed_ros2' build argument 'cmake_clean_first' from command line to 'False'
[0.357s] Level 5:colcon.colcon_core.verb:set package 'zed_ros2' build argument 'cmake_force_configure' from command line to 'False'
[0.357s] Level 5:colcon.colcon_core.verb:set package 'zed_ros2' build argument 'ament_cmake_args' from command line to 'None'
[0.357s] Level 5:colcon.colcon_core.verb:set package 'zed_ros2' build argument 'catkin_cmake_args' from command line to 'None'
[0.357s] Level 5:colcon.colcon_core.verb:set package 'zed_ros2' build argument 'catkin_skip_building_tests' from command line to 'False'
[0.357s] DEBUG:colcon.colcon_core.verb:Building package 'zed_ros2' with the following arguments: {'ament_cmake_args': None, 'build_base': '/home/awadh/zed_ws/build/zed_ros2', 'catkin_cmake_args': None, 'catkin_skip_building_tests': False, 'cmake_args': None, 'cmake_clean_cache': False, 'cmake_clean_first': False, 'cmake_force_configure': False, 'cmake_target': None, 'cmake_target_skip_unavailable': False, 'install_base': '/home/awadh/zed_ws/install/zed_ros2', 'merge_install': False, 'path': '/home/awadh/zed_ws/src/zed-ros2-wrapper/zed_ros2', 'symlink_install': False, 'test_result_base': None}
[0.357s] INFO:colcon.colcon_core.executor:Executing jobs using 'parallel' executor
[0.358s] DEBUG:colcon.colcon_parallel_executor.executor.parallel:run_until_complete
[0.358s] INFO:colcon.colcon_ros.task.ament_cmake.build:Building ROS package in '/home/awadh/zed_ws/src/zed-ros2-wrapper/zed-ros2-interfaces' with build type 'ament_cmake'
[0.358s] INFO:colcon.colcon_cmake.task.cmake.build:Building CMake package in '/home/awadh/zed_ws/src/zed-ros2-wrapper/zed-ros2-interfaces'
[0.360s] INFO:colcon.colcon_core.plugin_system:Skipping extension 'colcon_core.shell.bat': Not used on non-Windows systems
[0.360s] INFO:colcon.colcon_core.shell:Skip shell extension 'powershell' for command environment: Not usable outside of PowerShell
[0.360s] DEBUG:colcon.colcon_core.shell:Skip shell extension 'dsv' for command environment
[0.365s] INFO:colcon.colcon_ros.task.ament_cmake.build:Building ROS package in '/home/awadh/zed_ws/src/zed-ros2-examples/tools/zed_benchmark_interfaces' with build type 'ament_cmake'
[0.365s] INFO:colcon.colcon_cmake.task.cmake.build:Building CMake package in '/home/awadh/zed_ws/src/zed-ros2-examples/tools/zed_benchmark_interfaces'
[0.365s] INFO:colcon.colcon_core.shell:Skip shell extension 'powershell' for command environment: Not usable outside of PowerShell
[0.365s] DEBUG:colcon.colcon_core.shell:Skip shell extension 'dsv' for command environment
[0.371s] INFO:colcon.colcon_ros.task.ament_cmake.build:Building ROS package in '/home/awadh/zed_ws/src/zed-ros2-examples/tutorials/zed_depth_tutorial' with build type 'ament_cmake'
[0.371s] INFO:colcon.colcon_cmake.task.cmake.build:Building CMake package in '/home/awadh/zed_ws/src/zed-ros2-examples/tutorials/zed_depth_tutorial'
[0.371s] INFO:colcon.colcon_core.shell:Skip shell extension 'powershell' for command environment: Not usable outside of PowerShell
[0.371s] DEBUG:colcon.colcon_core.shell:Skip shell extension 'dsv' for command environment
[0.376s] INFO:colcon.colcon_ros.task.ament_cmake.build:Building ROS package in '/home/awadh/zed_ws/src/zed-ros2-examples/tutorials/zed_pose_tutorial' with build type 'ament_cmake'
[0.376s] INFO:colcon.colcon_cmake.task.cmake.build:Building CMake package in '/home/awadh/zed_ws/src/zed-ros2-examples/tutorials/zed_pose_tutorial'
[0.376s] INFO:colcon.colcon_core.shell:Skip shell extension 'powershell' for command environment: Not usable outside of PowerShell
[0.376s] DEBUG:colcon.colcon_core.shell:Skip shell extension 'dsv' for command environment
[0.381s] INFO:colcon.colcon_ros.task.ament_cmake.build:Building ROS package in '/home/awadh/zed_ws/src/zed-ros2-examples/tutorials/zed_video_tutorial' with build type 'ament_cmake'
[0.381s] INFO:colcon.colcon_cmake.task.cmake.build:Building CMake package in '/home/awadh/zed_ws/src/zed-ros2-examples/tutorials/zed_video_tutorial'
[0.381s] INFO:colcon.colcon_core.shell:Skip shell extension 'powershell' for command environment: Not usable outside of PowerShell
[0.382s] DEBUG:colcon.colcon_core.shell:Skip shell extension 'dsv' for command environment
[0.389s] DEBUG:colcon.colcon_core.event_handler.log_command:Invoking command in '/home/awadh/zed_ws/build/zed_interfaces': CMAKE_PREFIX_PATH=/home/awadh/gazebo_ws/install/yolov8_msgs:/home/awadh/gazebo_ws/install/yolobot_recognition:/home/awadh/gazebo_ws/install/yolobot_gazebo:/home/awadh/gazebo_ws/install/yolobot_description:/home/awadh/gazebo_ws/install/yolobot_control:/home/awadh/gazebo_ws/install/my_robot_bringup:/home/awadh/gazebo_ws/install/my_robot_description:/home/awadh/yolobot/install/yolov8_msgs:/home/awadh/yolobot/install/yolobot_recognition:/home/awadh/yolobot/install/yolobot_gazebo:/home/awadh/yolobot/install/yolobot_description:/home/awadh/yolobot/install/yolobot_control:/home/awadh/test2_ws/install/pcl_object_detection:/home/awadh/zed_ws/install/zed_ros2:/home/awadh/zed_ws/install/zed_robot_integration:/home/awadh/zed_ws/install/zed_multi_camera:/home/awadh/zed_ws/install/zed_display_rviz2:/home/awadh/zed_ws/install/zed_depth_to_laserscan:/home/awadh/zed_ws/install/zed_wrapper:/home/awadh/zed_ws/install/zed_tutorial_video:/home/awadh/zed_ws/install/zed_tutorial_pos_tracking:/home/awadh/zed_ws/install/zed_tutorial_depth:/home/awadh/zed_ws/install/zed_topic_benchmark:/home/awadh/zed_ws/install/zed_topic_benchmark_component:/home/awadh/zed_ws/install/zed_topic_benchmark_interfaces:/home/awadh/zed_ws/install/zed_rgb_convert:/home/awadh/zed_ws/install/zed_aruco_localization:/home/awadh/zed_ws/install/zed_components:/home/awadh/zed_ws/install/rviz_plugin_zed_od:/home/awadh/zed_ws/install/zed_interfaces:/home/awadh/ouster_ws/install/ouster_ros:/home/awadh/ouster_ws/install/ouster_sensor_msgs:/home/awadh/ros2_ws/install/my_robot_bringup:/home/awadh/ros2_ws/install/turtlesim_project_cpp:/home/awadh/ros2_ws/install/my_cpp_pkg:/home/awadh/ros2_ws/install/my_robot_interfaces:/home/awadh/gazebo_ws/install/ultralytics_ros2:/home/awadh/ros2_ws/install/turtlesim_catch_them_all:/home/awadh/ros2_ws/install/my_py_pkg:/opt/ros/humble:/home/awadh/sick_tim_ws/install/sick_tim /usr/bin/cmake --build /home/awadh/zed_ws/build/zed_interfaces -- -j16 -l16
[0.393s] DEBUG:colcon.colcon_core.event_handler.log_command:Invoking command in '/home/awadh/zed_ws/build/zed_topic_benchmark_interfaces': CMAKE_PREFIX_PATH=/home/awadh/gazebo_ws/install/yolov8_msgs:/home/awadh/gazebo_ws/install/yolobot_recognition:/home/awadh/gazebo_ws/install/yolobot_gazebo:/home/awadh/gazebo_ws/install/yolobot_description:/home/awadh/gazebo_ws/install/yolobot_control:/home/awadh/gazebo_ws/install/my_robot_bringup:/home/awadh/gazebo_ws/install/my_robot_description:/home/awadh/yolobot/install/yolov8_msgs:/home/awadh/yolobot/install/yolobot_recognition:/home/awadh/yolobot/install/yolobot_gazebo:/home/awadh/yolobot/install/yolobot_description:/home/awadh/yolobot/install/yolobot_control:/home/awadh/test2_ws/install/pcl_object_detection:/home/awadh/zed_ws/install/zed_ros2:/home/awadh/zed_ws/install/zed_robot_integration:/home/awadh/zed_ws/install/zed_multi_camera:/home/awadh/zed_ws/install/zed_display_rviz2:/home/awadh/zed_ws/install/zed_depth_to_laserscan:/home/awadh/zed_ws/install/zed_wrapper:/home/awadh/zed_ws/install/zed_tutorial_video:/home/awadh/zed_ws/install/zed_tutorial_pos_tracking:/home/awadh/zed_ws/install/zed_tutorial_depth:/home/awadh/zed_ws/install/zed_topic_benchmark:/home/awadh/zed_ws/install/zed_topic_benchmark_component:/home/awadh/zed_ws/install/zed_topic_benchmark_interfaces:/home/awadh/zed_ws/install/zed_rgb_convert:/home/awadh/zed_ws/install/zed_aruco_localization:/home/awadh/zed_ws/install/zed_components:/home/awadh/zed_ws/install/rviz_plugin_zed_od:/home/awadh/zed_ws/install/zed_interfaces:/home/awadh/ouster_ws/install/ouster_ros:/home/awadh/ouster_ws/install/ouster_sensor_msgs:/home/awadh/ros2_ws/install/my_robot_bringup:/home/awadh/ros2_ws/install/turtlesim_project_cpp:/home/awadh/ros2_ws/install/my_cpp_pkg:/home/awadh/ros2_ws/install/my_robot_interfaces:/home/awadh/gazebo_ws/install/ultralytics_ros2:/home/awadh/ros2_ws/install/turtlesim_catch_them_all:/home/awadh/ros2_ws/install/my_py_pkg:/opt/ros/humble:/home/awadh/sick_tim_ws/install/sick_tim /usr/bin/cmake --build /home/awadh/zed_ws/build/zed_topic_benchmark_interfaces -- -j16 -l16
[0.395s] DEBUG:colcon.colcon_core.event_handler.log_command:Invoking command in '/home/awadh/zed_ws/build/zed_tutorial_depth': CMAKE_PREFIX_PATH=/home/awadh/gazebo_ws/install/yolov8_msgs:/home/awadh/gazebo_ws/install/yolobot_recognition:/home/awadh/gazebo_ws/install/yolobot_gazebo:/home/awadh/gazebo_ws/install/yolobot_description:/home/awadh/gazebo_ws/install/yolobot_control:/home/awadh/gazebo_ws/install/my_robot_bringup:/home/awadh/gazebo_ws/install/my_robot_description:/home/awadh/yolobot/install/yolov8_msgs:/home/awadh/yolobot/install/yolobot_recognition:/home/awadh/yolobot/install/yolobot_gazebo:/home/awadh/yolobot/install/yolobot_description:/home/awadh/yolobot/install/yolobot_control:/home/awadh/test2_ws/install/pcl_object_detection:/home/awadh/zed_ws/install/zed_ros2:/home/awadh/zed_ws/install/zed_robot_integration:/home/awadh/zed_ws/install/zed_multi_camera:/home/awadh/zed_ws/install/zed_display_rviz2:/home/awadh/zed_ws/install/zed_depth_to_laserscan:/home/awadh/zed_ws/install/zed_wrapper:/home/awadh/zed_ws/install/zed_tutorial_video:/home/awadh/zed_ws/install/zed_tutorial_pos_tracking:/home/awadh/zed_ws/install/zed_tutorial_depth:/home/awadh/zed_ws/install/zed_topic_benchmark:/home/awadh/zed_ws/install/zed_topic_benchmark_component:/home/awadh/zed_ws/install/zed_topic_benchmark_interfaces:/home/awadh/zed_ws/install/zed_rgb_convert:/home/awadh/zed_ws/install/zed_aruco_localization:/home/awadh/zed_ws/install/zed_components:/home/awadh/zed_ws/install/rviz_plugin_zed_od:/home/awadh/zed_ws/install/zed_interfaces:/home/awadh/ouster_ws/install/ouster_ros:/home/awadh/ouster_ws/install/ouster_sensor_msgs:/home/awadh/ros2_ws/install/my_robot_bringup:/home/awadh/ros2_ws/install/turtlesim_project_cpp:/home/awadh/ros2_ws/install/my_cpp_pkg:/home/awadh/ros2_ws/install/my_robot_interfaces:/home/awadh/gazebo_ws/install/ultralytics_ros2:/home/awadh/ros2_ws/install/turtlesim_catch_them_all:/home/awadh/ros2_ws/install/my_py_pkg:/opt/ros/humble:/home/awadh/sick_tim_ws/install/sick_tim /usr/bin/cmake --build /home/awadh/zed_ws/build/zed_tutorial_depth -- -j16 -l16
[0.397s] DEBUG:colcon.colcon_core.event_handler.log_command:Invoking command in '/home/awadh/zed_ws/build/zed_tutorial_pos_tracking': CMAKE_PREFIX_PATH=/home/awadh/gazebo_ws/install/yolov8_msgs:/home/awadh/gazebo_ws/install/yolobot_recognition:/home/awadh/gazebo_ws/install/yolobot_gazebo:/home/awadh/gazebo_ws/install/yolobot_description:/home/awadh/gazebo_ws/install/yolobot_control:/home/awadh/gazebo_ws/install/my_robot_bringup:/home/awadh/gazebo_ws/install/my_robot_description:/home/awadh/yolobot/install/yolov8_msgs:/home/awadh/yolobot/install/yolobot_recognition:/home/awadh/yolobot/install/yolobot_gazebo:/home/awadh/yolobot/install/yolobot_description:/home/awadh/yolobot/install/yolobot_control:/home/awadh/test2_ws/install/pcl_object_detection:/home/awadh/zed_ws/install/zed_ros2:/home/awadh/zed_ws/install/zed_robot_integration:/home/awadh/zed_ws/install/zed_multi_camera:/home/awadh/zed_ws/install/zed_display_rviz2:/home/awadh/zed_ws/install/zed_depth_to_laserscan:/home/awadh/zed_ws/install/zed_wrapper:/home/awadh/zed_ws/install/zed_tutorial_video:/home/awadh/zed_ws/install/zed_tutorial_pos_tracking:/home/awadh/zed_ws/install/zed_tutorial_depth:/home/awadh/zed_ws/install/zed_topic_benchmark:/home/awadh/zed_ws/install/zed_topic_benchmark_component:/home/awadh/zed_ws/install/zed_topic_benchmark_interfaces:/home/awadh/zed_ws/install/zed_rgb_convert:/home/awadh/zed_ws/install/zed_aruco_localization:/home/awadh/zed_ws/install/zed_components:/home/awadh/zed_ws/install/rviz_plugin_zed_od:/home/awadh/zed_ws/install/zed_interfaces:/home/awadh/ouster_ws/install/ouster_ros:/home/awadh/ouster_ws/install/ouster_sensor_msgs:/home/awadh/ros2_ws/install/my_robot_bringup:/home/awadh/ros2_ws/install/turtlesim_project_cpp:/home/awadh/ros2_ws/install/my_cpp_pkg:/home/awadh/ros2_ws/install/my_robot_interfaces:/home/awadh/gazebo_ws/install/ultralytics_ros2:/home/awadh/ros2_ws/install/turtlesim_catch_them_all:/home/awadh/ros2_ws/install/my_py_pkg:/opt/ros/humble:/home/awadh/sick_tim_ws/install/sick_tim /usr/bin/cmake --build /home/awadh/zed_ws/build/zed_tutorial_pos_tracking -- -j16 -l16
[0.400s] DEBUG:colcon.colcon_core.event_handler.log_command:Invoking command in '/home/awadh/zed_ws/build/zed_tutorial_video': CMAKE_PREFIX_PATH=/home/awadh/gazebo_ws/install/yolov8_msgs:/home/awadh/gazebo_ws/install/yolobot_recognition:/home/awadh/gazebo_ws/install/yolobot_gazebo:/home/awadh/gazebo_ws/install/yolobot_description:/home/awadh/gazebo_ws/install/yolobot_control:/home/awadh/gazebo_ws/install/my_robot_bringup:/home/awadh/gazebo_ws/install/my_robot_description:/home/awadh/yolobot/install/yolov8_msgs:/home/awadh/yolobot/install/yolobot_recognition:/home/awadh/yolobot/install/yolobot_gazebo:/home/awadh/yolobot/install/yolobot_description:/home/awadh/yolobot/install/yolobot_control:/home/awadh/test2_ws/install/pcl_object_detection:/home/awadh/zed_ws/install/zed_ros2:/home/awadh/zed_ws/install/zed_robot_integration:/home/awadh/zed_ws/install/zed_multi_camera:/home/awadh/zed_ws/install/zed_display_rviz2:/home/awadh/zed_ws/install/zed_depth_to_laserscan:/home/awadh/zed_ws/install/zed_wrapper:/home/awadh/zed_ws/install/zed_tutorial_video:/home/awadh/zed_ws/install/zed_tutorial_pos_tracking:/home/awadh/zed_ws/install/zed_tutorial_depth:/home/awadh/zed_ws/install/zed_topic_benchmark:/home/awadh/zed_ws/install/zed_topic_benchmark_component:/home/awadh/zed_ws/install/zed_topic_benchmark_interfaces:/home/awadh/zed_ws/install/zed_rgb_convert:/home/awadh/zed_ws/install/zed_aruco_localization:/home/awadh/zed_ws/install/zed_components:/home/awadh/zed_ws/install/rviz_plugin_zed_od:/home/awadh/zed_ws/install/zed_interfaces:/home/awadh/ouster_ws/install/ouster_ros:/home/awadh/ouster_ws/install/ouster_sensor_msgs:/home/awadh/ros2_ws/install/my_robot_bringup:/home/awadh/ros2_ws/install/turtlesim_project_cpp:/home/awadh/ros2_ws/install/my_cpp_pkg:/home/awadh/ros2_ws/install/my_robot_interfaces:/home/awadh/gazebo_ws/install/ultralytics_ros2:/home/awadh/ros2_ws/install/turtlesim_catch_them_all:/home/awadh/ros2_ws/install/my_py_pkg:/opt/ros/humble:/home/awadh/sick_tim_ws/install/sick_tim /usr/bin/cmake --build /home/awadh/zed_ws/build/zed_tutorial_video -- -j16 -l16
[0.493s] DEBUG:colcon.colcon_core.event_handler.log_command:Invoked command in '/home/awadh/zed_ws/build/zed_tutorial_depth' returned '0': CMAKE_PREFIX_PATH=/home/awadh/gazebo_ws/install/yolov8_msgs:/home/awadh/gazebo_ws/install/yolobot_recognition:/home/awadh/gazebo_ws/install/yolobot_gazebo:/home/awadh/gazebo_ws/install/yolobot_description:/home/awadh/gazebo_ws/install/yolobot_control:/home/awadh/gazebo_ws/install/my_robot_bringup:/home/awadh/gazebo_ws/install/my_robot_description:/home/awadh/yolobot/install/yolov8_msgs:/home/awadh/yolobot/install/yolobot_recognition:/home/awadh/yolobot/install/yolobot_gazebo:/home/awadh/yolobot/install/yolobot_description:/home/awadh/yolobot/install/yolobot_control:/home/awadh/test2_ws/install/pcl_object_detection:/home/awadh/zed_ws/install/zed_ros2:/home/awadh/zed_ws/install/zed_robot_integration:/home/awadh/zed_ws/install/zed_multi_camera:/home/awadh/zed_ws/install/zed_display_rviz2:/home/awadh/zed_ws/install/zed_depth_to_laserscan:/home/awadh/zed_ws/install/zed_wrapper:/home/awadh/zed_ws/install/zed_tutorial_video:/home/awadh/zed_ws/install/zed_tutorial_pos_tracking:/home/awadh/zed_ws/install/zed_tutorial_depth:/home/awadh/zed_ws/install/zed_topic_benchmark:/home/awadh/zed_ws/install/zed_topic_benchmark_component:/home/awadh/zed_ws/install/zed_topic_benchmark_interfaces:/home/awadh/zed_ws/install/zed_rgb_convert:/home/awadh/zed_ws/install/zed_aruco_localization:/home/awadh/zed_ws/install/zed_components:/home/awadh/zed_ws/install/rviz_plugin_zed_od:/home/awadh/zed_ws/install/zed_interfaces:/home/awadh/ouster_ws/install/ouster_ros:/home/awadh/ouster_ws/install/ouster_sensor_msgs:/home/awadh/ros2_ws/install/my_robot_bringup:/home/awadh/ros2_ws/install/turtlesim_project_cpp:/home/awadh/ros2_ws/install/my_cpp_pkg:/home/awadh/ros2_ws/install/my_robot_interfaces:/home/awadh/gazebo_ws/install/ultralytics_ros2:/home/awadh/ros2_ws/install/turtlesim_catch_them_all:/home/awadh/ros2_ws/install/my_py_pkg:/opt/ros/humble:/home/awadh/sick_tim_ws/install/sick_tim /usr/bin/cmake --build /home/awadh/zed_ws/build/zed_tutorial_depth -- -j16 -l16
[0.503s] DEBUG:colcon.colcon_core.event_handler.log_command:Invoked command in '/home/awadh/zed_ws/build/zed_tutorial_pos_tracking' returned '0': CMAKE_PREFIX_PATH=/home/awadh/gazebo_ws/install/yolov8_msgs:/home/awadh/gazebo_ws/install/yolobot_recognition:/home/awadh/gazebo_ws/install/yolobot_gazebo:/home/awadh/gazebo_ws/install/yolobot_description:/home/awadh/gazebo_ws/install/yolobot_control:/home/awadh/gazebo_ws/install/my_robot_bringup:/home/awadh/gazebo_ws/install/my_robot_description:/home/awadh/yolobot/install/yolov8_msgs:/home/awadh/yolobot/install/yolobot_recognition:/home/awadh/yolobot/install/yolobot_gazebo:/home/awadh/yolobot/install/yolobot_description:/home/awadh/yolobot/install/yolobot_control:/home/awadh/test2_ws/install/pcl_object_detection:/home/awadh/zed_ws/install/zed_ros2:/home/awadh/zed_ws/install/zed_robot_integration:/home/awadh/zed_ws/install/zed_multi_camera:/home/awadh/zed_ws/install/zed_display_rviz2:/home/awadh/zed_ws/install/zed_depth_to_laserscan:/home/awadh/zed_ws/install/zed_wrapper:/home/awadh/zed_ws/install/zed_tutorial_video:/home/awadh/zed_ws/install/zed_tutorial_pos_tracking:/home/awadh/zed_ws/install/zed_tutorial_depth:/home/awadh/zed_ws/install/zed_topic_benchmark:/home/awadh/zed_ws/install/zed_topic_benchmark_component:/home/awadh/zed_ws/install/zed_topic_benchmark_interfaces:/home/awadh/zed_ws/install/zed_rgb_convert:/home/awadh/zed_ws/install/zed_aruco_localization:/home/awadh/zed_ws/install/zed_components:/home/awadh/zed_ws/install/rviz_plugin_zed_od:/home/awadh/zed_ws/install/zed_interfaces:/home/awadh/ouster_ws/install/ouster_ros:/home/awadh/ouster_ws/install/ouster_sensor_msgs:/home/awadh/ros2_ws/install/my_robot_bringup:/home/awadh/ros2_ws/install/turtlesim_project_cpp:/home/awadh/ros2_ws/install/my_cpp_pkg:/home/awadh/ros2_ws/install/my_robot_interfaces:/home/awadh/gazebo_ws/install/ultralytics_ros2:/home/awadh/ros2_ws/install/turtlesim_catch_them_all:/home/awadh/ros2_ws/install/my_py_pkg:/opt/ros/humble:/home/awadh/sick_tim_ws/install/sick_tim /usr/bin/cmake --build /home/awadh/zed_ws/build/zed_tutorial_pos_tracking -- -j16 -l16
[0.504s] DEBUG:colcon.colcon_core.event_handler.log_command:Invoked command in '/home/awadh/zed_ws/build/zed_tutorial_video' returned '0': CMAKE_PREFIX_PATH=/home/awadh/gazebo_ws/install/yolov8_msgs:/home/awadh/gazebo_ws/install/yolobot_recognition:/home/awadh/gazebo_ws/install/yolobot_gazebo:/home/awadh/gazebo_ws/install/yolobot_description:/home/awadh/gazebo_ws/install/yolobot_control:/home/awadh/gazebo_ws/install/my_robot_bringup:/home/awadh/gazebo_ws/install/my_robot_description:/home/awadh/yolobot/install/yolov8_msgs:/home/awadh/yolobot/install/yolobot_recognition:/home/awadh/yolobot/install/yolobot_gazebo:/home/awadh/yolobot/install/yolobot_description:/home/awadh/yolobot/install/yolobot_control:/home/awadh/test2_ws/install/pcl_object_detection:/home/awadh/zed_ws/install/zed_ros2:/home/awadh/zed_ws/install/zed_robot_integration:/home/awadh/zed_ws/install/zed_multi_camera:/home/awadh/zed_ws/install/zed_display_rviz2:/home/awadh/zed_ws/install/zed_depth_to_laserscan:/home/awadh/zed_ws/install/zed_wrapper:/home/awadh/zed_ws/install/zed_tutorial_video:/home/awadh/zed_ws/install/zed_tutorial_pos_tracking:/home/awadh/zed_ws/install/zed_tutorial_depth:/home/awadh/zed_ws/install/zed_topic_benchmark:/home/awadh/zed_ws/install/zed_topic_benchmark_component:/home/awadh/zed_ws/install/zed_topic_benchmark_interfaces:/home/awadh/zed_ws/install/zed_rgb_convert:/home/awadh/zed_ws/install/zed_aruco_localization:/home/awadh/zed_ws/install/zed_components:/home/awadh/zed_ws/install/rviz_plugin_zed_od:/home/awadh/zed_ws/install/zed_interfaces:/home/awadh/ouster_ws/install/ouster_ros:/home/awadh/ouster_ws/install/ouster_sensor_msgs:/home/awadh/ros2_ws/install/my_robot_bringup:/home/awadh/ros2_ws/install/turtlesim_project_cpp:/home/awadh/ros2_ws/install/my_cpp_pkg:/home/awadh/ros2_ws/install/my_robot_interfaces:/home/awadh/gazebo_ws/install/ultralytics_ros2:/home/awadh/ros2_ws/install/turtlesim_catch_them_all:/home/awadh/ros2_ws/install/my_py_pkg:/opt/ros/humble:/home/awadh/sick_tim_ws/install/sick_tim /usr/bin/cmake --build /home/awadh/zed_ws/build/zed_tutorial_video -- -j16 -l16
[0.533s] DEBUG:colcon.colcon_core.event_handler.log_command:Invoking command in '/home/awadh/zed_ws/build/zed_tutorial_depth': CMAKE_PREFIX_PATH=/home/awadh/gazebo_ws/install/yolov8_msgs:/home/awadh/gazebo_ws/install/yolobot_recognition:/home/awadh/gazebo_ws/install/yolobot_gazebo:/home/awadh/gazebo_ws/install/yolobot_description:/home/awadh/gazebo_ws/install/yolobot_control:/home/awadh/gazebo_ws/install/my_robot_bringup:/home/awadh/gazebo_ws/install/my_robot_description:/home/awadh/yolobot/install/yolov8_msgs:/home/awadh/yolobot/install/yolobot_recognition:/home/awadh/yolobot/install/yolobot_gazebo:/home/awadh/yolobot/install/yolobot_description:/home/awadh/yolobot/install/yolobot_control:/home/awadh/test2_ws/install/pcl_object_detection:/home/awadh/zed_ws/install/zed_ros2:/home/awadh/zed_ws/install/zed_robot_integration:/home/awadh/zed_ws/install/zed_multi_camera:/home/awadh/zed_ws/install/zed_display_rviz2:/home/awadh/zed_ws/install/zed_depth_to_laserscan:/home/awadh/zed_ws/install/zed_wrapper:/home/awadh/zed_ws/install/zed_tutorial_video:/home/awadh/zed_ws/install/zed_tutorial_pos_tracking:/home/awadh/zed_ws/install/zed_tutorial_depth:/home/awadh/zed_ws/install/zed_topic_benchmark:/home/awadh/zed_ws/install/zed_topic_benchmark_component:/home/awadh/zed_ws/install/zed_topic_benchmark_interfaces:/home/awadh/zed_ws/install/zed_rgb_convert:/home/awadh/zed_ws/install/zed_aruco_localization:/home/awadh/zed_ws/install/zed_components:/home/awadh/zed_ws/install/rviz_plugin_zed_od:/home/awadh/zed_ws/install/zed_interfaces:/home/awadh/ouster_ws/install/ouster_ros:/home/awadh/ouster_ws/install/ouster_sensor_msgs:/home/awadh/ros2_ws/install/my_robot_bringup:/home/awadh/ros2_ws/install/turtlesim_project_cpp:/home/awadh/ros2_ws/install/my_cpp_pkg:/home/awadh/ros2_ws/install/my_robot_interfaces:/home/awadh/gazebo_ws/install/ultralytics_ros2:/home/awadh/ros2_ws/install/turtlesim_catch_them_all:/home/awadh/ros2_ws/install/my_py_pkg:/opt/ros/humble:/home/awadh/sick_tim_ws/install/sick_tim /usr/bin/cmake --install /home/awadh/zed_ws/build/zed_tutorial_depth
[0.535s] DEBUG:colcon.colcon_core.event_handler.log_command:Invoking command in '/home/awadh/zed_ws/build/zed_tutorial_pos_tracking': CMAKE_PREFIX_PATH=/home/awadh/gazebo_ws/install/yolov8_msgs:/home/awadh/gazebo_ws/install/yolobot_recognition:/home/awadh/gazebo_ws/install/yolobot_gazebo:/home/awadh/gazebo_ws/install/yolobot_description:/home/awadh/gazebo_ws/install/yolobot_control:/home/awadh/gazebo_ws/install/my_robot_bringup:/home/awadh/gazebo_ws/install/my_robot_description:/home/awadh/yolobot/install/yolov8_msgs:/home/awadh/yolobot/install/yolobot_recognition:/home/awadh/yolobot/install/yolobot_gazebo:/home/awadh/yolobot/install/yolobot_description:/home/awadh/yolobot/install/yolobot_control:/home/awadh/test2_ws/install/pcl_object_detection:/home/awadh/zed_ws/install/zed_ros2:/home/awadh/zed_ws/install/zed_robot_integration:/home/awadh/zed_ws/install/zed_multi_camera:/home/awadh/zed_ws/install/zed_display_rviz2:/home/awadh/zed_ws/install/zed_depth_to_laserscan:/home/awadh/zed_ws/install/zed_wrapper:/home/awadh/zed_ws/install/zed_tutorial_video:/home/awadh/zed_ws/install/zed_tutorial_pos_tracking:/home/awadh/zed_ws/install/zed_tutorial_depth:/home/awadh/zed_ws/install/zed_topic_benchmark:/home/awadh/zed_ws/install/zed_topic_benchmark_component:/home/awadh/zed_ws/install/zed_topic_benchmark_interfaces:/home/awadh/zed_ws/install/zed_rgb_convert:/home/awadh/zed_ws/install/zed_aruco_localization:/home/awadh/zed_ws/install/zed_components:/home/awadh/zed_ws/install/rviz_plugin_zed_od:/home/awadh/zed_ws/install/zed_interfaces:/home/awadh/ouster_ws/install/ouster_ros:/home/awadh/ouster_ws/install/ouster_sensor_msgs:/home/awadh/ros2_ws/install/my_robot_bringup:/home/awadh/ros2_ws/install/turtlesim_project_cpp:/home/awadh/ros2_ws/install/my_cpp_pkg:/home/awadh/ros2_ws/install/my_robot_interfaces:/home/awadh/gazebo_ws/install/ultralytics_ros2:/home/awadh/ros2_ws/install/turtlesim_catch_them_all:/home/awadh/ros2_ws/install/my_py_pkg:/opt/ros/humble:/home/awadh/sick_tim_ws/install/sick_tim /usr/bin/cmake --install /home/awadh/zed_ws/build/zed_tutorial_pos_tracking
[0.537s] DEBUG:colcon.colcon_core.event_handler.log_command:Invoking command in '/home/awadh/zed_ws/build/zed_tutorial_video': CMAKE_PREFIX_PATH=/home/awadh/gazebo_ws/install/yolov8_msgs:/home/awadh/gazebo_ws/install/yolobot_recognition:/home/awadh/gazebo_ws/install/yolobot_gazebo:/home/awadh/gazebo_ws/install/yolobot_description:/home/awadh/gazebo_ws/install/yolobot_control:/home/awadh/gazebo_ws/install/my_robot_bringup:/home/awadh/gazebo_ws/install/my_robot_description:/home/awadh/yolobot/install/yolov8_msgs:/home/awadh/yolobot/install/yolobot_recognition:/home/awadh/yolobot/install/yolobot_gazebo:/home/awadh/yolobot/install/yolobot_description:/home/awadh/yolobot/install/yolobot_control:/home/awadh/test2_ws/install/pcl_object_detection:/home/awadh/zed_ws/install/zed_ros2:/home/awadh/zed_ws/install/zed_robot_integration:/home/awadh/zed_ws/install/zed_multi_camera:/home/awadh/zed_ws/install/zed_display_rviz2:/home/awadh/zed_ws/install/zed_depth_to_laserscan:/home/awadh/zed_ws/install/zed_wrapper:/home/awadh/zed_ws/install/zed_tutorial_video:/home/awadh/zed_ws/install/zed_tutorial_pos_tracking:/home/awadh/zed_ws/install/zed_tutorial_depth:/home/awadh/zed_ws/install/zed_topic_benchmark:/home/awadh/zed_ws/install/zed_topic_benchmark_component:/home/awadh/zed_ws/install/zed_topic_benchmark_interfaces:/home/awadh/zed_ws/install/zed_rgb_convert:/home/awadh/zed_ws/install/zed_aruco_localization:/home/awadh/zed_ws/install/zed_components:/home/awadh/zed_ws/install/rviz_plugin_zed_od:/home/awadh/zed_ws/install/zed_interfaces:/home/awadh/ouster_ws/install/ouster_ros:/home/awadh/ouster_ws/install/ouster_sensor_msgs:/home/awadh/ros2_ws/install/my_robot_bringup:/home/awadh/ros2_ws/install/turtlesim_project_cpp:/home/awadh/ros2_ws/install/my_cpp_pkg:/home/awadh/ros2_ws/install/my_robot_interfaces:/home/awadh/gazebo_ws/install/ultralytics_ros2:/home/awadh/ros2_ws/install/turtlesim_catch_them_all:/home/awadh/ros2_ws/install/my_py_pkg:/opt/ros/humble:/home/awadh/sick_tim_ws/install/sick_tim /usr/bin/cmake --install /home/awadh/zed_ws/build/zed_tutorial_video
[0.555s] Level 1:colcon.colcon_core.environment:create_environment_scripts_only(zed_tutorial_pos_tracking)
[0.555s] DEBUG:colcon.colcon_core.event_handler.log_command:Invoked command in '/home/awadh/zed_ws/build/zed_tutorial_pos_tracking' returned '0': CMAKE_PREFIX_PATH=/home/awadh/gazebo_ws/install/yolov8_msgs:/home/awadh/gazebo_ws/install/yolobot_recognition:/home/awadh/gazebo_ws/install/yolobot_gazebo:/home/awadh/gazebo_ws/install/yolobot_description:/home/awadh/gazebo_ws/install/yolobot_control:/home/awadh/gazebo_ws/install/my_robot_bringup:/home/awadh/gazebo_ws/install/my_robot_description:/home/awadh/yolobot/install/yolov8_msgs:/home/awadh/yolobot/install/yolobot_recognition:/home/awadh/yolobot/install/yolobot_gazebo:/home/awadh/yolobot/install/yolobot_description:/home/awadh/yolobot/install/yolobot_control:/home/awadh/test2_ws/install/pcl_object_detection:/home/awadh/zed_ws/install/zed_ros2:/home/awadh/zed_ws/install/zed_robot_integration:/home/awadh/zed_ws/install/zed_multi_camera:/home/awadh/zed_ws/install/zed_display_rviz2:/home/awadh/zed_ws/install/zed_depth_to_laserscan:/home/awadh/zed_ws/install/zed_wrapper:/home/awadh/zed_ws/install/zed_tutorial_video:/home/awadh/zed_ws/install/zed_tutorial_pos_tracking:/home/awadh/zed_ws/install/zed_tutorial_depth:/home/awadh/zed_ws/install/zed_topic_benchmark:/home/awadh/zed_ws/install/zed_topic_benchmark_component:/home/awadh/zed_ws/install/zed_topic_benchmark_interfaces:/home/awadh/zed_ws/install/zed_rgb_convert:/home/awadh/zed_ws/install/zed_aruco_localization:/home/awadh/zed_ws/install/zed_components:/home/awadh/zed_ws/install/rviz_plugin_zed_od:/home/awadh/zed_ws/install/zed_interfaces:/home/awadh/ouster_ws/install/ouster_ros:/home/awadh/ouster_ws/install/ouster_sensor_msgs:/home/awadh/ros2_ws/install/my_robot_bringup:/home/awadh/ros2_ws/install/turtlesim_project_cpp:/home/awadh/ros2_ws/install/my_cpp_pkg:/home/awadh/ros2_ws/install/my_robot_interfaces:/home/awadh/gazebo_ws/install/ultralytics_ros2:/home/awadh/ros2_ws/install/turtlesim_catch_them_all:/home/awadh/ros2_ws/install/my_py_pkg:/opt/ros/humble:/home/awadh/sick_tim_ws/install/sick_tim /usr/bin/cmake --install /home/awadh/zed_ws/build/zed_tutorial_pos_tracking
[0.559s] Level 1:colcon.colcon_core.environment:checking '/home/awadh/zed_ws/install/zed_tutorial_pos_tracking' for CMake module files
[0.560s] Level 1:colcon.colcon_core.environment:checking '/home/awadh/zed_ws/install/zed_tutorial_pos_tracking' for CMake config files
[0.561s] Level 1:colcon.colcon_core.shell:create_environment_hook('zed_tutorial_pos_tracking', 'cmake_prefix_path')
[0.561s] INFO:colcon.colcon_core.shell:Creating environment hook '/home/awadh/zed_ws/install/zed_tutorial_pos_tracking/share/zed_tutorial_pos_tracking/hook/cmake_prefix_path.ps1'
[0.562s] INFO:colcon.colcon_core.shell:Creating environment descriptor '/home/awadh/zed_ws/install/zed_tutorial_pos_tracking/share/zed_tutorial_pos_tracking/hook/cmake_prefix_path.dsv'
[0.562s] INFO:colcon.colcon_core.shell:Creating environment hook '/home/awadh/zed_ws/install/zed_tutorial_pos_tracking/share/zed_tutorial_pos_tracking/hook/cmake_prefix_path.sh'
[0.564s] Level 1:colcon.colcon_core.environment:checking '/home/awadh/zed_ws/install/zed_tutorial_pos_tracking/lib'
[0.564s] Level 1:colcon.colcon_core.environment:checking '/home/awadh/zed_ws/install/zed_tutorial_pos_tracking/bin'
[0.564s] Level 1:colcon.colcon_core.environment:checking '/home/awadh/zed_ws/install/zed_tutorial_pos_tracking/lib/pkgconfig/zed_tutorial_pos_tracking.pc'
[0.564s] Level 1:colcon.colcon_core.environment:checking '/home/awadh/zed_ws/install/zed_tutorial_pos_tracking/lib/python3.10/site-packages'
[0.564s] Level 1:colcon.colcon_core.environment:checking '/home/awadh/zed_ws/install/zed_tutorial_pos_tracking/bin'
[0.564s] INFO:colcon.colcon_core.shell:Creating package script '/home/awadh/zed_ws/install/zed_tutorial_pos_tracking/share/zed_tutorial_pos_tracking/package.ps1'
[0.565s] INFO:colcon.colcon_core.shell:Creating package descriptor '/home/awadh/zed_ws/install/zed_tutorial_pos_tracking/share/zed_tutorial_pos_tracking/package.dsv'
[0.566s] INFO:colcon.colcon_core.shell:Creating package script '/home/awadh/zed_ws/install/zed_tutorial_pos_tracking/share/zed_tutorial_pos_tracking/package.sh'
[0.566s] INFO:colcon.colcon_core.shell:Creating package script '/home/awadh/zed_ws/install/zed_tutorial_pos_tracking/share/zed_tutorial_pos_tracking/package.bash'
[0.567s] INFO:colcon.colcon_core.shell:Creating package script '/home/awadh/zed_ws/install/zed_tutorial_pos_tracking/share/zed_tutorial_pos_tracking/package.zsh'
[0.567s] Level 1:colcon.colcon_core.environment:create_file_with_runtime_dependencies(/home/awadh/zed_ws/install/zed_tutorial_pos_tracking/share/colcon-core/packages/zed_tutorial_pos_tracking)
[0.569s] Level 1:colcon.colcon_core.environment:create_environment_scripts_only(zed_tutorial_video)
[0.569s] Level 1:colcon.colcon_core.environment:checking '/home/awadh/zed_ws/install/zed_tutorial_video' for CMake module files
[0.570s] DEBUG:colcon.colcon_core.event_handler.log_command:Invoked command in '/home/awadh/zed_ws/build/zed_tutorial_video' returned '0': CMAKE_PREFIX_PATH=/home/awadh/gazebo_ws/install/yolov8_msgs:/home/awadh/gazebo_ws/install/yolobot_recognition:/home/awadh/gazebo_ws/install/yolobot_gazebo:/home/awadh/gazebo_ws/install/yolobot_description:/home/awadh/gazebo_ws/install/yolobot_control:/home/awadh/gazebo_ws/install/my_robot_bringup:/home/awadh/gazebo_ws/install/my_robot_description:/home/awadh/yolobot/install/yolov8_msgs:/home/awadh/yolobot/install/yolobot_recognition:/home/awadh/yolobot/install/yolobot_gazebo:/home/awadh/yolobot/install/yolobot_description:/home/awadh/yolobot/install/yolobot_control:/home/awadh/test2_ws/install/pcl_object_detection:/home/awadh/zed_ws/install/zed_ros2:/home/awadh/zed_ws/install/zed_robot_integration:/home/awadh/zed_ws/install/zed_multi_camera:/home/awadh/zed_ws/install/zed_display_rviz2:/home/awadh/zed_ws/install/zed_depth_to_laserscan:/home/awadh/zed_ws/install/zed_wrapper:/home/awadh/zed_ws/install/zed_tutorial_video:/home/awadh/zed_ws/install/zed_tutorial_pos_tracking:/home/awadh/zed_ws/install/zed_tutorial_depth:/home/awadh/zed_ws/install/zed_topic_benchmark:/home/awadh/zed_ws/install/zed_topic_benchmark_component:/home/awadh/zed_ws/install/zed_topic_benchmark_interfaces:/home/awadh/zed_ws/install/zed_rgb_convert:/home/awadh/zed_ws/install/zed_aruco_localization:/home/awadh/zed_ws/install/zed_components:/home/awadh/zed_ws/install/rviz_plugin_zed_od:/home/awadh/zed_ws/install/zed_interfaces:/home/awadh/ouster_ws/install/ouster_ros:/home/awadh/ouster_ws/install/ouster_sensor_msgs:/home/awadh/ros2_ws/install/my_robot_bringup:/home/awadh/ros2_ws/install/turtlesim_project_cpp:/home/awadh/ros2_ws/install/my_cpp_pkg:/home/awadh/ros2_ws/install/my_robot_interfaces:/home/awadh/gazebo_ws/install/ultralytics_ros2:/home/awadh/ros2_ws/install/turtlesim_catch_them_all:/home/awadh/ros2_ws/install/my_py_pkg:/opt/ros/humble:/home/awadh/sick_tim_ws/install/sick_tim /usr/bin/cmake --install /home/awadh/zed_ws/build/zed_tutorial_video
[0.570s] Level 1:colcon.colcon_core.environment:checking '/home/awadh/zed_ws/install/zed_tutorial_video' for CMake config files
[0.570s] Level 1:colcon.colcon_core.shell:create_environment_hook('zed_tutorial_video', 'cmake_prefix_path')
[0.570s] INFO:colcon.colcon_core.shell:Creating environment hook '/home/awadh/zed_ws/install/zed_tutorial_video/share/zed_tutorial_video/hook/cmake_prefix_path.ps1'
[0.571s] INFO:colcon.colcon_core.shell:Creating environment descriptor '/home/awadh/zed_ws/install/zed_tutorial_video/share/zed_tutorial_video/hook/cmake_prefix_path.dsv'
[0.571s] INFO:colcon.colcon_core.shell:Creating environment hook '/home/awadh/zed_ws/install/zed_tutorial_video/share/zed_tutorial_video/hook/cmake_prefix_path.sh'
[0.571s] Level 1:colcon.colcon_core.environment:checking '/home/awadh/zed_ws/install/zed_tutorial_video/lib'
[0.571s] Level 1:colcon.colcon_core.environment:checking '/home/awadh/zed_ws/install/zed_tutorial_video/bin'
[0.571s] Level 1:colcon.colcon_core.environment:checking '/home/awadh/zed_ws/install/zed_tutorial_video/lib/pkgconfig/zed_tutorial_video.pc'
[0.571s] Level 1:colcon.colcon_core.environment:checking '/home/awadh/zed_ws/install/zed_tutorial_video/lib/python3.10/site-packages'
[0.572s] Level 1:colcon.colcon_core.environment:checking '/home/awadh/zed_ws/install/zed_tutorial_video/bin'
[0.572s] INFO:colcon.colcon_core.shell:Creating package script '/home/awadh/zed_ws/install/zed_tutorial_video/share/zed_tutorial_video/package.ps1'
[0.572s] INFO:colcon.colcon_core.shell:Creating package descriptor '/home/awadh/zed_ws/install/zed_tutorial_video/share/zed_tutorial_video/package.dsv'
[0.572s] INFO:colcon.colcon_core.shell:Creating package script '/home/awadh/zed_ws/install/zed_tutorial_video/share/zed_tutorial_video/package.sh'
[0.572s] INFO:colcon.colcon_core.shell:Creating package script '/home/awadh/zed_ws/install/zed_tutorial_video/share/zed_tutorial_video/package.bash'
[0.573s] INFO:colcon.colcon_core.shell:Creating package script '/home/awadh/zed_ws/install/zed_tutorial_video/share/zed_tutorial_video/package.zsh'
[0.574s] Level 1:colcon.colcon_core.environment:create_file_with_runtime_dependencies(/home/awadh/zed_ws/install/zed_tutorial_video/share/colcon-core/packages/zed_tutorial_video)
[0.574s] Level 1:colcon.colcon_core.environment:create_environment_scripts_only(zed_tutorial_depth)
[0.574s] Level 1:colcon.colcon_core.environment:checking '/home/awadh/zed_ws/install/zed_tutorial_depth' for CMake module files
[0.575s] DEBUG:colcon.colcon_core.event_handler.log_command:Invoked command in '/home/awadh/zed_ws/build/zed_tutorial_depth' returned '0': CMAKE_PREFIX_PATH=/home/awadh/gazebo_ws/install/yolov8_msgs:/home/awadh/gazebo_ws/install/yolobot_recognition:/home/awadh/gazebo_ws/install/yolobot_gazebo:/home/awadh/gazebo_ws/install/yolobot_description:/home/awadh/gazebo_ws/install/yolobot_control:/home/awadh/gazebo_ws/install/my_robot_bringup:/home/awadh/gazebo_ws/install/my_robot_description:/home/awadh/yolobot/install/yolov8_msgs:/home/awadh/yolobot/install/yolobot_recognition:/home/awadh/yolobot/install/yolobot_gazebo:/home/awadh/yolobot/install/yolobot_description:/home/awadh/yolobot/install/yolobot_control:/home/awadh/test2_ws/install/pcl_object_detection:/home/awadh/zed_ws/install/zed_ros2:/home/awadh/zed_ws/install/zed_robot_integration:/home/awadh/zed_ws/install/zed_multi_camera:/home/awadh/zed_ws/install/zed_display_rviz2:/home/awadh/zed_ws/install/zed_depth_to_laserscan:/home/awadh/zed_ws/install/zed_wrapper:/home/awadh/zed_ws/install/zed_tutorial_video:/home/awadh/zed_ws/install/zed_tutorial_pos_tracking:/home/awadh/zed_ws/install/zed_tutorial_depth:/home/awadh/zed_ws/install/zed_topic_benchmark:/home/awadh/zed_ws/install/zed_topic_benchmark_component:/home/awadh/zed_ws/install/zed_topic_benchmark_interfaces:/home/awadh/zed_ws/install/zed_rgb_convert:/home/awadh/zed_ws/install/zed_aruco_localization:/home/awadh/zed_ws/install/zed_components:/home/awadh/zed_ws/install/rviz_plugin_zed_od:/home/awadh/zed_ws/install/zed_interfaces:/home/awadh/ouster_ws/install/ouster_ros:/home/awadh/ouster_ws/install/ouster_sensor_msgs:/home/awadh/ros2_ws/install/my_robot_bringup:/home/awadh/ros2_ws/install/turtlesim_project_cpp:/home/awadh/ros2_ws/install/my_cpp_pkg:/home/awadh/ros2_ws/install/my_robot_interfaces:/home/awadh/gazebo_ws/install/ultralytics_ros2:/home/awadh/ros2_ws/install/turtlesim_catch_them_all:/home/awadh/ros2_ws/install/my_py_pkg:/opt/ros/humble:/home/awadh/sick_tim_ws/install/sick_tim /usr/bin/cmake --install /home/awadh/zed_ws/build/zed_tutorial_depth
[0.575s] Level 1:colcon.colcon_core.environment:checking '/home/awadh/zed_ws/install/zed_tutorial_depth' for CMake config files
[0.575s] Level 1:colcon.colcon_core.shell:create_environment_hook('zed_tutorial_depth', 'cmake_prefix_path')
[0.576s] INFO:colcon.colcon_core.shell:Creating environment hook '/home/awadh/zed_ws/install/zed_tutorial_depth/share/zed_tutorial_depth/hook/cmake_prefix_path.ps1'
[0.576s] INFO:colcon.colcon_core.shell:Creating environment descriptor '/home/awadh/zed_ws/install/zed_tutorial_depth/share/zed_tutorial_depth/hook/cmake_prefix_path.dsv'
[0.576s] INFO:colcon.colcon_core.shell:Creating environment hook '/home/awadh/zed_ws/install/zed_tutorial_depth/share/zed_tutorial_depth/hook/cmake_prefix_path.sh'
[0.576s] Level 1:colcon.colcon_core.environment:checking '/home/awadh/zed_ws/install/zed_tutorial_depth/lib'
[0.576s] Level 1:colcon.colcon_core.environment:checking '/home/awadh/zed_ws/install/zed_tutorial_depth/bin'
[0.576s] Level 1:colcon.colcon_core.environment:checking '/home/awadh/zed_ws/install/zed_tutorial_depth/lib/pkgconfig/zed_tutorial_depth.pc'
[0.577s] Level 1:colcon.colcon_core.environment:checking '/home/awadh/zed_ws/install/zed_tutorial_depth/lib/python3.10/site-packages'
[0.577s] Level 1:colcon.colcon_core.environment:checking '/home/awadh/zed_ws/install/zed_tutorial_depth/bin'
[0.577s] INFO:colcon.colcon_core.shell:Creating package script '/home/awadh/zed_ws/install/zed_tutorial_depth/share/zed_tutorial_depth/package.ps1'
[0.577s] INFO:colcon.colcon_core.shell:Creating package descriptor '/home/awadh/zed_ws/install/zed_tutorial_depth/share/zed_tutorial_depth/package.dsv'
[0.577s] INFO:colcon.colcon_core.shell:Creating package script '/home/awadh/zed_ws/install/zed_tutorial_depth/share/zed_tutorial_depth/package.sh'
[0.578s] INFO:colcon.colcon_core.shell:Creating package script '/home/awadh/zed_ws/install/zed_tutorial_depth/share/zed_tutorial_depth/package.bash'
[0.578s] INFO:colcon.colcon_core.shell:Creating package script '/home/awadh/zed_ws/install/zed_tutorial_depth/share/zed_tutorial_depth/package.zsh'
[0.578s] Level 1:colcon.colcon_core.environment:create_file_with_runtime_dependencies(/home/awadh/zed_ws/install/zed_tutorial_depth/share/colcon-core/packages/zed_tutorial_depth)
[0.596s] Level 1:colcon.colcon_core.environment:create_environment_scripts_only(zed_tutorial_pos_tracking)
[0.596s] Level 1:colcon.colcon_core.environment:checking '/home/awadh/zed_ws/install/zed_tutorial_pos_tracking' for CMake module files
[0.600s] Level 1:colcon.colcon_core.environment:checking '/home/awadh/zed_ws/install/zed_tutorial_pos_tracking' for CMake config files
[0.600s] Level 1:colcon.colcon_core.shell:create_environment_hook('zed_tutorial_pos_tracking', 'cmake_prefix_path')
[0.600s] INFO:colcon.colcon_core.shell:Creating environment hook '/home/awadh/zed_ws/install/zed_tutorial_pos_tracking/share/zed_tutorial_pos_tracking/hook/cmake_prefix_path.ps1'
[0.601s] INFO:colcon.colcon_core.shell:Creating environment descriptor '/home/awadh/zed_ws/install/zed_tutorial_pos_tracking/share/zed_tutorial_pos_tracking/hook/cmake_prefix_path.dsv'
[0.601s] INFO:colcon.colcon_core.shell:Creating environment hook '/home/awadh/zed_ws/install/zed_tutorial_pos_tracking/share/zed_tutorial_pos_tracking/hook/cmake_prefix_path.sh'
[0.602s] Level 1:colcon.colcon_core.environment:checking '/home/awadh/zed_ws/install/zed_tutorial_pos_tracking/lib'
[0.602s] Level 1:colcon.colcon_core.environment:checking '/home/awadh/zed_ws/install/zed_tutorial_pos_tracking/bin'
[0.602s] Level 1:colcon.colcon_core.environment:checking '/home/awadh/zed_ws/install/zed_tutorial_pos_tracking/lib/pkgconfig/zed_tutorial_pos_tracking.pc'
[0.602s] Level 1:colcon.colcon_core.environment:checking '/home/awadh/zed_ws/install/zed_tutorial_pos_tracking/lib/python3.10/site-packages'
[0.602s] Level 1:colcon.colcon_core.environment:checking '/home/awadh/zed_ws/install/zed_tutorial_pos_tracking/bin'
[0.602s] INFO:colcon.colcon_core.shell:Creating package script '/home/awadh/zed_ws/install/zed_tutorial_pos_tracking/share/zed_tutorial_pos_tracking/package.ps1'
[0.603s] INFO:colcon.colcon_core.shell:Creating package descriptor '/home/awadh/zed_ws/install/zed_tutorial_pos_tracking/share/zed_tutorial_pos_tracking/package.dsv'
[0.603s] INFO:colcon.colcon_core.shell:Creating package script '/home/awadh/zed_ws/install/zed_tutorial_pos_tracking/share/zed_tutorial_pos_tracking/package.sh'
[0.603s] INFO:colcon.colcon_core.shell:Creating package script '/home/awadh/zed_ws/install/zed_tutorial_pos_tracking/share/zed_tutorial_pos_tracking/package.bash'
[0.603s] INFO:colcon.colcon_core.shell:Creating package script '/home/awadh/zed_ws/install/zed_tutorial_pos_tracking/share/zed_tutorial_pos_tracking/package.zsh'
[0.603s] Level 1:colcon.colcon_core.environment:create_file_with_runtime_dependencies(/home/awadh/zed_ws/install/zed_tutorial_pos_tracking/share/colcon-core/packages/zed_tutorial_pos_tracking)
[0.604s] Level 1:colcon.colcon_core.environment:create_environment_scripts_only(zed_tutorial_video)
[0.604s] Level 1:colcon.colcon_core.environment:checking '/home/awadh/zed_ws/install/zed_tutorial_video' for CMake module files
[0.605s] Level 1:colcon.colcon_core.environment:checking '/home/awadh/zed_ws/install/zed_tutorial_video' for CMake config files
[0.605s] Level 1:colcon.colcon_core.shell:create_environment_hook('zed_tutorial_video', 'cmake_prefix_path')
[0.605s] INFO:colcon.colcon_core.shell:Creating environment hook '/home/awadh/zed_ws/install/zed_tutorial_video/share/zed_tutorial_video/hook/cmake_prefix_path.ps1'
[0.606s] INFO:colcon.colcon_core.shell:Creating environment descriptor '/home/awadh/zed_ws/install/zed_tutorial_video/share/zed_tutorial_video/hook/cmake_prefix_path.dsv'
[0.606s] INFO:colcon.colcon_core.shell:Creating environment hook '/home/awadh/zed_ws/install/zed_tutorial_video/share/zed_tutorial_video/hook/cmake_prefix_path.sh'
[0.606s] Level 1:colcon.colcon_core.environment:checking '/home/awadh/zed_ws/install/zed_tutorial_video/lib'
[0.606s] Level 1:colcon.colcon_core.environment:checking '/home/awadh/zed_ws/install/zed_tutorial_video/bin'
[0.606s] Level 1:colcon.colcon_core.environment:checking '/home/awadh/zed_ws/install/zed_tutorial_video/lib/pkgconfig/zed_tutorial_video.pc'
[0.606s] Level 1:colcon.colcon_core.environment:checking '/home/awadh/zed_ws/install/zed_tutorial_video/lib/python3.10/site-packages'
[0.606s] Level 1:colcon.colcon_core.environment:checking '/home/awadh/zed_ws/install/zed_tutorial_video/bin'
[0.607s] INFO:colcon.colcon_core.shell:Creating package script '/home/awadh/zed_ws/install/zed_tutorial_video/share/zed_tutorial_video/package.ps1'
[0.607s] INFO:colcon.colcon_core.shell:Creating package descriptor '/home/awadh/zed_ws/install/zed_tutorial_video/share/zed_tutorial_video/package.dsv'
[0.607s] INFO:colcon.colcon_core.shell:Creating package script '/home/awadh/zed_ws/install/zed_tutorial_video/share/zed_tutorial_video/package.sh'
[0.607s] INFO:colcon.colcon_core.shell:Creating package script '/home/awadh/zed_ws/install/zed_tutorial_video/share/zed_tutorial_video/package.bash'
[0.608s] INFO:colcon.colcon_core.shell:Creating package script '/home/awadh/zed_ws/install/zed_tutorial_video/share/zed_tutorial_video/package.zsh'
[0.608s] Level 1:colcon.colcon_core.environment:create_file_with_runtime_dependencies(/home/awadh/zed_ws/install/zed_tutorial_video/share/colcon-core/packages/zed_tutorial_video)
[0.609s] Level 1:colcon.colcon_core.environment:create_environment_scripts_only(zed_tutorial_depth)
[0.609s] Level 1:colcon.colcon_core.environment:checking '/home/awadh/zed_ws/install/zed_tutorial_depth' for CMake module files
[0.609s] Level 1:colcon.colcon_core.environment:checking '/home/awadh/zed_ws/install/zed_tutorial_depth' for CMake config files
[0.609s] Level 1:colcon.colcon_core.shell:create_environment_hook('zed_tutorial_depth', 'cmake_prefix_path')
[0.609s] INFO:colcon.colcon_core.shell:Creating environment hook '/home/awadh/zed_ws/install/zed_tutorial_depth/share/zed_tutorial_depth/hook/cmake_prefix_path.ps1'
[0.610s] INFO:colcon.colcon_core.shell:Creating environment descriptor '/home/awadh/zed_ws/install/zed_tutorial_depth/share/zed_tutorial_depth/hook/cmake_prefix_path.dsv'
[0.610s] INFO:colcon.colcon_core.shell:Creating environment hook '/home/awadh/zed_ws/install/zed_tutorial_depth/share/zed_tutorial_depth/hook/cmake_prefix_path.sh'
[0.610s] Level 1:colcon.colcon_core.environment:checking '/home/awadh/zed_ws/install/zed_tutorial_depth/lib'
[0.610s] Level 1:colcon.colcon_core.environment:checking '/home/awadh/zed_ws/install/zed_tutorial_depth/bin'
[0.610s] Level 1:colcon.colcon_core.environment:checking '/home/awadh/zed_ws/install/zed_tutorial_depth/lib/pkgconfig/zed_tutorial_depth.pc'
[0.610s] Level 1:colcon.colcon_core.environment:checking '/home/awadh/zed_ws/install/zed_tutorial_depth/lib/python3.10/site-packages'
[0.610s] Level 1:colcon.colcon_core.environment:checking '/home/awadh/zed_ws/install/zed_tutorial_depth/bin'
[0.611s] INFO:colcon.colcon_core.shell:Creating package script '/home/awadh/zed_ws/install/zed_tutorial_depth/share/zed_tutorial_depth/package.ps1'
[0.611s] INFO:colcon.colcon_core.shell:Creating package descriptor '/home/awadh/zed_ws/install/zed_tutorial_depth/share/zed_tutorial_depth/package.dsv'
[0.611s] INFO:colcon.colcon_core.shell:Creating package script '/home/awadh/zed_ws/install/zed_tutorial_depth/share/zed_tutorial_depth/package.sh'
[0.611s] INFO:colcon.colcon_core.shell:Creating package script '/home/awadh/zed_ws/install/zed_tutorial_depth/share/zed_tutorial_depth/package.bash'
[0.612s] INFO:colcon.colcon_core.shell:Creating package script '/home/awadh/zed_ws/install/zed_tutorial_depth/share/zed_tutorial_depth/package.zsh'
[0.612s] Level 1:colcon.colcon_core.environment:create_file_with_runtime_dependencies(/home/awadh/zed_ws/install/zed_tutorial_depth/share/colcon-core/packages/zed_tutorial_depth)
[0.735s] DEBUG:colcon.colcon_core.event_handler.log_command:Invoked command in '/home/awadh/zed_ws/build/zed_topic_benchmark_interfaces' returned '0': CMAKE_PREFIX_PATH=/home/awadh/gazebo_ws/install/yolov8_msgs:/home/awadh/gazebo_ws/install/yolobot_recognition:/home/awadh/gazebo_ws/install/yolobot_gazebo:/home/awadh/gazebo_ws/install/yolobot_description:/home/awadh/gazebo_ws/install/yolobot_control:/home/awadh/gazebo_ws/install/my_robot_bringup:/home/awadh/gazebo_ws/install/my_robot_description:/home/awadh/yolobot/install/yolov8_msgs:/home/awadh/yolobot/install/yolobot_recognition:/home/awadh/yolobot/install/yolobot_gazebo:/home/awadh/yolobot/install/yolobot_description:/home/awadh/yolobot/install/yolobot_control:/home/awadh/test2_ws/install/pcl_object_detection:/home/awadh/zed_ws/install/zed_ros2:/home/awadh/zed_ws/install/zed_robot_integration:/home/awadh/zed_ws/install/zed_multi_camera:/home/awadh/zed_ws/install/zed_display_rviz2:/home/awadh/zed_ws/install/zed_depth_to_laserscan:/home/awadh/zed_ws/install/zed_wrapper:/home/awadh/zed_ws/install/zed_tutorial_video:/home/awadh/zed_ws/install/zed_tutorial_pos_tracking:/home/awadh/zed_ws/install/zed_tutorial_depth:/home/awadh/zed_ws/install/zed_topic_benchmark:/home/awadh/zed_ws/install/zed_topic_benchmark_component:/home/awadh/zed_ws/install/zed_topic_benchmark_interfaces:/home/awadh/zed_ws/install/zed_rgb_convert:/home/awadh/zed_ws/install/zed_aruco_localization:/home/awadh/zed_ws/install/zed_components:/home/awadh/zed_ws/install/rviz_plugin_zed_od:/home/awadh/zed_ws/install/zed_interfaces:/home/awadh/ouster_ws/install/ouster_ros:/home/awadh/ouster_ws/install/ouster_sensor_msgs:/home/awadh/ros2_ws/install/my_robot_bringup:/home/awadh/ros2_ws/install/turtlesim_project_cpp:/home/awadh/ros2_ws/install/my_cpp_pkg:/home/awadh/ros2_ws/install/my_robot_interfaces:/home/awadh/gazebo_ws/install/ultralytics_ros2:/home/awadh/ros2_ws/install/turtlesim_catch_them_all:/home/awadh/ros2_ws/install/my_py_pkg:/opt/ros/humble:/home/awadh/sick_tim_ws/install/sick_tim /usr/bin/cmake --build /home/awadh/zed_ws/build/zed_topic_benchmark_interfaces -- -j16 -l16
[0.747s] DEBUG:colcon.colcon_core.event_handler.log_command:Invoked command in '/home/awadh/zed_ws/build/zed_interfaces' returned '0': CMAKE_PREFIX_PATH=/home/awadh/gazebo_ws/install/yolov8_msgs:/home/awadh/gazebo_ws/install/yolobot_recognition:/home/awadh/gazebo_ws/install/yolobot_gazebo:/home/awadh/gazebo_ws/install/yolobot_description:/home/awadh/gazebo_ws/install/yolobot_control:/home/awadh/gazebo_ws/install/my_robot_bringup:/home/awadh/gazebo_ws/install/my_robot_description:/home/awadh/yolobot/install/yolov8_msgs:/home/awadh/yolobot/install/yolobot_recognition:/home/awadh/yolobot/install/yolobot_gazebo:/home/awadh/yolobot/install/yolobot_description:/home/awadh/yolobot/install/yolobot_control:/home/awadh/test2_ws/install/pcl_object_detection:/home/awadh/zed_ws/install/zed_ros2:/home/awadh/zed_ws/install/zed_robot_integration:/home/awadh/zed_ws/install/zed_multi_camera:/home/awadh/zed_ws/install/zed_display_rviz2:/home/awadh/zed_ws/install/zed_depth_to_laserscan:/home/awadh/zed_ws/install/zed_wrapper:/home/awadh/zed_ws/install/zed_tutorial_video:/home/awadh/zed_ws/install/zed_tutorial_pos_tracking:/home/awadh/zed_ws/install/zed_tutorial_depth:/home/awadh/zed_ws/install/zed_topic_benchmark:/home/awadh/zed_ws/install/zed_topic_benchmark_component:/home/awadh/zed_ws/install/zed_topic_benchmark_interfaces:/home/awadh/zed_ws/install/zed_rgb_convert:/home/awadh/zed_ws/install/zed_aruco_localization:/home/awadh/zed_ws/install/zed_components:/home/awadh/zed_ws/install/rviz_plugin_zed_od:/home/awadh/zed_ws/install/zed_interfaces:/home/awadh/ouster_ws/install/ouster_ros:/home/awadh/ouster_ws/install/ouster_sensor_msgs:/home/awadh/ros2_ws/install/my_robot_bringup:/home/awadh/ros2_ws/install/turtlesim_project_cpp:/home/awadh/ros2_ws/install/my_cpp_pkg:/home/awadh/ros2_ws/install/my_robot_interfaces:/home/awadh/gazebo_ws/install/ultralytics_ros2:/home/awadh/ros2_ws/install/turtlesim_catch_them_all:/home/awadh/ros2_ws/install/my_py_pkg:/opt/ros/humble:/home/awadh/sick_tim_ws/install/sick_tim /usr/bin/cmake --build /home/awadh/zed_ws/build/zed_interfaces -- -j16 -l16
[0.799s] DEBUG:colcon.colcon_core.event_handler.log_command:Invoking command in '/home/awadh/zed_ws/build/zed_topic_benchmark_interfaces': CMAKE_PREFIX_PATH=/home/awadh/gazebo_ws/install/yolov8_msgs:/home/awadh/gazebo_ws/install/yolobot_recognition:/home/awadh/gazebo_ws/install/yolobot_gazebo:/home/awadh/gazebo_ws/install/yolobot_description:/home/awadh/gazebo_ws/install/yolobot_control:/home/awadh/gazebo_ws/install/my_robot_bringup:/home/awadh/gazebo_ws/install/my_robot_description:/home/awadh/yolobot/install/yolov8_msgs:/home/awadh/yolobot/install/yolobot_recognition:/home/awadh/yolobot/install/yolobot_gazebo:/home/awadh/yolobot/install/yolobot_description:/home/awadh/yolobot/install/yolobot_control:/home/awadh/test2_ws/install/pcl_object_detection:/home/awadh/zed_ws/install/zed_ros2:/home/awadh/zed_ws/install/zed_robot_integration:/home/awadh/zed_ws/install/zed_multi_camera:/home/awadh/zed_ws/install/zed_display_rviz2:/home/awadh/zed_ws/install/zed_depth_to_laserscan:/home/awadh/zed_ws/install/zed_wrapper:/home/awadh/zed_ws/install/zed_tutorial_video:/home/awadh/zed_ws/install/zed_tutorial_pos_tracking:/home/awadh/zed_ws/install/zed_tutorial_depth:/home/awadh/zed_ws/install/zed_topic_benchmark:/home/awadh/zed_ws/install/zed_topic_benchmark_component:/home/awadh/zed_ws/install/zed_topic_benchmark_interfaces:/home/awadh/zed_ws/install/zed_rgb_convert:/home/awadh/zed_ws/install/zed_aruco_localization:/home/awadh/zed_ws/install/zed_components:/home/awadh/zed_ws/install/rviz_plugin_zed_od:/home/awadh/zed_ws/install/zed_interfaces:/home/awadh/ouster_ws/install/ouster_ros:/home/awadh/ouster_ws/install/ouster_sensor_msgs:/home/awadh/ros2_ws/install/my_robot_bringup:/home/awadh/ros2_ws/install/turtlesim_project_cpp:/home/awadh/ros2_ws/install/my_cpp_pkg:/home/awadh/ros2_ws/install/my_robot_interfaces:/home/awadh/gazebo_ws/install/ultralytics_ros2:/home/awadh/ros2_ws/install/turtlesim_catch_them_all:/home/awadh/ros2_ws/install/my_py_pkg:/opt/ros/humble:/home/awadh/sick_tim_ws/install/sick_tim /usr/bin/cmake --install /home/awadh/zed_ws/build/zed_topic_benchmark_interfaces
[0.865s] Level 1:colcon.colcon_core.environment:create_environment_scripts_only(zed_topic_benchmark_interfaces)
[0.865s] Level 1:colcon.colcon_core.environment:checking '/home/awadh/zed_ws/install/zed_topic_benchmark_interfaces' for CMake module files
[0.866s] DEBUG:colcon.colcon_core.event_handler.log_command:Invoked command in '/home/awadh/zed_ws/build/zed_topic_benchmark_interfaces' returned '0': CMAKE_PREFIX_PATH=/home/awadh/gazebo_ws/install/yolov8_msgs:/home/awadh/gazebo_ws/install/yolobot_recognition:/home/awadh/gazebo_ws/install/yolobot_gazebo:/home/awadh/gazebo_ws/install/yolobot_description:/home/awadh/gazebo_ws/install/yolobot_control:/home/awadh/gazebo_ws/install/my_robot_bringup:/home/awadh/gazebo_ws/install/my_robot_description:/home/awadh/yolobot/install/yolov8_msgs:/home/awadh/yolobot/install/yolobot_recognition:/home/awadh/yolobot/install/yolobot_gazebo:/home/awadh/yolobot/install/yolobot_description:/home/awadh/yolobot/install/yolobot_control:/home/awadh/test2_ws/install/pcl_object_detection:/home/awadh/zed_ws/install/zed_ros2:/home/awadh/zed_ws/install/zed_robot_integration:/home/awadh/zed_ws/install/zed_multi_camera:/home/awadh/zed_ws/install/zed_display_rviz2:/home/awadh/zed_ws/install/zed_depth_to_laserscan:/home/awadh/zed_ws/install/zed_wrapper:/home/awadh/zed_ws/install/zed_tutorial_video:/home/awadh/zed_ws/install/zed_tutorial_pos_tracking:/home/awadh/zed_ws/install/zed_tutorial_depth:/home/awadh/zed_ws/install/zed_topic_benchmark:/home/awadh/zed_ws/install/zed_topic_benchmark_component:/home/awadh/zed_ws/install/zed_topic_benchmark_interfaces:/home/awadh/zed_ws/install/zed_rgb_convert:/home/awadh/zed_ws/install/zed_aruco_localization:/home/awadh/zed_ws/install/zed_components:/home/awadh/zed_ws/install/rviz_plugin_zed_od:/home/awadh/zed_ws/install/zed_interfaces:/home/awadh/ouster_ws/install/ouster_ros:/home/awadh/ouster_ws/install/ouster_sensor_msgs:/home/awadh/ros2_ws/install/my_robot_bringup:/home/awadh/ros2_ws/install/turtlesim_project_cpp:/home/awadh/ros2_ws/install/my_cpp_pkg:/home/awadh/ros2_ws/install/my_robot_interfaces:/home/awadh/gazebo_ws/install/ultralytics_ros2:/home/awadh/ros2_ws/install/turtlesim_catch_them_all:/home/awadh/ros2_ws/install/my_py_pkg:/opt/ros/humble:/home/awadh/sick_tim_ws/install/sick_tim /usr/bin/cmake --install /home/awadh/zed_ws/build/zed_topic_benchmark_interfaces
[0.866s] Level 1:colcon.colcon_core.environment:checking '/home/awadh/zed_ws/install/zed_topic_benchmark_interfaces' for CMake config files
[0.867s] Level 1:colcon.colcon_core.shell:create_environment_hook('zed_topic_benchmark_interfaces', 'cmake_prefix_path')
[0.867s] INFO:colcon.colcon_core.shell:Creating environment hook '/home/awadh/zed_ws/install/zed_topic_benchmark_interfaces/share/zed_topic_benchmark_interfaces/hook/cmake_prefix_path.ps1'
[0.867s] INFO:colcon.colcon_core.shell:Creating environment descriptor '/home/awadh/zed_ws/install/zed_topic_benchmark_interfaces/share/zed_topic_benchmark_interfaces/hook/cmake_prefix_path.dsv'
[0.867s] INFO:colcon.colcon_core.shell:Creating environment hook '/home/awadh/zed_ws/install/zed_topic_benchmark_interfaces/share/zed_topic_benchmark_interfaces/hook/cmake_prefix_path.sh'
[0.868s] Level 1:colcon.colcon_core.environment:checking '/home/awadh/zed_ws/install/zed_topic_benchmark_interfaces/lib'
[0.868s] Level 1:colcon.colcon_core.shell:create_environment_hook('zed_topic_benchmark_interfaces', 'ld_library_path_lib')
[0.868s] INFO:colcon.colcon_core.shell:Creating environment hook '/home/awadh/zed_ws/install/zed_topic_benchmark_interfaces/share/zed_topic_benchmark_interfaces/hook/ld_library_path_lib.ps1'
[0.868s] INFO:colcon.colcon_core.shell:Creating environment descriptor '/home/awadh/zed_ws/install/zed_topic_benchmark_interfaces/share/zed_topic_benchmark_interfaces/hook/ld_library_path_lib.dsv'
[0.868s] INFO:colcon.colcon_core.shell:Creating environment hook '/home/awadh/zed_ws/install/zed_topic_benchmark_interfaces/share/zed_topic_benchmark_interfaces/hook/ld_library_path_lib.sh'
[0.869s] Level 1:colcon.colcon_core.environment:checking '/home/awadh/zed_ws/install/zed_topic_benchmark_interfaces/bin'
[0.869s] Level 1:colcon.colcon_core.environment:checking '/home/awadh/zed_ws/install/zed_topic_benchmark_interfaces/lib/pkgconfig/zed_topic_benchmark_interfaces.pc'
[0.869s] Level 1:colcon.colcon_core.environment:checking '/home/awadh/zed_ws/install/zed_topic_benchmark_interfaces/lib/python3.10/site-packages'
[0.869s] Level 1:colcon.colcon_core.environment:checking '/home/awadh/zed_ws/install/zed_topic_benchmark_interfaces/bin'
[0.869s] INFO:colcon.colcon_core.shell:Creating package script '/home/awadh/zed_ws/install/zed_topic_benchmark_interfaces/share/zed_topic_benchmark_interfaces/package.ps1'
[0.869s] INFO:colcon.colcon_core.shell:Creating package descriptor '/home/awadh/zed_ws/install/zed_topic_benchmark_interfaces/share/zed_topic_benchmark_interfaces/package.dsv'
[0.870s] INFO:colcon.colcon_core.shell:Creating package script '/home/awadh/zed_ws/install/zed_topic_benchmark_interfaces/share/zed_topic_benchmark_interfaces/package.sh'
[0.870s] INFO:colcon.colcon_core.shell:Creating package script '/home/awadh/zed_ws/install/zed_topic_benchmark_interfaces/share/zed_topic_benchmark_interfaces/package.bash'
[0.870s] INFO:colcon.colcon_core.shell:Creating package script '/home/awadh/zed_ws/install/zed_topic_benchmark_interfaces/share/zed_topic_benchmark_interfaces/package.zsh'
[0.870s] Level 1:colcon.colcon_core.environment:create_file_with_runtime_dependencies(/home/awadh/zed_ws/install/zed_topic_benchmark_interfaces/share/colcon-core/packages/zed_topic_benchmark_interfaces)
[0.935s] Level 1:colcon.colcon_core.environment:create_environment_scripts_only(zed_topic_benchmark_interfaces)
[0.935s] Level 1:colcon.colcon_core.environment:checking '/home/awadh/zed_ws/install/zed_topic_benchmark_interfaces' for CMake module files
[0.935s] Level 1:colcon.colcon_core.environment:checking '/home/awadh/zed_ws/install/zed_topic_benchmark_interfaces' for CMake config files
[0.935s] Level 1:colcon.colcon_core.shell:create_environment_hook('zed_topic_benchmark_interfaces', 'cmake_prefix_path')
[0.936s] INFO:colcon.colcon_core.shell:Creating environment hook '/home/awadh/zed_ws/install/zed_topic_benchmark_interfaces/share/zed_topic_benchmark_interfaces/hook/cmake_prefix_path.ps1'
[0.936s] INFO:colcon.colcon_core.shell:Creating environment descriptor '/home/awadh/zed_ws/install/zed_topic_benchmark_interfaces/share/zed_topic_benchmark_interfaces/hook/cmake_prefix_path.dsv'
[0.936s] INFO:colcon.colcon_core.shell:Creating environment hook '/home/awadh/zed_ws/install/zed_topic_benchmark_interfaces/share/zed_topic_benchmark_interfaces/hook/cmake_prefix_path.sh'
[0.936s] Level 1:colcon.colcon_core.environment:checking '/home/awadh/zed_ws/install/zed_topic_benchmark_interfaces/lib'
[0.936s] Level 1:colcon.colcon_core.shell:create_environment_hook('zed_topic_benchmark_interfaces', 'ld_library_path_lib')
[0.937s] INFO:colcon.colcon_core.shell:Creating environment hook '/home/awadh/zed_ws/install/zed_topic_benchmark_interfaces/share/zed_topic_benchmark_interfaces/hook/ld_library_path_lib.ps1'
[0.937s] INFO:colcon.colcon_core.shell:Creating environment descriptor '/home/awadh/zed_ws/install/zed_topic_benchmark_interfaces/share/zed_topic_benchmark_interfaces/hook/ld_library_path_lib.dsv'
[0.937s] INFO:colcon.colcon_core.shell:Creating environment hook '/home/awadh/zed_ws/install/zed_topic_benchmark_interfaces/share/zed_topic_benchmark_interfaces/hook/ld_library_path_lib.sh'
[0.937s] Level 1:colcon.colcon_core.environment:checking '/home/awadh/zed_ws/install/zed_topic_benchmark_interfaces/bin'
[0.937s] Level 1:colcon.colcon_core.environment:checking '/home/awadh/zed_ws/install/zed_topic_benchmark_interfaces/lib/pkgconfig/zed_topic_benchmark_interfaces.pc'
[0.937s] Level 1:colcon.colcon_core.environment:checking '/home/awadh/zed_ws/install/zed_topic_benchmark_interfaces/lib/python3.10/site-packages'
[0.938s] Level 1:colcon.colcon_core.environment:checking '/home/awadh/zed_ws/install/zed_topic_benchmark_interfaces/bin'
[0.938s] INFO:colcon.colcon_core.shell:Creating package script '/home/awadh/zed_ws/install/zed_topic_benchmark_interfaces/share/zed_topic_benchmark_interfaces/package.ps1'
[0.938s] INFO:colcon.colcon_core.shell:Creating package descriptor '/home/awadh/zed_ws/install/zed_topic_benchmark_interfaces/share/zed_topic_benchmark_interfaces/package.dsv'
[0.938s] INFO:colcon.colcon_core.shell:Creating package script '/home/awadh/zed_ws/install/zed_topic_benchmark_interfaces/share/zed_topic_benchmark_interfaces/package.sh'
[0.939s] INFO:colcon.colcon_core.shell:Creating package script '/home/awadh/zed_ws/install/zed_topic_benchmark_interfaces/share/zed_topic_benchmark_interfaces/package.bash'
[0.939s] INFO:colcon.colcon_core.shell:Creating package script '/home/awadh/zed_ws/install/zed_topic_benchmark_interfaces/share/zed_topic_benchmark_interfaces/package.zsh'
[0.939s] Level 1:colcon.colcon_core.environment:create_file_with_runtime_dependencies(/home/awadh/zed_ws/install/zed_topic_benchmark_interfaces/share/colcon-core/packages/zed_topic_benchmark_interfaces)
[0.939s] INFO:colcon.colcon_ros.task.ament_cmake.build:Building ROS package in '/home/awadh/zed_ws/src/zed-ros2-examples/tools/zed_benchmark_component' with build type 'ament_cmake'
[0.939s] INFO:colcon.colcon_cmake.task.cmake.build:Building CMake package in '/home/awadh/zed_ws/src/zed-ros2-examples/tools/zed_benchmark_component'
[0.940s] INFO:colcon.colcon_core.shell:Skip shell extension 'powershell' for command environment: Not usable outside of PowerShell
[0.940s] DEBUG:colcon.colcon_core.shell:Skip shell extension 'dsv' for command environment
[0.952s] DEBUG:colcon.colcon_core.event_handler.log_command:Invoking command in '/home/awadh/zed_ws/build/zed_topic_benchmark_component': CMAKE_PREFIX_PATH=/home/awadh/zed_ws/install/zed_topic_benchmark_interfaces:/home/awadh/gazebo_ws/install/yolov8_msgs:/home/awadh/gazebo_ws/install/yolobot_recognition:/home/awadh/gazebo_ws/install/yolobot_gazebo:/home/awadh/gazebo_ws/install/yolobot_description:/home/awadh/gazebo_ws/install/yolobot_control:/home/awadh/gazebo_ws/install/my_robot_bringup:/home/awadh/gazebo_ws/install/my_robot_description:/home/awadh/yolobot/install/yolov8_msgs:/home/awadh/yolobot/install/yolobot_recognition:/home/awadh/yolobot/install/yolobot_gazebo:/home/awadh/yolobot/install/yolobot_description:/home/awadh/yolobot/install/yolobot_control:/home/awadh/test2_ws/install/pcl_object_detection:/home/awadh/zed_ws/install/zed_ros2:/home/awadh/zed_ws/install/zed_robot_integration:/home/awadh/zed_ws/install/zed_multi_camera:/home/awadh/zed_ws/install/zed_display_rviz2:/home/awadh/zed_ws/install/zed_depth_to_laserscan:/home/awadh/zed_ws/install/zed_wrapper:/home/awadh/zed_ws/install/zed_tutorial_video:/home/awadh/zed_ws/install/zed_tutorial_pos_tracking:/home/awadh/zed_ws/install/zed_tutorial_depth:/home/awadh/zed_ws/install/zed_topic_benchmark:/home/awadh/zed_ws/install/zed_topic_benchmark_component:/home/awadh/zed_ws/install/zed_rgb_convert:/home/awadh/zed_ws/install/zed_aruco_localization:/home/awadh/zed_ws/install/zed_components:/home/awadh/zed_ws/install/rviz_plugin_zed_od:/home/awadh/zed_ws/install/zed_interfaces:/home/awadh/ouster_ws/install/ouster_ros:/home/awadh/ouster_ws/install/ouster_sensor_msgs:/home/awadh/ros2_ws/install/my_robot_bringup:/home/awadh/ros2_ws/install/turtlesim_project_cpp:/home/awadh/ros2_ws/install/my_cpp_pkg:/home/awadh/ros2_ws/install/my_robot_interfaces:/home/awadh/gazebo_ws/install/ultralytics_ros2:/home/awadh/ros2_ws/install/turtlesim_catch_them_all:/home/awadh/ros2_ws/install/my_py_pkg:/opt/ros/humble:/home/awadh/sick_tim_ws/install/sick_tim LD_LIBRARY_PATH=/home/awadh/zed_ws/install/zed_topic_benchmark_interfaces/lib:/home/awadh/gazebo_ws/install/yolov8_msgs/lib:/home/awadh/yolobot/install/yolov8_msgs/lib:/home/awadh/test2_ws/install/pcl_object_detection/lib:/home/awadh/zed_ws/install/zed_topic_benchmark_component/lib:/home/awadh/zed_ws/install/zed_rgb_convert/lib:/home/awadh/zed_ws/install/zed_aruco_localization/lib:/home/awadh/zed_ws/install/zed_components/lib:/home/awadh/zed_ws/install/rviz_plugin_zed_od/lib:/home/awadh/zed_ws/install/zed_interfaces/lib:/home/awadh/ouster_ws/install/ouster_ros/lib:/home/awadh/ouster_ws/install/ouster_sensor_msgs/lib:/home/awadh/ros2_ws/install/my_robot_interfaces/lib:/home/awadh/sick_tim_ws/install/sick_tim/lib:/usr/lib/x86_64-linux-gnu/gazebo-11/plugins:/opt/ros/humble/opt/rviz_ogre_vendor/lib:/opt/ros/humble/lib/x86_64-linux-gnu:/opt/ros/humble/lib:/usr/share/gazebo/../../lib/x86_64-linux-gnu/gazebo-11/plugins /usr/bin/cmake --build /home/awadh/zed_ws/build/zed_topic_benchmark_component -- -j16 -l16
[1.015s] DEBUG:colcon.colcon_core.event_handler.log_command:Invoked command in '/home/awadh/zed_ws/build/zed_topic_benchmark_component' returned '0': CMAKE_PREFIX_PATH=/home/awadh/zed_ws/install/zed_topic_benchmark_interfaces:/home/awadh/gazebo_ws/install/yolov8_msgs:/home/awadh/gazebo_ws/install/yolobot_recognition:/home/awadh/gazebo_ws/install/yolobot_gazebo:/home/awadh/gazebo_ws/install/yolobot_description:/home/awadh/gazebo_ws/install/yolobot_control:/home/awadh/gazebo_ws/install/my_robot_bringup:/home/awadh/gazebo_ws/install/my_robot_description:/home/awadh/yolobot/install/yolov8_msgs:/home/awadh/yolobot/install/yolobot_recognition:/home/awadh/yolobot/install/yolobot_gazebo:/home/awadh/yolobot/install/yolobot_description:/home/awadh/yolobot/install/yolobot_control:/home/awadh/test2_ws/install/pcl_object_detection:/home/awadh/zed_ws/install/zed_ros2:/home/awadh/zed_ws/install/zed_robot_integration:/home/awadh/zed_ws/install/zed_multi_camera:/home/awadh/zed_ws/install/zed_display_rviz2:/home/awadh/zed_ws/install/zed_depth_to_laserscan:/home/awadh/zed_ws/install/zed_wrapper:/home/awadh/zed_ws/install/zed_tutorial_video:/home/awadh/zed_ws/install/zed_tutorial_pos_tracking:/home/awadh/zed_ws/install/zed_tutorial_depth:/home/awadh/zed_ws/install/zed_topic_benchmark:/home/awadh/zed_ws/install/zed_topic_benchmark_component:/home/awadh/zed_ws/install/zed_rgb_convert:/home/awadh/zed_ws/install/zed_aruco_localization:/home/awadh/zed_ws/install/zed_components:/home/awadh/zed_ws/install/rviz_plugin_zed_od:/home/awadh/zed_ws/install/zed_interfaces:/home/awadh/ouster_ws/install/ouster_ros:/home/awadh/ouster_ws/install/ouster_sensor_msgs:/home/awadh/ros2_ws/install/my_robot_bringup:/home/awadh/ros2_ws/install/turtlesim_project_cpp:/home/awadh/ros2_ws/install/my_cpp_pkg:/home/awadh/ros2_ws/install/my_robot_interfaces:/home/awadh/gazebo_ws/install/ultralytics_ros2:/home/awadh/ros2_ws/install/turtlesim_catch_them_all:/home/awadh/ros2_ws/install/my_py_pkg:/opt/ros/humble:/home/awadh/sick_tim_ws/install/sick_tim LD_LIBRARY_PATH=/home/awadh/zed_ws/install/zed_topic_benchmark_interfaces/lib:/home/awadh/gazebo_ws/install/yolov8_msgs/lib:/home/awadh/yolobot/install/yolov8_msgs/lib:/home/awadh/test2_ws/install/pcl_object_detection/lib:/home/awadh/zed_ws/install/zed_topic_benchmark_component/lib:/home/awadh/zed_ws/install/zed_rgb_convert/lib:/home/awadh/zed_ws/install/zed_aruco_localization/lib:/home/awadh/zed_ws/install/zed_components/lib:/home/awadh/zed_ws/install/rviz_plugin_zed_od/lib:/home/awadh/zed_ws/install/zed_interfaces/lib:/home/awadh/ouster_ws/install/ouster_ros/lib:/home/awadh/ouster_ws/install/ouster_sensor_msgs/lib:/home/awadh/ros2_ws/install/my_robot_interfaces/lib:/home/awadh/sick_tim_ws/install/sick_tim/lib:/usr/lib/x86_64-linux-gnu/gazebo-11/plugins:/opt/ros/humble/opt/rviz_ogre_vendor/lib:/opt/ros/humble/lib/x86_64-linux-gnu:/opt/ros/humble/lib:/usr/share/gazebo/../../lib/x86_64-linux-gnu/gazebo-11/plugins /usr/bin/cmake --build /home/awadh/zed_ws/build/zed_topic_benchmark_component -- -j16 -l16
[1.043s] DEBUG:colcon.colcon_core.event_handler.log_command:Invoking command in '/home/awadh/zed_ws/build/zed_topic_benchmark_component': CMAKE_PREFIX_PATH=/home/awadh/zed_ws/install/zed_topic_benchmark_interfaces:/home/awadh/gazebo_ws/install/yolov8_msgs:/home/awadh/gazebo_ws/install/yolobot_recognition:/home/awadh/gazebo_ws/install/yolobot_gazebo:/home/awadh/gazebo_ws/install/yolobot_description:/home/awadh/gazebo_ws/install/yolobot_control:/home/awadh/gazebo_ws/install/my_robot_bringup:/home/awadh/gazebo_ws/install/my_robot_description:/home/awadh/yolobot/install/yolov8_msgs:/home/awadh/yolobot/install/yolobot_recognition:/home/awadh/yolobot/install/yolobot_gazebo:/home/awadh/yolobot/install/yolobot_description:/home/awadh/yolobot/install/yolobot_control:/home/awadh/test2_ws/install/pcl_object_detection:/home/awadh/zed_ws/install/zed_ros2:/home/awadh/zed_ws/install/zed_robot_integration:/home/awadh/zed_ws/install/zed_multi_camera:/home/awadh/zed_ws/install/zed_display_rviz2:/home/awadh/zed_ws/install/zed_depth_to_laserscan:/home/awadh/zed_ws/install/zed_wrapper:/home/awadh/zed_ws/install/zed_tutorial_video:/home/awadh/zed_ws/install/zed_tutorial_pos_tracking:/home/awadh/zed_ws/install/zed_tutorial_depth:/home/awadh/zed_ws/install/zed_topic_benchmark:/home/awadh/zed_ws/install/zed_topic_benchmark_component:/home/awadh/zed_ws/install/zed_rgb_convert:/home/awadh/zed_ws/install/zed_aruco_localization:/home/awadh/zed_ws/install/zed_components:/home/awadh/zed_ws/install/rviz_plugin_zed_od:/home/awadh/zed_ws/install/zed_interfaces:/home/awadh/ouster_ws/install/ouster_ros:/home/awadh/ouster_ws/install/ouster_sensor_msgs:/home/awadh/ros2_ws/install/my_robot_bringup:/home/awadh/ros2_ws/install/turtlesim_project_cpp:/home/awadh/ros2_ws/install/my_cpp_pkg:/home/awadh/ros2_ws/install/my_robot_interfaces:/home/awadh/gazebo_ws/install/ultralytics_ros2:/home/awadh/ros2_ws/install/turtlesim_catch_them_all:/home/awadh/ros2_ws/install/my_py_pkg:/opt/ros/humble:/home/awadh/sick_tim_ws/install/sick_tim LD_LIBRARY_PATH=/home/awadh/zed_ws/install/zed_topic_benchmark_interfaces/lib:/home/awadh/gazebo_ws/install/yolov8_msgs/lib:/home/awadh/yolobot/install/yolov8_msgs/lib:/home/awadh/test2_ws/install/pcl_object_detection/lib:/home/awadh/zed_ws/install/zed_topic_benchmark_component/lib:/home/awadh/zed_ws/install/zed_rgb_convert/lib:/home/awadh/zed_ws/install/zed_aruco_localization/lib:/home/awadh/zed_ws/install/zed_components/lib:/home/awadh/zed_ws/install/rviz_plugin_zed_od/lib:/home/awadh/zed_ws/install/zed_interfaces/lib:/home/awadh/ouster_ws/install/ouster_ros/lib:/home/awadh/ouster_ws/install/ouster_sensor_msgs/lib:/home/awadh/ros2_ws/install/my_robot_interfaces/lib:/home/awadh/sick_tim_ws/install/sick_tim/lib:/usr/lib/x86_64-linux-gnu/gazebo-11/plugins:/opt/ros/humble/opt/rviz_ogre_vendor/lib:/opt/ros/humble/lib/x86_64-linux-gnu:/opt/ros/humble/lib:/usr/share/gazebo/../../lib/x86_64-linux-gnu/gazebo-11/plugins /usr/bin/cmake --install /home/awadh/zed_ws/build/zed_topic_benchmark_component
[1.052s] Level 1:colcon.colcon_core.environment:create_environment_scripts_only(zed_topic_benchmark_component)
[1.052s] Level 1:colcon.colcon_core.environment:checking '/home/awadh/zed_ws/install/zed_topic_benchmark_component' for CMake module files
[1.052s] DEBUG:colcon.colcon_core.event_handler.log_command:Invoked command in '/home/awadh/zed_ws/build/zed_topic_benchmark_component' returned '0': CMAKE_PREFIX_PATH=/home/awadh/zed_ws/install/zed_topic_benchmark_interfaces:/home/awadh/gazebo_ws/install/yolov8_msgs:/home/awadh/gazebo_ws/install/yolobot_recognition:/home/awadh/gazebo_ws/install/yolobot_gazebo:/home/awadh/gazebo_ws/install/yolobot_description:/home/awadh/gazebo_ws/install/yolobot_control:/home/awadh/gazebo_ws/install/my_robot_bringup:/home/awadh/gazebo_ws/install/my_robot_description:/home/awadh/yolobot/install/yolov8_msgs:/home/awadh/yolobot/install/yolobot_recognition:/home/awadh/yolobot/install/yolobot_gazebo:/home/awadh/yolobot/install/yolobot_description:/home/awadh/yolobot/install/yolobot_control:/home/awadh/test2_ws/install/pcl_object_detection:/home/awadh/zed_ws/install/zed_ros2:/home/awadh/zed_ws/install/zed_robot_integration:/home/awadh/zed_ws/install/zed_multi_camera:/home/awadh/zed_ws/install/zed_display_rviz2:/home/awadh/zed_ws/install/zed_depth_to_laserscan:/home/awadh/zed_ws/install/zed_wrapper:/home/awadh/zed_ws/install/zed_tutorial_video:/home/awadh/zed_ws/install/zed_tutorial_pos_tracking:/home/awadh/zed_ws/install/zed_tutorial_depth:/home/awadh/zed_ws/install/zed_topic_benchmark:/home/awadh/zed_ws/install/zed_topic_benchmark_component:/home/awadh/zed_ws/install/zed_rgb_convert:/home/awadh/zed_ws/install/zed_aruco_localization:/home/awadh/zed_ws/install/zed_components:/home/awadh/zed_ws/install/rviz_plugin_zed_od:/home/awadh/zed_ws/install/zed_interfaces:/home/awadh/ouster_ws/install/ouster_ros:/home/awadh/ouster_ws/install/ouster_sensor_msgs:/home/awadh/ros2_ws/install/my_robot_bringup:/home/awadh/ros2_ws/install/turtlesim_project_cpp:/home/awadh/ros2_ws/install/my_cpp_pkg:/home/awadh/ros2_ws/install/my_robot_interfaces:/home/awadh/gazebo_ws/install/ultralytics_ros2:/home/awadh/ros2_ws/install/turtlesim_catch_them_all:/home/awadh/ros2_ws/install/my_py_pkg:/opt/ros/humble:/home/awadh/sick_tim_ws/install/sick_tim LD_LIBRARY_PATH=/home/awadh/zed_ws/install/zed_topic_benchmark_interfaces/lib:/home/awadh/gazebo_ws/install/yolov8_msgs/lib:/home/awadh/yolobot/install/yolov8_msgs/lib:/home/awadh/test2_ws/install/pcl_object_detection/lib:/home/awadh/zed_ws/install/zed_topic_benchmark_component/lib:/home/awadh/zed_ws/install/zed_rgb_convert/lib:/home/awadh/zed_ws/install/zed_aruco_localization/lib:/home/awadh/zed_ws/install/zed_components/lib:/home/awadh/zed_ws/install/rviz_plugin_zed_od/lib:/home/awadh/zed_ws/install/zed_interfaces/lib:/home/awadh/ouster_ws/install/ouster_ros/lib:/home/awadh/ouster_ws/install/ouster_sensor_msgs/lib:/home/awadh/ros2_ws/install/my_robot_interfaces/lib:/home/awadh/sick_tim_ws/install/sick_tim/lib:/usr/lib/x86_64-linux-gnu/gazebo-11/plugins:/opt/ros/humble/opt/rviz_ogre_vendor/lib:/opt/ros/humble/lib/x86_64-linux-gnu:/opt/ros/humble/lib:/usr/share/gazebo/../../lib/x86_64-linux-gnu/gazebo-11/plugins /usr/bin/cmake --install /home/awadh/zed_ws/build/zed_topic_benchmark_component
[1.053s] Level 1:colcon.colcon_core.environment:checking '/home/awadh/zed_ws/install/zed_topic_benchmark_component' for CMake config files
[1.053s] Level 1:colcon.colcon_core.shell:create_environment_hook('zed_topic_benchmark_component', 'cmake_prefix_path')
[1.053s] INFO:colcon.colcon_core.shell:Creating environment hook '/home/awadh/zed_ws/install/zed_topic_benchmark_component/share/zed_topic_benchmark_component/hook/cmake_prefix_path.ps1'
[1.054s] INFO:colcon.colcon_core.shell:Creating environment descriptor '/home/awadh/zed_ws/install/zed_topic_benchmark_component/share/zed_topic_benchmark_component/hook/cmake_prefix_path.dsv'
[1.054s] INFO:colcon.colcon_core.shell:Creating environment hook '/home/awadh/zed_ws/install/zed_topic_benchmark_component/share/zed_topic_benchmark_component/hook/cmake_prefix_path.sh'
[1.054s] Level 1:colcon.colcon_core.environment:checking '/home/awadh/zed_ws/install/zed_topic_benchmark_component/lib'
[1.054s] Level 1:colcon.colcon_core.shell:create_environment_hook('zed_topic_benchmark_component', 'ld_library_path_lib')
[1.054s] INFO:colcon.colcon_core.shell:Creating environment hook '/home/awadh/zed_ws/install/zed_topic_benchmark_component/share/zed_topic_benchmark_component/hook/ld_library_path_lib.ps1'
[1.055s] INFO:colcon.colcon_core.shell:Creating environment descriptor '/home/awadh/zed_ws/install/zed_topic_benchmark_component/share/zed_topic_benchmark_component/hook/ld_library_path_lib.dsv'
[1.055s] INFO:colcon.colcon_core.shell:Creating environment hook '/home/awadh/zed_ws/install/zed_topic_benchmark_component/share/zed_topic_benchmark_component/hook/ld_library_path_lib.sh'
[1.055s] Level 1:colcon.colcon_core.environment:checking '/home/awadh/zed_ws/install/zed_topic_benchmark_component/bin'
[1.055s] Level 1:colcon.colcon_core.environment:checking '/home/awadh/zed_ws/install/zed_topic_benchmark_component/lib/pkgconfig/zed_topic_benchmark_component.pc'
[1.055s] Level 1:colcon.colcon_core.environment:checking '/home/awadh/zed_ws/install/zed_topic_benchmark_component/lib/python3.10/site-packages'
[1.055s] Level 1:colcon.colcon_core.environment:checking '/home/awadh/zed_ws/install/zed_topic_benchmark_component/bin'
[1.056s] INFO:colcon.colcon_core.shell:Creating package script '/home/awadh/zed_ws/install/zed_topic_benchmark_component/share/zed_topic_benchmark_component/package.ps1'
[1.056s] INFO:colcon.colcon_core.shell:Creating package descriptor '/home/awadh/zed_ws/install/zed_topic_benchmark_component/share/zed_topic_benchmark_component/package.dsv'
[1.056s] INFO:colcon.colcon_core.shell:Creating package script '/home/awadh/zed_ws/install/zed_topic_benchmark_component/share/zed_topic_benchmark_component/package.sh'
[1.056s] INFO:colcon.colcon_core.shell:Creating package script '/home/awadh/zed_ws/install/zed_topic_benchmark_component/share/zed_topic_benchmark_component/package.bash'
[1.056s] INFO:colcon.colcon_core.shell:Creating package script '/home/awadh/zed_ws/install/zed_topic_benchmark_component/share/zed_topic_benchmark_component/package.zsh'
[1.057s] Level 1:colcon.colcon_core.environment:create_file_with_runtime_dependencies(/home/awadh/zed_ws/install/zed_topic_benchmark_component/share/colcon-core/packages/zed_topic_benchmark_component)
[1.084s] Level 1:colcon.colcon_core.environment:create_environment_scripts_only(zed_topic_benchmark_component)
[1.084s] Level 1:colcon.colcon_core.environment:checking '/home/awadh/zed_ws/install/zed_topic_benchmark_component' for CMake module files
[1.084s] Level 1:colcon.colcon_core.environment:checking '/home/awadh/zed_ws/install/zed_topic_benchmark_component' for CMake config files
[1.085s] Level 1:colcon.colcon_core.shell:create_environment_hook('zed_topic_benchmark_component', 'cmake_prefix_path')
[1.085s] INFO:colcon.colcon_core.shell:Creating environment hook '/home/awadh/zed_ws/install/zed_topic_benchmark_component/share/zed_topic_benchmark_component/hook/cmake_prefix_path.ps1'
[1.085s] INFO:colcon.colcon_core.shell:Creating environment descriptor '/home/awadh/zed_ws/install/zed_topic_benchmark_component/share/zed_topic_benchmark_component/hook/cmake_prefix_path.dsv'
[1.085s] INFO:colcon.colcon_core.shell:Creating environment hook '/home/awadh/zed_ws/install/zed_topic_benchmark_component/share/zed_topic_benchmark_component/hook/cmake_prefix_path.sh'
[1.086s] Level 1:colcon.colcon_core.environment:checking '/home/awadh/zed_ws/install/zed_topic_benchmark_component/lib'
[1.086s] Level 1:colcon.colcon_core.shell:create_environment_hook('zed_topic_benchmark_component', 'ld_library_path_lib')
[1.086s] INFO:colcon.colcon_core.shell:Creating environment hook '/home/awadh/zed_ws/install/zed_topic_benchmark_component/share/zed_topic_benchmark_component/hook/ld_library_path_lib.ps1'
[1.086s] INFO:colcon.colcon_core.shell:Creating environment descriptor '/home/awadh/zed_ws/install/zed_topic_benchmark_component/share/zed_topic_benchmark_component/hook/ld_library_path_lib.dsv'
[1.086s] INFO:colcon.colcon_core.shell:Creating environment hook '/home/awadh/zed_ws/install/zed_topic_benchmark_component/share/zed_topic_benchmark_component/hook/ld_library_path_lib.sh'
[1.087s] Level 1:colcon.colcon_core.environment:checking '/home/awadh/zed_ws/install/zed_topic_benchmark_component/bin'
[1.087s] Level 1:colcon.colcon_core.environment:checking '/home/awadh/zed_ws/install/zed_topic_benchmark_component/lib/pkgconfig/zed_topic_benchmark_component.pc'
[1.087s] Level 1:colcon.colcon_core.environment:checking '/home/awadh/zed_ws/install/zed_topic_benchmark_component/lib/python3.10/site-packages'
[1.087s] Level 1:colcon.colcon_core.environment:checking '/home/awadh/zed_ws/install/zed_topic_benchmark_component/bin'
[1.087s] INFO:colcon.colcon_core.shell:Creating package script '/home/awadh/zed_ws/install/zed_topic_benchmark_component/share/zed_topic_benchmark_component/package.ps1'
[1.087s] INFO:colcon.colcon_core.shell:Creating package descriptor '/home/awadh/zed_ws/install/zed_topic_benchmark_component/share/zed_topic_benchmark_component/package.dsv'
[1.088s] INFO:colcon.colcon_core.shell:Creating package script '/home/awadh/zed_ws/install/zed_topic_benchmark_component/share/zed_topic_benchmark_component/package.sh'
[1.088s] INFO:colcon.colcon_core.shell:Creating package script '/home/awadh/zed_ws/install/zed_topic_benchmark_component/share/zed_topic_benchmark_component/package.bash'
[1.088s] INFO:colcon.colcon_core.shell:Creating package script '/home/awadh/zed_ws/install/zed_topic_benchmark_component/share/zed_topic_benchmark_component/package.zsh'
[1.088s] Level 1:colcon.colcon_core.environment:create_file_with_runtime_dependencies(/home/awadh/zed_ws/install/zed_topic_benchmark_component/share/colcon-core/packages/zed_topic_benchmark_component)
[1.088s] INFO:colcon.colcon_ros.task.ament_cmake.build:Building ROS package in '/home/awadh/zed_ws/src/zed-ros2-examples/tools/zed_benchmark' with build type 'ament_cmake'
[1.089s] INFO:colcon.colcon_cmake.task.cmake.build:Building CMake package in '/home/awadh/zed_ws/src/zed-ros2-examples/tools/zed_benchmark'
[1.089s] INFO:colcon.colcon_core.shell:Skip shell extension 'powershell' for command environment: Not usable outside of PowerShell
[1.089s] DEBUG:colcon.colcon_core.shell:Skip shell extension 'dsv' for command environment
[1.103s] DEBUG:colcon.colcon_core.event_handler.log_command:Invoking command in '/home/awadh/zed_ws/build/zed_topic_benchmark': CMAKE_PREFIX_PATH=/home/awadh/zed_ws/install/zed_topic_benchmark_component:/home/awadh/zed_ws/install/zed_topic_benchmark_interfaces:/home/awadh/gazebo_ws/install/yolov8_msgs:/home/awadh/gazebo_ws/install/yolobot_recognition:/home/awadh/gazebo_ws/install/yolobot_gazebo:/home/awadh/gazebo_ws/install/yolobot_description:/home/awadh/gazebo_ws/install/yolobot_control:/home/awadh/gazebo_ws/install/my_robot_bringup:/home/awadh/gazebo_ws/install/my_robot_description:/home/awadh/yolobot/install/yolov8_msgs:/home/awadh/yolobot/install/yolobot_recognition:/home/awadh/yolobot/install/yolobot_gazebo:/home/awadh/yolobot/install/yolobot_description:/home/awadh/yolobot/install/yolobot_control:/home/awadh/test2_ws/install/pcl_object_detection:/home/awadh/zed_ws/install/zed_ros2:/home/awadh/zed_ws/install/zed_robot_integration:/home/awadh/zed_ws/install/zed_multi_camera:/home/awadh/zed_ws/install/zed_display_rviz2:/home/awadh/zed_ws/install/zed_depth_to_laserscan:/home/awadh/zed_ws/install/zed_wrapper:/home/awadh/zed_ws/install/zed_tutorial_video:/home/awadh/zed_ws/install/zed_tutorial_pos_tracking:/home/awadh/zed_ws/install/zed_tutorial_depth:/home/awadh/zed_ws/install/zed_topic_benchmark:/home/awadh/zed_ws/install/zed_rgb_convert:/home/awadh/zed_ws/install/zed_aruco_localization:/home/awadh/zed_ws/install/zed_components:/home/awadh/zed_ws/install/rviz_plugin_zed_od:/home/awadh/zed_ws/install/zed_interfaces:/home/awadh/ouster_ws/install/ouster_ros:/home/awadh/ouster_ws/install/ouster_sensor_msgs:/home/awadh/ros2_ws/install/my_robot_bringup:/home/awadh/ros2_ws/install/turtlesim_project_cpp:/home/awadh/ros2_ws/install/my_cpp_pkg:/home/awadh/ros2_ws/install/my_robot_interfaces:/home/awadh/gazebo_ws/install/ultralytics_ros2:/home/awadh/ros2_ws/install/turtlesim_catch_them_all:/home/awadh/ros2_ws/install/my_py_pkg:/opt/ros/humble:/home/awadh/sick_tim_ws/install/sick_tim LD_LIBRARY_PATH=/home/awadh/zed_ws/install/zed_topic_benchmark_component/lib:/home/awadh/zed_ws/install/zed_topic_benchmark_interfaces/lib:/home/awadh/gazebo_ws/install/yolov8_msgs/lib:/home/awadh/yolobot/install/yolov8_msgs/lib:/home/awadh/test2_ws/install/pcl_object_detection/lib:/home/awadh/zed_ws/install/zed_rgb_convert/lib:/home/awadh/zed_ws/install/zed_aruco_localization/lib:/home/awadh/zed_ws/install/zed_components/lib:/home/awadh/zed_ws/install/rviz_plugin_zed_od/lib:/home/awadh/zed_ws/install/zed_interfaces/lib:/home/awadh/ouster_ws/install/ouster_ros/lib:/home/awadh/ouster_ws/install/ouster_sensor_msgs/lib:/home/awadh/ros2_ws/install/my_robot_interfaces/lib:/home/awadh/sick_tim_ws/install/sick_tim/lib:/usr/lib/x86_64-linux-gnu/gazebo-11/plugins:/opt/ros/humble/opt/rviz_ogre_vendor/lib:/opt/ros/humble/lib/x86_64-linux-gnu:/opt/ros/humble/lib:/usr/share/gazebo/../../lib/x86_64-linux-gnu/gazebo-11/plugins /usr/bin/cmake --build /home/awadh/zed_ws/build/zed_topic_benchmark -- -j16 -l16
[1.159s] DEBUG:colcon.colcon_core.event_handler.log_command:Invoked command in '/home/awadh/zed_ws/build/zed_topic_benchmark' returned '0': CMAKE_PREFIX_PATH=/home/awadh/zed_ws/install/zed_topic_benchmark_component:/home/awadh/zed_ws/install/zed_topic_benchmark_interfaces:/home/awadh/gazebo_ws/install/yolov8_msgs:/home/awadh/gazebo_ws/install/yolobot_recognition:/home/awadh/gazebo_ws/install/yolobot_gazebo:/home/awadh/gazebo_ws/install/yolobot_description:/home/awadh/gazebo_ws/install/yolobot_control:/home/awadh/gazebo_ws/install/my_robot_bringup:/home/awadh/gazebo_ws/install/my_robot_description:/home/awadh/yolobot/install/yolov8_msgs:/home/awadh/yolobot/install/yolobot_recognition:/home/awadh/yolobot/install/yolobot_gazebo:/home/awadh/yolobot/install/yolobot_description:/home/awadh/yolobot/install/yolobot_control:/home/awadh/test2_ws/install/pcl_object_detection:/home/awadh/zed_ws/install/zed_ros2:/home/awadh/zed_ws/install/zed_robot_integration:/home/awadh/zed_ws/install/zed_multi_camera:/home/awadh/zed_ws/install/zed_display_rviz2:/home/awadh/zed_ws/install/zed_depth_to_laserscan:/home/awadh/zed_ws/install/zed_wrapper:/home/awadh/zed_ws/install/zed_tutorial_video:/home/awadh/zed_ws/install/zed_tutorial_pos_tracking:/home/awadh/zed_ws/install/zed_tutorial_depth:/home/awadh/zed_ws/install/zed_topic_benchmark:/home/awadh/zed_ws/install/zed_rgb_convert:/home/awadh/zed_ws/install/zed_aruco_localization:/home/awadh/zed_ws/install/zed_components:/home/awadh/zed_ws/install/rviz_plugin_zed_od:/home/awadh/zed_ws/install/zed_interfaces:/home/awadh/ouster_ws/install/ouster_ros:/home/awadh/ouster_ws/install/ouster_sensor_msgs:/home/awadh/ros2_ws/install/my_robot_bringup:/home/awadh/ros2_ws/install/turtlesim_project_cpp:/home/awadh/ros2_ws/install/my_cpp_pkg:/home/awadh/ros2_ws/install/my_robot_interfaces:/home/awadh/gazebo_ws/install/ultralytics_ros2:/home/awadh/ros2_ws/install/turtlesim_catch_them_all:/home/awadh/ros2_ws/install/my_py_pkg:/opt/ros/humble:/home/awadh/sick_tim_ws/install/sick_tim LD_LIBRARY_PATH=/home/awadh/zed_ws/install/zed_topic_benchmark_component/lib:/home/awadh/zed_ws/install/zed_topic_benchmark_interfaces/lib:/home/awadh/gazebo_ws/install/yolov8_msgs/lib:/home/awadh/yolobot/install/yolov8_msgs/lib:/home/awadh/test2_ws/install/pcl_object_detection/lib:/home/awadh/zed_ws/install/zed_rgb_convert/lib:/home/awadh/zed_ws/install/zed_aruco_localization/lib:/home/awadh/zed_ws/install/zed_components/lib:/home/awadh/zed_ws/install/rviz_plugin_zed_od/lib:/home/awadh/zed_ws/install/zed_interfaces/lib:/home/awadh/ouster_ws/install/ouster_ros/lib:/home/awadh/ouster_ws/install/ouster_sensor_msgs/lib:/home/awadh/ros2_ws/install/my_robot_interfaces/lib:/home/awadh/sick_tim_ws/install/sick_tim/lib:/usr/lib/x86_64-linux-gnu/gazebo-11/plugins:/opt/ros/humble/opt/rviz_ogre_vendor/lib:/opt/ros/humble/lib/x86_64-linux-gnu:/opt/ros/humble/lib:/usr/share/gazebo/../../lib/x86_64-linux-gnu/gazebo-11/plugins /usr/bin/cmake --build /home/awadh/zed_ws/build/zed_topic_benchmark -- -j16 -l16
[1.185s] DEBUG:colcon.colcon_core.event_handler.log_command:Invoking command in '/home/awadh/zed_ws/build/zed_topic_benchmark': CMAKE_PREFIX_PATH=/home/awadh/zed_ws/install/zed_topic_benchmark_component:/home/awadh/zed_ws/install/zed_topic_benchmark_interfaces:/home/awadh/gazebo_ws/install/yolov8_msgs:/home/awadh/gazebo_ws/install/yolobot_recognition:/home/awadh/gazebo_ws/install/yolobot_gazebo:/home/awadh/gazebo_ws/install/yolobot_description:/home/awadh/gazebo_ws/install/yolobot_control:/home/awadh/gazebo_ws/install/my_robot_bringup:/home/awadh/gazebo_ws/install/my_robot_description:/home/awadh/yolobot/install/yolov8_msgs:/home/awadh/yolobot/install/yolobot_recognition:/home/awadh/yolobot/install/yolobot_gazebo:/home/awadh/yolobot/install/yolobot_description:/home/awadh/yolobot/install/yolobot_control:/home/awadh/test2_ws/install/pcl_object_detection:/home/awadh/zed_ws/install/zed_ros2:/home/awadh/zed_ws/install/zed_robot_integration:/home/awadh/zed_ws/install/zed_multi_camera:/home/awadh/zed_ws/install/zed_display_rviz2:/home/awadh/zed_ws/install/zed_depth_to_laserscan:/home/awadh/zed_ws/install/zed_wrapper:/home/awadh/zed_ws/install/zed_tutorial_video:/home/awadh/zed_ws/install/zed_tutorial_pos_tracking:/home/awadh/zed_ws/install/zed_tutorial_depth:/home/awadh/zed_ws/install/zed_topic_benchmark:/home/awadh/zed_ws/install/zed_rgb_convert:/home/awadh/zed_ws/install/zed_aruco_localization:/home/awadh/zed_ws/install/zed_components:/home/awadh/zed_ws/install/rviz_plugin_zed_od:/home/awadh/zed_ws/install/zed_interfaces:/home/awadh/ouster_ws/install/ouster_ros:/home/awadh/ouster_ws/install/ouster_sensor_msgs:/home/awadh/ros2_ws/install/my_robot_bringup:/home/awadh/ros2_ws/install/turtlesim_project_cpp:/home/awadh/ros2_ws/install/my_cpp_pkg:/home/awadh/ros2_ws/install/my_robot_interfaces:/home/awadh/gazebo_ws/install/ultralytics_ros2:/home/awadh/ros2_ws/install/turtlesim_catch_them_all:/home/awadh/ros2_ws/install/my_py_pkg:/opt/ros/humble:/home/awadh/sick_tim_ws/install/sick_tim LD_LIBRARY_PATH=/home/awadh/zed_ws/install/zed_topic_benchmark_component/lib:/home/awadh/zed_ws/install/zed_topic_benchmark_interfaces/lib:/home/awadh/gazebo_ws/install/yolov8_msgs/lib:/home/awadh/yolobot/install/yolov8_msgs/lib:/home/awadh/test2_ws/install/pcl_object_detection/lib:/home/awadh/zed_ws/install/zed_rgb_convert/lib:/home/awadh/zed_ws/install/zed_aruco_localization/lib:/home/awadh/zed_ws/install/zed_components/lib:/home/awadh/zed_ws/install/rviz_plugin_zed_od/lib:/home/awadh/zed_ws/install/zed_interfaces/lib:/home/awadh/ouster_ws/install/ouster_ros/lib:/home/awadh/ouster_ws/install/ouster_sensor_msgs/lib:/home/awadh/ros2_ws/install/my_robot_interfaces/lib:/home/awadh/sick_tim_ws/install/sick_tim/lib:/usr/lib/x86_64-linux-gnu/gazebo-11/plugins:/opt/ros/humble/opt/rviz_ogre_vendor/lib:/opt/ros/humble/lib/x86_64-linux-gnu:/opt/ros/humble/lib:/usr/share/gazebo/../../lib/x86_64-linux-gnu/gazebo-11/plugins /usr/bin/cmake --install /home/awadh/zed_ws/build/zed_topic_benchmark
[1.187s] DEBUG:colcon.colcon_core.event_handler.log_command:Invoking command in '/home/awadh/zed_ws/build/zed_interfaces': CMAKE_PREFIX_PATH=/home/awadh/gazebo_ws/install/yolov8_msgs:/home/awadh/gazebo_ws/install/yolobot_recognition:/home/awadh/gazebo_ws/install/yolobot_gazebo:/home/awadh/gazebo_ws/install/yolobot_description:/home/awadh/gazebo_ws/install/yolobot_control:/home/awadh/gazebo_ws/install/my_robot_bringup:/home/awadh/gazebo_ws/install/my_robot_description:/home/awadh/yolobot/install/yolov8_msgs:/home/awadh/yolobot/install/yolobot_recognition:/home/awadh/yolobot/install/yolobot_gazebo:/home/awadh/yolobot/install/yolobot_description:/home/awadh/yolobot/install/yolobot_control:/home/awadh/test2_ws/install/pcl_object_detection:/home/awadh/zed_ws/install/zed_ros2:/home/awadh/zed_ws/install/zed_robot_integration:/home/awadh/zed_ws/install/zed_multi_camera:/home/awadh/zed_ws/install/zed_display_rviz2:/home/awadh/zed_ws/install/zed_depth_to_laserscan:/home/awadh/zed_ws/install/zed_wrapper:/home/awadh/zed_ws/install/zed_tutorial_video:/home/awadh/zed_ws/install/zed_tutorial_pos_tracking:/home/awadh/zed_ws/install/zed_tutorial_depth:/home/awadh/zed_ws/install/zed_topic_benchmark:/home/awadh/zed_ws/install/zed_topic_benchmark_component:/home/awadh/zed_ws/install/zed_topic_benchmark_interfaces:/home/awadh/zed_ws/install/zed_rgb_convert:/home/awadh/zed_ws/install/zed_aruco_localization:/home/awadh/zed_ws/install/zed_components:/home/awadh/zed_ws/install/rviz_plugin_zed_od:/home/awadh/zed_ws/install/zed_interfaces:/home/awadh/ouster_ws/install/ouster_ros:/home/awadh/ouster_ws/install/ouster_sensor_msgs:/home/awadh/ros2_ws/install/my_robot_bringup:/home/awadh/ros2_ws/install/turtlesim_project_cpp:/home/awadh/ros2_ws/install/my_cpp_pkg:/home/awadh/ros2_ws/install/my_robot_interfaces:/home/awadh/gazebo_ws/install/ultralytics_ros2:/home/awadh/ros2_ws/install/turtlesim_catch_them_all:/home/awadh/ros2_ws/install/my_py_pkg:/opt/ros/humble:/home/awadh/sick_tim_ws/install/sick_tim /usr/bin/cmake --install /home/awadh/zed_ws/build/zed_interfaces
[1.194s] Level 1:colcon.colcon_core.environment:create_environment_scripts_only(zed_topic_benchmark)
[1.194s] Level 1:colcon.colcon_core.environment:checking '/home/awadh/zed_ws/install/zed_topic_benchmark' for CMake module files
[1.195s] DEBUG:colcon.colcon_core.event_handler.log_command:Invoked command in '/home/awadh/zed_ws/build/zed_topic_benchmark' returned '0': CMAKE_PREFIX_PATH=/home/awadh/zed_ws/install/zed_topic_benchmark_component:/home/awadh/zed_ws/install/zed_topic_benchmark_interfaces:/home/awadh/gazebo_ws/install/yolov8_msgs:/home/awadh/gazebo_ws/install/yolobot_recognition:/home/awadh/gazebo_ws/install/yolobot_gazebo:/home/awadh/gazebo_ws/install/yolobot_description:/home/awadh/gazebo_ws/install/yolobot_control:/home/awadh/gazebo_ws/install/my_robot_bringup:/home/awadh/gazebo_ws/install/my_robot_description:/home/awadh/yolobot/install/yolov8_msgs:/home/awadh/yolobot/install/yolobot_recognition:/home/awadh/yolobot/install/yolobot_gazebo:/home/awadh/yolobot/install/yolobot_description:/home/awadh/yolobot/install/yolobot_control:/home/awadh/test2_ws/install/pcl_object_detection:/home/awadh/zed_ws/install/zed_ros2:/home/awadh/zed_ws/install/zed_robot_integration:/home/awadh/zed_ws/install/zed_multi_camera:/home/awadh/zed_ws/install/zed_display_rviz2:/home/awadh/zed_ws/install/zed_depth_to_laserscan:/home/awadh/zed_ws/install/zed_wrapper:/home/awadh/zed_ws/install/zed_tutorial_video:/home/awadh/zed_ws/install/zed_tutorial_pos_tracking:/home/awadh/zed_ws/install/zed_tutorial_depth:/home/awadh/zed_ws/install/zed_topic_benchmark:/home/awadh/zed_ws/install/zed_rgb_convert:/home/awadh/zed_ws/install/zed_aruco_localization:/home/awadh/zed_ws/install/zed_components:/home/awadh/zed_ws/install/rviz_plugin_zed_od:/home/awadh/zed_ws/install/zed_interfaces:/home/awadh/ouster_ws/install/ouster_ros:/home/awadh/ouster_ws/install/ouster_sensor_msgs:/home/awadh/ros2_ws/install/my_robot_bringup:/home/awadh/ros2_ws/install/turtlesim_project_cpp:/home/awadh/ros2_ws/install/my_cpp_pkg:/home/awadh/ros2_ws/install/my_robot_interfaces:/home/awadh/gazebo_ws/install/ultralytics_ros2:/home/awadh/ros2_ws/install/turtlesim_catch_them_all:/home/awadh/ros2_ws/install/my_py_pkg:/opt/ros/humble:/home/awadh/sick_tim_ws/install/sick_tim LD_LIBRARY_PATH=/home/awadh/zed_ws/install/zed_topic_benchmark_component/lib:/home/awadh/zed_ws/install/zed_topic_benchmark_interfaces/lib:/home/awadh/gazebo_ws/install/yolov8_msgs/lib:/home/awadh/yolobot/install/yolov8_msgs/lib:/home/awadh/test2_ws/install/pcl_object_detection/lib:/home/awadh/zed_ws/install/zed_rgb_convert/lib:/home/awadh/zed_ws/install/zed_aruco_localization/lib:/home/awadh/zed_ws/install/zed_components/lib:/home/awadh/zed_ws/install/rviz_plugin_zed_od/lib:/home/awadh/zed_ws/install/zed_interfaces/lib:/home/awadh/ouster_ws/install/ouster_ros/lib:/home/awadh/ouster_ws/install/ouster_sensor_msgs/lib:/home/awadh/ros2_ws/install/my_robot_interfaces/lib:/home/awadh/sick_tim_ws/install/sick_tim/lib:/usr/lib/x86_64-linux-gnu/gazebo-11/plugins:/opt/ros/humble/opt/rviz_ogre_vendor/lib:/opt/ros/humble/lib/x86_64-linux-gnu:/opt/ros/humble/lib:/usr/share/gazebo/../../lib/x86_64-linux-gnu/gazebo-11/plugins /usr/bin/cmake --install /home/awadh/zed_ws/build/zed_topic_benchmark
[1.195s] Level 1:colcon.colcon_core.environment:checking '/home/awadh/zed_ws/install/zed_topic_benchmark' for CMake config files
[1.196s] Level 1:colcon.colcon_core.shell:create_environment_hook('zed_topic_benchmark', 'cmake_prefix_path')
[1.196s] INFO:colcon.colcon_core.shell:Creating environment hook '/home/awadh/zed_ws/install/zed_topic_benchmark/share/zed_topic_benchmark/hook/cmake_prefix_path.ps1'
[1.196s] INFO:colcon.colcon_core.shell:Creating environment descriptor '/home/awadh/zed_ws/install/zed_topic_benchmark/share/zed_topic_benchmark/hook/cmake_prefix_path.dsv'
[1.197s] INFO:colcon.colcon_core.shell:Creating environment hook '/home/awadh/zed_ws/install/zed_topic_benchmark/share/zed_topic_benchmark/hook/cmake_prefix_path.sh'
[1.198s] Level 1:colcon.colcon_core.environment:checking '/home/awadh/zed_ws/install/zed_topic_benchmark/lib'
[1.198s] Level 1:colcon.colcon_core.environment:checking '/home/awadh/zed_ws/install/zed_topic_benchmark/bin'
[1.198s] Level 1:colcon.colcon_core.environment:checking '/home/awadh/zed_ws/install/zed_topic_benchmark/lib/pkgconfig/zed_topic_benchmark.pc'
[1.198s] Level 1:colcon.colcon_core.environment:checking '/home/awadh/zed_ws/install/zed_topic_benchmark/lib/python3.10/site-packages'
[1.198s] Level 1:colcon.colcon_core.environment:checking '/home/awadh/zed_ws/install/zed_topic_benchmark/bin'
[1.199s] INFO:colcon.colcon_core.shell:Creating package script '/home/awadh/zed_ws/install/zed_topic_benchmark/share/zed_topic_benchmark/package.ps1'
[1.199s] INFO:colcon.colcon_core.shell:Creating package descriptor '/home/awadh/zed_ws/install/zed_topic_benchmark/share/zed_topic_benchmark/package.dsv'
[1.200s] INFO:colcon.colcon_core.shell:Creating package script '/home/awadh/zed_ws/install/zed_topic_benchmark/share/zed_topic_benchmark/package.sh'
[1.200s] INFO:colcon.colcon_core.shell:Creating package script '/home/awadh/zed_ws/install/zed_topic_benchmark/share/zed_topic_benchmark/package.bash'
[1.200s] INFO:colcon.colcon_core.shell:Creating package script '/home/awadh/zed_ws/install/zed_topic_benchmark/share/zed_topic_benchmark/package.zsh'
[1.201s] Level 1:colcon.colcon_core.environment:create_file_with_runtime_dependencies(/home/awadh/zed_ws/install/zed_topic_benchmark/share/colcon-core/packages/zed_topic_benchmark)
[1.229s] Level 1:colcon.colcon_core.environment:create_environment_scripts_only(zed_topic_benchmark)
[1.229s] Level 1:colcon.colcon_core.environment:checking '/home/awadh/zed_ws/install/zed_topic_benchmark' for CMake module files
[1.230s] Level 1:colcon.colcon_core.environment:checking '/home/awadh/zed_ws/install/zed_topic_benchmark' for CMake config files
[1.230s] Level 1:colcon.colcon_core.shell:create_environment_hook('zed_topic_benchmark', 'cmake_prefix_path')
[1.230s] INFO:colcon.colcon_core.shell:Creating environment hook '/home/awadh/zed_ws/install/zed_topic_benchmark/share/zed_topic_benchmark/hook/cmake_prefix_path.ps1'
[1.231s] INFO:colcon.colcon_core.shell:Creating environment descriptor '/home/awadh/zed_ws/install/zed_topic_benchmark/share/zed_topic_benchmark/hook/cmake_prefix_path.dsv'
[1.231s] INFO:colcon.colcon_core.shell:Creating environment hook '/home/awadh/zed_ws/install/zed_topic_benchmark/share/zed_topic_benchmark/hook/cmake_prefix_path.sh'
[1.232s] Level 1:colcon.colcon_core.environment:checking '/home/awadh/zed_ws/install/zed_topic_benchmark/lib'
[1.232s] Level 1:colcon.colcon_core.environment:checking '/home/awadh/zed_ws/install/zed_topic_benchmark/bin'
[1.232s] Level 1:colcon.colcon_core.environment:checking '/home/awadh/zed_ws/install/zed_topic_benchmark/lib/pkgconfig/zed_topic_benchmark.pc'
[1.232s] Level 1:colcon.colcon_core.environment:checking '/home/awadh/zed_ws/install/zed_topic_benchmark/lib/python3.10/site-packages'
[1.233s] Level 1:colcon.colcon_core.environment:checking '/home/awadh/zed_ws/install/zed_topic_benchmark/bin'
[1.233s] INFO:colcon.colcon_core.shell:Creating package script '/home/awadh/zed_ws/install/zed_topic_benchmark/share/zed_topic_benchmark/package.ps1'
[1.234s] INFO:colcon.colcon_core.shell:Creating package descriptor '/home/awadh/zed_ws/install/zed_topic_benchmark/share/zed_topic_benchmark/package.dsv'
[1.234s] INFO:colcon.colcon_core.shell:Creating package script '/home/awadh/zed_ws/install/zed_topic_benchmark/share/zed_topic_benchmark/package.sh'
[1.234s] INFO:colcon.colcon_core.shell:Creating package script '/home/awadh/zed_ws/install/zed_topic_benchmark/share/zed_topic_benchmark/package.bash'
[1.235s] INFO:colcon.colcon_core.shell:Creating package script '/home/awadh/zed_ws/install/zed_topic_benchmark/share/zed_topic_benchmark/package.zsh'
[1.235s] Level 1:colcon.colcon_core.environment:create_file_with_runtime_dependencies(/home/awadh/zed_ws/install/zed_topic_benchmark/share/colcon-core/packages/zed_topic_benchmark)
[1.297s] Level 1:colcon.colcon_core.environment:create_environment_scripts_only(zed_interfaces)
[1.297s] Level 1:colcon.colcon_core.environment:checking '/home/awadh/zed_ws/install/zed_interfaces' for CMake module files
[1.297s] DEBUG:colcon.colcon_core.event_handler.log_command:Invoked command in '/home/awadh/zed_ws/build/zed_interfaces' returned '0': CMAKE_PREFIX_PATH=/home/awadh/gazebo_ws/install/yolov8_msgs:/home/awadh/gazebo_ws/install/yolobot_recognition:/home/awadh/gazebo_ws/install/yolobot_gazebo:/home/awadh/gazebo_ws/install/yolobot_description:/home/awadh/gazebo_ws/install/yolobot_control:/home/awadh/gazebo_ws/install/my_robot_bringup:/home/awadh/gazebo_ws/install/my_robot_description:/home/awadh/yolobot/install/yolov8_msgs:/home/awadh/yolobot/install/yolobot_recognition:/home/awadh/yolobot/install/yolobot_gazebo:/home/awadh/yolobot/install/yolobot_description:/home/awadh/yolobot/install/yolobot_control:/home/awadh/test2_ws/install/pcl_object_detection:/home/awadh/zed_ws/install/zed_ros2:/home/awadh/zed_ws/install/zed_robot_integration:/home/awadh/zed_ws/install/zed_multi_camera:/home/awadh/zed_ws/install/zed_display_rviz2:/home/awadh/zed_ws/install/zed_depth_to_laserscan:/home/awadh/zed_ws/install/zed_wrapper:/home/awadh/zed_ws/install/zed_tutorial_video:/home/awadh/zed_ws/install/zed_tutorial_pos_tracking:/home/awadh/zed_ws/install/zed_tutorial_depth:/home/awadh/zed_ws/install/zed_topic_benchmark:/home/awadh/zed_ws/install/zed_topic_benchmark_component:/home/awadh/zed_ws/install/zed_topic_benchmark_interfaces:/home/awadh/zed_ws/install/zed_rgb_convert:/home/awadh/zed_ws/install/zed_aruco_localization:/home/awadh/zed_ws/install/zed_components:/home/awadh/zed_ws/install/rviz_plugin_zed_od:/home/awadh/zed_ws/install/zed_interfaces:/home/awadh/ouster_ws/install/ouster_ros:/home/awadh/ouster_ws/install/ouster_sensor_msgs:/home/awadh/ros2_ws/install/my_robot_bringup:/home/awadh/ros2_ws/install/turtlesim_project_cpp:/home/awadh/ros2_ws/install/my_cpp_pkg:/home/awadh/ros2_ws/install/my_robot_interfaces:/home/awadh/gazebo_ws/install/ultralytics_ros2:/home/awadh/ros2_ws/install/turtlesim_catch_them_all:/home/awadh/ros2_ws/install/my_py_pkg:/opt/ros/humble:/home/awadh/sick_tim_ws/install/sick_tim /usr/bin/cmake --install /home/awadh/zed_ws/build/zed_interfaces
[1.298s] Level 1:colcon.colcon_core.environment:checking '/home/awadh/zed_ws/install/zed_interfaces' for CMake config files
[1.299s] Level 1:colcon.colcon_core.shell:create_environment_hook('zed_interfaces', 'cmake_prefix_path')
[1.299s] INFO:colcon.colcon_core.shell:Creating environment hook '/home/awadh/zed_ws/install/zed_interfaces/share/zed_interfaces/hook/cmake_prefix_path.ps1'
[1.299s] INFO:colcon.colcon_core.shell:Creating environment descriptor '/home/awadh/zed_ws/install/zed_interfaces/share/zed_interfaces/hook/cmake_prefix_path.dsv'
[1.300s] INFO:colcon.colcon_core.shell:Creating environment hook '/home/awadh/zed_ws/install/zed_interfaces/share/zed_interfaces/hook/cmake_prefix_path.sh'
[1.300s] Level 1:colcon.colcon_core.environment:checking '/home/awadh/zed_ws/install/zed_interfaces/lib'
[1.300s] Level 1:colcon.colcon_core.shell:create_environment_hook('zed_interfaces', 'ld_library_path_lib')
[1.300s] INFO:colcon.colcon_core.shell:Creating environment hook '/home/awadh/zed_ws/install/zed_interfaces/share/zed_interfaces/hook/ld_library_path_lib.ps1'
[1.300s] INFO:colcon.colcon_core.shell:Creating environment descriptor '/home/awadh/zed_ws/install/zed_interfaces/share/zed_interfaces/hook/ld_library_path_lib.dsv'
[1.301s] INFO:colcon.colcon_core.shell:Creating environment hook '/home/awadh/zed_ws/install/zed_interfaces/share/zed_interfaces/hook/ld_library_path_lib.sh'
[1.301s] Level 1:colcon.colcon_core.environment:checking '/home/awadh/zed_ws/install/zed_interfaces/bin'
[1.301s] Level 1:colcon.colcon_core.environment:checking '/home/awadh/zed_ws/install/zed_interfaces/lib/pkgconfig/zed_interfaces.pc'
[1.301s] Level 1:colcon.colcon_core.environment:checking '/home/awadh/zed_ws/install/zed_interfaces/lib/python3.10/site-packages'
[1.301s] Level 1:colcon.colcon_core.environment:checking '/home/awadh/zed_ws/install/zed_interfaces/bin'
[1.301s] INFO:colcon.colcon_core.shell:Creating package script '/home/awadh/zed_ws/install/zed_interfaces/share/zed_interfaces/package.ps1'
[1.302s] INFO:colcon.colcon_core.shell:Creating package descriptor '/home/awadh/zed_ws/install/zed_interfaces/share/zed_interfaces/package.dsv'
[1.302s] INFO:colcon.colcon_core.shell:Creating package script '/home/awadh/zed_ws/install/zed_interfaces/share/zed_interfaces/package.sh'
[1.302s] INFO:colcon.colcon_core.shell:Creating package script '/home/awadh/zed_ws/install/zed_interfaces/share/zed_interfaces/package.bash'
[1.302s] INFO:colcon.colcon_core.shell:Creating package script '/home/awadh/zed_ws/install/zed_interfaces/share/zed_interfaces/package.zsh'
[1.302s] Level 1:colcon.colcon_core.environment:create_file_with_runtime_dependencies(/home/awadh/zed_ws/install/zed_interfaces/share/colcon-core/packages/zed_interfaces)
[1.732s] Level 1:colcon.colcon_core.environment:create_environment_scripts_only(zed_interfaces)
[1.732s] Level 1:colcon.colcon_core.environment:checking '/home/awadh/zed_ws/install/zed_interfaces' for CMake module files
[1.733s] Level 1:colcon.colcon_core.environment:checking '/home/awadh/zed_ws/install/zed_interfaces' for CMake config files
[1.733s] Level 1:colcon.colcon_core.shell:create_environment_hook('zed_interfaces', 'cmake_prefix_path')
[1.733s] INFO:colcon.colcon_core.shell:Creating environment hook '/home/awadh/zed_ws/install/zed_interfaces/share/zed_interfaces/hook/cmake_prefix_path.ps1'
[1.734s] INFO:colcon.colcon_core.shell:Creating environment descriptor '/home/awadh/zed_ws/install/zed_interfaces/share/zed_interfaces/hook/cmake_prefix_path.dsv'
[1.734s] INFO:colcon.colcon_core.shell:Creating environment hook '/home/awadh/zed_ws/install/zed_interfaces/share/zed_interfaces/hook/cmake_prefix_path.sh'
[1.734s] Level 1:colcon.colcon_core.environment:checking '/home/awadh/zed_ws/install/zed_interfaces/lib'
[1.734s] Level 1:colcon.colcon_core.shell:create_environment_hook('zed_interfaces', 'ld_library_path_lib')
[1.734s] INFO:colcon.colcon_core.shell:Creating environment hook '/home/awadh/zed_ws/install/zed_interfaces/share/zed_interfaces/hook/ld_library_path_lib.ps1'
[1.735s] INFO:colcon.colcon_core.shell:Creating environment descriptor '/home/awadh/zed_ws/install/zed_interfaces/share/zed_interfaces/hook/ld_library_path_lib.dsv'
[1.735s] INFO:colcon.colcon_core.shell:Creating environment hook '/home/awadh/zed_ws/install/zed_interfaces/share/zed_interfaces/hook/ld_library_path_lib.sh'
[1.735s] Level 1:colcon.colcon_core.environment:checking '/home/awadh/zed_ws/install/zed_interfaces/bin'
[1.735s] Level 1:colcon.colcon_core.environment:checking '/home/awadh/zed_ws/install/zed_interfaces/lib/pkgconfig/zed_interfaces.pc'
[1.735s] Level 1:colcon.colcon_core.environment:checking '/home/awadh/zed_ws/install/zed_interfaces/lib/python3.10/site-packages'
[1.735s] Level 1:colcon.colcon_core.environment:checking '/home/awadh/zed_ws/install/zed_interfaces/bin'
[1.735s] INFO:colcon.colcon_core.shell:Creating package script '/home/awadh/zed_ws/install/zed_interfaces/share/zed_interfaces/package.ps1'
[1.736s] INFO:colcon.colcon_core.shell:Creating package descriptor '/home/awadh/zed_ws/install/zed_interfaces/share/zed_interfaces/package.dsv'
[1.736s] INFO:colcon.colcon_core.shell:Creating package script '/home/awadh/zed_ws/install/zed_interfaces/share/zed_interfaces/package.sh'
[1.736s] INFO:colcon.colcon_core.shell:Creating package script '/home/awadh/zed_ws/install/zed_interfaces/share/zed_interfaces/package.bash'
[1.736s] INFO:colcon.colcon_core.shell:Creating package script '/home/awadh/zed_ws/install/zed_interfaces/share/zed_interfaces/package.zsh'
[1.737s] Level 1:colcon.colcon_core.environment:create_file_with_runtime_dependencies(/home/awadh/zed_ws/install/zed_interfaces/share/colcon-core/packages/zed_interfaces)
[1.737s] INFO:colcon.colcon_ros.task.ament_cmake.build:Building ROS package in '/home/awadh/zed_ws/src/zed-ros2-wrapper/zed_components' with build type 'ament_cmake'
[1.737s] INFO:colcon.colcon_cmake.task.cmake.build:Building CMake package in '/home/awadh/zed_ws/src/zed-ros2-wrapper/zed_components'
[1.737s] INFO:colcon.colcon_core.shell:Skip shell extension 'powershell' for command environment: Not usable outside of PowerShell
[1.737s] DEBUG:colcon.colcon_core.shell:Skip shell extension 'dsv' for command environment
[1.743s] INFO:colcon.colcon_ros.task.ament_cmake.build:Building ROS package in '/home/awadh/zed_ws/src/zed-ros2-examples/rviz-plugin-zed-od' with build type 'ament_cmake'
[1.743s] INFO:colcon.colcon_cmake.task.cmake.build:Building CMake package in '/home/awadh/zed_ws/src/zed-ros2-examples/rviz-plugin-zed-od'
[1.743s] INFO:colcon.colcon_core.shell:Skip shell extension 'powershell' for command environment: Not usable outside of PowerShell
[1.743s] DEBUG:colcon.colcon_core.shell:Skip shell extension 'dsv' for command environment
[1.751s] DEBUG:colcon.colcon_core.event_handler.log_command:Invoking command in '/home/awadh/zed_ws/build/zed_components': CMAKE_PREFIX_PATH=/home/awadh/zed_ws/install/zed_interfaces:/home/awadh/gazebo_ws/install/yolov8_msgs:/home/awadh/gazebo_ws/install/yolobot_recognition:/home/awadh/gazebo_ws/install/yolobot_gazebo:/home/awadh/gazebo_ws/install/yolobot_description:/home/awadh/gazebo_ws/install/yolobot_control:/home/awadh/gazebo_ws/install/my_robot_bringup:/home/awadh/gazebo_ws/install/my_robot_description:/home/awadh/yolobot/install/yolov8_msgs:/home/awadh/yolobot/install/yolobot_recognition:/home/awadh/yolobot/install/yolobot_gazebo:/home/awadh/yolobot/install/yolobot_description:/home/awadh/yolobot/install/yolobot_control:/home/awadh/test2_ws/install/pcl_object_detection:/home/awadh/zed_ws/install/zed_ros2:/home/awadh/zed_ws/install/zed_robot_integration:/home/awadh/zed_ws/install/zed_multi_camera:/home/awadh/zed_ws/install/zed_display_rviz2:/home/awadh/zed_ws/install/zed_depth_to_laserscan:/home/awadh/zed_ws/install/zed_wrapper:/home/awadh/zed_ws/install/zed_tutorial_video:/home/awadh/zed_ws/install/zed_tutorial_pos_tracking:/home/awadh/zed_ws/install/zed_tutorial_depth:/home/awadh/zed_ws/install/zed_topic_benchmark:/home/awadh/zed_ws/install/zed_topic_benchmark_component:/home/awadh/zed_ws/install/zed_topic_benchmark_interfaces:/home/awadh/zed_ws/install/zed_rgb_convert:/home/awadh/zed_ws/install/zed_aruco_localization:/home/awadh/zed_ws/install/zed_components:/home/awadh/zed_ws/install/rviz_plugin_zed_od:/home/awadh/ouster_ws/install/ouster_ros:/home/awadh/ouster_ws/install/ouster_sensor_msgs:/home/awadh/ros2_ws/install/my_robot_bringup:/home/awadh/ros2_ws/install/turtlesim_project_cpp:/home/awadh/ros2_ws/install/my_cpp_pkg:/home/awadh/ros2_ws/install/my_robot_interfaces:/home/awadh/gazebo_ws/install/ultralytics_ros2:/home/awadh/ros2_ws/install/turtlesim_catch_them_all:/home/awadh/ros2_ws/install/my_py_pkg:/opt/ros/humble:/home/awadh/sick_tim_ws/install/sick_tim LD_LIBRARY_PATH=/home/awadh/zed_ws/install/zed_interfaces/lib:/home/awadh/gazebo_ws/install/yolov8_msgs/lib:/home/awadh/yolobot/install/yolov8_msgs/lib:/home/awadh/test2_ws/install/pcl_object_detection/lib:/home/awadh/zed_ws/install/zed_topic_benchmark_component/lib:/home/awadh/zed_ws/install/zed_topic_benchmark_interfaces/lib:/home/awadh/zed_ws/install/zed_rgb_convert/lib:/home/awadh/zed_ws/install/zed_aruco_localization/lib:/home/awadh/zed_ws/install/zed_components/lib:/home/awadh/zed_ws/install/rviz_plugin_zed_od/lib:/home/awadh/ouster_ws/install/ouster_ros/lib:/home/awadh/ouster_ws/install/ouster_sensor_msgs/lib:/home/awadh/ros2_ws/install/my_robot_interfaces/lib:/home/awadh/sick_tim_ws/install/sick_tim/lib:/usr/lib/x86_64-linux-gnu/gazebo-11/plugins:/opt/ros/humble/opt/rviz_ogre_vendor/lib:/opt/ros/humble/lib/x86_64-linux-gnu:/opt/ros/humble/lib:/usr/share/gazebo/../../lib/x86_64-linux-gnu/gazebo-11/plugins /usr/bin/cmake --build /home/awadh/zed_ws/build/zed_components -- -j16 -l16
[1.754s] DEBUG:colcon.colcon_core.event_handler.log_command:Invoking command in '/home/awadh/zed_ws/build/rviz_plugin_zed_od': CMAKE_PREFIX_PATH=/home/awadh/zed_ws/install/zed_interfaces:/home/awadh/gazebo_ws/install/yolov8_msgs:/home/awadh/gazebo_ws/install/yolobot_recognition:/home/awadh/gazebo_ws/install/yolobot_gazebo:/home/awadh/gazebo_ws/install/yolobot_description:/home/awadh/gazebo_ws/install/yolobot_control:/home/awadh/gazebo_ws/install/my_robot_bringup:/home/awadh/gazebo_ws/install/my_robot_description:/home/awadh/yolobot/install/yolov8_msgs:/home/awadh/yolobot/install/yolobot_recognition:/home/awadh/yolobot/install/yolobot_gazebo:/home/awadh/yolobot/install/yolobot_description:/home/awadh/yolobot/install/yolobot_control:/home/awadh/test2_ws/install/pcl_object_detection:/home/awadh/zed_ws/install/zed_ros2:/home/awadh/zed_ws/install/zed_robot_integration:/home/awadh/zed_ws/install/zed_multi_camera:/home/awadh/zed_ws/install/zed_display_rviz2:/home/awadh/zed_ws/install/zed_depth_to_laserscan:/home/awadh/zed_ws/install/zed_wrapper:/home/awadh/zed_ws/install/zed_tutorial_video:/home/awadh/zed_ws/install/zed_tutorial_pos_tracking:/home/awadh/zed_ws/install/zed_tutorial_depth:/home/awadh/zed_ws/install/zed_topic_benchmark:/home/awadh/zed_ws/install/zed_topic_benchmark_component:/home/awadh/zed_ws/install/zed_topic_benchmark_interfaces:/home/awadh/zed_ws/install/zed_rgb_convert:/home/awadh/zed_ws/install/zed_aruco_localization:/home/awadh/zed_ws/install/zed_components:/home/awadh/zed_ws/install/rviz_plugin_zed_od:/home/awadh/ouster_ws/install/ouster_ros:/home/awadh/ouster_ws/install/ouster_sensor_msgs:/home/awadh/ros2_ws/install/my_robot_bringup:/home/awadh/ros2_ws/install/turtlesim_project_cpp:/home/awadh/ros2_ws/install/my_cpp_pkg:/home/awadh/ros2_ws/install/my_robot_interfaces:/home/awadh/gazebo_ws/install/ultralytics_ros2:/home/awadh/ros2_ws/install/turtlesim_catch_them_all:/home/awadh/ros2_ws/install/my_py_pkg:/opt/ros/humble:/home/awadh/sick_tim_ws/install/sick_tim LD_LIBRARY_PATH=/home/awadh/zed_ws/install/zed_interfaces/lib:/home/awadh/gazebo_ws/install/yolov8_msgs/lib:/home/awadh/yolobot/install/yolov8_msgs/lib:/home/awadh/test2_ws/install/pcl_object_detection/lib:/home/awadh/zed_ws/install/zed_topic_benchmark_component/lib:/home/awadh/zed_ws/install/zed_topic_benchmark_interfaces/lib:/home/awadh/zed_ws/install/zed_rgb_convert/lib:/home/awadh/zed_ws/install/zed_aruco_localization/lib:/home/awadh/zed_ws/install/zed_components/lib:/home/awadh/zed_ws/install/rviz_plugin_zed_od/lib:/home/awadh/ouster_ws/install/ouster_ros/lib:/home/awadh/ouster_ws/install/ouster_sensor_msgs/lib:/home/awadh/ros2_ws/install/my_robot_interfaces/lib:/home/awadh/sick_tim_ws/install/sick_tim/lib:/usr/lib/x86_64-linux-gnu/gazebo-11/plugins:/opt/ros/humble/opt/rviz_ogre_vendor/lib:/opt/ros/humble/lib/x86_64-linux-gnu:/opt/ros/humble/lib:/usr/share/gazebo/../../lib/x86_64-linux-gnu/gazebo-11/plugins /usr/bin/cmake --build /home/awadh/zed_ws/build/rviz_plugin_zed_od -- -j16 -l16
[1.827s] DEBUG:colcon.colcon_core.event_handler.log_command:Invoked command in '/home/awadh/zed_ws/build/zed_components' returned '0': CMAKE_PREFIX_PATH=/home/awadh/zed_ws/install/zed_interfaces:/home/awadh/gazebo_ws/install/yolov8_msgs:/home/awadh/gazebo_ws/install/yolobot_recognition:/home/awadh/gazebo_ws/install/yolobot_gazebo:/home/awadh/gazebo_ws/install/yolobot_description:/home/awadh/gazebo_ws/install/yolobot_control:/home/awadh/gazebo_ws/install/my_robot_bringup:/home/awadh/gazebo_ws/install/my_robot_description:/home/awadh/yolobot/install/yolov8_msgs:/home/awadh/yolobot/install/yolobot_recognition:/home/awadh/yolobot/install/yolobot_gazebo:/home/awadh/yolobot/install/yolobot_description:/home/awadh/yolobot/install/yolobot_control:/home/awadh/test2_ws/install/pcl_object_detection:/home/awadh/zed_ws/install/zed_ros2:/home/awadh/zed_ws/install/zed_robot_integration:/home/awadh/zed_ws/install/zed_multi_camera:/home/awadh/zed_ws/install/zed_display_rviz2:/home/awadh/zed_ws/install/zed_depth_to_laserscan:/home/awadh/zed_ws/install/zed_wrapper:/home/awadh/zed_ws/install/zed_tutorial_video:/home/awadh/zed_ws/install/zed_tutorial_pos_tracking:/home/awadh/zed_ws/install/zed_tutorial_depth:/home/awadh/zed_ws/install/zed_topic_benchmark:/home/awadh/zed_ws/install/zed_topic_benchmark_component:/home/awadh/zed_ws/install/zed_topic_benchmark_interfaces:/home/awadh/zed_ws/install/zed_rgb_convert:/home/awadh/zed_ws/install/zed_aruco_localization:/home/awadh/zed_ws/install/zed_components:/home/awadh/zed_ws/install/rviz_plugin_zed_od:/home/awadh/ouster_ws/install/ouster_ros:/home/awadh/ouster_ws/install/ouster_sensor_msgs:/home/awadh/ros2_ws/install/my_robot_bringup:/home/awadh/ros2_ws/install/turtlesim_project_cpp:/home/awadh/ros2_ws/install/my_cpp_pkg:/home/awadh/ros2_ws/install/my_robot_interfaces:/home/awadh/gazebo_ws/install/ultralytics_ros2:/home/awadh/ros2_ws/install/turtlesim_catch_them_all:/home/awadh/ros2_ws/install/my_py_pkg:/opt/ros/humble:/home/awadh/sick_tim_ws/install/sick_tim LD_LIBRARY_PATH=/home/awadh/zed_ws/install/zed_interfaces/lib:/home/awadh/gazebo_ws/install/yolov8_msgs/lib:/home/awadh/yolobot/install/yolov8_msgs/lib:/home/awadh/test2_ws/install/pcl_object_detection/lib:/home/awadh/zed_ws/install/zed_topic_benchmark_component/lib:/home/awadh/zed_ws/install/zed_topic_benchmark_interfaces/lib:/home/awadh/zed_ws/install/zed_rgb_convert/lib:/home/awadh/zed_ws/install/zed_aruco_localization/lib:/home/awadh/zed_ws/install/zed_components/lib:/home/awadh/zed_ws/install/rviz_plugin_zed_od/lib:/home/awadh/ouster_ws/install/ouster_ros/lib:/home/awadh/ouster_ws/install/ouster_sensor_msgs/lib:/home/awadh/ros2_ws/install/my_robot_interfaces/lib:/home/awadh/sick_tim_ws/install/sick_tim/lib:/usr/lib/x86_64-linux-gnu/gazebo-11/plugins:/opt/ros/humble/opt/rviz_ogre_vendor/lib:/opt/ros/humble/lib/x86_64-linux-gnu:/opt/ros/humble/lib:/usr/share/gazebo/../../lib/x86_64-linux-gnu/gazebo-11/plugins /usr/bin/cmake --build /home/awadh/zed_ws/build/zed_components -- -j16 -l16
[1.860s] DEBUG:colcon.colcon_core.event_handler.log_command:Invoked command in '/home/awadh/zed_ws/build/rviz_plugin_zed_od' returned '0': CMAKE_PREFIX_PATH=/home/awadh/zed_ws/install/zed_interfaces:/home/awadh/gazebo_ws/install/yolov8_msgs:/home/awadh/gazebo_ws/install/yolobot_recognition:/home/awadh/gazebo_ws/install/yolobot_gazebo:/home/awadh/gazebo_ws/install/yolobot_description:/home/awadh/gazebo_ws/install/yolobot_control:/home/awadh/gazebo_ws/install/my_robot_bringup:/home/awadh/gazebo_ws/install/my_robot_description:/home/awadh/yolobot/install/yolov8_msgs:/home/awadh/yolobot/install/yolobot_recognition:/home/awadh/yolobot/install/yolobot_gazebo:/home/awadh/yolobot/install/yolobot_description:/home/awadh/yolobot/install/yolobot_control:/home/awadh/test2_ws/install/pcl_object_detection:/home/awadh/zed_ws/install/zed_ros2:/home/awadh/zed_ws/install/zed_robot_integration:/home/awadh/zed_ws/install/zed_multi_camera:/home/awadh/zed_ws/install/zed_display_rviz2:/home/awadh/zed_ws/install/zed_depth_to_laserscan:/home/awadh/zed_ws/install/zed_wrapper:/home/awadh/zed_ws/install/zed_tutorial_video:/home/awadh/zed_ws/install/zed_tutorial_pos_tracking:/home/awadh/zed_ws/install/zed_tutorial_depth:/home/awadh/zed_ws/install/zed_topic_benchmark:/home/awadh/zed_ws/install/zed_topic_benchmark_component:/home/awadh/zed_ws/install/zed_topic_benchmark_interfaces:/home/awadh/zed_ws/install/zed_rgb_convert:/home/awadh/zed_ws/install/zed_aruco_localization:/home/awadh/zed_ws/install/zed_components:/home/awadh/zed_ws/install/rviz_plugin_zed_od:/home/awadh/ouster_ws/install/ouster_ros:/home/awadh/ouster_ws/install/ouster_sensor_msgs:/home/awadh/ros2_ws/install/my_robot_bringup:/home/awadh/ros2_ws/install/turtlesim_project_cpp:/home/awadh/ros2_ws/install/my_cpp_pkg:/home/awadh/ros2_ws/install/my_robot_interfaces:/home/awadh/gazebo_ws/install/ultralytics_ros2:/home/awadh/ros2_ws/install/turtlesim_catch_them_all:/home/awadh/ros2_ws/install/my_py_pkg:/opt/ros/humble:/home/awadh/sick_tim_ws/install/sick_tim LD_LIBRARY_PATH=/home/awadh/zed_ws/install/zed_interfaces/lib:/home/awadh/gazebo_ws/install/yolov8_msgs/lib:/home/awadh/yolobot/install/yolov8_msgs/lib:/home/awadh/test2_ws/install/pcl_object_detection/lib:/home/awadh/zed_ws/install/zed_topic_benchmark_component/lib:/home/awadh/zed_ws/install/zed_topic_benchmark_interfaces/lib:/home/awadh/zed_ws/install/zed_rgb_convert/lib:/home/awadh/zed_ws/install/zed_aruco_localization/lib:/home/awadh/zed_ws/install/zed_components/lib:/home/awadh/zed_ws/install/rviz_plugin_zed_od/lib:/home/awadh/ouster_ws/install/ouster_ros/lib:/home/awadh/ouster_ws/install/ouster_sensor_msgs/lib:/home/awadh/ros2_ws/install/my_robot_interfaces/lib:/home/awadh/sick_tim_ws/install/sick_tim/lib:/usr/lib/x86_64-linux-gnu/gazebo-11/plugins:/opt/ros/humble/opt/rviz_ogre_vendor/lib:/opt/ros/humble/lib/x86_64-linux-gnu:/opt/ros/humble/lib:/usr/share/gazebo/../../lib/x86_64-linux-gnu/gazebo-11/plugins /usr/bin/cmake --build /home/awadh/zed_ws/build/rviz_plugin_zed_od -- -j16 -l16
[1.862s] DEBUG:colcon.colcon_core.event_handler.log_command:Invoking command in '/home/awadh/zed_ws/build/zed_components': CMAKE_PREFIX_PATH=/home/awadh/zed_ws/install/zed_interfaces:/home/awadh/gazebo_ws/install/yolov8_msgs:/home/awadh/gazebo_ws/install/yolobot_recognition:/home/awadh/gazebo_ws/install/yolobot_gazebo:/home/awadh/gazebo_ws/install/yolobot_description:/home/awadh/gazebo_ws/install/yolobot_control:/home/awadh/gazebo_ws/install/my_robot_bringup:/home/awadh/gazebo_ws/install/my_robot_description:/home/awadh/yolobot/install/yolov8_msgs:/home/awadh/yolobot/install/yolobot_recognition:/home/awadh/yolobot/install/yolobot_gazebo:/home/awadh/yolobot/install/yolobot_description:/home/awadh/yolobot/install/yolobot_control:/home/awadh/test2_ws/install/pcl_object_detection:/home/awadh/zed_ws/install/zed_ros2:/home/awadh/zed_ws/install/zed_robot_integration:/home/awadh/zed_ws/install/zed_multi_camera:/home/awadh/zed_ws/install/zed_display_rviz2:/home/awadh/zed_ws/install/zed_depth_to_laserscan:/home/awadh/zed_ws/install/zed_wrapper:/home/awadh/zed_ws/install/zed_tutorial_video:/home/awadh/zed_ws/install/zed_tutorial_pos_tracking:/home/awadh/zed_ws/install/zed_tutorial_depth:/home/awadh/zed_ws/install/zed_topic_benchmark:/home/awadh/zed_ws/install/zed_topic_benchmark_component:/home/awadh/zed_ws/install/zed_topic_benchmark_interfaces:/home/awadh/zed_ws/install/zed_rgb_convert:/home/awadh/zed_ws/install/zed_aruco_localization:/home/awadh/zed_ws/install/zed_components:/home/awadh/zed_ws/install/rviz_plugin_zed_od:/home/awadh/ouster_ws/install/ouster_ros:/home/awadh/ouster_ws/install/ouster_sensor_msgs:/home/awadh/ros2_ws/install/my_robot_bringup:/home/awadh/ros2_ws/install/turtlesim_project_cpp:/home/awadh/ros2_ws/install/my_cpp_pkg:/home/awadh/ros2_ws/install/my_robot_interfaces:/home/awadh/gazebo_ws/install/ultralytics_ros2:/home/awadh/ros2_ws/install/turtlesim_catch_them_all:/home/awadh/ros2_ws/install/my_py_pkg:/opt/ros/humble:/home/awadh/sick_tim_ws/install/sick_tim LD_LIBRARY_PATH=/home/awadh/zed_ws/install/zed_interfaces/lib:/home/awadh/gazebo_ws/install/yolov8_msgs/lib:/home/awadh/yolobot/install/yolov8_msgs/lib:/home/awadh/test2_ws/install/pcl_object_detection/lib:/home/awadh/zed_ws/install/zed_topic_benchmark_component/lib:/home/awadh/zed_ws/install/zed_topic_benchmark_interfaces/lib:/home/awadh/zed_ws/install/zed_rgb_convert/lib:/home/awadh/zed_ws/install/zed_aruco_localization/lib:/home/awadh/zed_ws/install/zed_components/lib:/home/awadh/zed_ws/install/rviz_plugin_zed_od/lib:/home/awadh/ouster_ws/install/ouster_ros/lib:/home/awadh/ouster_ws/install/ouster_sensor_msgs/lib:/home/awadh/ros2_ws/install/my_robot_interfaces/lib:/home/awadh/sick_tim_ws/install/sick_tim/lib:/usr/lib/x86_64-linux-gnu/gazebo-11/plugins:/opt/ros/humble/opt/rviz_ogre_vendor/lib:/opt/ros/humble/lib/x86_64-linux-gnu:/opt/ros/humble/lib:/usr/share/gazebo/../../lib/x86_64-linux-gnu/gazebo-11/plugins /usr/bin/cmake --install /home/awadh/zed_ws/build/zed_components
[1.871s] Level 1:colcon.colcon_core.environment:create_environment_scripts_only(zed_components)
[1.871s] Level 1:colcon.colcon_core.environment:checking '/home/awadh/zed_ws/install/zed_components' for CMake module files
[1.872s] DEBUG:colcon.colcon_core.event_handler.log_command:Invoked command in '/home/awadh/zed_ws/build/zed_components' returned '0': CMAKE_PREFIX_PATH=/home/awadh/zed_ws/install/zed_interfaces:/home/awadh/gazebo_ws/install/yolov8_msgs:/home/awadh/gazebo_ws/install/yolobot_recognition:/home/awadh/gazebo_ws/install/yolobot_gazebo:/home/awadh/gazebo_ws/install/yolobot_description:/home/awadh/gazebo_ws/install/yolobot_control:/home/awadh/gazebo_ws/install/my_robot_bringup:/home/awadh/gazebo_ws/install/my_robot_description:/home/awadh/yolobot/install/yolov8_msgs:/home/awadh/yolobot/install/yolobot_recognition:/home/awadh/yolobot/install/yolobot_gazebo:/home/awadh/yolobot/install/yolobot_description:/home/awadh/yolobot/install/yolobot_control:/home/awadh/test2_ws/install/pcl_object_detection:/home/awadh/zed_ws/install/zed_ros2:/home/awadh/zed_ws/install/zed_robot_integration:/home/awadh/zed_ws/install/zed_multi_camera:/home/awadh/zed_ws/install/zed_display_rviz2:/home/awadh/zed_ws/install/zed_depth_to_laserscan:/home/awadh/zed_ws/install/zed_wrapper:/home/awadh/zed_ws/install/zed_tutorial_video:/home/awadh/zed_ws/install/zed_tutorial_pos_tracking:/home/awadh/zed_ws/install/zed_tutorial_depth:/home/awadh/zed_ws/install/zed_topic_benchmark:/home/awadh/zed_ws/install/zed_topic_benchmark_component:/home/awadh/zed_ws/install/zed_topic_benchmark_interfaces:/home/awadh/zed_ws/install/zed_rgb_convert:/home/awadh/zed_ws/install/zed_aruco_localization:/home/awadh/zed_ws/install/zed_components:/home/awadh/zed_ws/install/rviz_plugin_zed_od:/home/awadh/ouster_ws/install/ouster_ros:/home/awadh/ouster_ws/install/ouster_sensor_msgs:/home/awadh/ros2_ws/install/my_robot_bringup:/home/awadh/ros2_ws/install/turtlesim_project_cpp:/home/awadh/ros2_ws/install/my_cpp_pkg:/home/awadh/ros2_ws/install/my_robot_interfaces:/home/awadh/gazebo_ws/install/ultralytics_ros2:/home/awadh/ros2_ws/install/turtlesim_catch_them_all:/home/awadh/ros2_ws/install/my_py_pkg:/opt/ros/humble:/home/awadh/sick_tim_ws/install/sick_tim LD_LIBRARY_PATH=/home/awadh/zed_ws/install/zed_interfaces/lib:/home/awadh/gazebo_ws/install/yolov8_msgs/lib:/home/awadh/yolobot/install/yolov8_msgs/lib:/home/awadh/test2_ws/install/pcl_object_detection/lib:/home/awadh/zed_ws/install/zed_topic_benchmark_component/lib:/home/awadh/zed_ws/install/zed_topic_benchmark_interfaces/lib:/home/awadh/zed_ws/install/zed_rgb_convert/lib:/home/awadh/zed_ws/install/zed_aruco_localization/lib:/home/awadh/zed_ws/install/zed_components/lib:/home/awadh/zed_ws/install/rviz_plugin_zed_od/lib:/home/awadh/ouster_ws/install/ouster_ros/lib:/home/awadh/ouster_ws/install/ouster_sensor_msgs/lib:/home/awadh/ros2_ws/install/my_robot_interfaces/lib:/home/awadh/sick_tim_ws/install/sick_tim/lib:/usr/lib/x86_64-linux-gnu/gazebo-11/plugins:/opt/ros/humble/opt/rviz_ogre_vendor/lib:/opt/ros/humble/lib/x86_64-linux-gnu:/opt/ros/humble/lib:/usr/share/gazebo/../../lib/x86_64-linux-gnu/gazebo-11/plugins /usr/bin/cmake --install /home/awadh/zed_ws/build/zed_components
[1.872s] Level 1:colcon.colcon_core.environment:checking '/home/awadh/zed_ws/install/zed_components' for CMake config files
[1.872s] Level 1:colcon.colcon_core.shell:create_environment_hook('zed_components', 'cmake_prefix_path')
[1.873s] INFO:colcon.colcon_core.shell:Creating environment hook '/home/awadh/zed_ws/install/zed_components/share/zed_components/hook/cmake_prefix_path.ps1'
[1.873s] INFO:colcon.colcon_core.shell:Creating environment descriptor '/home/awadh/zed_ws/install/zed_components/share/zed_components/hook/cmake_prefix_path.dsv'
[1.873s] INFO:colcon.colcon_core.shell:Creating environment hook '/home/awadh/zed_ws/install/zed_components/share/zed_components/hook/cmake_prefix_path.sh'
[1.874s] Level 1:colcon.colcon_core.environment:checking '/home/awadh/zed_ws/install/zed_components/lib'
[1.874s] Level 1:colcon.colcon_core.shell:create_environment_hook('zed_components', 'ld_library_path_lib')
[1.874s] INFO:colcon.colcon_core.shell:Creating environment hook '/home/awadh/zed_ws/install/zed_components/share/zed_components/hook/ld_library_path_lib.ps1'
[1.874s] INFO:colcon.colcon_core.shell:Creating environment descriptor '/home/awadh/zed_ws/install/zed_components/share/zed_components/hook/ld_library_path_lib.dsv'
[1.874s] INFO:colcon.colcon_core.shell:Creating environment hook '/home/awadh/zed_ws/install/zed_components/share/zed_components/hook/ld_library_path_lib.sh'
[1.874s] Level 1:colcon.colcon_core.environment:checking '/home/awadh/zed_ws/install/zed_components/bin'
[1.874s] Level 1:colcon.colcon_core.environment:checking '/home/awadh/zed_ws/install/zed_components/lib/pkgconfig/zed_components.pc'
[1.875s] Level 1:colcon.colcon_core.environment:checking '/home/awadh/zed_ws/install/zed_components/lib/python3.10/site-packages'
[1.875s] Level 1:colcon.colcon_core.environment:checking '/home/awadh/zed_ws/install/zed_components/bin'
[1.875s] INFO:colcon.colcon_core.shell:Creating package script '/home/awadh/zed_ws/install/zed_components/share/zed_components/package.ps1'
[1.875s] INFO:colcon.colcon_core.shell:Creating package descriptor '/home/awadh/zed_ws/install/zed_components/share/zed_components/package.dsv'
[1.875s] INFO:colcon.colcon_core.shell:Creating package script '/home/awadh/zed_ws/install/zed_components/share/zed_components/package.sh'
[1.876s] INFO:colcon.colcon_core.shell:Creating package script '/home/awadh/zed_ws/install/zed_components/share/zed_components/package.bash'
[1.876s] INFO:colcon.colcon_core.shell:Creating package script '/home/awadh/zed_ws/install/zed_components/share/zed_components/package.zsh'
[1.876s] Level 1:colcon.colcon_core.environment:create_file_with_runtime_dependencies(/home/awadh/zed_ws/install/zed_components/share/colcon-core/packages/zed_components)
[1.892s] DEBUG:colcon.colcon_core.event_handler.log_command:Invoking command in '/home/awadh/zed_ws/build/rviz_plugin_zed_od': CMAKE_PREFIX_PATH=/home/awadh/zed_ws/install/zed_interfaces:/home/awadh/gazebo_ws/install/yolov8_msgs:/home/awadh/gazebo_ws/install/yolobot_recognition:/home/awadh/gazebo_ws/install/yolobot_gazebo:/home/awadh/gazebo_ws/install/yolobot_description:/home/awadh/gazebo_ws/install/yolobot_control:/home/awadh/gazebo_ws/install/my_robot_bringup:/home/awadh/gazebo_ws/install/my_robot_description:/home/awadh/yolobot/install/yolov8_msgs:/home/awadh/yolobot/install/yolobot_recognition:/home/awadh/yolobot/install/yolobot_gazebo:/home/awadh/yolobot/install/yolobot_description:/home/awadh/yolobot/install/yolobot_control:/home/awadh/test2_ws/install/pcl_object_detection:/home/awadh/zed_ws/install/zed_ros2:/home/awadh/zed_ws/install/zed_robot_integration:/home/awadh/zed_ws/install/zed_multi_camera:/home/awadh/zed_ws/install/zed_display_rviz2:/home/awadh/zed_ws/install/zed_depth_to_laserscan:/home/awadh/zed_ws/install/zed_wrapper:/home/awadh/zed_ws/install/zed_tutorial_video:/home/awadh/zed_ws/install/zed_tutorial_pos_tracking:/home/awadh/zed_ws/install/zed_tutorial_depth:/home/awadh/zed_ws/install/zed_topic_benchmark:/home/awadh/zed_ws/install/zed_topic_benchmark_component:/home/awadh/zed_ws/install/zed_topic_benchmark_interfaces:/home/awadh/zed_ws/install/zed_rgb_convert:/home/awadh/zed_ws/install/zed_aruco_localization:/home/awadh/zed_ws/install/zed_components:/home/awadh/zed_ws/install/rviz_plugin_zed_od:/home/awadh/ouster_ws/install/ouster_ros:/home/awadh/ouster_ws/install/ouster_sensor_msgs:/home/awadh/ros2_ws/install/my_robot_bringup:/home/awadh/ros2_ws/install/turtlesim_project_cpp:/home/awadh/ros2_ws/install/my_cpp_pkg:/home/awadh/ros2_ws/install/my_robot_interfaces:/home/awadh/gazebo_ws/install/ultralytics_ros2:/home/awadh/ros2_ws/install/turtlesim_catch_them_all:/home/awadh/ros2_ws/install/my_py_pkg:/opt/ros/humble:/home/awadh/sick_tim_ws/install/sick_tim LD_LIBRARY_PATH=/home/awadh/zed_ws/install/zed_interfaces/lib:/home/awadh/gazebo_ws/install/yolov8_msgs/lib:/home/awadh/yolobot/install/yolov8_msgs/lib:/home/awadh/test2_ws/install/pcl_object_detection/lib:/home/awadh/zed_ws/install/zed_topic_benchmark_component/lib:/home/awadh/zed_ws/install/zed_topic_benchmark_interfaces/lib:/home/awadh/zed_ws/install/zed_rgb_convert/lib:/home/awadh/zed_ws/install/zed_aruco_localization/lib:/home/awadh/zed_ws/install/zed_components/lib:/home/awadh/zed_ws/install/rviz_plugin_zed_od/lib:/home/awadh/ouster_ws/install/ouster_ros/lib:/home/awadh/ouster_ws/install/ouster_sensor_msgs/lib:/home/awadh/ros2_ws/install/my_robot_interfaces/lib:/home/awadh/sick_tim_ws/install/sick_tim/lib:/usr/lib/x86_64-linux-gnu/gazebo-11/plugins:/opt/ros/humble/opt/rviz_ogre_vendor/lib:/opt/ros/humble/lib/x86_64-linux-gnu:/opt/ros/humble/lib:/usr/share/gazebo/../../lib/x86_64-linux-gnu/gazebo-11/plugins /usr/bin/cmake --install /home/awadh/zed_ws/build/rviz_plugin_zed_od
[1.901s] Level 1:colcon.colcon_core.environment:create_environment_scripts_only(rviz_plugin_zed_od)
[1.901s] Level 1:colcon.colcon_core.environment:checking '/home/awadh/zed_ws/install/rviz_plugin_zed_od' for CMake module files
[1.902s] DEBUG:colcon.colcon_core.event_handler.log_command:Invoked command in '/home/awadh/zed_ws/build/rviz_plugin_zed_od' returned '0': CMAKE_PREFIX_PATH=/home/awadh/zed_ws/install/zed_interfaces:/home/awadh/gazebo_ws/install/yolov8_msgs:/home/awadh/gazebo_ws/install/yolobot_recognition:/home/awadh/gazebo_ws/install/yolobot_gazebo:/home/awadh/gazebo_ws/install/yolobot_description:/home/awadh/gazebo_ws/install/yolobot_control:/home/awadh/gazebo_ws/install/my_robot_bringup:/home/awadh/gazebo_ws/install/my_robot_description:/home/awadh/yolobot/install/yolov8_msgs:/home/awadh/yolobot/install/yolobot_recognition:/home/awadh/yolobot/install/yolobot_gazebo:/home/awadh/yolobot/install/yolobot_description:/home/awadh/yolobot/install/yolobot_control:/home/awadh/test2_ws/install/pcl_object_detection:/home/awadh/zed_ws/install/zed_ros2:/home/awadh/zed_ws/install/zed_robot_integration:/home/awadh/zed_ws/install/zed_multi_camera:/home/awadh/zed_ws/install/zed_display_rviz2:/home/awadh/zed_ws/install/zed_depth_to_laserscan:/home/awadh/zed_ws/install/zed_wrapper:/home/awadh/zed_ws/install/zed_tutorial_video:/home/awadh/zed_ws/install/zed_tutorial_pos_tracking:/home/awadh/zed_ws/install/zed_tutorial_depth:/home/awadh/zed_ws/install/zed_topic_benchmark:/home/awadh/zed_ws/install/zed_topic_benchmark_component:/home/awadh/zed_ws/install/zed_topic_benchmark_interfaces:/home/awadh/zed_ws/install/zed_rgb_convert:/home/awadh/zed_ws/install/zed_aruco_localization:/home/awadh/zed_ws/install/zed_components:/home/awadh/zed_ws/install/rviz_plugin_zed_od:/home/awadh/ouster_ws/install/ouster_ros:/home/awadh/ouster_ws/install/ouster_sensor_msgs:/home/awadh/ros2_ws/install/my_robot_bringup:/home/awadh/ros2_ws/install/turtlesim_project_cpp:/home/awadh/ros2_ws/install/my_cpp_pkg:/home/awadh/ros2_ws/install/my_robot_interfaces:/home/awadh/gazebo_ws/install/ultralytics_ros2:/home/awadh/ros2_ws/install/turtlesim_catch_them_all:/home/awadh/ros2_ws/install/my_py_pkg:/opt/ros/humble:/home/awadh/sick_tim_ws/install/sick_tim LD_LIBRARY_PATH=/home/awadh/zed_ws/install/zed_interfaces/lib:/home/awadh/gazebo_ws/install/yolov8_msgs/lib:/home/awadh/yolobot/install/yolov8_msgs/lib:/home/awadh/test2_ws/install/pcl_object_detection/lib:/home/awadh/zed_ws/install/zed_topic_benchmark_component/lib:/home/awadh/zed_ws/install/zed_topic_benchmark_interfaces/lib:/home/awadh/zed_ws/install/zed_rgb_convert/lib:/home/awadh/zed_ws/install/zed_aruco_localization/lib:/home/awadh/zed_ws/install/zed_components/lib:/home/awadh/zed_ws/install/rviz_plugin_zed_od/lib:/home/awadh/ouster_ws/install/ouster_ros/lib:/home/awadh/ouster_ws/install/ouster_sensor_msgs/lib:/home/awadh/ros2_ws/install/my_robot_interfaces/lib:/home/awadh/sick_tim_ws/install/sick_tim/lib:/usr/lib/x86_64-linux-gnu/gazebo-11/plugins:/opt/ros/humble/opt/rviz_ogre_vendor/lib:/opt/ros/humble/lib/x86_64-linux-gnu:/opt/ros/humble/lib:/usr/share/gazebo/../../lib/x86_64-linux-gnu/gazebo-11/plugins /usr/bin/cmake --install /home/awadh/zed_ws/build/rviz_plugin_zed_od
[1.902s] Level 1:colcon.colcon_core.environment:checking '/home/awadh/zed_ws/install/rviz_plugin_zed_od' for CMake config files
[1.903s] Level 1:colcon.colcon_core.shell:create_environment_hook('rviz_plugin_zed_od', 'cmake_prefix_path')
[1.903s] INFO:colcon.colcon_core.shell:Creating environment hook '/home/awadh/zed_ws/install/rviz_plugin_zed_od/share/rviz_plugin_zed_od/hook/cmake_prefix_path.ps1'
[1.903s] INFO:colcon.colcon_core.shell:Creating environment descriptor '/home/awadh/zed_ws/install/rviz_plugin_zed_od/share/rviz_plugin_zed_od/hook/cmake_prefix_path.dsv'
[1.903s] INFO:colcon.colcon_core.shell:Creating environment hook '/home/awadh/zed_ws/install/rviz_plugin_zed_od/share/rviz_plugin_zed_od/hook/cmake_prefix_path.sh'
[1.904s] Level 1:colcon.colcon_core.environment:checking '/home/awadh/zed_ws/install/rviz_plugin_zed_od/lib'
[1.904s] Level 1:colcon.colcon_core.shell:create_environment_hook('rviz_plugin_zed_od', 'ld_library_path_lib')
[1.904s] INFO:colcon.colcon_core.shell:Creating environment hook '/home/awadh/zed_ws/install/rviz_plugin_zed_od/share/rviz_plugin_zed_od/hook/ld_library_path_lib.ps1'
[1.904s] INFO:colcon.colcon_core.shell:Creating environment descriptor '/home/awadh/zed_ws/install/rviz_plugin_zed_od/share/rviz_plugin_zed_od/hook/ld_library_path_lib.dsv'
[1.904s] INFO:colcon.colcon_core.shell:Creating environment hook '/home/awadh/zed_ws/install/rviz_plugin_zed_od/share/rviz_plugin_zed_od/hook/ld_library_path_lib.sh'
[1.904s] Level 1:colcon.colcon_core.environment:checking '/home/awadh/zed_ws/install/rviz_plugin_zed_od/bin'
[1.904s] Level 1:colcon.colcon_core.environment:checking '/home/awadh/zed_ws/install/rviz_plugin_zed_od/lib/pkgconfig/rviz_plugin_zed_od.pc'
[1.905s] Level 1:colcon.colcon_core.environment:checking '/home/awadh/zed_ws/install/rviz_plugin_zed_od/lib/python3.10/site-packages'
[1.905s] Level 1:colcon.colcon_core.environment:checking '/home/awadh/zed_ws/install/rviz_plugin_zed_od/bin'
[1.905s] INFO:colcon.colcon_core.shell:Creating package script '/home/awadh/zed_ws/install/rviz_plugin_zed_od/share/rviz_plugin_zed_od/package.ps1'
[1.905s] INFO:colcon.colcon_core.shell:Creating package descriptor '/home/awadh/zed_ws/install/rviz_plugin_zed_od/share/rviz_plugin_zed_od/package.dsv'
[1.905s] INFO:colcon.colcon_core.shell:Creating package script '/home/awadh/zed_ws/install/rviz_plugin_zed_od/share/rviz_plugin_zed_od/package.sh'
[1.906s] INFO:colcon.colcon_core.shell:Creating package script '/home/awadh/zed_ws/install/rviz_plugin_zed_od/share/rviz_plugin_zed_od/package.bash'
[1.906s] INFO:colcon.colcon_core.shell:Creating package script '/home/awadh/zed_ws/install/rviz_plugin_zed_od/share/rviz_plugin_zed_od/package.zsh'
[1.906s] Level 1:colcon.colcon_core.environment:create_file_with_runtime_dependencies(/home/awadh/zed_ws/install/rviz_plugin_zed_od/share/colcon-core/packages/rviz_plugin_zed_od)
[1.909s] Level 1:colcon.colcon_core.environment:create_environment_scripts_only(zed_components)
[1.909s] Level 1:colcon.colcon_core.environment:checking '/home/awadh/zed_ws/install/zed_components' for CMake module files
[1.909s] Level 1:colcon.colcon_core.environment:checking '/home/awadh/zed_ws/install/zed_components' for CMake config files
[1.909s] Level 1:colcon.colcon_core.shell:create_environment_hook('zed_components', 'cmake_prefix_path')
[1.910s] INFO:colcon.colcon_core.shell:Creating environment hook '/home/awadh/zed_ws/install/zed_components/share/zed_components/hook/cmake_prefix_path.ps1'
[1.910s] INFO:colcon.colcon_core.shell:Creating environment descriptor '/home/awadh/zed_ws/install/zed_components/share/zed_components/hook/cmake_prefix_path.dsv'
[1.910s] INFO:colcon.colcon_core.shell:Creating environment hook '/home/awadh/zed_ws/install/zed_components/share/zed_components/hook/cmake_prefix_path.sh'
[1.910s] Level 1:colcon.colcon_core.environment:checking '/home/awadh/zed_ws/install/zed_components/lib'
[1.910s] Level 1:colcon.colcon_core.shell:create_environment_hook('zed_components', 'ld_library_path_lib')
[1.910s] INFO:colcon.colcon_core.shell:Creating environment hook '/home/awadh/zed_ws/install/zed_components/share/zed_components/hook/ld_library_path_lib.ps1'
[1.910s] INFO:colcon.colcon_core.shell:Creating environment descriptor '/home/awadh/zed_ws/install/zed_components/share/zed_components/hook/ld_library_path_lib.dsv'
[1.911s] INFO:colcon.colcon_core.shell:Creating environment hook '/home/awadh/zed_ws/install/zed_components/share/zed_components/hook/ld_library_path_lib.sh'
[1.911s] Level 1:colcon.colcon_core.environment:checking '/home/awadh/zed_ws/install/zed_components/bin'
[1.911s] Level 1:colcon.colcon_core.environment:checking '/home/awadh/zed_ws/install/zed_components/lib/pkgconfig/zed_components.pc'
[1.911s] Level 1:colcon.colcon_core.environment:checking '/home/awadh/zed_ws/install/zed_components/lib/python3.10/site-packages'
[1.911s] Level 1:colcon.colcon_core.environment:checking '/home/awadh/zed_ws/install/zed_components/bin'
[1.911s] INFO:colcon.colcon_core.shell:Creating package script '/home/awadh/zed_ws/install/zed_components/share/zed_components/package.ps1'
[1.912s] INFO:colcon.colcon_core.shell:Creating package descriptor '/home/awadh/zed_ws/install/zed_components/share/zed_components/package.dsv'
[1.912s] INFO:colcon.colcon_core.shell:Creating package script '/home/awadh/zed_ws/install/zed_components/share/zed_components/package.sh'
[1.912s] INFO:colcon.colcon_core.shell:Creating package script '/home/awadh/zed_ws/install/zed_components/share/zed_components/package.bash'
[1.912s] INFO:colcon.colcon_core.shell:Creating package script '/home/awadh/zed_ws/install/zed_components/share/zed_components/package.zsh'
[1.912s] Level 1:colcon.colcon_core.environment:create_file_with_runtime_dependencies(/home/awadh/zed_ws/install/zed_components/share/colcon-core/packages/zed_components)
[1.913s] INFO:colcon.colcon_ros.task.ament_cmake.build:Building ROS package in '/home/awadh/zed_ws/src/zed-ros2-wrapper/zed_wrapper' with build type 'ament_cmake'
[1.913s] INFO:colcon.colcon_cmake.task.cmake.build:Building CMake package in '/home/awadh/zed_ws/src/zed-ros2-wrapper/zed_wrapper'
[1.913s] INFO:colcon.colcon_core.shell:Skip shell extension 'powershell' for command environment: Not usable outside of PowerShell
[1.913s] DEBUG:colcon.colcon_core.shell:Skip shell extension 'dsv' for command environment
[1.918s] INFO:colcon.colcon_ros.task.ament_cmake.build:Building ROS package in '/home/awadh/zed_ws/src/zed-ros2-examples/examples/zed_aruco_localization' with build type 'ament_cmake'
[1.918s] INFO:colcon.colcon_cmake.task.cmake.build:Building CMake package in '/home/awadh/zed_ws/src/zed-ros2-examples/examples/zed_aruco_localization'
[1.919s] INFO:colcon.colcon_core.shell:Skip shell extension 'powershell' for command environment: Not usable outside of PowerShell
[1.919s] DEBUG:colcon.colcon_core.shell:Skip shell extension 'dsv' for command environment
[1.925s] INFO:colcon.colcon_ros.task.ament_cmake.build:Building ROS package in '/home/awadh/zed_ws/src/zed-ros2-examples/tutorials/zed_rgb_convert' with build type 'ament_cmake'
[1.925s] INFO:colcon.colcon_cmake.task.cmake.build:Building CMake package in '/home/awadh/zed_ws/src/zed-ros2-examples/tutorials/zed_rgb_convert'
[1.925s] INFO:colcon.colcon_core.shell:Skip shell extension 'powershell' for command environment: Not usable outside of PowerShell
[1.925s] DEBUG:colcon.colcon_core.shell:Skip shell extension 'dsv' for command environment
[1.934s] DEBUG:colcon.colcon_core.event_handler.log_command:Invoking command in '/home/awadh/zed_ws/build/zed_wrapper': CMAKE_PREFIX_PATH=/home/awadh/zed_ws/install/zed_components:/home/awadh/zed_ws/install/zed_interfaces:/home/awadh/gazebo_ws/install/yolov8_msgs:/home/awadh/gazebo_ws/install/yolobot_recognition:/home/awadh/gazebo_ws/install/yolobot_gazebo:/home/awadh/gazebo_ws/install/yolobot_description:/home/awadh/gazebo_ws/install/yolobot_control:/home/awadh/gazebo_ws/install/my_robot_bringup:/home/awadh/gazebo_ws/install/my_robot_description:/home/awadh/yolobot/install/yolov8_msgs:/home/awadh/yolobot/install/yolobot_recognition:/home/awadh/yolobot/install/yolobot_gazebo:/home/awadh/yolobot/install/yolobot_description:/home/awadh/yolobot/install/yolobot_control:/home/awadh/test2_ws/install/pcl_object_detection:/home/awadh/zed_ws/install/zed_ros2:/home/awadh/zed_ws/install/zed_robot_integration:/home/awadh/zed_ws/install/zed_multi_camera:/home/awadh/zed_ws/install/zed_display_rviz2:/home/awadh/zed_ws/install/zed_depth_to_laserscan:/home/awadh/zed_ws/install/zed_wrapper:/home/awadh/zed_ws/install/zed_tutorial_video:/home/awadh/zed_ws/install/zed_tutorial_pos_tracking:/home/awadh/zed_ws/install/zed_tutorial_depth:/home/awadh/zed_ws/install/zed_topic_benchmark:/home/awadh/zed_ws/install/zed_topic_benchmark_component:/home/awadh/zed_ws/install/zed_topic_benchmark_interfaces:/home/awadh/zed_ws/install/zed_rgb_convert:/home/awadh/zed_ws/install/zed_aruco_localization:/home/awadh/zed_ws/install/rviz_plugin_zed_od:/home/awadh/ouster_ws/install/ouster_ros:/home/awadh/ouster_ws/install/ouster_sensor_msgs:/home/awadh/ros2_ws/install/my_robot_bringup:/home/awadh/ros2_ws/install/turtlesim_project_cpp:/home/awadh/ros2_ws/install/my_cpp_pkg:/home/awadh/ros2_ws/install/my_robot_interfaces:/home/awadh/gazebo_ws/install/ultralytics_ros2:/home/awadh/ros2_ws/install/turtlesim_catch_them_all:/home/awadh/ros2_ws/install/my_py_pkg:/opt/ros/humble:/home/awadh/sick_tim_ws/install/sick_tim LD_LIBRARY_PATH=/home/awadh/zed_ws/install/zed_components/lib:/home/awadh/zed_ws/install/zed_interfaces/lib:/home/awadh/gazebo_ws/install/yolov8_msgs/lib:/home/awadh/yolobot/install/yolov8_msgs/lib:/home/awadh/test2_ws/install/pcl_object_detection/lib:/home/awadh/zed_ws/install/zed_topic_benchmark_component/lib:/home/awadh/zed_ws/install/zed_topic_benchmark_interfaces/lib:/home/awadh/zed_ws/install/zed_rgb_convert/lib:/home/awadh/zed_ws/install/zed_aruco_localization/lib:/home/awadh/zed_ws/install/rviz_plugin_zed_od/lib:/home/awadh/ouster_ws/install/ouster_ros/lib:/home/awadh/ouster_ws/install/ouster_sensor_msgs/lib:/home/awadh/ros2_ws/install/my_robot_interfaces/lib:/home/awadh/sick_tim_ws/install/sick_tim/lib:/usr/lib/x86_64-linux-gnu/gazebo-11/plugins:/opt/ros/humble/opt/rviz_ogre_vendor/lib:/opt/ros/humble/lib/x86_64-linux-gnu:/opt/ros/humble/lib:/usr/share/gazebo/../../lib/x86_64-linux-gnu/gazebo-11/plugins /usr/bin/cmake --build /home/awadh/zed_ws/build/zed_wrapper -- -j16 -l16
[1.936s] DEBUG:colcon.colcon_core.event_handler.log_command:Invoking command in '/home/awadh/zed_ws/build/zed_aruco_localization': CMAKE_PREFIX_PATH=/home/awadh/zed_ws/install/zed_components:/home/awadh/zed_ws/install/zed_interfaces:/home/awadh/gazebo_ws/install/yolov8_msgs:/home/awadh/gazebo_ws/install/yolobot_recognition:/home/awadh/gazebo_ws/install/yolobot_gazebo:/home/awadh/gazebo_ws/install/yolobot_description:/home/awadh/gazebo_ws/install/yolobot_control:/home/awadh/gazebo_ws/install/my_robot_bringup:/home/awadh/gazebo_ws/install/my_robot_description:/home/awadh/yolobot/install/yolov8_msgs:/home/awadh/yolobot/install/yolobot_recognition:/home/awadh/yolobot/install/yolobot_gazebo:/home/awadh/yolobot/install/yolobot_description:/home/awadh/yolobot/install/yolobot_control:/home/awadh/test2_ws/install/pcl_object_detection:/home/awadh/zed_ws/install/zed_ros2:/home/awadh/zed_ws/install/zed_robot_integration:/home/awadh/zed_ws/install/zed_multi_camera:/home/awadh/zed_ws/install/zed_display_rviz2:/home/awadh/zed_ws/install/zed_depth_to_laserscan:/home/awadh/zed_ws/install/zed_wrapper:/home/awadh/zed_ws/install/zed_tutorial_video:/home/awadh/zed_ws/install/zed_tutorial_pos_tracking:/home/awadh/zed_ws/install/zed_tutorial_depth:/home/awadh/zed_ws/install/zed_topic_benchmark:/home/awadh/zed_ws/install/zed_topic_benchmark_component:/home/awadh/zed_ws/install/zed_topic_benchmark_interfaces:/home/awadh/zed_ws/install/zed_rgb_convert:/home/awadh/zed_ws/install/zed_aruco_localization:/home/awadh/zed_ws/install/rviz_plugin_zed_od:/home/awadh/ouster_ws/install/ouster_ros:/home/awadh/ouster_ws/install/ouster_sensor_msgs:/home/awadh/ros2_ws/install/my_robot_bringup:/home/awadh/ros2_ws/install/turtlesim_project_cpp:/home/awadh/ros2_ws/install/my_cpp_pkg:/home/awadh/ros2_ws/install/my_robot_interfaces:/home/awadh/gazebo_ws/install/ultralytics_ros2:/home/awadh/ros2_ws/install/turtlesim_catch_them_all:/home/awadh/ros2_ws/install/my_py_pkg:/opt/ros/humble:/home/awadh/sick_tim_ws/install/sick_tim LD_LIBRARY_PATH=/home/awadh/zed_ws/install/zed_components/lib:/home/awadh/zed_ws/install/zed_interfaces/lib:/home/awadh/gazebo_ws/install/yolov8_msgs/lib:/home/awadh/yolobot/install/yolov8_msgs/lib:/home/awadh/test2_ws/install/pcl_object_detection/lib:/home/awadh/zed_ws/install/zed_topic_benchmark_component/lib:/home/awadh/zed_ws/install/zed_topic_benchmark_interfaces/lib:/home/awadh/zed_ws/install/zed_rgb_convert/lib:/home/awadh/zed_ws/install/zed_aruco_localization/lib:/home/awadh/zed_ws/install/rviz_plugin_zed_od/lib:/home/awadh/ouster_ws/install/ouster_ros/lib:/home/awadh/ouster_ws/install/ouster_sensor_msgs/lib:/home/awadh/ros2_ws/install/my_robot_interfaces/lib:/home/awadh/sick_tim_ws/install/sick_tim/lib:/usr/lib/x86_64-linux-gnu/gazebo-11/plugins:/opt/ros/humble/opt/rviz_ogre_vendor/lib:/opt/ros/humble/lib/x86_64-linux-gnu:/opt/ros/humble/lib:/usr/share/gazebo/../../lib/x86_64-linux-gnu/gazebo-11/plugins /usr/bin/cmake --build /home/awadh/zed_ws/build/zed_aruco_localization -- -j16 -l16
[1.939s] Level 1:colcon.colcon_core.environment:create_environment_scripts_only(rviz_plugin_zed_od)
[1.939s] Level 1:colcon.colcon_core.environment:checking '/home/awadh/zed_ws/install/rviz_plugin_zed_od' for CMake module files
[1.940s] DEBUG:colcon.colcon_core.event_handler.log_command:Invoking command in '/home/awadh/zed_ws/build/zed_rgb_convert': CMAKE_PREFIX_PATH=/home/awadh/zed_ws/install/zed_components:/home/awadh/zed_ws/install/zed_interfaces:/home/awadh/gazebo_ws/install/yolov8_msgs:/home/awadh/gazebo_ws/install/yolobot_recognition:/home/awadh/gazebo_ws/install/yolobot_gazebo:/home/awadh/gazebo_ws/install/yolobot_description:/home/awadh/gazebo_ws/install/yolobot_control:/home/awadh/gazebo_ws/install/my_robot_bringup:/home/awadh/gazebo_ws/install/my_robot_description:/home/awadh/yolobot/install/yolov8_msgs:/home/awadh/yolobot/install/yolobot_recognition:/home/awadh/yolobot/install/yolobot_gazebo:/home/awadh/yolobot/install/yolobot_description:/home/awadh/yolobot/install/yolobot_control:/home/awadh/test2_ws/install/pcl_object_detection:/home/awadh/zed_ws/install/zed_ros2:/home/awadh/zed_ws/install/zed_robot_integration:/home/awadh/zed_ws/install/zed_multi_camera:/home/awadh/zed_ws/install/zed_display_rviz2:/home/awadh/zed_ws/install/zed_depth_to_laserscan:/home/awadh/zed_ws/install/zed_wrapper:/home/awadh/zed_ws/install/zed_tutorial_video:/home/awadh/zed_ws/install/zed_tutorial_pos_tracking:/home/awadh/zed_ws/install/zed_tutorial_depth:/home/awadh/zed_ws/install/zed_topic_benchmark:/home/awadh/zed_ws/install/zed_topic_benchmark_component:/home/awadh/zed_ws/install/zed_topic_benchmark_interfaces:/home/awadh/zed_ws/install/zed_rgb_convert:/home/awadh/zed_ws/install/zed_aruco_localization:/home/awadh/zed_ws/install/rviz_plugin_zed_od:/home/awadh/ouster_ws/install/ouster_ros:/home/awadh/ouster_ws/install/ouster_sensor_msgs:/home/awadh/ros2_ws/install/my_robot_bringup:/home/awadh/ros2_ws/install/turtlesim_project_cpp:/home/awadh/ros2_ws/install/my_cpp_pkg:/home/awadh/ros2_ws/install/my_robot_interfaces:/home/awadh/gazebo_ws/install/ultralytics_ros2:/home/awadh/ros2_ws/install/turtlesim_catch_them_all:/home/awadh/ros2_ws/install/my_py_pkg:/opt/ros/humble:/home/awadh/sick_tim_ws/install/sick_tim LD_LIBRARY_PATH=/home/awadh/zed_ws/install/zed_components/lib:/home/awadh/zed_ws/install/zed_interfaces/lib:/home/awadh/gazebo_ws/install/yolov8_msgs/lib:/home/awadh/yolobot/install/yolov8_msgs/lib:/home/awadh/test2_ws/install/pcl_object_detection/lib:/home/awadh/zed_ws/install/zed_topic_benchmark_component/lib:/home/awadh/zed_ws/install/zed_topic_benchmark_interfaces/lib:/home/awadh/zed_ws/install/zed_rgb_convert/lib:/home/awadh/zed_ws/install/zed_aruco_localization/lib:/home/awadh/zed_ws/install/rviz_plugin_zed_od/lib:/home/awadh/ouster_ws/install/ouster_ros/lib:/home/awadh/ouster_ws/install/ouster_sensor_msgs/lib:/home/awadh/ros2_ws/install/my_robot_interfaces/lib:/home/awadh/sick_tim_ws/install/sick_tim/lib:/usr/lib/x86_64-linux-gnu/gazebo-11/plugins:/opt/ros/humble/opt/rviz_ogre_vendor/lib:/opt/ros/humble/lib/x86_64-linux-gnu:/opt/ros/humble/lib:/usr/share/gazebo/../../lib/x86_64-linux-gnu/gazebo-11/plugins /usr/bin/cmake --build /home/awadh/zed_ws/build/zed_rgb_convert -- -j16 -l16
[1.940s] Level 1:colcon.colcon_core.environment:checking '/home/awadh/zed_ws/install/rviz_plugin_zed_od' for CMake config files
[1.940s] Level 1:colcon.colcon_core.shell:create_environment_hook('rviz_plugin_zed_od', 'cmake_prefix_path')
[1.940s] INFO:colcon.colcon_core.shell:Creating environment hook '/home/awadh/zed_ws/install/rviz_plugin_zed_od/share/rviz_plugin_zed_od/hook/cmake_prefix_path.ps1'
[1.940s] INFO:colcon.colcon_core.shell:Creating environment descriptor '/home/awadh/zed_ws/install/rviz_plugin_zed_od/share/rviz_plugin_zed_od/hook/cmake_prefix_path.dsv'
[1.940s] INFO:colcon.colcon_core.shell:Creating environment hook '/home/awadh/zed_ws/install/rviz_plugin_zed_od/share/rviz_plugin_zed_od/hook/cmake_prefix_path.sh'
[1.941s] Level 1:colcon.colcon_core.environment:checking '/home/awadh/zed_ws/install/rviz_plugin_zed_od/lib'
[1.941s] Level 1:colcon.colcon_core.shell:create_environment_hook('rviz_plugin_zed_od', 'ld_library_path_lib')
[1.941s] INFO:colcon.colcon_core.shell:Creating environment hook '/home/awadh/zed_ws/install/rviz_plugin_zed_od/share/rviz_plugin_zed_od/hook/ld_library_path_lib.ps1'
[1.941s] INFO:colcon.colcon_core.shell:Creating environment descriptor '/home/awadh/zed_ws/install/rviz_plugin_zed_od/share/rviz_plugin_zed_od/hook/ld_library_path_lib.dsv'
[1.941s] INFO:colcon.colcon_core.shell:Creating environment hook '/home/awadh/zed_ws/install/rviz_plugin_zed_od/share/rviz_plugin_zed_od/hook/ld_library_path_lib.sh'
[1.942s] Level 1:colcon.colcon_core.environment:checking '/home/awadh/zed_ws/install/rviz_plugin_zed_od/bin'
[1.942s] Level 1:colcon.colcon_core.environment:checking '/home/awadh/zed_ws/install/rviz_plugin_zed_od/lib/pkgconfig/rviz_plugin_zed_od.pc'
[1.942s] Level 1:colcon.colcon_core.environment:checking '/home/awadh/zed_ws/install/rviz_plugin_zed_od/lib/python3.10/site-packages'
[1.942s] Level 1:colcon.colcon_core.environment:checking '/home/awadh/zed_ws/install/rviz_plugin_zed_od/bin'
[1.942s] INFO:colcon.colcon_core.shell:Creating package script '/home/awadh/zed_ws/install/rviz_plugin_zed_od/share/rviz_plugin_zed_od/package.ps1'
[1.942s] INFO:colcon.colcon_core.shell:Creating package descriptor '/home/awadh/zed_ws/install/rviz_plugin_zed_od/share/rviz_plugin_zed_od/package.dsv'
[1.943s] INFO:colcon.colcon_core.shell:Creating package script '/home/awadh/zed_ws/install/rviz_plugin_zed_od/share/rviz_plugin_zed_od/package.sh'
[1.943s] INFO:colcon.colcon_core.shell:Creating package script '/home/awadh/zed_ws/install/rviz_plugin_zed_od/share/rviz_plugin_zed_od/package.bash'
[1.943s] INFO:colcon.colcon_core.shell:Creating package script '/home/awadh/zed_ws/install/rviz_plugin_zed_od/share/rviz_plugin_zed_od/package.zsh'
[1.943s] Level 1:colcon.colcon_core.environment:create_file_with_runtime_dependencies(/home/awadh/zed_ws/install/rviz_plugin_zed_od/share/colcon-core/packages/rviz_plugin_zed_od)
[1.991s] DEBUG:colcon.colcon_core.event_handler.log_command:Invoked command in '/home/awadh/zed_ws/build/zed_wrapper' returned '0': CMAKE_PREFIX_PATH=/home/awadh/zed_ws/install/zed_components:/home/awadh/zed_ws/install/zed_interfaces:/home/awadh/gazebo_ws/install/yolov8_msgs:/home/awadh/gazebo_ws/install/yolobot_recognition:/home/awadh/gazebo_ws/install/yolobot_gazebo:/home/awadh/gazebo_ws/install/yolobot_description:/home/awadh/gazebo_ws/install/yolobot_control:/home/awadh/gazebo_ws/install/my_robot_bringup:/home/awadh/gazebo_ws/install/my_robot_description:/home/awadh/yolobot/install/yolov8_msgs:/home/awadh/yolobot/install/yolobot_recognition:/home/awadh/yolobot/install/yolobot_gazebo:/home/awadh/yolobot/install/yolobot_description:/home/awadh/yolobot/install/yolobot_control:/home/awadh/test2_ws/install/pcl_object_detection:/home/awadh/zed_ws/install/zed_ros2:/home/awadh/zed_ws/install/zed_robot_integration:/home/awadh/zed_ws/install/zed_multi_camera:/home/awadh/zed_ws/install/zed_display_rviz2:/home/awadh/zed_ws/install/zed_depth_to_laserscan:/home/awadh/zed_ws/install/zed_wrapper:/home/awadh/zed_ws/install/zed_tutorial_video:/home/awadh/zed_ws/install/zed_tutorial_pos_tracking:/home/awadh/zed_ws/install/zed_tutorial_depth:/home/awadh/zed_ws/install/zed_topic_benchmark:/home/awadh/zed_ws/install/zed_topic_benchmark_component:/home/awadh/zed_ws/install/zed_topic_benchmark_interfaces:/home/awadh/zed_ws/install/zed_rgb_convert:/home/awadh/zed_ws/install/zed_aruco_localization:/home/awadh/zed_ws/install/rviz_plugin_zed_od:/home/awadh/ouster_ws/install/ouster_ros:/home/awadh/ouster_ws/install/ouster_sensor_msgs:/home/awadh/ros2_ws/install/my_robot_bringup:/home/awadh/ros2_ws/install/turtlesim_project_cpp:/home/awadh/ros2_ws/install/my_cpp_pkg:/home/awadh/ros2_ws/install/my_robot_interfaces:/home/awadh/gazebo_ws/install/ultralytics_ros2:/home/awadh/ros2_ws/install/turtlesim_catch_them_all:/home/awadh/ros2_ws/install/my_py_pkg:/opt/ros/humble:/home/awadh/sick_tim_ws/install/sick_tim LD_LIBRARY_PATH=/home/awadh/zed_ws/install/zed_components/lib:/home/awadh/zed_ws/install/zed_interfaces/lib:/home/awadh/gazebo_ws/install/yolov8_msgs/lib:/home/awadh/yolobot/install/yolov8_msgs/lib:/home/awadh/test2_ws/install/pcl_object_detection/lib:/home/awadh/zed_ws/install/zed_topic_benchmark_component/lib:/home/awadh/zed_ws/install/zed_topic_benchmark_interfaces/lib:/home/awadh/zed_ws/install/zed_rgb_convert/lib:/home/awadh/zed_ws/install/zed_aruco_localization/lib:/home/awadh/zed_ws/install/rviz_plugin_zed_od/lib:/home/awadh/ouster_ws/install/ouster_ros/lib:/home/awadh/ouster_ws/install/ouster_sensor_msgs/lib:/home/awadh/ros2_ws/install/my_robot_interfaces/lib:/home/awadh/sick_tim_ws/install/sick_tim/lib:/usr/lib/x86_64-linux-gnu/gazebo-11/plugins:/opt/ros/humble/opt/rviz_ogre_vendor/lib:/opt/ros/humble/lib/x86_64-linux-gnu:/opt/ros/humble/lib:/usr/share/gazebo/../../lib/x86_64-linux-gnu/gazebo-11/plugins /usr/bin/cmake --build /home/awadh/zed_ws/build/zed_wrapper -- -j16 -l16
[1.995s] DEBUG:colcon.colcon_core.event_handler.log_command:Invoked command in '/home/awadh/zed_ws/build/zed_aruco_localization' returned '0': CMAKE_PREFIX_PATH=/home/awadh/zed_ws/install/zed_components:/home/awadh/zed_ws/install/zed_interfaces:/home/awadh/gazebo_ws/install/yolov8_msgs:/home/awadh/gazebo_ws/install/yolobot_recognition:/home/awadh/gazebo_ws/install/yolobot_gazebo:/home/awadh/gazebo_ws/install/yolobot_description:/home/awadh/gazebo_ws/install/yolobot_control:/home/awadh/gazebo_ws/install/my_robot_bringup:/home/awadh/gazebo_ws/install/my_robot_description:/home/awadh/yolobot/install/yolov8_msgs:/home/awadh/yolobot/install/yolobot_recognition:/home/awadh/yolobot/install/yolobot_gazebo:/home/awadh/yolobot/install/yolobot_description:/home/awadh/yolobot/install/yolobot_control:/home/awadh/test2_ws/install/pcl_object_detection:/home/awadh/zed_ws/install/zed_ros2:/home/awadh/zed_ws/install/zed_robot_integration:/home/awadh/zed_ws/install/zed_multi_camera:/home/awadh/zed_ws/install/zed_display_rviz2:/home/awadh/zed_ws/install/zed_depth_to_laserscan:/home/awadh/zed_ws/install/zed_wrapper:/home/awadh/zed_ws/install/zed_tutorial_video:/home/awadh/zed_ws/install/zed_tutorial_pos_tracking:/home/awadh/zed_ws/install/zed_tutorial_depth:/home/awadh/zed_ws/install/zed_topic_benchmark:/home/awadh/zed_ws/install/zed_topic_benchmark_component:/home/awadh/zed_ws/install/zed_topic_benchmark_interfaces:/home/awadh/zed_ws/install/zed_rgb_convert:/home/awadh/zed_ws/install/zed_aruco_localization:/home/awadh/zed_ws/install/rviz_plugin_zed_od:/home/awadh/ouster_ws/install/ouster_ros:/home/awadh/ouster_ws/install/ouster_sensor_msgs:/home/awadh/ros2_ws/install/my_robot_bringup:/home/awadh/ros2_ws/install/turtlesim_project_cpp:/home/awadh/ros2_ws/install/my_cpp_pkg:/home/awadh/ros2_ws/install/my_robot_interfaces:/home/awadh/gazebo_ws/install/ultralytics_ros2:/home/awadh/ros2_ws/install/turtlesim_catch_them_all:/home/awadh/ros2_ws/install/my_py_pkg:/opt/ros/humble:/home/awadh/sick_tim_ws/install/sick_tim LD_LIBRARY_PATH=/home/awadh/zed_ws/install/zed_components/lib:/home/awadh/zed_ws/install/zed_interfaces/lib:/home/awadh/gazebo_ws/install/yolov8_msgs/lib:/home/awadh/yolobot/install/yolov8_msgs/lib:/home/awadh/test2_ws/install/pcl_object_detection/lib:/home/awadh/zed_ws/install/zed_topic_benchmark_component/lib:/home/awadh/zed_ws/install/zed_topic_benchmark_interfaces/lib:/home/awadh/zed_ws/install/zed_rgb_convert/lib:/home/awadh/zed_ws/install/zed_aruco_localization/lib:/home/awadh/zed_ws/install/rviz_plugin_zed_od/lib:/home/awadh/ouster_ws/install/ouster_ros/lib:/home/awadh/ouster_ws/install/ouster_sensor_msgs/lib:/home/awadh/ros2_ws/install/my_robot_interfaces/lib:/home/awadh/sick_tim_ws/install/sick_tim/lib:/usr/lib/x86_64-linux-gnu/gazebo-11/plugins:/opt/ros/humble/opt/rviz_ogre_vendor/lib:/opt/ros/humble/lib/x86_64-linux-gnu:/opt/ros/humble/lib:/usr/share/gazebo/../../lib/x86_64-linux-gnu/gazebo-11/plugins /usr/bin/cmake --build /home/awadh/zed_ws/build/zed_aruco_localization -- -j16 -l16
[2.018s] DEBUG:colcon.colcon_core.event_handler.log_command:Invoking command in '/home/awadh/zed_ws/build/zed_wrapper': CMAKE_PREFIX_PATH=/home/awadh/zed_ws/install/zed_components:/home/awadh/zed_ws/install/zed_interfaces:/home/awadh/gazebo_ws/install/yolov8_msgs:/home/awadh/gazebo_ws/install/yolobot_recognition:/home/awadh/gazebo_ws/install/yolobot_gazebo:/home/awadh/gazebo_ws/install/yolobot_description:/home/awadh/gazebo_ws/install/yolobot_control:/home/awadh/gazebo_ws/install/my_robot_bringup:/home/awadh/gazebo_ws/install/my_robot_description:/home/awadh/yolobot/install/yolov8_msgs:/home/awadh/yolobot/install/yolobot_recognition:/home/awadh/yolobot/install/yolobot_gazebo:/home/awadh/yolobot/install/yolobot_description:/home/awadh/yolobot/install/yolobot_control:/home/awadh/test2_ws/install/pcl_object_detection:/home/awadh/zed_ws/install/zed_ros2:/home/awadh/zed_ws/install/zed_robot_integration:/home/awadh/zed_ws/install/zed_multi_camera:/home/awadh/zed_ws/install/zed_display_rviz2:/home/awadh/zed_ws/install/zed_depth_to_laserscan:/home/awadh/zed_ws/install/zed_wrapper:/home/awadh/zed_ws/install/zed_tutorial_video:/home/awadh/zed_ws/install/zed_tutorial_pos_tracking:/home/awadh/zed_ws/install/zed_tutorial_depth:/home/awadh/zed_ws/install/zed_topic_benchmark:/home/awadh/zed_ws/install/zed_topic_benchmark_component:/home/awadh/zed_ws/install/zed_topic_benchmark_interfaces:/home/awadh/zed_ws/install/zed_rgb_convert:/home/awadh/zed_ws/install/zed_aruco_localization:/home/awadh/zed_ws/install/rviz_plugin_zed_od:/home/awadh/ouster_ws/install/ouster_ros:/home/awadh/ouster_ws/install/ouster_sensor_msgs:/home/awadh/ros2_ws/install/my_robot_bringup:/home/awadh/ros2_ws/install/turtlesim_project_cpp:/home/awadh/ros2_ws/install/my_cpp_pkg:/home/awadh/ros2_ws/install/my_robot_interfaces:/home/awadh/gazebo_ws/install/ultralytics_ros2:/home/awadh/ros2_ws/install/turtlesim_catch_them_all:/home/awadh/ros2_ws/install/my_py_pkg:/opt/ros/humble:/home/awadh/sick_tim_ws/install/sick_tim LD_LIBRARY_PATH=/home/awadh/zed_ws/install/zed_components/lib:/home/awadh/zed_ws/install/zed_interfaces/lib:/home/awadh/gazebo_ws/install/yolov8_msgs/lib:/home/awadh/yolobot/install/yolov8_msgs/lib:/home/awadh/test2_ws/install/pcl_object_detection/lib:/home/awadh/zed_ws/install/zed_topic_benchmark_component/lib:/home/awadh/zed_ws/install/zed_topic_benchmark_interfaces/lib:/home/awadh/zed_ws/install/zed_rgb_convert/lib:/home/awadh/zed_ws/install/zed_aruco_localization/lib:/home/awadh/zed_ws/install/rviz_plugin_zed_od/lib:/home/awadh/ouster_ws/install/ouster_ros/lib:/home/awadh/ouster_ws/install/ouster_sensor_msgs/lib:/home/awadh/ros2_ws/install/my_robot_interfaces/lib:/home/awadh/sick_tim_ws/install/sick_tim/lib:/usr/lib/x86_64-linux-gnu/gazebo-11/plugins:/opt/ros/humble/opt/rviz_ogre_vendor/lib:/opt/ros/humble/lib/x86_64-linux-gnu:/opt/ros/humble/lib:/usr/share/gazebo/../../lib/x86_64-linux-gnu/gazebo-11/plugins /usr/bin/cmake --install /home/awadh/zed_ws/build/zed_wrapper
[2.020s] DEBUG:colcon.colcon_core.event_handler.log_command:Invoked command in '/home/awadh/zed_ws/build/zed_rgb_convert' returned '0': CMAKE_PREFIX_PATH=/home/awadh/zed_ws/install/zed_components:/home/awadh/zed_ws/install/zed_interfaces:/home/awadh/gazebo_ws/install/yolov8_msgs:/home/awadh/gazebo_ws/install/yolobot_recognition:/home/awadh/gazebo_ws/install/yolobot_gazebo:/home/awadh/gazebo_ws/install/yolobot_description:/home/awadh/gazebo_ws/install/yolobot_control:/home/awadh/gazebo_ws/install/my_robot_bringup:/home/awadh/gazebo_ws/install/my_robot_description:/home/awadh/yolobot/install/yolov8_msgs:/home/awadh/yolobot/install/yolobot_recognition:/home/awadh/yolobot/install/yolobot_gazebo:/home/awadh/yolobot/install/yolobot_description:/home/awadh/yolobot/install/yolobot_control:/home/awadh/test2_ws/install/pcl_object_detection:/home/awadh/zed_ws/install/zed_ros2:/home/awadh/zed_ws/install/zed_robot_integration:/home/awadh/zed_ws/install/zed_multi_camera:/home/awadh/zed_ws/install/zed_display_rviz2:/home/awadh/zed_ws/install/zed_depth_to_laserscan:/home/awadh/zed_ws/install/zed_wrapper:/home/awadh/zed_ws/install/zed_tutorial_video:/home/awadh/zed_ws/install/zed_tutorial_pos_tracking:/home/awadh/zed_ws/install/zed_tutorial_depth:/home/awadh/zed_ws/install/zed_topic_benchmark:/home/awadh/zed_ws/install/zed_topic_benchmark_component:/home/awadh/zed_ws/install/zed_topic_benchmark_interfaces:/home/awadh/zed_ws/install/zed_rgb_convert:/home/awadh/zed_ws/install/zed_aruco_localization:/home/awadh/zed_ws/install/rviz_plugin_zed_od:/home/awadh/ouster_ws/install/ouster_ros:/home/awadh/ouster_ws/install/ouster_sensor_msgs:/home/awadh/ros2_ws/install/my_robot_bringup:/home/awadh/ros2_ws/install/turtlesim_project_cpp:/home/awadh/ros2_ws/install/my_cpp_pkg:/home/awadh/ros2_ws/install/my_robot_interfaces:/home/awadh/gazebo_ws/install/ultralytics_ros2:/home/awadh/ros2_ws/install/turtlesim_catch_them_all:/home/awadh/ros2_ws/install/my_py_pkg:/opt/ros/humble:/home/awadh/sick_tim_ws/install/sick_tim LD_LIBRARY_PATH=/home/awadh/zed_ws/install/zed_components/lib:/home/awadh/zed_ws/install/zed_interfaces/lib:/home/awadh/gazebo_ws/install/yolov8_msgs/lib:/home/awadh/yolobot/install/yolov8_msgs/lib:/home/awadh/test2_ws/install/pcl_object_detection/lib:/home/awadh/zed_ws/install/zed_topic_benchmark_component/lib:/home/awadh/zed_ws/install/zed_topic_benchmark_interfaces/lib:/home/awadh/zed_ws/install/zed_rgb_convert/lib:/home/awadh/zed_ws/install/zed_aruco_localization/lib:/home/awadh/zed_ws/install/rviz_plugin_zed_od/lib:/home/awadh/ouster_ws/install/ouster_ros/lib:/home/awadh/ouster_ws/install/ouster_sensor_msgs/lib:/home/awadh/ros2_ws/install/my_robot_interfaces/lib:/home/awadh/sick_tim_ws/install/sick_tim/lib:/usr/lib/x86_64-linux-gnu/gazebo-11/plugins:/opt/ros/humble/opt/rviz_ogre_vendor/lib:/opt/ros/humble/lib/x86_64-linux-gnu:/opt/ros/humble/lib:/usr/share/gazebo/../../lib/x86_64-linux-gnu/gazebo-11/plugins /usr/bin/cmake --build /home/awadh/zed_ws/build/zed_rgb_convert -- -j16 -l16
[2.023s] DEBUG:colcon.colcon_core.event_handler.log_command:Invoking command in '/home/awadh/zed_ws/build/zed_aruco_localization': CMAKE_PREFIX_PATH=/home/awadh/zed_ws/install/zed_components:/home/awadh/zed_ws/install/zed_interfaces:/home/awadh/gazebo_ws/install/yolov8_msgs:/home/awadh/gazebo_ws/install/yolobot_recognition:/home/awadh/gazebo_ws/install/yolobot_gazebo:/home/awadh/gazebo_ws/install/yolobot_description:/home/awadh/gazebo_ws/install/yolobot_control:/home/awadh/gazebo_ws/install/my_robot_bringup:/home/awadh/gazebo_ws/install/my_robot_description:/home/awadh/yolobot/install/yolov8_msgs:/home/awadh/yolobot/install/yolobot_recognition:/home/awadh/yolobot/install/yolobot_gazebo:/home/awadh/yolobot/install/yolobot_description:/home/awadh/yolobot/install/yolobot_control:/home/awadh/test2_ws/install/pcl_object_detection:/home/awadh/zed_ws/install/zed_ros2:/home/awadh/zed_ws/install/zed_robot_integration:/home/awadh/zed_ws/install/zed_multi_camera:/home/awadh/zed_ws/install/zed_display_rviz2:/home/awadh/zed_ws/install/zed_depth_to_laserscan:/home/awadh/zed_ws/install/zed_wrapper:/home/awadh/zed_ws/install/zed_tutorial_video:/home/awadh/zed_ws/install/zed_tutorial_pos_tracking:/home/awadh/zed_ws/install/zed_tutorial_depth:/home/awadh/zed_ws/install/zed_topic_benchmark:/home/awadh/zed_ws/install/zed_topic_benchmark_component:/home/awadh/zed_ws/install/zed_topic_benchmark_interfaces:/home/awadh/zed_ws/install/zed_rgb_convert:/home/awadh/zed_ws/install/zed_aruco_localization:/home/awadh/zed_ws/install/rviz_plugin_zed_od:/home/awadh/ouster_ws/install/ouster_ros:/home/awadh/ouster_ws/install/ouster_sensor_msgs:/home/awadh/ros2_ws/install/my_robot_bringup:/home/awadh/ros2_ws/install/turtlesim_project_cpp:/home/awadh/ros2_ws/install/my_cpp_pkg:/home/awadh/ros2_ws/install/my_robot_interfaces:/home/awadh/gazebo_ws/install/ultralytics_ros2:/home/awadh/ros2_ws/install/turtlesim_catch_them_all:/home/awadh/ros2_ws/install/my_py_pkg:/opt/ros/humble:/home/awadh/sick_tim_ws/install/sick_tim LD_LIBRARY_PATH=/home/awadh/zed_ws/install/zed_components/lib:/home/awadh/zed_ws/install/zed_interfaces/lib:/home/awadh/gazebo_ws/install/yolov8_msgs/lib:/home/awadh/yolobot/install/yolov8_msgs/lib:/home/awadh/test2_ws/install/pcl_object_detection/lib:/home/awadh/zed_ws/install/zed_topic_benchmark_component/lib:/home/awadh/zed_ws/install/zed_topic_benchmark_interfaces/lib:/home/awadh/zed_ws/install/zed_rgb_convert/lib:/home/awadh/zed_ws/install/zed_aruco_localization/lib:/home/awadh/zed_ws/install/rviz_plugin_zed_od/lib:/home/awadh/ouster_ws/install/ouster_ros/lib:/home/awadh/ouster_ws/install/ouster_sensor_msgs/lib:/home/awadh/ros2_ws/install/my_robot_interfaces/lib:/home/awadh/sick_tim_ws/install/sick_tim/lib:/usr/lib/x86_64-linux-gnu/gazebo-11/plugins:/opt/ros/humble/opt/rviz_ogre_vendor/lib:/opt/ros/humble/lib/x86_64-linux-gnu:/opt/ros/humble/lib:/usr/share/gazebo/../../lib/x86_64-linux-gnu/gazebo-11/plugins /usr/bin/cmake --install /home/awadh/zed_ws/build/zed_aruco_localization
[2.027s] Level 1:colcon.colcon_core.environment:create_environment_scripts_only(zed_wrapper)
[2.027s] Level 1:colcon.colcon_core.environment:checking '/home/awadh/zed_ws/install/zed_wrapper' for CMake module files
[2.027s] DEBUG:colcon.colcon_core.event_handler.log_command:Invoked command in '/home/awadh/zed_ws/build/zed_wrapper' returned '0': CMAKE_PREFIX_PATH=/home/awadh/zed_ws/install/zed_components:/home/awadh/zed_ws/install/zed_interfaces:/home/awadh/gazebo_ws/install/yolov8_msgs:/home/awadh/gazebo_ws/install/yolobot_recognition:/home/awadh/gazebo_ws/install/yolobot_gazebo:/home/awadh/gazebo_ws/install/yolobot_description:/home/awadh/gazebo_ws/install/yolobot_control:/home/awadh/gazebo_ws/install/my_robot_bringup:/home/awadh/gazebo_ws/install/my_robot_description:/home/awadh/yolobot/install/yolov8_msgs:/home/awadh/yolobot/install/yolobot_recognition:/home/awadh/yolobot/install/yolobot_gazebo:/home/awadh/yolobot/install/yolobot_description:/home/awadh/yolobot/install/yolobot_control:/home/awadh/test2_ws/install/pcl_object_detection:/home/awadh/zed_ws/install/zed_ros2:/home/awadh/zed_ws/install/zed_robot_integration:/home/awadh/zed_ws/install/zed_multi_camera:/home/awadh/zed_ws/install/zed_display_rviz2:/home/awadh/zed_ws/install/zed_depth_to_laserscan:/home/awadh/zed_ws/install/zed_wrapper:/home/awadh/zed_ws/install/zed_tutorial_video:/home/awadh/zed_ws/install/zed_tutorial_pos_tracking:/home/awadh/zed_ws/install/zed_tutorial_depth:/home/awadh/zed_ws/install/zed_topic_benchmark:/home/awadh/zed_ws/install/zed_topic_benchmark_component:/home/awadh/zed_ws/install/zed_topic_benchmark_interfaces:/home/awadh/zed_ws/install/zed_rgb_convert:/home/awadh/zed_ws/install/zed_aruco_localization:/home/awadh/zed_ws/install/rviz_plugin_zed_od:/home/awadh/ouster_ws/install/ouster_ros:/home/awadh/ouster_ws/install/ouster_sensor_msgs:/home/awadh/ros2_ws/install/my_robot_bringup:/home/awadh/ros2_ws/install/turtlesim_project_cpp:/home/awadh/ros2_ws/install/my_cpp_pkg:/home/awadh/ros2_ws/install/my_robot_interfaces:/home/awadh/gazebo_ws/install/ultralytics_ros2:/home/awadh/ros2_ws/install/turtlesim_catch_them_all:/home/awadh/ros2_ws/install/my_py_pkg:/opt/ros/humble:/home/awadh/sick_tim_ws/install/sick_tim LD_LIBRARY_PATH=/home/awadh/zed_ws/install/zed_components/lib:/home/awadh/zed_ws/install/zed_interfaces/lib:/home/awadh/gazebo_ws/install/yolov8_msgs/lib:/home/awadh/yolobot/install/yolov8_msgs/lib:/home/awadh/test2_ws/install/pcl_object_detection/lib:/home/awadh/zed_ws/install/zed_topic_benchmark_component/lib:/home/awadh/zed_ws/install/zed_topic_benchmark_interfaces/lib:/home/awadh/zed_ws/install/zed_rgb_convert/lib:/home/awadh/zed_ws/install/zed_aruco_localization/lib:/home/awadh/zed_ws/install/rviz_plugin_zed_od/lib:/home/awadh/ouster_ws/install/ouster_ros/lib:/home/awadh/ouster_ws/install/ouster_sensor_msgs/lib:/home/awadh/ros2_ws/install/my_robot_interfaces/lib:/home/awadh/sick_tim_ws/install/sick_tim/lib:/usr/lib/x86_64-linux-gnu/gazebo-11/plugins:/opt/ros/humble/opt/rviz_ogre_vendor/lib:/opt/ros/humble/lib/x86_64-linux-gnu:/opt/ros/humble/lib:/usr/share/gazebo/../../lib/x86_64-linux-gnu/gazebo-11/plugins /usr/bin/cmake --install /home/awadh/zed_ws/build/zed_wrapper
[2.028s] Level 1:colcon.colcon_core.environment:checking '/home/awadh/zed_ws/install/zed_wrapper' for CMake config files
[2.028s] Level 1:colcon.colcon_core.shell:create_environment_hook('zed_wrapper', 'cmake_prefix_path')
[2.029s] INFO:colcon.colcon_core.shell:Creating environment hook '/home/awadh/zed_ws/install/zed_wrapper/share/zed_wrapper/hook/cmake_prefix_path.ps1'
[2.029s] INFO:colcon.colcon_core.shell:Creating environment descriptor '/home/awadh/zed_ws/install/zed_wrapper/share/zed_wrapper/hook/cmake_prefix_path.dsv'
[2.029s] INFO:colcon.colcon_core.shell:Creating environment hook '/home/awadh/zed_ws/install/zed_wrapper/share/zed_wrapper/hook/cmake_prefix_path.sh'
[2.030s] Level 1:colcon.colcon_core.environment:checking '/home/awadh/zed_ws/install/zed_wrapper/lib'
[2.030s] Level 1:colcon.colcon_core.environment:checking '/home/awadh/zed_ws/install/zed_wrapper/bin'
[2.030s] Level 1:colcon.colcon_core.environment:checking '/home/awadh/zed_ws/install/zed_wrapper/lib/pkgconfig/zed_wrapper.pc'
[2.030s] Level 1:colcon.colcon_core.environment:checking '/home/awadh/zed_ws/install/zed_wrapper/lib/python3.10/site-packages'
[2.030s] Level 1:colcon.colcon_core.environment:checking '/home/awadh/zed_ws/install/zed_wrapper/bin'
[2.030s] INFO:colcon.colcon_core.shell:Creating package script '/home/awadh/zed_ws/install/zed_wrapper/share/zed_wrapper/package.ps1'
[2.031s] INFO:colcon.colcon_core.shell:Creating package descriptor '/home/awadh/zed_ws/install/zed_wrapper/share/zed_wrapper/package.dsv'
[2.032s] INFO:colcon.colcon_core.shell:Creating package script '/home/awadh/zed_ws/install/zed_wrapper/share/zed_wrapper/package.sh'
[2.033s] INFO:colcon.colcon_core.shell:Creating package script '/home/awadh/zed_ws/install/zed_wrapper/share/zed_wrapper/package.bash'
[2.033s] INFO:colcon.colcon_core.shell:Creating package script '/home/awadh/zed_ws/install/zed_wrapper/share/zed_wrapper/package.zsh'
[2.033s] Level 1:colcon.colcon_core.environment:create_file_with_runtime_dependencies(/home/awadh/zed_ws/install/zed_wrapper/share/colcon-core/packages/zed_wrapper)
[2.034s] Level 1:colcon.colcon_core.environment:create_environment_scripts_only(zed_aruco_localization)
[2.034s] Level 1:colcon.colcon_core.environment:checking '/home/awadh/zed_ws/install/zed_aruco_localization' for CMake module files
[2.035s] DEBUG:colcon.colcon_core.event_handler.log_command:Invoked command in '/home/awadh/zed_ws/build/zed_aruco_localization' returned '0': CMAKE_PREFIX_PATH=/home/awadh/zed_ws/install/zed_components:/home/awadh/zed_ws/install/zed_interfaces:/home/awadh/gazebo_ws/install/yolov8_msgs:/home/awadh/gazebo_ws/install/yolobot_recognition:/home/awadh/gazebo_ws/install/yolobot_gazebo:/home/awadh/gazebo_ws/install/yolobot_description:/home/awadh/gazebo_ws/install/yolobot_control:/home/awadh/gazebo_ws/install/my_robot_bringup:/home/awadh/gazebo_ws/install/my_robot_description:/home/awadh/yolobot/install/yolov8_msgs:/home/awadh/yolobot/install/yolobot_recognition:/home/awadh/yolobot/install/yolobot_gazebo:/home/awadh/yolobot/install/yolobot_description:/home/awadh/yolobot/install/yolobot_control:/home/awadh/test2_ws/install/pcl_object_detection:/home/awadh/zed_ws/install/zed_ros2:/home/awadh/zed_ws/install/zed_robot_integration:/home/awadh/zed_ws/install/zed_multi_camera:/home/awadh/zed_ws/install/zed_display_rviz2:/home/awadh/zed_ws/install/zed_depth_to_laserscan:/home/awadh/zed_ws/install/zed_wrapper:/home/awadh/zed_ws/install/zed_tutorial_video:/home/awadh/zed_ws/install/zed_tutorial_pos_tracking:/home/awadh/zed_ws/install/zed_tutorial_depth:/home/awadh/zed_ws/install/zed_topic_benchmark:/home/awadh/zed_ws/install/zed_topic_benchmark_component:/home/awadh/zed_ws/install/zed_topic_benchmark_interfaces:/home/awadh/zed_ws/install/zed_rgb_convert:/home/awadh/zed_ws/install/zed_aruco_localization:/home/awadh/zed_ws/install/rviz_plugin_zed_od:/home/awadh/ouster_ws/install/ouster_ros:/home/awadh/ouster_ws/install/ouster_sensor_msgs:/home/awadh/ros2_ws/install/my_robot_bringup:/home/awadh/ros2_ws/install/turtlesim_project_cpp:/home/awadh/ros2_ws/install/my_cpp_pkg:/home/awadh/ros2_ws/install/my_robot_interfaces:/home/awadh/gazebo_ws/install/ultralytics_ros2:/home/awadh/ros2_ws/install/turtlesim_catch_them_all:/home/awadh/ros2_ws/install/my_py_pkg:/opt/ros/humble:/home/awadh/sick_tim_ws/install/sick_tim LD_LIBRARY_PATH=/home/awadh/zed_ws/install/zed_components/lib:/home/awadh/zed_ws/install/zed_interfaces/lib:/home/awadh/gazebo_ws/install/yolov8_msgs/lib:/home/awadh/yolobot/install/yolov8_msgs/lib:/home/awadh/test2_ws/install/pcl_object_detection/lib:/home/awadh/zed_ws/install/zed_topic_benchmark_component/lib:/home/awadh/zed_ws/install/zed_topic_benchmark_interfaces/lib:/home/awadh/zed_ws/install/zed_rgb_convert/lib:/home/awadh/zed_ws/install/zed_aruco_localization/lib:/home/awadh/zed_ws/install/rviz_plugin_zed_od/lib:/home/awadh/ouster_ws/install/ouster_ros/lib:/home/awadh/ouster_ws/install/ouster_sensor_msgs/lib:/home/awadh/ros2_ws/install/my_robot_interfaces/lib:/home/awadh/sick_tim_ws/install/sick_tim/lib:/usr/lib/x86_64-linux-gnu/gazebo-11/plugins:/opt/ros/humble/opt/rviz_ogre_vendor/lib:/opt/ros/humble/lib/x86_64-linux-gnu:/opt/ros/humble/lib:/usr/share/gazebo/../../lib/x86_64-linux-gnu/gazebo-11/plugins /usr/bin/cmake --install /home/awadh/zed_ws/build/zed_aruco_localization
[2.035s] Level 1:colcon.colcon_core.environment:checking '/home/awadh/zed_ws/install/zed_aruco_localization' for CMake config files
[2.036s] Level 1:colcon.colcon_core.shell:create_environment_hook('zed_aruco_localization', 'cmake_prefix_path')
[2.036s] INFO:colcon.colcon_core.shell:Creating environment hook '/home/awadh/zed_ws/install/zed_aruco_localization/share/zed_aruco_localization/hook/cmake_prefix_path.ps1'
[2.036s] INFO:colcon.colcon_core.shell:Creating environment descriptor '/home/awadh/zed_ws/install/zed_aruco_localization/share/zed_aruco_localization/hook/cmake_prefix_path.dsv'
[2.036s] INFO:colcon.colcon_core.shell:Creating environment hook '/home/awadh/zed_ws/install/zed_aruco_localization/share/zed_aruco_localization/hook/cmake_prefix_path.sh'
[2.036s] Level 1:colcon.colcon_core.environment:checking '/home/awadh/zed_ws/install/zed_aruco_localization/lib'
[2.036s] Level 1:colcon.colcon_core.shell:create_environment_hook('zed_aruco_localization', 'ld_library_path_lib')
[2.037s] INFO:colcon.colcon_core.shell:Creating environment hook '/home/awadh/zed_ws/install/zed_aruco_localization/share/zed_aruco_localization/hook/ld_library_path_lib.ps1'
[2.037s] INFO:colcon.colcon_core.shell:Creating environment descriptor '/home/awadh/zed_ws/install/zed_aruco_localization/share/zed_aruco_localization/hook/ld_library_path_lib.dsv'
[2.037s] INFO:colcon.colcon_core.shell:Creating environment hook '/home/awadh/zed_ws/install/zed_aruco_localization/share/zed_aruco_localization/hook/ld_library_path_lib.sh'
[2.037s] Level 1:colcon.colcon_core.environment:checking '/home/awadh/zed_ws/install/zed_aruco_localization/bin'
[2.037s] Level 1:colcon.colcon_core.environment:checking '/home/awadh/zed_ws/install/zed_aruco_localization/lib/pkgconfig/zed_aruco_localization.pc'
[2.038s] Level 1:colcon.colcon_core.environment:checking '/home/awadh/zed_ws/install/zed_aruco_localization/lib/python3.10/site-packages'
[2.038s] Level 1:colcon.colcon_core.environment:checking '/home/awadh/zed_ws/install/zed_aruco_localization/bin'
[2.038s] INFO:colcon.colcon_core.shell:Creating package script '/home/awadh/zed_ws/install/zed_aruco_localization/share/zed_aruco_localization/package.ps1'
[2.038s] INFO:colcon.colcon_core.shell:Creating package descriptor '/home/awadh/zed_ws/install/zed_aruco_localization/share/zed_aruco_localization/package.dsv'
[2.038s] INFO:colcon.colcon_core.shell:Creating package script '/home/awadh/zed_ws/install/zed_aruco_localization/share/zed_aruco_localization/package.sh'
[2.039s] INFO:colcon.colcon_core.shell:Creating package script '/home/awadh/zed_ws/install/zed_aruco_localization/share/zed_aruco_localization/package.bash'
[2.039s] INFO:colcon.colcon_core.shell:Creating package script '/home/awadh/zed_ws/install/zed_aruco_localization/share/zed_aruco_localization/package.zsh'
[2.039s] Level 1:colcon.colcon_core.environment:create_file_with_runtime_dependencies(/home/awadh/zed_ws/install/zed_aruco_localization/share/colcon-core/packages/zed_aruco_localization)
[2.049s] DEBUG:colcon.colcon_core.event_handler.log_command:Invoking command in '/home/awadh/zed_ws/build/zed_rgb_convert': CMAKE_PREFIX_PATH=/home/awadh/zed_ws/install/zed_components:/home/awadh/zed_ws/install/zed_interfaces:/home/awadh/gazebo_ws/install/yolov8_msgs:/home/awadh/gazebo_ws/install/yolobot_recognition:/home/awadh/gazebo_ws/install/yolobot_gazebo:/home/awadh/gazebo_ws/install/yolobot_description:/home/awadh/gazebo_ws/install/yolobot_control:/home/awadh/gazebo_ws/install/my_robot_bringup:/home/awadh/gazebo_ws/install/my_robot_description:/home/awadh/yolobot/install/yolov8_msgs:/home/awadh/yolobot/install/yolobot_recognition:/home/awadh/yolobot/install/yolobot_gazebo:/home/awadh/yolobot/install/yolobot_description:/home/awadh/yolobot/install/yolobot_control:/home/awadh/test2_ws/install/pcl_object_detection:/home/awadh/zed_ws/install/zed_ros2:/home/awadh/zed_ws/install/zed_robot_integration:/home/awadh/zed_ws/install/zed_multi_camera:/home/awadh/zed_ws/install/zed_display_rviz2:/home/awadh/zed_ws/install/zed_depth_to_laserscan:/home/awadh/zed_ws/install/zed_wrapper:/home/awadh/zed_ws/install/zed_tutorial_video:/home/awadh/zed_ws/install/zed_tutorial_pos_tracking:/home/awadh/zed_ws/install/zed_tutorial_depth:/home/awadh/zed_ws/install/zed_topic_benchmark:/home/awadh/zed_ws/install/zed_topic_benchmark_component:/home/awadh/zed_ws/install/zed_topic_benchmark_interfaces:/home/awadh/zed_ws/install/zed_rgb_convert:/home/awadh/zed_ws/install/zed_aruco_localization:/home/awadh/zed_ws/install/rviz_plugin_zed_od:/home/awadh/ouster_ws/install/ouster_ros:/home/awadh/ouster_ws/install/ouster_sensor_msgs:/home/awadh/ros2_ws/install/my_robot_bringup:/home/awadh/ros2_ws/install/turtlesim_project_cpp:/home/awadh/ros2_ws/install/my_cpp_pkg:/home/awadh/ros2_ws/install/my_robot_interfaces:/home/awadh/gazebo_ws/install/ultralytics_ros2:/home/awadh/ros2_ws/install/turtlesim_catch_them_all:/home/awadh/ros2_ws/install/my_py_pkg:/opt/ros/humble:/home/awadh/sick_tim_ws/install/sick_tim LD_LIBRARY_PATH=/home/awadh/zed_ws/install/zed_components/lib:/home/awadh/zed_ws/install/zed_interfaces/lib:/home/awadh/gazebo_ws/install/yolov8_msgs/lib:/home/awadh/yolobot/install/yolov8_msgs/lib:/home/awadh/test2_ws/install/pcl_object_detection/lib:/home/awadh/zed_ws/install/zed_topic_benchmark_component/lib:/home/awadh/zed_ws/install/zed_topic_benchmark_interfaces/lib:/home/awadh/zed_ws/install/zed_rgb_convert/lib:/home/awadh/zed_ws/install/zed_aruco_localization/lib:/home/awadh/zed_ws/install/rviz_plugin_zed_od/lib:/home/awadh/ouster_ws/install/ouster_ros/lib:/home/awadh/ouster_ws/install/ouster_sensor_msgs/lib:/home/awadh/ros2_ws/install/my_robot_interfaces/lib:/home/awadh/sick_tim_ws/install/sick_tim/lib:/usr/lib/x86_64-linux-gnu/gazebo-11/plugins:/opt/ros/humble/opt/rviz_ogre_vendor/lib:/opt/ros/humble/lib/x86_64-linux-gnu:/opt/ros/humble/lib:/usr/share/gazebo/../../lib/x86_64-linux-gnu/gazebo-11/plugins /usr/bin/cmake --install /home/awadh/zed_ws/build/zed_rgb_convert
[2.059s] Level 1:colcon.colcon_core.environment:create_environment_scripts_only(zed_rgb_convert)
[2.059s] Level 1:colcon.colcon_core.environment:checking '/home/awadh/zed_ws/install/zed_rgb_convert' for CMake module files
[2.060s] DEBUG:colcon.colcon_core.event_handler.log_command:Invoked command in '/home/awadh/zed_ws/build/zed_rgb_convert' returned '0': CMAKE_PREFIX_PATH=/home/awadh/zed_ws/install/zed_components:/home/awadh/zed_ws/install/zed_interfaces:/home/awadh/gazebo_ws/install/yolov8_msgs:/home/awadh/gazebo_ws/install/yolobot_recognition:/home/awadh/gazebo_ws/install/yolobot_gazebo:/home/awadh/gazebo_ws/install/yolobot_description:/home/awadh/gazebo_ws/install/yolobot_control:/home/awadh/gazebo_ws/install/my_robot_bringup:/home/awadh/gazebo_ws/install/my_robot_description:/home/awadh/yolobot/install/yolov8_msgs:/home/awadh/yolobot/install/yolobot_recognition:/home/awadh/yolobot/install/yolobot_gazebo:/home/awadh/yolobot/install/yolobot_description:/home/awadh/yolobot/install/yolobot_control:/home/awadh/test2_ws/install/pcl_object_detection:/home/awadh/zed_ws/install/zed_ros2:/home/awadh/zed_ws/install/zed_robot_integration:/home/awadh/zed_ws/install/zed_multi_camera:/home/awadh/zed_ws/install/zed_display_rviz2:/home/awadh/zed_ws/install/zed_depth_to_laserscan:/home/awadh/zed_ws/install/zed_wrapper:/home/awadh/zed_ws/install/zed_tutorial_video:/home/awadh/zed_ws/install/zed_tutorial_pos_tracking:/home/awadh/zed_ws/install/zed_tutorial_depth:/home/awadh/zed_ws/install/zed_topic_benchmark:/home/awadh/zed_ws/install/zed_topic_benchmark_component:/home/awadh/zed_ws/install/zed_topic_benchmark_interfaces:/home/awadh/zed_ws/install/zed_rgb_convert:/home/awadh/zed_ws/install/zed_aruco_localization:/home/awadh/zed_ws/install/rviz_plugin_zed_od:/home/awadh/ouster_ws/install/ouster_ros:/home/awadh/ouster_ws/install/ouster_sensor_msgs:/home/awadh/ros2_ws/install/my_robot_bringup:/home/awadh/ros2_ws/install/turtlesim_project_cpp:/home/awadh/ros2_ws/install/my_cpp_pkg:/home/awadh/ros2_ws/install/my_robot_interfaces:/home/awadh/gazebo_ws/install/ultralytics_ros2:/home/awadh/ros2_ws/install/turtlesim_catch_them_all:/home/awadh/ros2_ws/install/my_py_pkg:/opt/ros/humble:/home/awadh/sick_tim_ws/install/sick_tim LD_LIBRARY_PATH=/home/awadh/zed_ws/install/zed_components/lib:/home/awadh/zed_ws/install/zed_interfaces/lib:/home/awadh/gazebo_ws/install/yolov8_msgs/lib:/home/awadh/yolobot/install/yolov8_msgs/lib:/home/awadh/test2_ws/install/pcl_object_detection/lib:/home/awadh/zed_ws/install/zed_topic_benchmark_component/lib:/home/awadh/zed_ws/install/zed_topic_benchmark_interfaces/lib:/home/awadh/zed_ws/install/zed_rgb_convert/lib:/home/awadh/zed_ws/install/zed_aruco_localization/lib:/home/awadh/zed_ws/install/rviz_plugin_zed_od/lib:/home/awadh/ouster_ws/install/ouster_ros/lib:/home/awadh/ouster_ws/install/ouster_sensor_msgs/lib:/home/awadh/ros2_ws/install/my_robot_interfaces/lib:/home/awadh/sick_tim_ws/install/sick_tim/lib:/usr/lib/x86_64-linux-gnu/gazebo-11/plugins:/opt/ros/humble/opt/rviz_ogre_vendor/lib:/opt/ros/humble/lib/x86_64-linux-gnu:/opt/ros/humble/lib:/usr/share/gazebo/../../lib/x86_64-linux-gnu/gazebo-11/plugins /usr/bin/cmake --install /home/awadh/zed_ws/build/zed_rgb_convert
[2.060s] Level 1:colcon.colcon_core.environment:checking '/home/awadh/zed_ws/install/zed_rgb_convert' for CMake config files
[2.060s] Level 1:colcon.colcon_core.shell:create_environment_hook('zed_rgb_convert', 'cmake_prefix_path')
[2.061s] INFO:colcon.colcon_core.shell:Creating environment hook '/home/awadh/zed_ws/install/zed_rgb_convert/share/zed_rgb_convert/hook/cmake_prefix_path.ps1'
[2.061s] INFO:colcon.colcon_core.shell:Creating environment descriptor '/home/awadh/zed_ws/install/zed_rgb_convert/share/zed_rgb_convert/hook/cmake_prefix_path.dsv'
[2.061s] INFO:colcon.colcon_core.shell:Creating environment hook '/home/awadh/zed_ws/install/zed_rgb_convert/share/zed_rgb_convert/hook/cmake_prefix_path.sh'
[2.061s] Level 1:colcon.colcon_core.environment:checking '/home/awadh/zed_ws/install/zed_rgb_convert/lib'
[2.061s] Level 1:colcon.colcon_core.shell:create_environment_hook('zed_rgb_convert', 'ld_library_path_lib')
[2.062s] INFO:colcon.colcon_core.shell:Creating environment hook '/home/awadh/zed_ws/install/zed_rgb_convert/share/zed_rgb_convert/hook/ld_library_path_lib.ps1'
[2.062s] INFO:colcon.colcon_core.shell:Creating environment descriptor '/home/awadh/zed_ws/install/zed_rgb_convert/share/zed_rgb_convert/hook/ld_library_path_lib.dsv'
[2.062s] INFO:colcon.colcon_core.shell:Creating environment hook '/home/awadh/zed_ws/install/zed_rgb_convert/share/zed_rgb_convert/hook/ld_library_path_lib.sh'
[2.062s] Level 1:colcon.colcon_core.environment:checking '/home/awadh/zed_ws/install/zed_rgb_convert/bin'
[2.062s] Level 1:colcon.colcon_core.environment:checking '/home/awadh/zed_ws/install/zed_rgb_convert/lib/pkgconfig/zed_rgb_convert.pc'
[2.062s] Level 1:colcon.colcon_core.environment:checking '/home/awadh/zed_ws/install/zed_rgb_convert/lib/python3.10/site-packages'
[2.062s] Level 1:colcon.colcon_core.environment:checking '/home/awadh/zed_ws/install/zed_rgb_convert/bin'
[2.063s] INFO:colcon.colcon_core.shell:Creating package script '/home/awadh/zed_ws/install/zed_rgb_convert/share/zed_rgb_convert/package.ps1'
[2.063s] INFO:colcon.colcon_core.shell:Creating package descriptor '/home/awadh/zed_ws/install/zed_rgb_convert/share/zed_rgb_convert/package.dsv'
[2.063s] INFO:colcon.colcon_core.shell:Creating package script '/home/awadh/zed_ws/install/zed_rgb_convert/share/zed_rgb_convert/package.sh'
[2.063s] INFO:colcon.colcon_core.shell:Creating package script '/home/awadh/zed_ws/install/zed_rgb_convert/share/zed_rgb_convert/package.bash'
[2.064s] INFO:colcon.colcon_core.shell:Creating package script '/home/awadh/zed_ws/install/zed_rgb_convert/share/zed_rgb_convert/package.zsh'
[2.064s] Level 1:colcon.colcon_core.environment:create_file_with_runtime_dependencies(/home/awadh/zed_ws/install/zed_rgb_convert/share/colcon-core/packages/zed_rgb_convert)
[2.065s] Level 1:colcon.colcon_core.environment:create_environment_scripts_only(zed_wrapper)
[2.065s] Level 1:colcon.colcon_core.environment:checking '/home/awadh/zed_ws/install/zed_wrapper' for CMake module files
[2.065s] Level 1:colcon.colcon_core.environment:checking '/home/awadh/zed_ws/install/zed_wrapper' for CMake config files
[2.065s] Level 1:colcon.colcon_core.shell:create_environment_hook('zed_wrapper', 'cmake_prefix_path')
[2.065s] INFO:colcon.colcon_core.shell:Creating environment hook '/home/awadh/zed_ws/install/zed_wrapper/share/zed_wrapper/hook/cmake_prefix_path.ps1'
[2.066s] INFO:colcon.colcon_core.shell:Creating environment descriptor '/home/awadh/zed_ws/install/zed_wrapper/share/zed_wrapper/hook/cmake_prefix_path.dsv'
[2.066s] INFO:colcon.colcon_core.shell:Creating environment hook '/home/awadh/zed_ws/install/zed_wrapper/share/zed_wrapper/hook/cmake_prefix_path.sh'
[2.066s] Level 1:colcon.colcon_core.environment:checking '/home/awadh/zed_ws/install/zed_wrapper/lib'
[2.066s] Level 1:colcon.colcon_core.environment:checking '/home/awadh/zed_ws/install/zed_wrapper/bin'
[2.066s] Level 1:colcon.colcon_core.environment:checking '/home/awadh/zed_ws/install/zed_wrapper/lib/pkgconfig/zed_wrapper.pc'
[2.066s] Level 1:colcon.colcon_core.environment:checking '/home/awadh/zed_ws/install/zed_wrapper/lib/python3.10/site-packages'
[2.067s] Level 1:colcon.colcon_core.environment:checking '/home/awadh/zed_ws/install/zed_wrapper/bin'
[2.067s] INFO:colcon.colcon_core.shell:Creating package script '/home/awadh/zed_ws/install/zed_wrapper/share/zed_wrapper/package.ps1'
[2.067s] INFO:colcon.colcon_core.shell:Creating package descriptor '/home/awadh/zed_ws/install/zed_wrapper/share/zed_wrapper/package.dsv'
[2.067s] INFO:colcon.colcon_core.shell:Creating package script '/home/awadh/zed_ws/install/zed_wrapper/share/zed_wrapper/package.sh'
[2.068s] INFO:colcon.colcon_core.shell:Creating package script '/home/awadh/zed_ws/install/zed_wrapper/share/zed_wrapper/package.bash'
[2.068s] INFO:colcon.colcon_core.shell:Creating package script '/home/awadh/zed_ws/install/zed_wrapper/share/zed_wrapper/package.zsh'
[2.068s] Level 1:colcon.colcon_core.environment:create_file_with_runtime_dependencies(/home/awadh/zed_ws/install/zed_wrapper/share/colcon-core/packages/zed_wrapper)
[2.069s] INFO:colcon.colcon_ros.task.ament_cmake.build:Building ROS package in '/home/awadh/zed_ws/src/zed-ros2-examples/examples/zed_depth_to_laserscan' with build type 'ament_cmake'
[2.069s] INFO:colcon.colcon_cmake.task.cmake.build:Building CMake package in '/home/awadh/zed_ws/src/zed-ros2-examples/examples/zed_depth_to_laserscan'
[2.069s] INFO:colcon.colcon_core.shell:Skip shell extension 'powershell' for command environment: Not usable outside of PowerShell
[2.069s] DEBUG:colcon.colcon_core.shell:Skip shell extension 'dsv' for command environment
[2.074s] INFO:colcon.colcon_ros.task.ament_cmake.build:Building ROS package in '/home/awadh/zed_ws/src/zed-ros2-examples/zed_display_rviz2' with build type 'ament_cmake'
[2.074s] INFO:colcon.colcon_cmake.task.cmake.build:Building CMake package in '/home/awadh/zed_ws/src/zed-ros2-examples/zed_display_rviz2'
[2.074s] INFO:colcon.colcon_core.shell:Skip shell extension 'powershell' for command environment: Not usable outside of PowerShell
[2.074s] DEBUG:colcon.colcon_core.shell:Skip shell extension 'dsv' for command environment
[2.080s] INFO:colcon.colcon_ros.task.ament_cmake.build:Building ROS package in '/home/awadh/zed_ws/src/zed-ros2-examples/tutorials/zed_multi_camera' with build type 'ament_cmake'
[2.080s] INFO:colcon.colcon_cmake.task.cmake.build:Building CMake package in '/home/awadh/zed_ws/src/zed-ros2-examples/tutorials/zed_multi_camera'
[2.080s] INFO:colcon.colcon_core.shell:Skip shell extension 'powershell' for command environment: Not usable outside of PowerShell
[2.080s] DEBUG:colcon.colcon_core.shell:Skip shell extension 'dsv' for command environment
[2.085s] INFO:colcon.colcon_ros.task.ament_cmake.build:Building ROS package in '/home/awadh/zed_ws/src/zed-ros2-examples/tutorials/zed_robot_integration' with build type 'ament_cmake'
[2.085s] INFO:colcon.colcon_cmake.task.cmake.build:Building CMake package in '/home/awadh/zed_ws/src/zed-ros2-examples/tutorials/zed_robot_integration'
[2.085s] INFO:colcon.colcon_core.shell:Skip shell extension 'powershell' for command environment: Not usable outside of PowerShell
[2.085s] DEBUG:colcon.colcon_core.shell:Skip shell extension 'dsv' for command environment
[2.090s] INFO:colcon.colcon_ros.task.ament_cmake.build:Building ROS package in '/home/awadh/zed_ws/src/zed-ros2-wrapper/zed_ros2' with build type 'ament_cmake'
[2.090s] INFO:colcon.colcon_cmake.task.cmake.build:Building CMake package in '/home/awadh/zed_ws/src/zed-ros2-wrapper/zed_ros2'
[2.090s] INFO:colcon.colcon_core.shell:Skip shell extension 'powershell' for command environment: Not usable outside of PowerShell
[2.090s] DEBUG:colcon.colcon_core.shell:Skip shell extension 'dsv' for command environment
[2.096s] Level 1:colcon.colcon_core.environment:create_environment_scripts_only(zed_aruco_localization)
[2.096s] Level 1:colcon.colcon_core.environment:checking '/home/awadh/zed_ws/install/zed_aruco_localization' for CMake module files
[2.096s] Level 1:colcon.colcon_core.environment:checking '/home/awadh/zed_ws/install/zed_aruco_localization' for CMake config files
[2.097s] Level 1:colcon.colcon_core.shell:create_environment_hook('zed_aruco_localization', 'cmake_prefix_path')
[2.097s] INFO:colcon.colcon_core.shell:Creating environment hook '/home/awadh/zed_ws/install/zed_aruco_localization/share/zed_aruco_localization/hook/cmake_prefix_path.ps1'
[2.097s] INFO:colcon.colcon_core.shell:Creating environment descriptor '/home/awadh/zed_ws/install/zed_aruco_localization/share/zed_aruco_localization/hook/cmake_prefix_path.dsv'
[2.097s] INFO:colcon.colcon_core.shell:Creating environment hook '/home/awadh/zed_ws/install/zed_aruco_localization/share/zed_aruco_localization/hook/cmake_prefix_path.sh'
[2.097s] Level 1:colcon.colcon_core.environment:checking '/home/awadh/zed_ws/install/zed_aruco_localization/lib'
[2.097s] Level 1:colcon.colcon_core.shell:create_environment_hook('zed_aruco_localization', 'ld_library_path_lib')
[2.098s] INFO:colcon.colcon_core.shell:Creating environment hook '/home/awadh/zed_ws/install/zed_aruco_localization/share/zed_aruco_localization/hook/ld_library_path_lib.ps1'
[2.098s] INFO:colcon.colcon_core.shell:Creating environment descriptor '/home/awadh/zed_ws/install/zed_aruco_localization/share/zed_aruco_localization/hook/ld_library_path_lib.dsv'
[2.098s] INFO:colcon.colcon_core.shell:Creating environment hook '/home/awadh/zed_ws/install/zed_aruco_localization/share/zed_aruco_localization/hook/ld_library_path_lib.sh'
[2.098s] Level 1:colcon.colcon_core.environment:checking '/home/awadh/zed_ws/install/zed_aruco_localization/bin'
[2.098s] Level 1:colcon.colcon_core.environment:checking '/home/awadh/zed_ws/install/zed_aruco_localization/lib/pkgconfig/zed_aruco_localization.pc'
[2.098s] Level 1:colcon.colcon_core.environment:checking '/home/awadh/zed_ws/install/zed_aruco_localization/lib/python3.10/site-packages'
[2.098s] Level 1:colcon.colcon_core.environment:checking '/home/awadh/zed_ws/install/zed_aruco_localization/bin'
[2.099s] INFO:colcon.colcon_core.shell:Creating package script '/home/awadh/zed_ws/install/zed_aruco_localization/share/zed_aruco_localization/package.ps1'
[2.099s] INFO:colcon.colcon_core.shell:Creating package descriptor '/home/awadh/zed_ws/install/zed_aruco_localization/share/zed_aruco_localization/package.dsv'
[2.099s] INFO:colcon.colcon_core.shell:Creating package script '/home/awadh/zed_ws/install/zed_aruco_localization/share/zed_aruco_localization/package.sh'
[2.099s] INFO:colcon.colcon_core.shell:Creating package script '/home/awadh/zed_ws/install/zed_aruco_localization/share/zed_aruco_localization/package.bash'
[2.100s] INFO:colcon.colcon_core.shell:Creating package script '/home/awadh/zed_ws/install/zed_aruco_localization/share/zed_aruco_localization/package.zsh'
[2.100s] Level 1:colcon.colcon_core.environment:create_file_with_runtime_dependencies(/home/awadh/zed_ws/install/zed_aruco_localization/share/colcon-core/packages/zed_aruco_localization)
[2.100s] Level 1:colcon.colcon_core.environment:create_environment_scripts_only(zed_rgb_convert)
[2.101s] Level 1:colcon.colcon_core.environment:checking '/home/awadh/zed_ws/install/zed_rgb_convert' for CMake module files
[2.101s] Level 1:colcon.colcon_core.environment:checking '/home/awadh/zed_ws/install/zed_rgb_convert' for CMake config files
[2.101s] Level 1:colcon.colcon_core.shell:create_environment_hook('zed_rgb_convert', 'cmake_prefix_path')
[2.101s] INFO:colcon.colcon_core.shell:Creating environment hook '/home/awadh/zed_ws/install/zed_rgb_convert/share/zed_rgb_convert/hook/cmake_prefix_path.ps1'
[2.101s] INFO:colcon.colcon_core.shell:Creating environment descriptor '/home/awadh/zed_ws/install/zed_rgb_convert/share/zed_rgb_convert/hook/cmake_prefix_path.dsv'
[2.102s] INFO:colcon.colcon_core.shell:Creating environment hook '/home/awadh/zed_ws/install/zed_rgb_convert/share/zed_rgb_convert/hook/cmake_prefix_path.sh'
[2.102s] Level 1:colcon.colcon_core.environment:checking '/home/awadh/zed_ws/install/zed_rgb_convert/lib'
[2.102s] Level 1:colcon.colcon_core.shell:create_environment_hook('zed_rgb_convert', 'ld_library_path_lib')
[2.102s] INFO:colcon.colcon_core.shell:Creating environment hook '/home/awadh/zed_ws/install/zed_rgb_convert/share/zed_rgb_convert/hook/ld_library_path_lib.ps1'
[2.102s] INFO:colcon.colcon_core.shell:Creating environment descriptor '/home/awadh/zed_ws/install/zed_rgb_convert/share/zed_rgb_convert/hook/ld_library_path_lib.dsv'
[2.102s] INFO:colcon.colcon_core.shell:Creating environment hook '/home/awadh/zed_ws/install/zed_rgb_convert/share/zed_rgb_convert/hook/ld_library_path_lib.sh'
[2.103s] Level 1:colcon.colcon_core.environment:checking '/home/awadh/zed_ws/install/zed_rgb_convert/bin'
[2.103s] Level 1:colcon.colcon_core.environment:checking '/home/awadh/zed_ws/install/zed_rgb_convert/lib/pkgconfig/zed_rgb_convert.pc'
[2.103s] Level 1:colcon.colcon_core.environment:checking '/home/awadh/zed_ws/install/zed_rgb_convert/lib/python3.10/site-packages'
[2.103s] Level 1:colcon.colcon_core.environment:checking '/home/awadh/zed_ws/install/zed_rgb_convert/bin'
[2.103s] INFO:colcon.colcon_core.shell:Creating package script '/home/awadh/zed_ws/install/zed_rgb_convert/share/zed_rgb_convert/package.ps1'
[2.103s] INFO:colcon.colcon_core.shell:Creating package descriptor '/home/awadh/zed_ws/install/zed_rgb_convert/share/zed_rgb_convert/package.dsv'
[2.104s] INFO:colcon.colcon_core.shell:Creating package script '/home/awadh/zed_ws/install/zed_rgb_convert/share/zed_rgb_convert/package.sh'
[2.104s] INFO:colcon.colcon_core.shell:Creating package script '/home/awadh/zed_ws/install/zed_rgb_convert/share/zed_rgb_convert/package.bash'
[2.104s] INFO:colcon.colcon_core.shell:Creating package script '/home/awadh/zed_ws/install/zed_rgb_convert/share/zed_rgb_convert/package.zsh'
[2.104s] Level 1:colcon.colcon_core.environment:create_file_with_runtime_dependencies(/home/awadh/zed_ws/install/zed_rgb_convert/share/colcon-core/packages/zed_rgb_convert)
[2.107s] DEBUG:colcon.colcon_core.event_handler.log_command:Invoking command in '/home/awadh/zed_ws/build/zed_depth_to_laserscan': CMAKE_PREFIX_PATH=/home/awadh/zed_ws/install/zed_wrapper:/home/awadh/zed_ws/install/zed_components:/home/awadh/zed_ws/install/zed_interfaces:/home/awadh/gazebo_ws/install/yolov8_msgs:/home/awadh/gazebo_ws/install/yolobot_recognition:/home/awadh/gazebo_ws/install/yolobot_gazebo:/home/awadh/gazebo_ws/install/yolobot_description:/home/awadh/gazebo_ws/install/yolobot_control:/home/awadh/gazebo_ws/install/my_robot_bringup:/home/awadh/gazebo_ws/install/my_robot_description:/home/awadh/yolobot/install/yolov8_msgs:/home/awadh/yolobot/install/yolobot_recognition:/home/awadh/yolobot/install/yolobot_gazebo:/home/awadh/yolobot/install/yolobot_description:/home/awadh/yolobot/install/yolobot_control:/home/awadh/test2_ws/install/pcl_object_detection:/home/awadh/zed_ws/install/zed_ros2:/home/awadh/zed_ws/install/zed_robot_integration:/home/awadh/zed_ws/install/zed_multi_camera:/home/awadh/zed_ws/install/zed_display_rviz2:/home/awadh/zed_ws/install/zed_depth_to_laserscan:/home/awadh/zed_ws/install/zed_tutorial_video:/home/awadh/zed_ws/install/zed_tutorial_pos_tracking:/home/awadh/zed_ws/install/zed_tutorial_depth:/home/awadh/zed_ws/install/zed_topic_benchmark:/home/awadh/zed_ws/install/zed_topic_benchmark_component:/home/awadh/zed_ws/install/zed_topic_benchmark_interfaces:/home/awadh/zed_ws/install/zed_rgb_convert:/home/awadh/zed_ws/install/zed_aruco_localization:/home/awadh/zed_ws/install/rviz_plugin_zed_od:/home/awadh/ouster_ws/install/ouster_ros:/home/awadh/ouster_ws/install/ouster_sensor_msgs:/home/awadh/ros2_ws/install/my_robot_bringup:/home/awadh/ros2_ws/install/turtlesim_project_cpp:/home/awadh/ros2_ws/install/my_cpp_pkg:/home/awadh/ros2_ws/install/my_robot_interfaces:/home/awadh/gazebo_ws/install/ultralytics_ros2:/home/awadh/ros2_ws/install/turtlesim_catch_them_all:/home/awadh/ros2_ws/install/my_py_pkg:/opt/ros/humble:/home/awadh/sick_tim_ws/install/sick_tim LD_LIBRARY_PATH=/home/awadh/zed_ws/install/zed_components/lib:/home/awadh/zed_ws/install/zed_interfaces/lib:/home/awadh/gazebo_ws/install/yolov8_msgs/lib:/home/awadh/yolobot/install/yolov8_msgs/lib:/home/awadh/test2_ws/install/pcl_object_detection/lib:/home/awadh/zed_ws/install/zed_topic_benchmark_component/lib:/home/awadh/zed_ws/install/zed_topic_benchmark_interfaces/lib:/home/awadh/zed_ws/install/zed_rgb_convert/lib:/home/awadh/zed_ws/install/zed_aruco_localization/lib:/home/awadh/zed_ws/install/rviz_plugin_zed_od/lib:/home/awadh/ouster_ws/install/ouster_ros/lib:/home/awadh/ouster_ws/install/ouster_sensor_msgs/lib:/home/awadh/ros2_ws/install/my_robot_interfaces/lib:/home/awadh/sick_tim_ws/install/sick_tim/lib:/usr/lib/x86_64-linux-gnu/gazebo-11/plugins:/opt/ros/humble/opt/rviz_ogre_vendor/lib:/opt/ros/humble/lib/x86_64-linux-gnu:/opt/ros/humble/lib:/usr/share/gazebo/../../lib/x86_64-linux-gnu/gazebo-11/plugins /usr/bin/cmake --build /home/awadh/zed_ws/build/zed_depth_to_laserscan -- -j16 -l16
[2.109s] DEBUG:colcon.colcon_core.event_handler.log_command:Invoking command in '/home/awadh/zed_ws/build/zed_display_rviz2': CMAKE_PREFIX_PATH=/home/awadh/zed_ws/install/zed_wrapper:/home/awadh/zed_ws/install/zed_components:/home/awadh/zed_ws/install/zed_interfaces:/home/awadh/gazebo_ws/install/yolov8_msgs:/home/awadh/gazebo_ws/install/yolobot_recognition:/home/awadh/gazebo_ws/install/yolobot_gazebo:/home/awadh/gazebo_ws/install/yolobot_description:/home/awadh/gazebo_ws/install/yolobot_control:/home/awadh/gazebo_ws/install/my_robot_bringup:/home/awadh/gazebo_ws/install/my_robot_description:/home/awadh/yolobot/install/yolov8_msgs:/home/awadh/yolobot/install/yolobot_recognition:/home/awadh/yolobot/install/yolobot_gazebo:/home/awadh/yolobot/install/yolobot_description:/home/awadh/yolobot/install/yolobot_control:/home/awadh/test2_ws/install/pcl_object_detection:/home/awadh/zed_ws/install/zed_ros2:/home/awadh/zed_ws/install/zed_robot_integration:/home/awadh/zed_ws/install/zed_multi_camera:/home/awadh/zed_ws/install/zed_display_rviz2:/home/awadh/zed_ws/install/zed_depth_to_laserscan:/home/awadh/zed_ws/install/zed_tutorial_video:/home/awadh/zed_ws/install/zed_tutorial_pos_tracking:/home/awadh/zed_ws/install/zed_tutorial_depth:/home/awadh/zed_ws/install/zed_topic_benchmark:/home/awadh/zed_ws/install/zed_topic_benchmark_component:/home/awadh/zed_ws/install/zed_topic_benchmark_interfaces:/home/awadh/zed_ws/install/zed_rgb_convert:/home/awadh/zed_ws/install/zed_aruco_localization:/home/awadh/zed_ws/install/rviz_plugin_zed_od:/home/awadh/ouster_ws/install/ouster_ros:/home/awadh/ouster_ws/install/ouster_sensor_msgs:/home/awadh/ros2_ws/install/my_robot_bringup:/home/awadh/ros2_ws/install/turtlesim_project_cpp:/home/awadh/ros2_ws/install/my_cpp_pkg:/home/awadh/ros2_ws/install/my_robot_interfaces:/home/awadh/gazebo_ws/install/ultralytics_ros2:/home/awadh/ros2_ws/install/turtlesim_catch_them_all:/home/awadh/ros2_ws/install/my_py_pkg:/opt/ros/humble:/home/awadh/sick_tim_ws/install/sick_tim LD_LIBRARY_PATH=/home/awadh/zed_ws/install/zed_components/lib:/home/awadh/zed_ws/install/zed_interfaces/lib:/home/awadh/gazebo_ws/install/yolov8_msgs/lib:/home/awadh/yolobot/install/yolov8_msgs/lib:/home/awadh/test2_ws/install/pcl_object_detection/lib:/home/awadh/zed_ws/install/zed_topic_benchmark_component/lib:/home/awadh/zed_ws/install/zed_topic_benchmark_interfaces/lib:/home/awadh/zed_ws/install/zed_rgb_convert/lib:/home/awadh/zed_ws/install/zed_aruco_localization/lib:/home/awadh/zed_ws/install/rviz_plugin_zed_od/lib:/home/awadh/ouster_ws/install/ouster_ros/lib:/home/awadh/ouster_ws/install/ouster_sensor_msgs/lib:/home/awadh/ros2_ws/install/my_robot_interfaces/lib:/home/awadh/sick_tim_ws/install/sick_tim/lib:/usr/lib/x86_64-linux-gnu/gazebo-11/plugins:/opt/ros/humble/opt/rviz_ogre_vendor/lib:/opt/ros/humble/lib/x86_64-linux-gnu:/opt/ros/humble/lib:/usr/share/gazebo/../../lib/x86_64-linux-gnu/gazebo-11/plugins /usr/bin/cmake --build /home/awadh/zed_ws/build/zed_display_rviz2 -- -j16 -l16
[2.111s] DEBUG:colcon.colcon_core.event_handler.log_command:Invoking command in '/home/awadh/zed_ws/build/zed_multi_camera': CMAKE_PREFIX_PATH=/home/awadh/zed_ws/install/zed_wrapper:/home/awadh/zed_ws/install/zed_components:/home/awadh/zed_ws/install/zed_interfaces:/home/awadh/gazebo_ws/install/yolov8_msgs:/home/awadh/gazebo_ws/install/yolobot_recognition:/home/awadh/gazebo_ws/install/yolobot_gazebo:/home/awadh/gazebo_ws/install/yolobot_description:/home/awadh/gazebo_ws/install/yolobot_control:/home/awadh/gazebo_ws/install/my_robot_bringup:/home/awadh/gazebo_ws/install/my_robot_description:/home/awadh/yolobot/install/yolov8_msgs:/home/awadh/yolobot/install/yolobot_recognition:/home/awadh/yolobot/install/yolobot_gazebo:/home/awadh/yolobot/install/yolobot_description:/home/awadh/yolobot/install/yolobot_control:/home/awadh/test2_ws/install/pcl_object_detection:/home/awadh/zed_ws/install/zed_ros2:/home/awadh/zed_ws/install/zed_robot_integration:/home/awadh/zed_ws/install/zed_multi_camera:/home/awadh/zed_ws/install/zed_display_rviz2:/home/awadh/zed_ws/install/zed_depth_to_laserscan:/home/awadh/zed_ws/install/zed_tutorial_video:/home/awadh/zed_ws/install/zed_tutorial_pos_tracking:/home/awadh/zed_ws/install/zed_tutorial_depth:/home/awadh/zed_ws/install/zed_topic_benchmark:/home/awadh/zed_ws/install/zed_topic_benchmark_component:/home/awadh/zed_ws/install/zed_topic_benchmark_interfaces:/home/awadh/zed_ws/install/zed_rgb_convert:/home/awadh/zed_ws/install/zed_aruco_localization:/home/awadh/zed_ws/install/rviz_plugin_zed_od:/home/awadh/ouster_ws/install/ouster_ros:/home/awadh/ouster_ws/install/ouster_sensor_msgs:/home/awadh/ros2_ws/install/my_robot_bringup:/home/awadh/ros2_ws/install/turtlesim_project_cpp:/home/awadh/ros2_ws/install/my_cpp_pkg:/home/awadh/ros2_ws/install/my_robot_interfaces:/home/awadh/gazebo_ws/install/ultralytics_ros2:/home/awadh/ros2_ws/install/turtlesim_catch_them_all:/home/awadh/ros2_ws/install/my_py_pkg:/opt/ros/humble:/home/awadh/sick_tim_ws/install/sick_tim LD_LIBRARY_PATH=/home/awadh/zed_ws/install/zed_components/lib:/home/awadh/zed_ws/install/zed_interfaces/lib:/home/awadh/gazebo_ws/install/yolov8_msgs/lib:/home/awadh/yolobot/install/yolov8_msgs/lib:/home/awadh/test2_ws/install/pcl_object_detection/lib:/home/awadh/zed_ws/install/zed_topic_benchmark_component/lib:/home/awadh/zed_ws/install/zed_topic_benchmark_interfaces/lib:/home/awadh/zed_ws/install/zed_rgb_convert/lib:/home/awadh/zed_ws/install/zed_aruco_localization/lib:/home/awadh/zed_ws/install/rviz_plugin_zed_od/lib:/home/awadh/ouster_ws/install/ouster_ros/lib:/home/awadh/ouster_ws/install/ouster_sensor_msgs/lib:/home/awadh/ros2_ws/install/my_robot_interfaces/lib:/home/awadh/sick_tim_ws/install/sick_tim/lib:/usr/lib/x86_64-linux-gnu/gazebo-11/plugins:/opt/ros/humble/opt/rviz_ogre_vendor/lib:/opt/ros/humble/lib/x86_64-linux-gnu:/opt/ros/humble/lib:/usr/share/gazebo/../../lib/x86_64-linux-gnu/gazebo-11/plugins /usr/bin/cmake --build /home/awadh/zed_ws/build/zed_multi_camera -- -j16 -l16
[2.114s] DEBUG:colcon.colcon_core.event_handler.log_command:Invoking command in '/home/awadh/zed_ws/build/zed_robot_integration': CMAKE_PREFIX_PATH=/home/awadh/zed_ws/install/zed_wrapper:/home/awadh/zed_ws/install/zed_components:/home/awadh/zed_ws/install/zed_interfaces:/home/awadh/gazebo_ws/install/yolov8_msgs:/home/awadh/gazebo_ws/install/yolobot_recognition:/home/awadh/gazebo_ws/install/yolobot_gazebo:/home/awadh/gazebo_ws/install/yolobot_description:/home/awadh/gazebo_ws/install/yolobot_control:/home/awadh/gazebo_ws/install/my_robot_bringup:/home/awadh/gazebo_ws/install/my_robot_description:/home/awadh/yolobot/install/yolov8_msgs:/home/awadh/yolobot/install/yolobot_recognition:/home/awadh/yolobot/install/yolobot_gazebo:/home/awadh/yolobot/install/yolobot_description:/home/awadh/yolobot/install/yolobot_control:/home/awadh/test2_ws/install/pcl_object_detection:/home/awadh/zed_ws/install/zed_ros2:/home/awadh/zed_ws/install/zed_robot_integration:/home/awadh/zed_ws/install/zed_multi_camera:/home/awadh/zed_ws/install/zed_display_rviz2:/home/awadh/zed_ws/install/zed_depth_to_laserscan:/home/awadh/zed_ws/install/zed_tutorial_video:/home/awadh/zed_ws/install/zed_tutorial_pos_tracking:/home/awadh/zed_ws/install/zed_tutorial_depth:/home/awadh/zed_ws/install/zed_topic_benchmark:/home/awadh/zed_ws/install/zed_topic_benchmark_component:/home/awadh/zed_ws/install/zed_topic_benchmark_interfaces:/home/awadh/zed_ws/install/zed_rgb_convert:/home/awadh/zed_ws/install/zed_aruco_localization:/home/awadh/zed_ws/install/rviz_plugin_zed_od:/home/awadh/ouster_ws/install/ouster_ros:/home/awadh/ouster_ws/install/ouster_sensor_msgs:/home/awadh/ros2_ws/install/my_robot_bringup:/home/awadh/ros2_ws/install/turtlesim_project_cpp:/home/awadh/ros2_ws/install/my_cpp_pkg:/home/awadh/ros2_ws/install/my_robot_interfaces:/home/awadh/gazebo_ws/install/ultralytics_ros2:/home/awadh/ros2_ws/install/turtlesim_catch_them_all:/home/awadh/ros2_ws/install/my_py_pkg:/opt/ros/humble:/home/awadh/sick_tim_ws/install/sick_tim LD_LIBRARY_PATH=/home/awadh/zed_ws/install/zed_components/lib:/home/awadh/zed_ws/install/zed_interfaces/lib:/home/awadh/gazebo_ws/install/yolov8_msgs/lib:/home/awadh/yolobot/install/yolov8_msgs/lib:/home/awadh/test2_ws/install/pcl_object_detection/lib:/home/awadh/zed_ws/install/zed_topic_benchmark_component/lib:/home/awadh/zed_ws/install/zed_topic_benchmark_interfaces/lib:/home/awadh/zed_ws/install/zed_rgb_convert/lib:/home/awadh/zed_ws/install/zed_aruco_localization/lib:/home/awadh/zed_ws/install/rviz_plugin_zed_od/lib:/home/awadh/ouster_ws/install/ouster_ros/lib:/home/awadh/ouster_ws/install/ouster_sensor_msgs/lib:/home/awadh/ros2_ws/install/my_robot_interfaces/lib:/home/awadh/sick_tim_ws/install/sick_tim/lib:/usr/lib/x86_64-linux-gnu/gazebo-11/plugins:/opt/ros/humble/opt/rviz_ogre_vendor/lib:/opt/ros/humble/lib/x86_64-linux-gnu:/opt/ros/humble/lib:/usr/share/gazebo/../../lib/x86_64-linux-gnu/gazebo-11/plugins /usr/bin/cmake --build /home/awadh/zed_ws/build/zed_robot_integration -- -j16 -l16
[2.116s] DEBUG:colcon.colcon_core.event_handler.log_command:Invoking command in '/home/awadh/zed_ws/build/zed_ros2': CMAKE_PREFIX_PATH=/home/awadh/zed_ws/install/zed_wrapper:/home/awadh/zed_ws/install/zed_components:/home/awadh/zed_ws/install/zed_interfaces:/home/awadh/gazebo_ws/install/yolov8_msgs:/home/awadh/gazebo_ws/install/yolobot_recognition:/home/awadh/gazebo_ws/install/yolobot_gazebo:/home/awadh/gazebo_ws/install/yolobot_description:/home/awadh/gazebo_ws/install/yolobot_control:/home/awadh/gazebo_ws/install/my_robot_bringup:/home/awadh/gazebo_ws/install/my_robot_description:/home/awadh/yolobot/install/yolov8_msgs:/home/awadh/yolobot/install/yolobot_recognition:/home/awadh/yolobot/install/yolobot_gazebo:/home/awadh/yolobot/install/yolobot_description:/home/awadh/yolobot/install/yolobot_control:/home/awadh/test2_ws/install/pcl_object_detection:/home/awadh/zed_ws/install/zed_ros2:/home/awadh/zed_ws/install/zed_robot_integration:/home/awadh/zed_ws/install/zed_multi_camera:/home/awadh/zed_ws/install/zed_display_rviz2:/home/awadh/zed_ws/install/zed_depth_to_laserscan:/home/awadh/zed_ws/install/zed_tutorial_video:/home/awadh/zed_ws/install/zed_tutorial_pos_tracking:/home/awadh/zed_ws/install/zed_tutorial_depth:/home/awadh/zed_ws/install/zed_topic_benchmark:/home/awadh/zed_ws/install/zed_topic_benchmark_component:/home/awadh/zed_ws/install/zed_topic_benchmark_interfaces:/home/awadh/zed_ws/install/zed_rgb_convert:/home/awadh/zed_ws/install/zed_aruco_localization:/home/awadh/zed_ws/install/rviz_plugin_zed_od:/home/awadh/ouster_ws/install/ouster_ros:/home/awadh/ouster_ws/install/ouster_sensor_msgs:/home/awadh/ros2_ws/install/my_robot_bringup:/home/awadh/ros2_ws/install/turtlesim_project_cpp:/home/awadh/ros2_ws/install/my_cpp_pkg:/home/awadh/ros2_ws/install/my_robot_interfaces:/home/awadh/gazebo_ws/install/ultralytics_ros2:/home/awadh/ros2_ws/install/turtlesim_catch_them_all:/home/awadh/ros2_ws/install/my_py_pkg:/opt/ros/humble:/home/awadh/sick_tim_ws/install/sick_tim LD_LIBRARY_PATH=/home/awadh/zed_ws/install/zed_components/lib:/home/awadh/zed_ws/install/zed_interfaces/lib:/home/awadh/gazebo_ws/install/yolov8_msgs/lib:/home/awadh/yolobot/install/yolov8_msgs/lib:/home/awadh/test2_ws/install/pcl_object_detection/lib:/home/awadh/zed_ws/install/zed_topic_benchmark_component/lib:/home/awadh/zed_ws/install/zed_topic_benchmark_interfaces/lib:/home/awadh/zed_ws/install/zed_rgb_convert/lib:/home/awadh/zed_ws/install/zed_aruco_localization/lib:/home/awadh/zed_ws/install/rviz_plugin_zed_od/lib:/home/awadh/ouster_ws/install/ouster_ros/lib:/home/awadh/ouster_ws/install/ouster_sensor_msgs/lib:/home/awadh/ros2_ws/install/my_robot_interfaces/lib:/home/awadh/sick_tim_ws/install/sick_tim/lib:/usr/lib/x86_64-linux-gnu/gazebo-11/plugins:/opt/ros/humble/opt/rviz_ogre_vendor/lib:/opt/ros/humble/lib/x86_64-linux-gnu:/opt/ros/humble/lib:/usr/share/gazebo/../../lib/x86_64-linux-gnu/gazebo-11/plugins /usr/bin/cmake --build /home/awadh/zed_ws/build/zed_ros2 -- -j16 -l16
[2.140s] DEBUG:colcon.colcon_core.event_handler.log_command:Invoked command in '/home/awadh/zed_ws/build/zed_display_rviz2' returned '0': CMAKE_PREFIX_PATH=/home/awadh/zed_ws/install/zed_wrapper:/home/awadh/zed_ws/install/zed_components:/home/awadh/zed_ws/install/zed_interfaces:/home/awadh/gazebo_ws/install/yolov8_msgs:/home/awadh/gazebo_ws/install/yolobot_recognition:/home/awadh/gazebo_ws/install/yolobot_gazebo:/home/awadh/gazebo_ws/install/yolobot_description:/home/awadh/gazebo_ws/install/yolobot_control:/home/awadh/gazebo_ws/install/my_robot_bringup:/home/awadh/gazebo_ws/install/my_robot_description:/home/awadh/yolobot/install/yolov8_msgs:/home/awadh/yolobot/install/yolobot_recognition:/home/awadh/yolobot/install/yolobot_gazebo:/home/awadh/yolobot/install/yolobot_description:/home/awadh/yolobot/install/yolobot_control:/home/awadh/test2_ws/install/pcl_object_detection:/home/awadh/zed_ws/install/zed_ros2:/home/awadh/zed_ws/install/zed_robot_integration:/home/awadh/zed_ws/install/zed_multi_camera:/home/awadh/zed_ws/install/zed_display_rviz2:/home/awadh/zed_ws/install/zed_depth_to_laserscan:/home/awadh/zed_ws/install/zed_tutorial_video:/home/awadh/zed_ws/install/zed_tutorial_pos_tracking:/home/awadh/zed_ws/install/zed_tutorial_depth:/home/awadh/zed_ws/install/zed_topic_benchmark:/home/awadh/zed_ws/install/zed_topic_benchmark_component:/home/awadh/zed_ws/install/zed_topic_benchmark_interfaces:/home/awadh/zed_ws/install/zed_rgb_convert:/home/awadh/zed_ws/install/zed_aruco_localization:/home/awadh/zed_ws/install/rviz_plugin_zed_od:/home/awadh/ouster_ws/install/ouster_ros:/home/awadh/ouster_ws/install/ouster_sensor_msgs:/home/awadh/ros2_ws/install/my_robot_bringup:/home/awadh/ros2_ws/install/turtlesim_project_cpp:/home/awadh/ros2_ws/install/my_cpp_pkg:/home/awadh/ros2_ws/install/my_robot_interfaces:/home/awadh/gazebo_ws/install/ultralytics_ros2:/home/awadh/ros2_ws/install/turtlesim_catch_them_all:/home/awadh/ros2_ws/install/my_py_pkg:/opt/ros/humble:/home/awadh/sick_tim_ws/install/sick_tim LD_LIBRARY_PATH=/home/awadh/zed_ws/install/zed_components/lib:/home/awadh/zed_ws/install/zed_interfaces/lib:/home/awadh/gazebo_ws/install/yolov8_msgs/lib:/home/awadh/yolobot/install/yolov8_msgs/lib:/home/awadh/test2_ws/install/pcl_object_detection/lib:/home/awadh/zed_ws/install/zed_topic_benchmark_component/lib:/home/awadh/zed_ws/install/zed_topic_benchmark_interfaces/lib:/home/awadh/zed_ws/install/zed_rgb_convert/lib:/home/awadh/zed_ws/install/zed_aruco_localization/lib:/home/awadh/zed_ws/install/rviz_plugin_zed_od/lib:/home/awadh/ouster_ws/install/ouster_ros/lib:/home/awadh/ouster_ws/install/ouster_sensor_msgs/lib:/home/awadh/ros2_ws/install/my_robot_interfaces/lib:/home/awadh/sick_tim_ws/install/sick_tim/lib:/usr/lib/x86_64-linux-gnu/gazebo-11/plugins:/opt/ros/humble/opt/rviz_ogre_vendor/lib:/opt/ros/humble/lib/x86_64-linux-gnu:/opt/ros/humble/lib:/usr/share/gazebo/../../lib/x86_64-linux-gnu/gazebo-11/plugins /usr/bin/cmake --build /home/awadh/zed_ws/build/zed_display_rviz2 -- -j16 -l16
[2.141s] DEBUG:colcon.colcon_core.event_handler.log_command:Invoked command in '/home/awadh/zed_ws/build/zed_depth_to_laserscan' returned '0': CMAKE_PREFIX_PATH=/home/awadh/zed_ws/install/zed_wrapper:/home/awadh/zed_ws/install/zed_components:/home/awadh/zed_ws/install/zed_interfaces:/home/awadh/gazebo_ws/install/yolov8_msgs:/home/awadh/gazebo_ws/install/yolobot_recognition:/home/awadh/gazebo_ws/install/yolobot_gazebo:/home/awadh/gazebo_ws/install/yolobot_description:/home/awadh/gazebo_ws/install/yolobot_control:/home/awadh/gazebo_ws/install/my_robot_bringup:/home/awadh/gazebo_ws/install/my_robot_description:/home/awadh/yolobot/install/yolov8_msgs:/home/awadh/yolobot/install/yolobot_recognition:/home/awadh/yolobot/install/yolobot_gazebo:/home/awadh/yolobot/install/yolobot_description:/home/awadh/yolobot/install/yolobot_control:/home/awadh/test2_ws/install/pcl_object_detection:/home/awadh/zed_ws/install/zed_ros2:/home/awadh/zed_ws/install/zed_robot_integration:/home/awadh/zed_ws/install/zed_multi_camera:/home/awadh/zed_ws/install/zed_display_rviz2:/home/awadh/zed_ws/install/zed_depth_to_laserscan:/home/awadh/zed_ws/install/zed_tutorial_video:/home/awadh/zed_ws/install/zed_tutorial_pos_tracking:/home/awadh/zed_ws/install/zed_tutorial_depth:/home/awadh/zed_ws/install/zed_topic_benchmark:/home/awadh/zed_ws/install/zed_topic_benchmark_component:/home/awadh/zed_ws/install/zed_topic_benchmark_interfaces:/home/awadh/zed_ws/install/zed_rgb_convert:/home/awadh/zed_ws/install/zed_aruco_localization:/home/awadh/zed_ws/install/rviz_plugin_zed_od:/home/awadh/ouster_ws/install/ouster_ros:/home/awadh/ouster_ws/install/ouster_sensor_msgs:/home/awadh/ros2_ws/install/my_robot_bringup:/home/awadh/ros2_ws/install/turtlesim_project_cpp:/home/awadh/ros2_ws/install/my_cpp_pkg:/home/awadh/ros2_ws/install/my_robot_interfaces:/home/awadh/gazebo_ws/install/ultralytics_ros2:/home/awadh/ros2_ws/install/turtlesim_catch_them_all:/home/awadh/ros2_ws/install/my_py_pkg:/opt/ros/humble:/home/awadh/sick_tim_ws/install/sick_tim LD_LIBRARY_PATH=/home/awadh/zed_ws/install/zed_components/lib:/home/awadh/zed_ws/install/zed_interfaces/lib:/home/awadh/gazebo_ws/install/yolov8_msgs/lib:/home/awadh/yolobot/install/yolov8_msgs/lib:/home/awadh/test2_ws/install/pcl_object_detection/lib:/home/awadh/zed_ws/install/zed_topic_benchmark_component/lib:/home/awadh/zed_ws/install/zed_topic_benchmark_interfaces/lib:/home/awadh/zed_ws/install/zed_rgb_convert/lib:/home/awadh/zed_ws/install/zed_aruco_localization/lib:/home/awadh/zed_ws/install/rviz_plugin_zed_od/lib:/home/awadh/ouster_ws/install/ouster_ros/lib:/home/awadh/ouster_ws/install/ouster_sensor_msgs/lib:/home/awadh/ros2_ws/install/my_robot_interfaces/lib:/home/awadh/sick_tim_ws/install/sick_tim/lib:/usr/lib/x86_64-linux-gnu/gazebo-11/plugins:/opt/ros/humble/opt/rviz_ogre_vendor/lib:/opt/ros/humble/lib/x86_64-linux-gnu:/opt/ros/humble/lib:/usr/share/gazebo/../../lib/x86_64-linux-gnu/gazebo-11/plugins /usr/bin/cmake --build /home/awadh/zed_ws/build/zed_depth_to_laserscan -- -j16 -l16
[2.142s] DEBUG:colcon.colcon_core.event_handler.log_command:Invoked command in '/home/awadh/zed_ws/build/zed_multi_camera' returned '0': CMAKE_PREFIX_PATH=/home/awadh/zed_ws/install/zed_wrapper:/home/awadh/zed_ws/install/zed_components:/home/awadh/zed_ws/install/zed_interfaces:/home/awadh/gazebo_ws/install/yolov8_msgs:/home/awadh/gazebo_ws/install/yolobot_recognition:/home/awadh/gazebo_ws/install/yolobot_gazebo:/home/awadh/gazebo_ws/install/yolobot_description:/home/awadh/gazebo_ws/install/yolobot_control:/home/awadh/gazebo_ws/install/my_robot_bringup:/home/awadh/gazebo_ws/install/my_robot_description:/home/awadh/yolobot/install/yolov8_msgs:/home/awadh/yolobot/install/yolobot_recognition:/home/awadh/yolobot/install/yolobot_gazebo:/home/awadh/yolobot/install/yolobot_description:/home/awadh/yolobot/install/yolobot_control:/home/awadh/test2_ws/install/pcl_object_detection:/home/awadh/zed_ws/install/zed_ros2:/home/awadh/zed_ws/install/zed_robot_integration:/home/awadh/zed_ws/install/zed_multi_camera:/home/awadh/zed_ws/install/zed_display_rviz2:/home/awadh/zed_ws/install/zed_depth_to_laserscan:/home/awadh/zed_ws/install/zed_tutorial_video:/home/awadh/zed_ws/install/zed_tutorial_pos_tracking:/home/awadh/zed_ws/install/zed_tutorial_depth:/home/awadh/zed_ws/install/zed_topic_benchmark:/home/awadh/zed_ws/install/zed_topic_benchmark_component:/home/awadh/zed_ws/install/zed_topic_benchmark_interfaces:/home/awadh/zed_ws/install/zed_rgb_convert:/home/awadh/zed_ws/install/zed_aruco_localization:/home/awadh/zed_ws/install/rviz_plugin_zed_od:/home/awadh/ouster_ws/install/ouster_ros:/home/awadh/ouster_ws/install/ouster_sensor_msgs:/home/awadh/ros2_ws/install/my_robot_bringup:/home/awadh/ros2_ws/install/turtlesim_project_cpp:/home/awadh/ros2_ws/install/my_cpp_pkg:/home/awadh/ros2_ws/install/my_robot_interfaces:/home/awadh/gazebo_ws/install/ultralytics_ros2:/home/awadh/ros2_ws/install/turtlesim_catch_them_all:/home/awadh/ros2_ws/install/my_py_pkg:/opt/ros/humble:/home/awadh/sick_tim_ws/install/sick_tim LD_LIBRARY_PATH=/home/awadh/zed_ws/install/zed_components/lib:/home/awadh/zed_ws/install/zed_interfaces/lib:/home/awadh/gazebo_ws/install/yolov8_msgs/lib:/home/awadh/yolobot/install/yolov8_msgs/lib:/home/awadh/test2_ws/install/pcl_object_detection/lib:/home/awadh/zed_ws/install/zed_topic_benchmark_component/lib:/home/awadh/zed_ws/install/zed_topic_benchmark_interfaces/lib:/home/awadh/zed_ws/install/zed_rgb_convert/lib:/home/awadh/zed_ws/install/zed_aruco_localization/lib:/home/awadh/zed_ws/install/rviz_plugin_zed_od/lib:/home/awadh/ouster_ws/install/ouster_ros/lib:/home/awadh/ouster_ws/install/ouster_sensor_msgs/lib:/home/awadh/ros2_ws/install/my_robot_interfaces/lib:/home/awadh/sick_tim_ws/install/sick_tim/lib:/usr/lib/x86_64-linux-gnu/gazebo-11/plugins:/opt/ros/humble/opt/rviz_ogre_vendor/lib:/opt/ros/humble/lib/x86_64-linux-gnu:/opt/ros/humble/lib:/usr/share/gazebo/../../lib/x86_64-linux-gnu/gazebo-11/plugins /usr/bin/cmake --build /home/awadh/zed_ws/build/zed_multi_camera -- -j16 -l16
[2.146s] DEBUG:colcon.colcon_core.event_handler.log_command:Invoked command in '/home/awadh/zed_ws/build/zed_robot_integration' returned '0': CMAKE_PREFIX_PATH=/home/awadh/zed_ws/install/zed_wrapper:/home/awadh/zed_ws/install/zed_components:/home/awadh/zed_ws/install/zed_interfaces:/home/awadh/gazebo_ws/install/yolov8_msgs:/home/awadh/gazebo_ws/install/yolobot_recognition:/home/awadh/gazebo_ws/install/yolobot_gazebo:/home/awadh/gazebo_ws/install/yolobot_description:/home/awadh/gazebo_ws/install/yolobot_control:/home/awadh/gazebo_ws/install/my_robot_bringup:/home/awadh/gazebo_ws/install/my_robot_description:/home/awadh/yolobot/install/yolov8_msgs:/home/awadh/yolobot/install/yolobot_recognition:/home/awadh/yolobot/install/yolobot_gazebo:/home/awadh/yolobot/install/yolobot_description:/home/awadh/yolobot/install/yolobot_control:/home/awadh/test2_ws/install/pcl_object_detection:/home/awadh/zed_ws/install/zed_ros2:/home/awadh/zed_ws/install/zed_robot_integration:/home/awadh/zed_ws/install/zed_multi_camera:/home/awadh/zed_ws/install/zed_display_rviz2:/home/awadh/zed_ws/install/zed_depth_to_laserscan:/home/awadh/zed_ws/install/zed_tutorial_video:/home/awadh/zed_ws/install/zed_tutorial_pos_tracking:/home/awadh/zed_ws/install/zed_tutorial_depth:/home/awadh/zed_ws/install/zed_topic_benchmark:/home/awadh/zed_ws/install/zed_topic_benchmark_component:/home/awadh/zed_ws/install/zed_topic_benchmark_interfaces:/home/awadh/zed_ws/install/zed_rgb_convert:/home/awadh/zed_ws/install/zed_aruco_localization:/home/awadh/zed_ws/install/rviz_plugin_zed_od:/home/awadh/ouster_ws/install/ouster_ros:/home/awadh/ouster_ws/install/ouster_sensor_msgs:/home/awadh/ros2_ws/install/my_robot_bringup:/home/awadh/ros2_ws/install/turtlesim_project_cpp:/home/awadh/ros2_ws/install/my_cpp_pkg:/home/awadh/ros2_ws/install/my_robot_interfaces:/home/awadh/gazebo_ws/install/ultralytics_ros2:/home/awadh/ros2_ws/install/turtlesim_catch_them_all:/home/awadh/ros2_ws/install/my_py_pkg:/opt/ros/humble:/home/awadh/sick_tim_ws/install/sick_tim LD_LIBRARY_PATH=/home/awadh/zed_ws/install/zed_components/lib:/home/awadh/zed_ws/install/zed_interfaces/lib:/home/awadh/gazebo_ws/install/yolov8_msgs/lib:/home/awadh/yolobot/install/yolov8_msgs/lib:/home/awadh/test2_ws/install/pcl_object_detection/lib:/home/awadh/zed_ws/install/zed_topic_benchmark_component/lib:/home/awadh/zed_ws/install/zed_topic_benchmark_interfaces/lib:/home/awadh/zed_ws/install/zed_rgb_convert/lib:/home/awadh/zed_ws/install/zed_aruco_localization/lib:/home/awadh/zed_ws/install/rviz_plugin_zed_od/lib:/home/awadh/ouster_ws/install/ouster_ros/lib:/home/awadh/ouster_ws/install/ouster_sensor_msgs/lib:/home/awadh/ros2_ws/install/my_robot_interfaces/lib:/home/awadh/sick_tim_ws/install/sick_tim/lib:/usr/lib/x86_64-linux-gnu/gazebo-11/plugins:/opt/ros/humble/opt/rviz_ogre_vendor/lib:/opt/ros/humble/lib/x86_64-linux-gnu:/opt/ros/humble/lib:/usr/share/gazebo/../../lib/x86_64-linux-gnu/gazebo-11/plugins /usr/bin/cmake --build /home/awadh/zed_ws/build/zed_robot_integration -- -j16 -l16
[2.146s] DEBUG:colcon.colcon_core.event_handler.log_command:Invoked command in '/home/awadh/zed_ws/build/zed_ros2' returned '0': CMAKE_PREFIX_PATH=/home/awadh/zed_ws/install/zed_wrapper:/home/awadh/zed_ws/install/zed_components:/home/awadh/zed_ws/install/zed_interfaces:/home/awadh/gazebo_ws/install/yolov8_msgs:/home/awadh/gazebo_ws/install/yolobot_recognition:/home/awadh/gazebo_ws/install/yolobot_gazebo:/home/awadh/gazebo_ws/install/yolobot_description:/home/awadh/gazebo_ws/install/yolobot_control:/home/awadh/gazebo_ws/install/my_robot_bringup:/home/awadh/gazebo_ws/install/my_robot_description:/home/awadh/yolobot/install/yolov8_msgs:/home/awadh/yolobot/install/yolobot_recognition:/home/awadh/yolobot/install/yolobot_gazebo:/home/awadh/yolobot/install/yolobot_description:/home/awadh/yolobot/install/yolobot_control:/home/awadh/test2_ws/install/pcl_object_detection:/home/awadh/zed_ws/install/zed_ros2:/home/awadh/zed_ws/install/zed_robot_integration:/home/awadh/zed_ws/install/zed_multi_camera:/home/awadh/zed_ws/install/zed_display_rviz2:/home/awadh/zed_ws/install/zed_depth_to_laserscan:/home/awadh/zed_ws/install/zed_tutorial_video:/home/awadh/zed_ws/install/zed_tutorial_pos_tracking:/home/awadh/zed_ws/install/zed_tutorial_depth:/home/awadh/zed_ws/install/zed_topic_benchmark:/home/awadh/zed_ws/install/zed_topic_benchmark_component:/home/awadh/zed_ws/install/zed_topic_benchmark_interfaces:/home/awadh/zed_ws/install/zed_rgb_convert:/home/awadh/zed_ws/install/zed_aruco_localization:/home/awadh/zed_ws/install/rviz_plugin_zed_od:/home/awadh/ouster_ws/install/ouster_ros:/home/awadh/ouster_ws/install/ouster_sensor_msgs:/home/awadh/ros2_ws/install/my_robot_bringup:/home/awadh/ros2_ws/install/turtlesim_project_cpp:/home/awadh/ros2_ws/install/my_cpp_pkg:/home/awadh/ros2_ws/install/my_robot_interfaces:/home/awadh/gazebo_ws/install/ultralytics_ros2:/home/awadh/ros2_ws/install/turtlesim_catch_them_all:/home/awadh/ros2_ws/install/my_py_pkg:/opt/ros/humble:/home/awadh/sick_tim_ws/install/sick_tim LD_LIBRARY_PATH=/home/awadh/zed_ws/install/zed_components/lib:/home/awadh/zed_ws/install/zed_interfaces/lib:/home/awadh/gazebo_ws/install/yolov8_msgs/lib:/home/awadh/yolobot/install/yolov8_msgs/lib:/home/awadh/test2_ws/install/pcl_object_detection/lib:/home/awadh/zed_ws/install/zed_topic_benchmark_component/lib:/home/awadh/zed_ws/install/zed_topic_benchmark_interfaces/lib:/home/awadh/zed_ws/install/zed_rgb_convert/lib:/home/awadh/zed_ws/install/zed_aruco_localization/lib:/home/awadh/zed_ws/install/rviz_plugin_zed_od/lib:/home/awadh/ouster_ws/install/ouster_ros/lib:/home/awadh/ouster_ws/install/ouster_sensor_msgs/lib:/home/awadh/ros2_ws/install/my_robot_interfaces/lib:/home/awadh/sick_tim_ws/install/sick_tim/lib:/usr/lib/x86_64-linux-gnu/gazebo-11/plugins:/opt/ros/humble/opt/rviz_ogre_vendor/lib:/opt/ros/humble/lib/x86_64-linux-gnu:/opt/ros/humble/lib:/usr/share/gazebo/../../lib/x86_64-linux-gnu/gazebo-11/plugins /usr/bin/cmake --build /home/awadh/zed_ws/build/zed_ros2 -- -j16 -l16
[2.162s] DEBUG:colcon.colcon_core.event_handler.log_command:Invoking command in '/home/awadh/zed_ws/build/zed_display_rviz2': CMAKE_PREFIX_PATH=/home/awadh/zed_ws/install/zed_wrapper:/home/awadh/zed_ws/install/zed_components:/home/awadh/zed_ws/install/zed_interfaces:/home/awadh/gazebo_ws/install/yolov8_msgs:/home/awadh/gazebo_ws/install/yolobot_recognition:/home/awadh/gazebo_ws/install/yolobot_gazebo:/home/awadh/gazebo_ws/install/yolobot_description:/home/awadh/gazebo_ws/install/yolobot_control:/home/awadh/gazebo_ws/install/my_robot_bringup:/home/awadh/gazebo_ws/install/my_robot_description:/home/awadh/yolobot/install/yolov8_msgs:/home/awadh/yolobot/install/yolobot_recognition:/home/awadh/yolobot/install/yolobot_gazebo:/home/awadh/yolobot/install/yolobot_description:/home/awadh/yolobot/install/yolobot_control:/home/awadh/test2_ws/install/pcl_object_detection:/home/awadh/zed_ws/install/zed_ros2:/home/awadh/zed_ws/install/zed_robot_integration:/home/awadh/zed_ws/install/zed_multi_camera:/home/awadh/zed_ws/install/zed_display_rviz2:/home/awadh/zed_ws/install/zed_depth_to_laserscan:/home/awadh/zed_ws/install/zed_tutorial_video:/home/awadh/zed_ws/install/zed_tutorial_pos_tracking:/home/awadh/zed_ws/install/zed_tutorial_depth:/home/awadh/zed_ws/install/zed_topic_benchmark:/home/awadh/zed_ws/install/zed_topic_benchmark_component:/home/awadh/zed_ws/install/zed_topic_benchmark_interfaces:/home/awadh/zed_ws/install/zed_rgb_convert:/home/awadh/zed_ws/install/zed_aruco_localization:/home/awadh/zed_ws/install/rviz_plugin_zed_od:/home/awadh/ouster_ws/install/ouster_ros:/home/awadh/ouster_ws/install/ouster_sensor_msgs:/home/awadh/ros2_ws/install/my_robot_bringup:/home/awadh/ros2_ws/install/turtlesim_project_cpp:/home/awadh/ros2_ws/install/my_cpp_pkg:/home/awadh/ros2_ws/install/my_robot_interfaces:/home/awadh/gazebo_ws/install/ultralytics_ros2:/home/awadh/ros2_ws/install/turtlesim_catch_them_all:/home/awadh/ros2_ws/install/my_py_pkg:/opt/ros/humble:/home/awadh/sick_tim_ws/install/sick_tim LD_LIBRARY_PATH=/home/awadh/zed_ws/install/zed_components/lib:/home/awadh/zed_ws/install/zed_interfaces/lib:/home/awadh/gazebo_ws/install/yolov8_msgs/lib:/home/awadh/yolobot/install/yolov8_msgs/lib:/home/awadh/test2_ws/install/pcl_object_detection/lib:/home/awadh/zed_ws/install/zed_topic_benchmark_component/lib:/home/awadh/zed_ws/install/zed_topic_benchmark_interfaces/lib:/home/awadh/zed_ws/install/zed_rgb_convert/lib:/home/awadh/zed_ws/install/zed_aruco_localization/lib:/home/awadh/zed_ws/install/rviz_plugin_zed_od/lib:/home/awadh/ouster_ws/install/ouster_ros/lib:/home/awadh/ouster_ws/install/ouster_sensor_msgs/lib:/home/awadh/ros2_ws/install/my_robot_interfaces/lib:/home/awadh/sick_tim_ws/install/sick_tim/lib:/usr/lib/x86_64-linux-gnu/gazebo-11/plugins:/opt/ros/humble/opt/rviz_ogre_vendor/lib:/opt/ros/humble/lib/x86_64-linux-gnu:/opt/ros/humble/lib:/usr/share/gazebo/../../lib/x86_64-linux-gnu/gazebo-11/plugins /usr/bin/cmake --install /home/awadh/zed_ws/build/zed_display_rviz2
[2.163s] DEBUG:colcon.colcon_core.event_handler.log_command:Invoking command in '/home/awadh/zed_ws/build/zed_depth_to_laserscan': CMAKE_PREFIX_PATH=/home/awadh/zed_ws/install/zed_wrapper:/home/awadh/zed_ws/install/zed_components:/home/awadh/zed_ws/install/zed_interfaces:/home/awadh/gazebo_ws/install/yolov8_msgs:/home/awadh/gazebo_ws/install/yolobot_recognition:/home/awadh/gazebo_ws/install/yolobot_gazebo:/home/awadh/gazebo_ws/install/yolobot_description:/home/awadh/gazebo_ws/install/yolobot_control:/home/awadh/gazebo_ws/install/my_robot_bringup:/home/awadh/gazebo_ws/install/my_robot_description:/home/awadh/yolobot/install/yolov8_msgs:/home/awadh/yolobot/install/yolobot_recognition:/home/awadh/yolobot/install/yolobot_gazebo:/home/awadh/yolobot/install/yolobot_description:/home/awadh/yolobot/install/yolobot_control:/home/awadh/test2_ws/install/pcl_object_detection:/home/awadh/zed_ws/install/zed_ros2:/home/awadh/zed_ws/install/zed_robot_integration:/home/awadh/zed_ws/install/zed_multi_camera:/home/awadh/zed_ws/install/zed_display_rviz2:/home/awadh/zed_ws/install/zed_depth_to_laserscan:/home/awadh/zed_ws/install/zed_tutorial_video:/home/awadh/zed_ws/install/zed_tutorial_pos_tracking:/home/awadh/zed_ws/install/zed_tutorial_depth:/home/awadh/zed_ws/install/zed_topic_benchmark:/home/awadh/zed_ws/install/zed_topic_benchmark_component:/home/awadh/zed_ws/install/zed_topic_benchmark_interfaces:/home/awadh/zed_ws/install/zed_rgb_convert:/home/awadh/zed_ws/install/zed_aruco_localization:/home/awadh/zed_ws/install/rviz_plugin_zed_od:/home/awadh/ouster_ws/install/ouster_ros:/home/awadh/ouster_ws/install/ouster_sensor_msgs:/home/awadh/ros2_ws/install/my_robot_bringup:/home/awadh/ros2_ws/install/turtlesim_project_cpp:/home/awadh/ros2_ws/install/my_cpp_pkg:/home/awadh/ros2_ws/install/my_robot_interfaces:/home/awadh/gazebo_ws/install/ultralytics_ros2:/home/awadh/ros2_ws/install/turtlesim_catch_them_all:/home/awadh/ros2_ws/install/my_py_pkg:/opt/ros/humble:/home/awadh/sick_tim_ws/install/sick_tim LD_LIBRARY_PATH=/home/awadh/zed_ws/install/zed_components/lib:/home/awadh/zed_ws/install/zed_interfaces/lib:/home/awadh/gazebo_ws/install/yolov8_msgs/lib:/home/awadh/yolobot/install/yolov8_msgs/lib:/home/awadh/test2_ws/install/pcl_object_detection/lib:/home/awadh/zed_ws/install/zed_topic_benchmark_component/lib:/home/awadh/zed_ws/install/zed_topic_benchmark_interfaces/lib:/home/awadh/zed_ws/install/zed_rgb_convert/lib:/home/awadh/zed_ws/install/zed_aruco_localization/lib:/home/awadh/zed_ws/install/rviz_plugin_zed_od/lib:/home/awadh/ouster_ws/install/ouster_ros/lib:/home/awadh/ouster_ws/install/ouster_sensor_msgs/lib:/home/awadh/ros2_ws/install/my_robot_interfaces/lib:/home/awadh/sick_tim_ws/install/sick_tim/lib:/usr/lib/x86_64-linux-gnu/gazebo-11/plugins:/opt/ros/humble/opt/rviz_ogre_vendor/lib:/opt/ros/humble/lib/x86_64-linux-gnu:/opt/ros/humble/lib:/usr/share/gazebo/../../lib/x86_64-linux-gnu/gazebo-11/plugins /usr/bin/cmake --install /home/awadh/zed_ws/build/zed_depth_to_laserscan
[2.165s] DEBUG:colcon.colcon_core.event_handler.log_command:Invoking command in '/home/awadh/zed_ws/build/zed_multi_camera': CMAKE_PREFIX_PATH=/home/awadh/zed_ws/install/zed_wrapper:/home/awadh/zed_ws/install/zed_components:/home/awadh/zed_ws/install/zed_interfaces:/home/awadh/gazebo_ws/install/yolov8_msgs:/home/awadh/gazebo_ws/install/yolobot_recognition:/home/awadh/gazebo_ws/install/yolobot_gazebo:/home/awadh/gazebo_ws/install/yolobot_description:/home/awadh/gazebo_ws/install/yolobot_control:/home/awadh/gazebo_ws/install/my_robot_bringup:/home/awadh/gazebo_ws/install/my_robot_description:/home/awadh/yolobot/install/yolov8_msgs:/home/awadh/yolobot/install/yolobot_recognition:/home/awadh/yolobot/install/yolobot_gazebo:/home/awadh/yolobot/install/yolobot_description:/home/awadh/yolobot/install/yolobot_control:/home/awadh/test2_ws/install/pcl_object_detection:/home/awadh/zed_ws/install/zed_ros2:/home/awadh/zed_ws/install/zed_robot_integration:/home/awadh/zed_ws/install/zed_multi_camera:/home/awadh/zed_ws/install/zed_display_rviz2:/home/awadh/zed_ws/install/zed_depth_to_laserscan:/home/awadh/zed_ws/install/zed_tutorial_video:/home/awadh/zed_ws/install/zed_tutorial_pos_tracking:/home/awadh/zed_ws/install/zed_tutorial_depth:/home/awadh/zed_ws/install/zed_topic_benchmark:/home/awadh/zed_ws/install/zed_topic_benchmark_component:/home/awadh/zed_ws/install/zed_topic_benchmark_interfaces:/home/awadh/zed_ws/install/zed_rgb_convert:/home/awadh/zed_ws/install/zed_aruco_localization:/home/awadh/zed_ws/install/rviz_plugin_zed_od:/home/awadh/ouster_ws/install/ouster_ros:/home/awadh/ouster_ws/install/ouster_sensor_msgs:/home/awadh/ros2_ws/install/my_robot_bringup:/home/awadh/ros2_ws/install/turtlesim_project_cpp:/home/awadh/ros2_ws/install/my_cpp_pkg:/home/awadh/ros2_ws/install/my_robot_interfaces:/home/awadh/gazebo_ws/install/ultralytics_ros2:/home/awadh/ros2_ws/install/turtlesim_catch_them_all:/home/awadh/ros2_ws/install/my_py_pkg:/opt/ros/humble:/home/awadh/sick_tim_ws/install/sick_tim LD_LIBRARY_PATH=/home/awadh/zed_ws/install/zed_components/lib:/home/awadh/zed_ws/install/zed_interfaces/lib:/home/awadh/gazebo_ws/install/yolov8_msgs/lib:/home/awadh/yolobot/install/yolov8_msgs/lib:/home/awadh/test2_ws/install/pcl_object_detection/lib:/home/awadh/zed_ws/install/zed_topic_benchmark_component/lib:/home/awadh/zed_ws/install/zed_topic_benchmark_interfaces/lib:/home/awadh/zed_ws/install/zed_rgb_convert/lib:/home/awadh/zed_ws/install/zed_aruco_localization/lib:/home/awadh/zed_ws/install/rviz_plugin_zed_od/lib:/home/awadh/ouster_ws/install/ouster_ros/lib:/home/awadh/ouster_ws/install/ouster_sensor_msgs/lib:/home/awadh/ros2_ws/install/my_robot_interfaces/lib:/home/awadh/sick_tim_ws/install/sick_tim/lib:/usr/lib/x86_64-linux-gnu/gazebo-11/plugins:/opt/ros/humble/opt/rviz_ogre_vendor/lib:/opt/ros/humble/lib/x86_64-linux-gnu:/opt/ros/humble/lib:/usr/share/gazebo/../../lib/x86_64-linux-gnu/gazebo-11/plugins /usr/bin/cmake --install /home/awadh/zed_ws/build/zed_multi_camera
[2.166s] DEBUG:colcon.colcon_core.event_handler.log_command:Invoking command in '/home/awadh/zed_ws/build/zed_robot_integration': CMAKE_PREFIX_PATH=/home/awadh/zed_ws/install/zed_wrapper:/home/awadh/zed_ws/install/zed_components:/home/awadh/zed_ws/install/zed_interfaces:/home/awadh/gazebo_ws/install/yolov8_msgs:/home/awadh/gazebo_ws/install/yolobot_recognition:/home/awadh/gazebo_ws/install/yolobot_gazebo:/home/awadh/gazebo_ws/install/yolobot_description:/home/awadh/gazebo_ws/install/yolobot_control:/home/awadh/gazebo_ws/install/my_robot_bringup:/home/awadh/gazebo_ws/install/my_robot_description:/home/awadh/yolobot/install/yolov8_msgs:/home/awadh/yolobot/install/yolobot_recognition:/home/awadh/yolobot/install/yolobot_gazebo:/home/awadh/yolobot/install/yolobot_description:/home/awadh/yolobot/install/yolobot_control:/home/awadh/test2_ws/install/pcl_object_detection:/home/awadh/zed_ws/install/zed_ros2:/home/awadh/zed_ws/install/zed_robot_integration:/home/awadh/zed_ws/install/zed_multi_camera:/home/awadh/zed_ws/install/zed_display_rviz2:/home/awadh/zed_ws/install/zed_depth_to_laserscan:/home/awadh/zed_ws/install/zed_tutorial_video:/home/awadh/zed_ws/install/zed_tutorial_pos_tracking:/home/awadh/zed_ws/install/zed_tutorial_depth:/home/awadh/zed_ws/install/zed_topic_benchmark:/home/awadh/zed_ws/install/zed_topic_benchmark_component:/home/awadh/zed_ws/install/zed_topic_benchmark_interfaces:/home/awadh/zed_ws/install/zed_rgb_convert:/home/awadh/zed_ws/install/zed_aruco_localization:/home/awadh/zed_ws/install/rviz_plugin_zed_od:/home/awadh/ouster_ws/install/ouster_ros:/home/awadh/ouster_ws/install/ouster_sensor_msgs:/home/awadh/ros2_ws/install/my_robot_bringup:/home/awadh/ros2_ws/install/turtlesim_project_cpp:/home/awadh/ros2_ws/install/my_cpp_pkg:/home/awadh/ros2_ws/install/my_robot_interfaces:/home/awadh/gazebo_ws/install/ultralytics_ros2:/home/awadh/ros2_ws/install/turtlesim_catch_them_all:/home/awadh/ros2_ws/install/my_py_pkg:/opt/ros/humble:/home/awadh/sick_tim_ws/install/sick_tim LD_LIBRARY_PATH=/home/awadh/zed_ws/install/zed_components/lib:/home/awadh/zed_ws/install/zed_interfaces/lib:/home/awadh/gazebo_ws/install/yolov8_msgs/lib:/home/awadh/yolobot/install/yolov8_msgs/lib:/home/awadh/test2_ws/install/pcl_object_detection/lib:/home/awadh/zed_ws/install/zed_topic_benchmark_component/lib:/home/awadh/zed_ws/install/zed_topic_benchmark_interfaces/lib:/home/awadh/zed_ws/install/zed_rgb_convert/lib:/home/awadh/zed_ws/install/zed_aruco_localization/lib:/home/awadh/zed_ws/install/rviz_plugin_zed_od/lib:/home/awadh/ouster_ws/install/ouster_ros/lib:/home/awadh/ouster_ws/install/ouster_sensor_msgs/lib:/home/awadh/ros2_ws/install/my_robot_interfaces/lib:/home/awadh/sick_tim_ws/install/sick_tim/lib:/usr/lib/x86_64-linux-gnu/gazebo-11/plugins:/opt/ros/humble/opt/rviz_ogre_vendor/lib:/opt/ros/humble/lib/x86_64-linux-gnu:/opt/ros/humble/lib:/usr/share/gazebo/../../lib/x86_64-linux-gnu/gazebo-11/plugins /usr/bin/cmake --install /home/awadh/zed_ws/build/zed_robot_integration
[2.167s] DEBUG:colcon.colcon_core.event_handler.log_command:Invoking command in '/home/awadh/zed_ws/build/zed_ros2': CMAKE_PREFIX_PATH=/home/awadh/zed_ws/install/zed_wrapper:/home/awadh/zed_ws/install/zed_components:/home/awadh/zed_ws/install/zed_interfaces:/home/awadh/gazebo_ws/install/yolov8_msgs:/home/awadh/gazebo_ws/install/yolobot_recognition:/home/awadh/gazebo_ws/install/yolobot_gazebo:/home/awadh/gazebo_ws/install/yolobot_description:/home/awadh/gazebo_ws/install/yolobot_control:/home/awadh/gazebo_ws/install/my_robot_bringup:/home/awadh/gazebo_ws/install/my_robot_description:/home/awadh/yolobot/install/yolov8_msgs:/home/awadh/yolobot/install/yolobot_recognition:/home/awadh/yolobot/install/yolobot_gazebo:/home/awadh/yolobot/install/yolobot_description:/home/awadh/yolobot/install/yolobot_control:/home/awadh/test2_ws/install/pcl_object_detection:/home/awadh/zed_ws/install/zed_ros2:/home/awadh/zed_ws/install/zed_robot_integration:/home/awadh/zed_ws/install/zed_multi_camera:/home/awadh/zed_ws/install/zed_display_rviz2:/home/awadh/zed_ws/install/zed_depth_to_laserscan:/home/awadh/zed_ws/install/zed_tutorial_video:/home/awadh/zed_ws/install/zed_tutorial_pos_tracking:/home/awadh/zed_ws/install/zed_tutorial_depth:/home/awadh/zed_ws/install/zed_topic_benchmark:/home/awadh/zed_ws/install/zed_topic_benchmark_component:/home/awadh/zed_ws/install/zed_topic_benchmark_interfaces:/home/awadh/zed_ws/install/zed_rgb_convert:/home/awadh/zed_ws/install/zed_aruco_localization:/home/awadh/zed_ws/install/rviz_plugin_zed_od:/home/awadh/ouster_ws/install/ouster_ros:/home/awadh/ouster_ws/install/ouster_sensor_msgs:/home/awadh/ros2_ws/install/my_robot_bringup:/home/awadh/ros2_ws/install/turtlesim_project_cpp:/home/awadh/ros2_ws/install/my_cpp_pkg:/home/awadh/ros2_ws/install/my_robot_interfaces:/home/awadh/gazebo_ws/install/ultralytics_ros2:/home/awadh/ros2_ws/install/turtlesim_catch_them_all:/home/awadh/ros2_ws/install/my_py_pkg:/opt/ros/humble:/home/awadh/sick_tim_ws/install/sick_tim LD_LIBRARY_PATH=/home/awadh/zed_ws/install/zed_components/lib:/home/awadh/zed_ws/install/zed_interfaces/lib:/home/awadh/gazebo_ws/install/yolov8_msgs/lib:/home/awadh/yolobot/install/yolov8_msgs/lib:/home/awadh/test2_ws/install/pcl_object_detection/lib:/home/awadh/zed_ws/install/zed_topic_benchmark_component/lib:/home/awadh/zed_ws/install/zed_topic_benchmark_interfaces/lib:/home/awadh/zed_ws/install/zed_rgb_convert/lib:/home/awadh/zed_ws/install/zed_aruco_localization/lib:/home/awadh/zed_ws/install/rviz_plugin_zed_od/lib:/home/awadh/ouster_ws/install/ouster_ros/lib:/home/awadh/ouster_ws/install/ouster_sensor_msgs/lib:/home/awadh/ros2_ws/install/my_robot_interfaces/lib:/home/awadh/sick_tim_ws/install/sick_tim/lib:/usr/lib/x86_64-linux-gnu/gazebo-11/plugins:/opt/ros/humble/opt/rviz_ogre_vendor/lib:/opt/ros/humble/lib/x86_64-linux-gnu:/opt/ros/humble/lib:/usr/share/gazebo/../../lib/x86_64-linux-gnu/gazebo-11/plugins /usr/bin/cmake --install /home/awadh/zed_ws/build/zed_ros2
[2.173s] Level 1:colcon.colcon_core.environment:create_environment_scripts_only(zed_display_rviz2)
[2.173s] Level 1:colcon.colcon_core.environment:checking '/home/awadh/zed_ws/install/zed_display_rviz2' for CMake module files
[2.175s] DEBUG:colcon.colcon_core.event_handler.log_command:Invoked command in '/home/awadh/zed_ws/build/zed_display_rviz2' returned '0': CMAKE_PREFIX_PATH=/home/awadh/zed_ws/install/zed_wrapper:/home/awadh/zed_ws/install/zed_components:/home/awadh/zed_ws/install/zed_interfaces:/home/awadh/gazebo_ws/install/yolov8_msgs:/home/awadh/gazebo_ws/install/yolobot_recognition:/home/awadh/gazebo_ws/install/yolobot_gazebo:/home/awadh/gazebo_ws/install/yolobot_description:/home/awadh/gazebo_ws/install/yolobot_control:/home/awadh/gazebo_ws/install/my_robot_bringup:/home/awadh/gazebo_ws/install/my_robot_description:/home/awadh/yolobot/install/yolov8_msgs:/home/awadh/yolobot/install/yolobot_recognition:/home/awadh/yolobot/install/yolobot_gazebo:/home/awadh/yolobot/install/yolobot_description:/home/awadh/yolobot/install/yolobot_control:/home/awadh/test2_ws/install/pcl_object_detection:/home/awadh/zed_ws/install/zed_ros2:/home/awadh/zed_ws/install/zed_robot_integration:/home/awadh/zed_ws/install/zed_multi_camera:/home/awadh/zed_ws/install/zed_display_rviz2:/home/awadh/zed_ws/install/zed_depth_to_laserscan:/home/awadh/zed_ws/install/zed_tutorial_video:/home/awadh/zed_ws/install/zed_tutorial_pos_tracking:/home/awadh/zed_ws/install/zed_tutorial_depth:/home/awadh/zed_ws/install/zed_topic_benchmark:/home/awadh/zed_ws/install/zed_topic_benchmark_component:/home/awadh/zed_ws/install/zed_topic_benchmark_interfaces:/home/awadh/zed_ws/install/zed_rgb_convert:/home/awadh/zed_ws/install/zed_aruco_localization:/home/awadh/zed_ws/install/rviz_plugin_zed_od:/home/awadh/ouster_ws/install/ouster_ros:/home/awadh/ouster_ws/install/ouster_sensor_msgs:/home/awadh/ros2_ws/install/my_robot_bringup:/home/awadh/ros2_ws/install/turtlesim_project_cpp:/home/awadh/ros2_ws/install/my_cpp_pkg:/home/awadh/ros2_ws/install/my_robot_interfaces:/home/awadh/gazebo_ws/install/ultralytics_ros2:/home/awadh/ros2_ws/install/turtlesim_catch_them_all:/home/awadh/ros2_ws/install/my_py_pkg:/opt/ros/humble:/home/awadh/sick_tim_ws/install/sick_tim LD_LIBRARY_PATH=/home/awadh/zed_ws/install/zed_components/lib:/home/awadh/zed_ws/install/zed_interfaces/lib:/home/awadh/gazebo_ws/install/yolov8_msgs/lib:/home/awadh/yolobot/install/yolov8_msgs/lib:/home/awadh/test2_ws/install/pcl_object_detection/lib:/home/awadh/zed_ws/install/zed_topic_benchmark_component/lib:/home/awadh/zed_ws/install/zed_topic_benchmark_interfaces/lib:/home/awadh/zed_ws/install/zed_rgb_convert/lib:/home/awadh/zed_ws/install/zed_aruco_localization/lib:/home/awadh/zed_ws/install/rviz_plugin_zed_od/lib:/home/awadh/ouster_ws/install/ouster_ros/lib:/home/awadh/ouster_ws/install/ouster_sensor_msgs/lib:/home/awadh/ros2_ws/install/my_robot_interfaces/lib:/home/awadh/sick_tim_ws/install/sick_tim/lib:/usr/lib/x86_64-linux-gnu/gazebo-11/plugins:/opt/ros/humble/opt/rviz_ogre_vendor/lib:/opt/ros/humble/lib/x86_64-linux-gnu:/opt/ros/humble/lib:/usr/share/gazebo/../../lib/x86_64-linux-gnu/gazebo-11/plugins /usr/bin/cmake --install /home/awadh/zed_ws/build/zed_display_rviz2
[2.175s] Level 1:colcon.colcon_core.environment:checking '/home/awadh/zed_ws/install/zed_display_rviz2' for CMake config files
[2.176s] Level 1:colcon.colcon_core.shell:create_environment_hook('zed_display_rviz2', 'cmake_prefix_path')
[2.176s] INFO:colcon.colcon_core.shell:Creating environment hook '/home/awadh/zed_ws/install/zed_display_rviz2/share/zed_display_rviz2/hook/cmake_prefix_path.ps1'
[2.176s] INFO:colcon.colcon_core.shell:Creating environment descriptor '/home/awadh/zed_ws/install/zed_display_rviz2/share/zed_display_rviz2/hook/cmake_prefix_path.dsv'
[2.176s] INFO:colcon.colcon_core.shell:Creating environment hook '/home/awadh/zed_ws/install/zed_display_rviz2/share/zed_display_rviz2/hook/cmake_prefix_path.sh'
[2.177s] Level 1:colcon.colcon_core.environment:checking '/home/awadh/zed_ws/install/zed_display_rviz2/bin'
[2.177s] Level 1:colcon.colcon_core.environment:checking '/home/awadh/zed_ws/install/zed_display_rviz2/lib/pkgconfig/zed_display_rviz2.pc'
[2.177s] Level 1:colcon.colcon_core.environment:checking '/home/awadh/zed_ws/install/zed_display_rviz2/lib/python3.10/site-packages'
[2.177s] Level 1:colcon.colcon_core.environment:checking '/home/awadh/zed_ws/install/zed_display_rviz2/bin'
[2.177s] INFO:colcon.colcon_core.shell:Creating package script '/home/awadh/zed_ws/install/zed_display_rviz2/share/zed_display_rviz2/package.ps1'
[2.178s] INFO:colcon.colcon_core.shell:Creating package descriptor '/home/awadh/zed_ws/install/zed_display_rviz2/share/zed_display_rviz2/package.dsv'
[2.178s] INFO:colcon.colcon_core.shell:Creating package script '/home/awadh/zed_ws/install/zed_display_rviz2/share/zed_display_rviz2/package.sh'
[2.178s] INFO:colcon.colcon_core.shell:Creating package script '/home/awadh/zed_ws/install/zed_display_rviz2/share/zed_display_rviz2/package.bash'
[2.178s] INFO:colcon.colcon_core.shell:Creating package script '/home/awadh/zed_ws/install/zed_display_rviz2/share/zed_display_rviz2/package.zsh'
[2.178s] Level 1:colcon.colcon_core.environment:create_file_with_runtime_dependencies(/home/awadh/zed_ws/install/zed_display_rviz2/share/colcon-core/packages/zed_display_rviz2)
[2.179s] Level 1:colcon.colcon_core.environment:create_environment_scripts_only(zed_depth_to_laserscan)
[2.179s] Level 1:colcon.colcon_core.environment:checking '/home/awadh/zed_ws/install/zed_depth_to_laserscan' for CMake module files
[2.179s] DEBUG:colcon.colcon_core.event_handler.log_command:Invoked command in '/home/awadh/zed_ws/build/zed_depth_to_laserscan' returned '0': CMAKE_PREFIX_PATH=/home/awadh/zed_ws/install/zed_wrapper:/home/awadh/zed_ws/install/zed_components:/home/awadh/zed_ws/install/zed_interfaces:/home/awadh/gazebo_ws/install/yolov8_msgs:/home/awadh/gazebo_ws/install/yolobot_recognition:/home/awadh/gazebo_ws/install/yolobot_gazebo:/home/awadh/gazebo_ws/install/yolobot_description:/home/awadh/gazebo_ws/install/yolobot_control:/home/awadh/gazebo_ws/install/my_robot_bringup:/home/awadh/gazebo_ws/install/my_robot_description:/home/awadh/yolobot/install/yolov8_msgs:/home/awadh/yolobot/install/yolobot_recognition:/home/awadh/yolobot/install/yolobot_gazebo:/home/awadh/yolobot/install/yolobot_description:/home/awadh/yolobot/install/yolobot_control:/home/awadh/test2_ws/install/pcl_object_detection:/home/awadh/zed_ws/install/zed_ros2:/home/awadh/zed_ws/install/zed_robot_integration:/home/awadh/zed_ws/install/zed_multi_camera:/home/awadh/zed_ws/install/zed_display_rviz2:/home/awadh/zed_ws/install/zed_depth_to_laserscan:/home/awadh/zed_ws/install/zed_tutorial_video:/home/awadh/zed_ws/install/zed_tutorial_pos_tracking:/home/awadh/zed_ws/install/zed_tutorial_depth:/home/awadh/zed_ws/install/zed_topic_benchmark:/home/awadh/zed_ws/install/zed_topic_benchmark_component:/home/awadh/zed_ws/install/zed_topic_benchmark_interfaces:/home/awadh/zed_ws/install/zed_rgb_convert:/home/awadh/zed_ws/install/zed_aruco_localization:/home/awadh/zed_ws/install/rviz_plugin_zed_od:/home/awadh/ouster_ws/install/ouster_ros:/home/awadh/ouster_ws/install/ouster_sensor_msgs:/home/awadh/ros2_ws/install/my_robot_bringup:/home/awadh/ros2_ws/install/turtlesim_project_cpp:/home/awadh/ros2_ws/install/my_cpp_pkg:/home/awadh/ros2_ws/install/my_robot_interfaces:/home/awadh/gazebo_ws/install/ultralytics_ros2:/home/awadh/ros2_ws/install/turtlesim_catch_them_all:/home/awadh/ros2_ws/install/my_py_pkg:/opt/ros/humble:/home/awadh/sick_tim_ws/install/sick_tim LD_LIBRARY_PATH=/home/awadh/zed_ws/install/zed_components/lib:/home/awadh/zed_ws/install/zed_interfaces/lib:/home/awadh/gazebo_ws/install/yolov8_msgs/lib:/home/awadh/yolobot/install/yolov8_msgs/lib:/home/awadh/test2_ws/install/pcl_object_detection/lib:/home/awadh/zed_ws/install/zed_topic_benchmark_component/lib:/home/awadh/zed_ws/install/zed_topic_benchmark_interfaces/lib:/home/awadh/zed_ws/install/zed_rgb_convert/lib:/home/awadh/zed_ws/install/zed_aruco_localization/lib:/home/awadh/zed_ws/install/rviz_plugin_zed_od/lib:/home/awadh/ouster_ws/install/ouster_ros/lib:/home/awadh/ouster_ws/install/ouster_sensor_msgs/lib:/home/awadh/ros2_ws/install/my_robot_interfaces/lib:/home/awadh/sick_tim_ws/install/sick_tim/lib:/usr/lib/x86_64-linux-gnu/gazebo-11/plugins:/opt/ros/humble/opt/rviz_ogre_vendor/lib:/opt/ros/humble/lib/x86_64-linux-gnu:/opt/ros/humble/lib:/usr/share/gazebo/../../lib/x86_64-linux-gnu/gazebo-11/plugins /usr/bin/cmake --install /home/awadh/zed_ws/build/zed_depth_to_laserscan
[2.180s] Level 1:colcon.colcon_core.environment:checking '/home/awadh/zed_ws/install/zed_depth_to_laserscan' for CMake config files
[2.180s] Level 1:colcon.colcon_core.shell:create_environment_hook('zed_depth_to_laserscan', 'cmake_prefix_path')
[2.180s] INFO:colcon.colcon_core.shell:Creating environment hook '/home/awadh/zed_ws/install/zed_depth_to_laserscan/share/zed_depth_to_laserscan/hook/cmake_prefix_path.ps1'
[2.180s] INFO:colcon.colcon_core.shell:Creating environment descriptor '/home/awadh/zed_ws/install/zed_depth_to_laserscan/share/zed_depth_to_laserscan/hook/cmake_prefix_path.dsv'
[2.181s] INFO:colcon.colcon_core.shell:Creating environment hook '/home/awadh/zed_ws/install/zed_depth_to_laserscan/share/zed_depth_to_laserscan/hook/cmake_prefix_path.sh'
[2.181s] Level 1:colcon.colcon_core.environment:checking '/home/awadh/zed_ws/install/zed_depth_to_laserscan/bin'
[2.181s] Level 1:colcon.colcon_core.environment:checking '/home/awadh/zed_ws/install/zed_depth_to_laserscan/lib/pkgconfig/zed_depth_to_laserscan.pc'
[2.182s] Level 1:colcon.colcon_core.environment:checking '/home/awadh/zed_ws/install/zed_depth_to_laserscan/lib/python3.10/site-packages'
[2.182s] Level 1:colcon.colcon_core.environment:checking '/home/awadh/zed_ws/install/zed_depth_to_laserscan/bin'
[2.182s] INFO:colcon.colcon_core.shell:Creating package script '/home/awadh/zed_ws/install/zed_depth_to_laserscan/share/zed_depth_to_laserscan/package.ps1'
[2.182s] INFO:colcon.colcon_core.shell:Creating package descriptor '/home/awadh/zed_ws/install/zed_depth_to_laserscan/share/zed_depth_to_laserscan/package.dsv'
[2.182s] INFO:colcon.colcon_core.shell:Creating package script '/home/awadh/zed_ws/install/zed_depth_to_laserscan/share/zed_depth_to_laserscan/package.sh'
[2.182s] INFO:colcon.colcon_core.shell:Creating package script '/home/awadh/zed_ws/install/zed_depth_to_laserscan/share/zed_depth_to_laserscan/package.bash'
[2.183s] INFO:colcon.colcon_core.shell:Creating package script '/home/awadh/zed_ws/install/zed_depth_to_laserscan/share/zed_depth_to_laserscan/package.zsh'
[2.183s] Level 1:colcon.colcon_core.environment:create_file_with_runtime_dependencies(/home/awadh/zed_ws/install/zed_depth_to_laserscan/share/colcon-core/packages/zed_depth_to_laserscan)
[2.184s] Level 1:colcon.colcon_core.environment:create_environment_scripts_only(zed_multi_camera)
[2.184s] Level 1:colcon.colcon_core.environment:checking '/home/awadh/zed_ws/install/zed_multi_camera' for CMake module files
[2.184s] DEBUG:colcon.colcon_core.event_handler.log_command:Invoked command in '/home/awadh/zed_ws/build/zed_multi_camera' returned '0': CMAKE_PREFIX_PATH=/home/awadh/zed_ws/install/zed_wrapper:/home/awadh/zed_ws/install/zed_components:/home/awadh/zed_ws/install/zed_interfaces:/home/awadh/gazebo_ws/install/yolov8_msgs:/home/awadh/gazebo_ws/install/yolobot_recognition:/home/awadh/gazebo_ws/install/yolobot_gazebo:/home/awadh/gazebo_ws/install/yolobot_description:/home/awadh/gazebo_ws/install/yolobot_control:/home/awadh/gazebo_ws/install/my_robot_bringup:/home/awadh/gazebo_ws/install/my_robot_description:/home/awadh/yolobot/install/yolov8_msgs:/home/awadh/yolobot/install/yolobot_recognition:/home/awadh/yolobot/install/yolobot_gazebo:/home/awadh/yolobot/install/yolobot_description:/home/awadh/yolobot/install/yolobot_control:/home/awadh/test2_ws/install/pcl_object_detection:/home/awadh/zed_ws/install/zed_ros2:/home/awadh/zed_ws/install/zed_robot_integration:/home/awadh/zed_ws/install/zed_multi_camera:/home/awadh/zed_ws/install/zed_display_rviz2:/home/awadh/zed_ws/install/zed_depth_to_laserscan:/home/awadh/zed_ws/install/zed_tutorial_video:/home/awadh/zed_ws/install/zed_tutorial_pos_tracking:/home/awadh/zed_ws/install/zed_tutorial_depth:/home/awadh/zed_ws/install/zed_topic_benchmark:/home/awadh/zed_ws/install/zed_topic_benchmark_component:/home/awadh/zed_ws/install/zed_topic_benchmark_interfaces:/home/awadh/zed_ws/install/zed_rgb_convert:/home/awadh/zed_ws/install/zed_aruco_localization:/home/awadh/zed_ws/install/rviz_plugin_zed_od:/home/awadh/ouster_ws/install/ouster_ros:/home/awadh/ouster_ws/install/ouster_sensor_msgs:/home/awadh/ros2_ws/install/my_robot_bringup:/home/awadh/ros2_ws/install/turtlesim_project_cpp:/home/awadh/ros2_ws/install/my_cpp_pkg:/home/awadh/ros2_ws/install/my_robot_interfaces:/home/awadh/gazebo_ws/install/ultralytics_ros2:/home/awadh/ros2_ws/install/turtlesim_catch_them_all:/home/awadh/ros2_ws/install/my_py_pkg:/opt/ros/humble:/home/awadh/sick_tim_ws/install/sick_tim LD_LIBRARY_PATH=/home/awadh/zed_ws/install/zed_components/lib:/home/awadh/zed_ws/install/zed_interfaces/lib:/home/awadh/gazebo_ws/install/yolov8_msgs/lib:/home/awadh/yolobot/install/yolov8_msgs/lib:/home/awadh/test2_ws/install/pcl_object_detection/lib:/home/awadh/zed_ws/install/zed_topic_benchmark_component/lib:/home/awadh/zed_ws/install/zed_topic_benchmark_interfaces/lib:/home/awadh/zed_ws/install/zed_rgb_convert/lib:/home/awadh/zed_ws/install/zed_aruco_localization/lib:/home/awadh/zed_ws/install/rviz_plugin_zed_od/lib:/home/awadh/ouster_ws/install/ouster_ros/lib:/home/awadh/ouster_ws/install/ouster_sensor_msgs/lib:/home/awadh/ros2_ws/install/my_robot_interfaces/lib:/home/awadh/sick_tim_ws/install/sick_tim/lib:/usr/lib/x86_64-linux-gnu/gazebo-11/plugins:/opt/ros/humble/opt/rviz_ogre_vendor/lib:/opt/ros/humble/lib/x86_64-linux-gnu:/opt/ros/humble/lib:/usr/share/gazebo/../../lib/x86_64-linux-gnu/gazebo-11/plugins /usr/bin/cmake --install /home/awadh/zed_ws/build/zed_multi_camera
[2.185s] Level 1:colcon.colcon_core.environment:checking '/home/awadh/zed_ws/install/zed_multi_camera' for CMake config files
[2.185s] Level 1:colcon.colcon_core.shell:create_environment_hook('zed_multi_camera', 'cmake_prefix_path')
[2.185s] INFO:colcon.colcon_core.shell:Creating environment hook '/home/awadh/zed_ws/install/zed_multi_camera/share/zed_multi_camera/hook/cmake_prefix_path.ps1'
[2.185s] INFO:colcon.colcon_core.shell:Creating environment descriptor '/home/awadh/zed_ws/install/zed_multi_camera/share/zed_multi_camera/hook/cmake_prefix_path.dsv'
[2.186s] INFO:colcon.colcon_core.shell:Creating environment hook '/home/awadh/zed_ws/install/zed_multi_camera/share/zed_multi_camera/hook/cmake_prefix_path.sh'
[2.186s] Level 1:colcon.colcon_core.environment:checking '/home/awadh/zed_ws/install/zed_multi_camera/bin'
[2.186s] Level 1:colcon.colcon_core.environment:checking '/home/awadh/zed_ws/install/zed_multi_camera/lib/pkgconfig/zed_multi_camera.pc'
[2.186s] Level 1:colcon.colcon_core.environment:checking '/home/awadh/zed_ws/install/zed_multi_camera/lib/python3.10/site-packages'
[2.186s] Level 1:colcon.colcon_core.environment:checking '/home/awadh/zed_ws/install/zed_multi_camera/bin'
[2.186s] INFO:colcon.colcon_core.shell:Creating package script '/home/awadh/zed_ws/install/zed_multi_camera/share/zed_multi_camera/package.ps1'
[2.187s] INFO:colcon.colcon_core.shell:Creating package descriptor '/home/awadh/zed_ws/install/zed_multi_camera/share/zed_multi_camera/package.dsv'
[2.187s] INFO:colcon.colcon_core.shell:Creating package script '/home/awadh/zed_ws/install/zed_multi_camera/share/zed_multi_camera/package.sh'
[2.187s] INFO:colcon.colcon_core.shell:Creating package script '/home/awadh/zed_ws/install/zed_multi_camera/share/zed_multi_camera/package.bash'
[2.187s] INFO:colcon.colcon_core.shell:Creating package script '/home/awadh/zed_ws/install/zed_multi_camera/share/zed_multi_camera/package.zsh'
[2.188s] Level 1:colcon.colcon_core.environment:create_file_with_runtime_dependencies(/home/awadh/zed_ws/install/zed_multi_camera/share/colcon-core/packages/zed_multi_camera)
[2.188s] Level 1:colcon.colcon_core.environment:create_environment_scripts_only(zed_ros2)
[2.189s] Level 1:colcon.colcon_core.environment:checking '/home/awadh/zed_ws/install/zed_ros2' for CMake module files
[2.189s] DEBUG:colcon.colcon_core.event_handler.log_command:Invoked command in '/home/awadh/zed_ws/build/zed_ros2' returned '0': CMAKE_PREFIX_PATH=/home/awadh/zed_ws/install/zed_wrapper:/home/awadh/zed_ws/install/zed_components:/home/awadh/zed_ws/install/zed_interfaces:/home/awadh/gazebo_ws/install/yolov8_msgs:/home/awadh/gazebo_ws/install/yolobot_recognition:/home/awadh/gazebo_ws/install/yolobot_gazebo:/home/awadh/gazebo_ws/install/yolobot_description:/home/awadh/gazebo_ws/install/yolobot_control:/home/awadh/gazebo_ws/install/my_robot_bringup:/home/awadh/gazebo_ws/install/my_robot_description:/home/awadh/yolobot/install/yolov8_msgs:/home/awadh/yolobot/install/yolobot_recognition:/home/awadh/yolobot/install/yolobot_gazebo:/home/awadh/yolobot/install/yolobot_description:/home/awadh/yolobot/install/yolobot_control:/home/awadh/test2_ws/install/pcl_object_detection:/home/awadh/zed_ws/install/zed_ros2:/home/awadh/zed_ws/install/zed_robot_integration:/home/awadh/zed_ws/install/zed_multi_camera:/home/awadh/zed_ws/install/zed_display_rviz2:/home/awadh/zed_ws/install/zed_depth_to_laserscan:/home/awadh/zed_ws/install/zed_tutorial_video:/home/awadh/zed_ws/install/zed_tutorial_pos_tracking:/home/awadh/zed_ws/install/zed_tutorial_depth:/home/awadh/zed_ws/install/zed_topic_benchmark:/home/awadh/zed_ws/install/zed_topic_benchmark_component:/home/awadh/zed_ws/install/zed_topic_benchmark_interfaces:/home/awadh/zed_ws/install/zed_rgb_convert:/home/awadh/zed_ws/install/zed_aruco_localization:/home/awadh/zed_ws/install/rviz_plugin_zed_od:/home/awadh/ouster_ws/install/ouster_ros:/home/awadh/ouster_ws/install/ouster_sensor_msgs:/home/awadh/ros2_ws/install/my_robot_bringup:/home/awadh/ros2_ws/install/turtlesim_project_cpp:/home/awadh/ros2_ws/install/my_cpp_pkg:/home/awadh/ros2_ws/install/my_robot_interfaces:/home/awadh/gazebo_ws/install/ultralytics_ros2:/home/awadh/ros2_ws/install/turtlesim_catch_them_all:/home/awadh/ros2_ws/install/my_py_pkg:/opt/ros/humble:/home/awadh/sick_tim_ws/install/sick_tim LD_LIBRARY_PATH=/home/awadh/zed_ws/install/zed_components/lib:/home/awadh/zed_ws/install/zed_interfaces/lib:/home/awadh/gazebo_ws/install/yolov8_msgs/lib:/home/awadh/yolobot/install/yolov8_msgs/lib:/home/awadh/test2_ws/install/pcl_object_detection/lib:/home/awadh/zed_ws/install/zed_topic_benchmark_component/lib:/home/awadh/zed_ws/install/zed_topic_benchmark_interfaces/lib:/home/awadh/zed_ws/install/zed_rgb_convert/lib:/home/awadh/zed_ws/install/zed_aruco_localization/lib:/home/awadh/zed_ws/install/rviz_plugin_zed_od/lib:/home/awadh/ouster_ws/install/ouster_ros/lib:/home/awadh/ouster_ws/install/ouster_sensor_msgs/lib:/home/awadh/ros2_ws/install/my_robot_interfaces/lib:/home/awadh/sick_tim_ws/install/sick_tim/lib:/usr/lib/x86_64-linux-gnu/gazebo-11/plugins:/opt/ros/humble/opt/rviz_ogre_vendor/lib:/opt/ros/humble/lib/x86_64-linux-gnu:/opt/ros/humble/lib:/usr/share/gazebo/../../lib/x86_64-linux-gnu/gazebo-11/plugins /usr/bin/cmake --install /home/awadh/zed_ws/build/zed_ros2
[2.189s] Level 1:colcon.colcon_core.environment:checking '/home/awadh/zed_ws/install/zed_ros2' for CMake config files
[2.190s] Level 1:colcon.colcon_core.shell:create_environment_hook('zed_ros2', 'cmake_prefix_path')
[2.190s] INFO:colcon.colcon_core.shell:Creating environment hook '/home/awadh/zed_ws/install/zed_ros2/share/zed_ros2/hook/cmake_prefix_path.ps1'
[2.190s] INFO:colcon.colcon_core.shell:Creating environment descriptor '/home/awadh/zed_ws/install/zed_ros2/share/zed_ros2/hook/cmake_prefix_path.dsv'
[2.191s] INFO:colcon.colcon_core.shell:Creating environment hook '/home/awadh/zed_ws/install/zed_ros2/share/zed_ros2/hook/cmake_prefix_path.sh'
[2.191s] Level 1:colcon.colcon_core.environment:checking '/home/awadh/zed_ws/install/zed_ros2/bin'
[2.191s] Level 1:colcon.colcon_core.environment:checking '/home/awadh/zed_ws/install/zed_ros2/lib/pkgconfig/zed_ros2.pc'
[2.191s] Level 1:colcon.colcon_core.environment:checking '/home/awadh/zed_ws/install/zed_ros2/lib/python3.10/site-packages'
[2.191s] Level 1:colcon.colcon_core.environment:checking '/home/awadh/zed_ws/install/zed_ros2/bin'
[2.191s] INFO:colcon.colcon_core.shell:Creating package script '/home/awadh/zed_ws/install/zed_ros2/share/zed_ros2/package.ps1'
[2.192s] INFO:colcon.colcon_core.shell:Creating package descriptor '/home/awadh/zed_ws/install/zed_ros2/share/zed_ros2/package.dsv'
[2.192s] INFO:colcon.colcon_core.shell:Creating package script '/home/awadh/zed_ws/install/zed_ros2/share/zed_ros2/package.sh'
[2.192s] INFO:colcon.colcon_core.shell:Creating package script '/home/awadh/zed_ws/install/zed_ros2/share/zed_ros2/package.bash'
[2.192s] INFO:colcon.colcon_core.shell:Creating package script '/home/awadh/zed_ws/install/zed_ros2/share/zed_ros2/package.zsh'
[2.192s] Level 1:colcon.colcon_core.environment:create_file_with_runtime_dependencies(/home/awadh/zed_ws/install/zed_ros2/share/colcon-core/packages/zed_ros2)
[2.193s] Level 1:colcon.colcon_core.environment:create_environment_scripts_only(zed_robot_integration)
[2.193s] Level 1:colcon.colcon_core.environment:checking '/home/awadh/zed_ws/install/zed_robot_integration' for CMake module files
[2.194s] DEBUG:colcon.colcon_core.event_handler.log_command:Invoked command in '/home/awadh/zed_ws/build/zed_robot_integration' returned '0': CMAKE_PREFIX_PATH=/home/awadh/zed_ws/install/zed_wrapper:/home/awadh/zed_ws/install/zed_components:/home/awadh/zed_ws/install/zed_interfaces:/home/awadh/gazebo_ws/install/yolov8_msgs:/home/awadh/gazebo_ws/install/yolobot_recognition:/home/awadh/gazebo_ws/install/yolobot_gazebo:/home/awadh/gazebo_ws/install/yolobot_description:/home/awadh/gazebo_ws/install/yolobot_control:/home/awadh/gazebo_ws/install/my_robot_bringup:/home/awadh/gazebo_ws/install/my_robot_description:/home/awadh/yolobot/install/yolov8_msgs:/home/awadh/yolobot/install/yolobot_recognition:/home/awadh/yolobot/install/yolobot_gazebo:/home/awadh/yolobot/install/yolobot_description:/home/awadh/yolobot/install/yolobot_control:/home/awadh/test2_ws/install/pcl_object_detection:/home/awadh/zed_ws/install/zed_ros2:/home/awadh/zed_ws/install/zed_robot_integration:/home/awadh/zed_ws/install/zed_multi_camera:/home/awadh/zed_ws/install/zed_display_rviz2:/home/awadh/zed_ws/install/zed_depth_to_laserscan:/home/awadh/zed_ws/install/zed_tutorial_video:/home/awadh/zed_ws/install/zed_tutorial_pos_tracking:/home/awadh/zed_ws/install/zed_tutorial_depth:/home/awadh/zed_ws/install/zed_topic_benchmark:/home/awadh/zed_ws/install/zed_topic_benchmark_component:/home/awadh/zed_ws/install/zed_topic_benchmark_interfaces:/home/awadh/zed_ws/install/zed_rgb_convert:/home/awadh/zed_ws/install/zed_aruco_localization:/home/awadh/zed_ws/install/rviz_plugin_zed_od:/home/awadh/ouster_ws/install/ouster_ros:/home/awadh/ouster_ws/install/ouster_sensor_msgs:/home/awadh/ros2_ws/install/my_robot_bringup:/home/awadh/ros2_ws/install/turtlesim_project_cpp:/home/awadh/ros2_ws/install/my_cpp_pkg:/home/awadh/ros2_ws/install/my_robot_interfaces:/home/awadh/gazebo_ws/install/ultralytics_ros2:/home/awadh/ros2_ws/install/turtlesim_catch_them_all:/home/awadh/ros2_ws/install/my_py_pkg:/opt/ros/humble:/home/awadh/sick_tim_ws/install/sick_tim LD_LIBRARY_PATH=/home/awadh/zed_ws/install/zed_components/lib:/home/awadh/zed_ws/install/zed_interfaces/lib:/home/awadh/gazebo_ws/install/yolov8_msgs/lib:/home/awadh/yolobot/install/yolov8_msgs/lib:/home/awadh/test2_ws/install/pcl_object_detection/lib:/home/awadh/zed_ws/install/zed_topic_benchmark_component/lib:/home/awadh/zed_ws/install/zed_topic_benchmark_interfaces/lib:/home/awadh/zed_ws/install/zed_rgb_convert/lib:/home/awadh/zed_ws/install/zed_aruco_localization/lib:/home/awadh/zed_ws/install/rviz_plugin_zed_od/lib:/home/awadh/ouster_ws/install/ouster_ros/lib:/home/awadh/ouster_ws/install/ouster_sensor_msgs/lib:/home/awadh/ros2_ws/install/my_robot_interfaces/lib:/home/awadh/sick_tim_ws/install/sick_tim/lib:/usr/lib/x86_64-linux-gnu/gazebo-11/plugins:/opt/ros/humble/opt/rviz_ogre_vendor/lib:/opt/ros/humble/lib/x86_64-linux-gnu:/opt/ros/humble/lib:/usr/share/gazebo/../../lib/x86_64-linux-gnu/gazebo-11/plugins /usr/bin/cmake --install /home/awadh/zed_ws/build/zed_robot_integration
[2.194s] Level 1:colcon.colcon_core.environment:checking '/home/awadh/zed_ws/install/zed_robot_integration' for CMake config files
[2.194s] Level 1:colcon.colcon_core.shell:create_environment_hook('zed_robot_integration', 'cmake_prefix_path')
[2.194s] INFO:colcon.colcon_core.shell:Creating environment hook '/home/awadh/zed_ws/install/zed_robot_integration/share/zed_robot_integration/hook/cmake_prefix_path.ps1'
[2.195s] INFO:colcon.colcon_core.shell:Creating environment descriptor '/home/awadh/zed_ws/install/zed_robot_integration/share/zed_robot_integration/hook/cmake_prefix_path.dsv'
[2.195s] INFO:colcon.colcon_core.shell:Creating environment hook '/home/awadh/zed_ws/install/zed_robot_integration/share/zed_robot_integration/hook/cmake_prefix_path.sh'
[2.195s] Level 1:colcon.colcon_core.environment:checking '/home/awadh/zed_ws/install/zed_robot_integration/bin'
[2.195s] Level 1:colcon.colcon_core.environment:checking '/home/awadh/zed_ws/install/zed_robot_integration/lib/pkgconfig/zed_robot_integration.pc'
[2.195s] Level 1:colcon.colcon_core.environment:checking '/home/awadh/zed_ws/install/zed_robot_integration/lib/python3.10/site-packages'
[2.195s] Level 1:colcon.colcon_core.environment:checking '/home/awadh/zed_ws/install/zed_robot_integration/bin'
[2.196s] INFO:colcon.colcon_core.shell:Creating package script '/home/awadh/zed_ws/install/zed_robot_integration/share/zed_robot_integration/package.ps1'
[2.196s] INFO:colcon.colcon_core.shell:Creating package descriptor '/home/awadh/zed_ws/install/zed_robot_integration/share/zed_robot_integration/package.dsv'
[2.196s] INFO:colcon.colcon_core.shell:Creating package script '/home/awadh/zed_ws/install/zed_robot_integration/share/zed_robot_integration/package.sh'
[2.196s] INFO:colcon.colcon_core.shell:Creating package script '/home/awadh/zed_ws/install/zed_robot_integration/share/zed_robot_integration/package.bash'
[2.196s] INFO:colcon.colcon_core.shell:Creating package script '/home/awadh/zed_ws/install/zed_robot_integration/share/zed_robot_integration/package.zsh'
[2.197s] Level 1:colcon.colcon_core.environment:create_file_with_runtime_dependencies(/home/awadh/zed_ws/install/zed_robot_integration/share/colcon-core/packages/zed_robot_integration)
[2.202s] Level 1:colcon.colcon_core.environment:create_environment_scripts_only(zed_display_rviz2)
[2.202s] Level 1:colcon.colcon_core.environment:checking '/home/awadh/zed_ws/install/zed_display_rviz2' for CMake module files
[2.202s] Level 1:colcon.colcon_core.environment:checking '/home/awadh/zed_ws/install/zed_display_rviz2' for CMake config files
[2.202s] Level 1:colcon.colcon_core.shell:create_environment_hook('zed_display_rviz2', 'cmake_prefix_path')
[2.203s] INFO:colcon.colcon_core.shell:Creating environment hook '/home/awadh/zed_ws/install/zed_display_rviz2/share/zed_display_rviz2/hook/cmake_prefix_path.ps1'
[2.203s] INFO:colcon.colcon_core.shell:Creating environment descriptor '/home/awadh/zed_ws/install/zed_display_rviz2/share/zed_display_rviz2/hook/cmake_prefix_path.dsv'
[2.203s] INFO:colcon.colcon_core.shell:Creating environment hook '/home/awadh/zed_ws/install/zed_display_rviz2/share/zed_display_rviz2/hook/cmake_prefix_path.sh'
[2.203s] Level 1:colcon.colcon_core.environment:checking '/home/awadh/zed_ws/install/zed_display_rviz2/bin'
[2.204s] Level 1:colcon.colcon_core.environment:checking '/home/awadh/zed_ws/install/zed_display_rviz2/lib/pkgconfig/zed_display_rviz2.pc'
[2.204s] Level 1:colcon.colcon_core.environment:checking '/home/awadh/zed_ws/install/zed_display_rviz2/lib/python3.10/site-packages'
[2.204s] Level 1:colcon.colcon_core.environment:checking '/home/awadh/zed_ws/install/zed_display_rviz2/bin'
[2.204s] INFO:colcon.colcon_core.shell:Creating package script '/home/awadh/zed_ws/install/zed_display_rviz2/share/zed_display_rviz2/package.ps1'
[2.204s] INFO:colcon.colcon_core.shell:Creating package descriptor '/home/awadh/zed_ws/install/zed_display_rviz2/share/zed_display_rviz2/package.dsv'
[2.204s] INFO:colcon.colcon_core.shell:Creating package script '/home/awadh/zed_ws/install/zed_display_rviz2/share/zed_display_rviz2/package.sh'
[2.205s] INFO:colcon.colcon_core.shell:Creating package script '/home/awadh/zed_ws/install/zed_display_rviz2/share/zed_display_rviz2/package.bash'
[2.205s] INFO:colcon.colcon_core.shell:Creating package script '/home/awadh/zed_ws/install/zed_display_rviz2/share/zed_display_rviz2/package.zsh'
[2.206s] Level 1:colcon.colcon_core.environment:create_file_with_runtime_dependencies(/home/awadh/zed_ws/install/zed_display_rviz2/share/colcon-core/packages/zed_display_rviz2)
[2.206s] Level 1:colcon.colcon_core.environment:create_environment_scripts_only(zed_depth_to_laserscan)
[2.207s] Level 1:colcon.colcon_core.environment:checking '/home/awadh/zed_ws/install/zed_depth_to_laserscan' for CMake module files
[2.207s] Level 1:colcon.colcon_core.environment:checking '/home/awadh/zed_ws/install/zed_depth_to_laserscan' for CMake config files
[2.207s] Level 1:colcon.colcon_core.shell:create_environment_hook('zed_depth_to_laserscan', 'cmake_prefix_path')
[2.207s] INFO:colcon.colcon_core.shell:Creating environment hook '/home/awadh/zed_ws/install/zed_depth_to_laserscan/share/zed_depth_to_laserscan/hook/cmake_prefix_path.ps1'
[2.207s] INFO:colcon.colcon_core.shell:Creating environment descriptor '/home/awadh/zed_ws/install/zed_depth_to_laserscan/share/zed_depth_to_laserscan/hook/cmake_prefix_path.dsv'
[2.207s] INFO:colcon.colcon_core.shell:Creating environment hook '/home/awadh/zed_ws/install/zed_depth_to_laserscan/share/zed_depth_to_laserscan/hook/cmake_prefix_path.sh'
[2.208s] Level 1:colcon.colcon_core.environment:checking '/home/awadh/zed_ws/install/zed_depth_to_laserscan/bin'
[2.208s] Level 1:colcon.colcon_core.environment:checking '/home/awadh/zed_ws/install/zed_depth_to_laserscan/lib/pkgconfig/zed_depth_to_laserscan.pc'
[2.208s] Level 1:colcon.colcon_core.environment:checking '/home/awadh/zed_ws/install/zed_depth_to_laserscan/lib/python3.10/site-packages'
[2.208s] Level 1:colcon.colcon_core.environment:checking '/home/awadh/zed_ws/install/zed_depth_to_laserscan/bin'
[2.208s] INFO:colcon.colcon_core.shell:Creating package script '/home/awadh/zed_ws/install/zed_depth_to_laserscan/share/zed_depth_to_laserscan/package.ps1'
[2.208s] INFO:colcon.colcon_core.shell:Creating package descriptor '/home/awadh/zed_ws/install/zed_depth_to_laserscan/share/zed_depth_to_laserscan/package.dsv'
[2.209s] INFO:colcon.colcon_core.shell:Creating package script '/home/awadh/zed_ws/install/zed_depth_to_laserscan/share/zed_depth_to_laserscan/package.sh'
[2.209s] INFO:colcon.colcon_core.shell:Creating package script '/home/awadh/zed_ws/install/zed_depth_to_laserscan/share/zed_depth_to_laserscan/package.bash'
[2.209s] INFO:colcon.colcon_core.shell:Creating package script '/home/awadh/zed_ws/install/zed_depth_to_laserscan/share/zed_depth_to_laserscan/package.zsh'
[2.209s] Level 1:colcon.colcon_core.environment:create_file_with_runtime_dependencies(/home/awadh/zed_ws/install/zed_depth_to_laserscan/share/colcon-core/packages/zed_depth_to_laserscan)
[2.211s] Level 1:colcon.colcon_core.environment:create_environment_scripts_only(zed_multi_camera)
[2.211s] Level 1:colcon.colcon_core.environment:checking '/home/awadh/zed_ws/install/zed_multi_camera' for CMake module files
[2.211s] Level 1:colcon.colcon_core.environment:checking '/home/awadh/zed_ws/install/zed_multi_camera' for CMake config files
[2.211s] Level 1:colcon.colcon_core.shell:create_environment_hook('zed_multi_camera', 'cmake_prefix_path')
[2.212s] INFO:colcon.colcon_core.shell:Creating environment hook '/home/awadh/zed_ws/install/zed_multi_camera/share/zed_multi_camera/hook/cmake_prefix_path.ps1'
[2.212s] INFO:colcon.colcon_core.shell:Creating environment descriptor '/home/awadh/zed_ws/install/zed_multi_camera/share/zed_multi_camera/hook/cmake_prefix_path.dsv'
[2.212s] INFO:colcon.colcon_core.shell:Creating environment hook '/home/awadh/zed_ws/install/zed_multi_camera/share/zed_multi_camera/hook/cmake_prefix_path.sh'
[2.212s] Level 1:colcon.colcon_core.environment:checking '/home/awadh/zed_ws/install/zed_multi_camera/bin'
[2.212s] Level 1:colcon.colcon_core.environment:checking '/home/awadh/zed_ws/install/zed_multi_camera/lib/pkgconfig/zed_multi_camera.pc'
[2.212s] Level 1:colcon.colcon_core.environment:checking '/home/awadh/zed_ws/install/zed_multi_camera/lib/python3.10/site-packages'
[2.212s] Level 1:colcon.colcon_core.environment:checking '/home/awadh/zed_ws/install/zed_multi_camera/bin'
[2.213s] INFO:colcon.colcon_core.shell:Creating package script '/home/awadh/zed_ws/install/zed_multi_camera/share/zed_multi_camera/package.ps1'
[2.213s] INFO:colcon.colcon_core.shell:Creating package descriptor '/home/awadh/zed_ws/install/zed_multi_camera/share/zed_multi_camera/package.dsv'
[2.213s] INFO:colcon.colcon_core.shell:Creating package script '/home/awadh/zed_ws/install/zed_multi_camera/share/zed_multi_camera/package.sh'
[2.213s] INFO:colcon.colcon_core.shell:Creating package script '/home/awadh/zed_ws/install/zed_multi_camera/share/zed_multi_camera/package.bash'
[2.214s] INFO:colcon.colcon_core.shell:Creating package script '/home/awadh/zed_ws/install/zed_multi_camera/share/zed_multi_camera/package.zsh'
[2.214s] Level 1:colcon.colcon_core.environment:create_file_with_runtime_dependencies(/home/awadh/zed_ws/install/zed_multi_camera/share/colcon-core/packages/zed_multi_camera)
[2.214s] Level 1:colcon.colcon_core.environment:create_environment_scripts_only(zed_ros2)
[2.214s] Level 1:colcon.colcon_core.environment:checking '/home/awadh/zed_ws/install/zed_ros2' for CMake module files
[2.215s] Level 1:colcon.colcon_core.environment:checking '/home/awadh/zed_ws/install/zed_ros2' for CMake config files
[2.215s] Level 1:colcon.colcon_core.shell:create_environment_hook('zed_ros2', 'cmake_prefix_path')
[2.215s] INFO:colcon.colcon_core.shell:Creating environment hook '/home/awadh/zed_ws/install/zed_ros2/share/zed_ros2/hook/cmake_prefix_path.ps1'
[2.215s] INFO:colcon.colcon_core.shell:Creating environment descriptor '/home/awadh/zed_ws/install/zed_ros2/share/zed_ros2/hook/cmake_prefix_path.dsv'
[2.216s] INFO:colcon.colcon_core.shell:Creating environment hook '/home/awadh/zed_ws/install/zed_ros2/share/zed_ros2/hook/cmake_prefix_path.sh'
[2.216s] Level 1:colcon.colcon_core.environment:checking '/home/awadh/zed_ws/install/zed_ros2/bin'
[2.216s] Level 1:colcon.colcon_core.environment:checking '/home/awadh/zed_ws/install/zed_ros2/lib/pkgconfig/zed_ros2.pc'
[2.216s] Level 1:colcon.colcon_core.environment:checking '/home/awadh/zed_ws/install/zed_ros2/lib/python3.10/site-packages'
[2.216s] Level 1:colcon.colcon_core.environment:checking '/home/awadh/zed_ws/install/zed_ros2/bin'
[2.216s] INFO:colcon.colcon_core.shell:Creating package script '/home/awadh/zed_ws/install/zed_ros2/share/zed_ros2/package.ps1'
[2.217s] INFO:colcon.colcon_core.shell:Creating package descriptor '/home/awadh/zed_ws/install/zed_ros2/share/zed_ros2/package.dsv'
[2.217s] INFO:colcon.colcon_core.shell:Creating package script '/home/awadh/zed_ws/install/zed_ros2/share/zed_ros2/package.sh'
[2.217s] INFO:colcon.colcon_core.shell:Creating package script '/home/awadh/zed_ws/install/zed_ros2/share/zed_ros2/package.bash'
[2.217s] INFO:colcon.colcon_core.shell:Creating package script '/home/awadh/zed_ws/install/zed_ros2/share/zed_ros2/package.zsh'
[2.217s] Level 1:colcon.colcon_core.environment:create_file_with_runtime_dependencies(/home/awadh/zed_ws/install/zed_ros2/share/colcon-core/packages/zed_ros2)
[2.218s] Level 1:colcon.colcon_core.environment:create_environment_scripts_only(zed_robot_integration)
[2.218s] Level 1:colcon.colcon_core.environment:checking '/home/awadh/zed_ws/install/zed_robot_integration' for CMake module files
[2.219s] Level 1:colcon.colcon_core.environment:checking '/home/awadh/zed_ws/install/zed_robot_integration' for CMake config files
[2.219s] Level 1:colcon.colcon_core.shell:create_environment_hook('zed_robot_integration', 'cmake_prefix_path')
[2.219s] INFO:colcon.colcon_core.shell:Creating environment hook '/home/awadh/zed_ws/install/zed_robot_integration/share/zed_robot_integration/hook/cmake_prefix_path.ps1'
[2.219s] INFO:colcon.colcon_core.shell:Creating environment descriptor '/home/awadh/zed_ws/install/zed_robot_integration/share/zed_robot_integration/hook/cmake_prefix_path.dsv'
[2.219s] INFO:colcon.colcon_core.shell:Creating environment hook '/home/awadh/zed_ws/install/zed_robot_integration/share/zed_robot_integration/hook/cmake_prefix_path.sh'
[2.219s] Level 1:colcon.colcon_core.environment:checking '/home/awadh/zed_ws/install/zed_robot_integration/bin'
[2.219s] Level 1:colcon.colcon_core.environment:checking '/home/awadh/zed_ws/install/zed_robot_integration/lib/pkgconfig/zed_robot_integration.pc'
[2.220s] Level 1:colcon.colcon_core.environment:checking '/home/awadh/zed_ws/install/zed_robot_integration/lib/python3.10/site-packages'
[2.220s] Level 1:colcon.colcon_core.environment:checking '/home/awadh/zed_ws/install/zed_robot_integration/bin'
[2.220s] INFO:colcon.colcon_core.shell:Creating package script '/home/awadh/zed_ws/install/zed_robot_integration/share/zed_robot_integration/package.ps1'
[2.220s] INFO:colcon.colcon_core.shell:Creating package descriptor '/home/awadh/zed_ws/install/zed_robot_integration/share/zed_robot_integration/package.dsv'
[2.220s] INFO:colcon.colcon_core.shell:Creating package script '/home/awadh/zed_ws/install/zed_robot_integration/share/zed_robot_integration/package.sh'
[2.221s] INFO:colcon.colcon_core.shell:Creating package script '/home/awadh/zed_ws/install/zed_robot_integration/share/zed_robot_integration/package.bash'
[2.221s] INFO:colcon.colcon_core.shell:Creating package script '/home/awadh/zed_ws/install/zed_robot_integration/share/zed_robot_integration/package.zsh'
[2.221s] Level 1:colcon.colcon_core.environment:create_file_with_runtime_dependencies(/home/awadh/zed_ws/install/zed_robot_integration/share/colcon-core/packages/zed_robot_integration)
[2.221s] DEBUG:colcon.colcon_parallel_executor.executor.parallel:closing loop
[2.221s] DEBUG:colcon.colcon_parallel_executor.executor.parallel:loop closed
[2.221s] DEBUG:colcon.colcon_parallel_executor.executor.parallel:run_until_complete finished with '0'
[2.221s] DEBUG:colcon.colcon_core.event_reactor:joining thread
[2.225s] INFO:colcon.colcon_core.plugin_system:Skipping extension 'colcon_notification.desktop_notification.terminal_notifier': Not used on non-Darwin systems
[2.225s] INFO:colcon.colcon_core.plugin_system:Skipping extension 'colcon_notification.desktop_notification.win32': Not used on non-Windows systems
[2.225s] INFO:colcon.colcon_notification.desktop_notification:Sending desktop notification using 'notify2'
[2.235s] DEBUG:colcon.colcon_core.event_reactor:joined thread
[2.236s] INFO:colcon.colcon_core.shell:Creating prefix script '/home/awadh/zed_ws/install/local_setup.ps1'
[2.237s] INFO:colcon.colcon_core.shell:Creating prefix util module '/home/awadh/zed_ws/install/_local_setup_util_ps1.py'
[2.238s] INFO:colcon.colcon_core.shell:Creating prefix chain script '/home/awadh/zed_ws/install/setup.ps1'
[2.241s] INFO:colcon.colcon_core.shell:Creating prefix script '/home/awadh/zed_ws/install/local_setup.sh'
[2.241s] INFO:colcon.colcon_core.shell:Creating prefix util module '/home/awadh/zed_ws/install/_local_setup_util_sh.py'
[2.242s] INFO:colcon.colcon_core.shell:Creating prefix chain script '/home/awadh/zed_ws/install/setup.sh'
[2.243s] INFO:colcon.colcon_core.shell:Creating prefix script '/home/awadh/zed_ws/install/local_setup.bash'
[2.243s] INFO:colcon.colcon_core.shell:Creating prefix chain script '/home/awadh/zed_ws/install/setup.bash'
[2.245s] INFO:colcon.colcon_core.shell:Creating prefix script '/home/awadh/zed_ws/install/local_setup.zsh'
[2.245s] INFO:colcon.colcon_core.shell:Creating prefix chain script '/home/awadh/zed_ws/install/setup.zsh'
