[0.143s] DEBUG:colcon:Command line arguments: ['/usr/bin/colcon', 'build']
[0.143s] DEBUG:colcon:Parsed command line arguments: Namespace(log_base=None, log_level=None, verb_name='build', build_base='build', install_base='install', merge_install=False, symlink_install=False, test_result_base=None, continue_on_error=False, executor='parallel', parallel_workers=16, event_handlers=None, ignore_user_meta=False, metas=['./colcon.meta'], base_paths=['.'], packages_ignore=None, packages_ignore_regex=None, paths=None, packages_up_to=None, packages_up_to_regex=None, packages_above=None, packages_above_and_dependencies=None, packages_above_depth=None, packages_select_by_dep=None, packages_skip_by_dep=None, packages_skip_up_to=None, packages_select_build_failed=False, packages_skip_build_finished=False, packages_select_test_failures=False, packages_skip_test_passed=False, packages_select=None, packages_skip=None, packages_select_regex=None, packages_skip_regex=None, packages_start=None, packages_end=None, allow_overriding=[], cmake_args=None, cmake_target=None, cmake_target_skip_unavailable=False, cmake_clean_cache=False, cmake_clean_first=False, cmake_force_configure=False, ament_cmake_args=None, catkin_cmake_args=None, catkin_skip_building_tests=False, verb_parser=<colcon_defaults.argument_parser.defaults.DefaultArgumentsDecorator object at 0x759b70e2b430>, verb_extension=<colcon_core.verb.build.BuildVerb object at 0x759b70f1bf70>, main=<bound method BuildVerb.main of <colcon_core.verb.build.BuildVerb object at 0x759b70f1bf70>>)
[0.322s] Level 1:colcon.colcon_core.package_discovery:discover_packages(colcon_meta) check parameters
[0.322s] Level 1:colcon.colcon_core.package_discovery:discover_packages(recursive) check parameters
[0.322s] Level 1:colcon.colcon_core.package_discovery:discover_packages(ignore) check parameters
[0.322s] Level 1:colcon.colcon_core.package_discovery:discover_packages(path) check parameters
[0.322s] Level 1:colcon.colcon_core.package_discovery:discover_packages(colcon_meta) discover
[0.322s] Level 1:colcon.colcon_core.package_discovery:discover_packages(recursive) discover
[0.322s] INFO:colcon.colcon_core.package_discovery:Crawling recursively for packages in '/home/awadh/zed_ws'
[0.322s] Level 1:colcon.colcon_core.package_identification:_identify(.) by extensions ['ignore', 'ignore_ament_install']
[0.322s] Level 1:colcon.colcon_core.package_identification:_identify(.) by extension 'ignore'
[0.322s] Level 1:colcon.colcon_core.package_identification:_identify(.) by extension 'ignore_ament_install'
[0.322s] Level 1:colcon.colcon_core.package_identification:_identify(.) by extensions ['colcon_pkg']
[0.322s] Level 1:colcon.colcon_core.package_identification:_identify(.) by extension 'colcon_pkg'
[0.323s] Level 1:colcon.colcon_core.package_identification:_identify(.) by extensions ['colcon_meta']
[0.323s] Level 1:colcon.colcon_core.package_identification:_identify(.) by extension 'colcon_meta'
[0.323s] Level 1:colcon.colcon_core.package_identification:_identify(.) by extensions ['ros']
[0.323s] Level 1:colcon.colcon_core.package_identification:_identify(.) by extension 'ros'
[0.335s] Level 1:colcon.colcon_core.package_identification:_identify(.) by extensions ['cmake', 'python']
[0.335s] Level 1:colcon.colcon_core.package_identification:_identify(.) by extension 'cmake'
[0.335s] Level 1:colcon.colcon_core.package_identification:_identify(.) by extension 'python'
[0.335s] Level 1:colcon.colcon_core.package_identification:_identify(.) by extensions ['python_setup_py']
[0.335s] Level 1:colcon.colcon_core.package_identification:_identify(.) by extension 'python_setup_py'
[0.335s] Level 1:colcon.colcon_core.package_identification:_identify(build) by extensions ['ignore', 'ignore_ament_install']
[0.336s] Level 1:colcon.colcon_core.package_identification:_identify(build) by extension 'ignore'
[0.336s] Level 1:colcon.colcon_core.package_identification:_identify(build) ignored
[0.336s] Level 1:colcon.colcon_core.package_identification:_identify(install) by extensions ['ignore', 'ignore_ament_install']
[0.336s] Level 1:colcon.colcon_core.package_identification:_identify(install) by extension 'ignore'
[0.336s] Level 1:colcon.colcon_core.package_identification:_identify(install) ignored
[0.336s] Level 1:colcon.colcon_core.package_identification:_identify(log) by extensions ['ignore', 'ignore_ament_install']
[0.336s] Level 1:colcon.colcon_core.package_identification:_identify(log) by extension 'ignore'
[0.336s] Level 1:colcon.colcon_core.package_identification:_identify(log) ignored
[0.336s] Level 1:colcon.colcon_core.package_identification:_identify(src) by extensions ['ignore', 'ignore_ament_install']
[0.336s] Level 1:colcon.colcon_core.package_identification:_identify(src) by extension 'ignore'
[0.336s] Level 1:colcon.colcon_core.package_identification:_identify(src) by extension 'ignore_ament_install'
[0.336s] Level 1:colcon.colcon_core.package_identification:_identify(src) by extensions ['colcon_pkg']
[0.336s] Level 1:colcon.colcon_core.package_identification:_identify(src) by extension 'colcon_pkg'
[0.336s] Level 1:colcon.colcon_core.package_identification:_identify(src) by extensions ['colcon_meta']
[0.336s] Level 1:colcon.colcon_core.package_identification:_identify(src) by extension 'colcon_meta'
[0.336s] Level 1:colcon.colcon_core.package_identification:_identify(src) by extensions ['ros']
[0.336s] Level 1:colcon.colcon_core.package_identification:_identify(src) by extension 'ros'
[0.336s] Level 1:colcon.colcon_core.package_identification:_identify(src) by extensions ['cmake', 'python']
[0.336s] Level 1:colcon.colcon_core.package_identification:_identify(src) by extension 'cmake'
[0.336s] Level 1:colcon.colcon_core.package_identification:_identify(src) by extension 'python'
[0.336s] Level 1:colcon.colcon_core.package_identification:_identify(src) by extensions ['python_setup_py']
[0.336s] Level 1:colcon.colcon_core.package_identification:_identify(src) by extension 'python_setup_py'
[0.336s] Level 1:colcon.colcon_core.package_identification:_identify(src/zed-ros2-examples) by extensions ['ignore', 'ignore_ament_install']
[0.336s] Level 1:colcon.colcon_core.package_identification:_identify(src/zed-ros2-examples) by extension 'ignore'
[0.337s] Level 1:colcon.colcon_core.package_identification:_identify(src/zed-ros2-examples) by extension 'ignore_ament_install'
[0.337s] Level 1:colcon.colcon_core.package_identification:_identify(src/zed-ros2-examples) by extensions ['colcon_pkg']
[0.337s] Level 1:colcon.colcon_core.package_identification:_identify(src/zed-ros2-examples) by extension 'colcon_pkg'
[0.337s] Level 1:colcon.colcon_core.package_identification:_identify(src/zed-ros2-examples) by extensions ['colcon_meta']
[0.337s] Level 1:colcon.colcon_core.package_identification:_identify(src/zed-ros2-examples) by extension 'colcon_meta'
[0.337s] Level 1:colcon.colcon_core.package_identification:_identify(src/zed-ros2-examples) by extensions ['ros']
[0.337s] Level 1:colcon.colcon_core.package_identification:_identify(src/zed-ros2-examples) by extension 'ros'
[0.337s] Level 1:colcon.colcon_core.package_identification:_identify(src/zed-ros2-examples) by extensions ['cmake', 'python']
[0.337s] Level 1:colcon.colcon_core.package_identification:_identify(src/zed-ros2-examples) by extension 'cmake'
[0.337s] Level 1:colcon.colcon_core.package_identification:_identify(src/zed-ros2-examples) by extension 'python'
[0.337s] Level 1:colcon.colcon_core.package_identification:_identify(src/zed-ros2-examples) by extensions ['python_setup_py']
[0.337s] Level 1:colcon.colcon_core.package_identification:_identify(src/zed-ros2-examples) by extension 'python_setup_py'
[0.337s] Level 1:colcon.colcon_core.package_identification:_identify(src/zed-ros2-examples/examples) by extensions ['ignore', 'ignore_ament_install']
[0.337s] Level 1:colcon.colcon_core.package_identification:_identify(src/zed-ros2-examples/examples) by extension 'ignore'
[0.337s] Level 1:colcon.colcon_core.package_identification:_identify(src/zed-ros2-examples/examples) by extension 'ignore_ament_install'
[0.337s] Level 1:colcon.colcon_core.package_identification:_identify(src/zed-ros2-examples/examples) by extensions ['colcon_pkg']
[0.337s] Level 1:colcon.colcon_core.package_identification:_identify(src/zed-ros2-examples/examples) by extension 'colcon_pkg'
[0.337s] Level 1:colcon.colcon_core.package_identification:_identify(src/zed-ros2-examples/examples) by extensions ['colcon_meta']
[0.337s] Level 1:colcon.colcon_core.package_identification:_identify(src/zed-ros2-examples/examples) by extension 'colcon_meta'
[0.337s] Level 1:colcon.colcon_core.package_identification:_identify(src/zed-ros2-examples/examples) by extensions ['ros']
[0.337s] Level 1:colcon.colcon_core.package_identification:_identify(src/zed-ros2-examples/examples) by extension 'ros'
[0.337s] Level 1:colcon.colcon_core.package_identification:_identify(src/zed-ros2-examples/examples) by extensions ['cmake', 'python']
[0.337s] Level 1:colcon.colcon_core.package_identification:_identify(src/zed-ros2-examples/examples) by extension 'cmake'
[0.337s] Level 1:colcon.colcon_core.package_identification:_identify(src/zed-ros2-examples/examples) by extension 'python'
[0.337s] Level 1:colcon.colcon_core.package_identification:_identify(src/zed-ros2-examples/examples) by extensions ['python_setup_py']
[0.337s] Level 1:colcon.colcon_core.package_identification:_identify(src/zed-ros2-examples/examples) by extension 'python_setup_py'
[0.338s] Level 1:colcon.colcon_core.package_identification:_identify(src/zed-ros2-examples/examples/zed_aruco_localization) by extensions ['ignore', 'ignore_ament_install']
[0.338s] Level 1:colcon.colcon_core.package_identification:_identify(src/zed-ros2-examples/examples/zed_aruco_localization) by extension 'ignore'
[0.338s] Level 1:colcon.colcon_core.package_identification:_identify(src/zed-ros2-examples/examples/zed_aruco_localization) by extension 'ignore_ament_install'
[0.338s] Level 1:colcon.colcon_core.package_identification:_identify(src/zed-ros2-examples/examples/zed_aruco_localization) by extensions ['colcon_pkg']
[0.338s] Level 1:colcon.colcon_core.package_identification:_identify(src/zed-ros2-examples/examples/zed_aruco_localization) by extension 'colcon_pkg'
[0.338s] Level 1:colcon.colcon_core.package_identification:_identify(src/zed-ros2-examples/examples/zed_aruco_localization) by extensions ['colcon_meta']
[0.338s] Level 1:colcon.colcon_core.package_identification:_identify(src/zed-ros2-examples/examples/zed_aruco_localization) by extension 'colcon_meta'
[0.338s] Level 1:colcon.colcon_core.package_identification:_identify(src/zed-ros2-examples/examples/zed_aruco_localization) by extensions ['ros']
[0.338s] Level 1:colcon.colcon_core.package_identification:_identify(src/zed-ros2-examples/examples/zed_aruco_localization) by extension 'ros'
[0.340s] DEBUG:colcon.colcon_core.package_identification:Package 'src/zed-ros2-examples/examples/zed_aruco_localization' with type 'ros.ament_cmake' and name 'zed_aruco_localization'
[0.340s] Level 1:colcon.colcon_core.package_identification:_identify(src/zed-ros2-examples/examples/zed_depth_to_laserscan) by extensions ['ignore', 'ignore_ament_install']
[0.340s] Level 1:colcon.colcon_core.package_identification:_identify(src/zed-ros2-examples/examples/zed_depth_to_laserscan) by extension 'ignore'
[0.340s] Level 1:colcon.colcon_core.package_identification:_identify(src/zed-ros2-examples/examples/zed_depth_to_laserscan) by extension 'ignore_ament_install'
[0.340s] Level 1:colcon.colcon_core.package_identification:_identify(src/zed-ros2-examples/examples/zed_depth_to_laserscan) by extensions ['colcon_pkg']
[0.340s] Level 1:colcon.colcon_core.package_identification:_identify(src/zed-ros2-examples/examples/zed_depth_to_laserscan) by extension 'colcon_pkg'
[0.340s] Level 1:colcon.colcon_core.package_identification:_identify(src/zed-ros2-examples/examples/zed_depth_to_laserscan) by extensions ['colcon_meta']
[0.340s] Level 1:colcon.colcon_core.package_identification:_identify(src/zed-ros2-examples/examples/zed_depth_to_laserscan) by extension 'colcon_meta'
[0.340s] Level 1:colcon.colcon_core.package_identification:_identify(src/zed-ros2-examples/examples/zed_depth_to_laserscan) by extensions ['ros']
[0.340s] Level 1:colcon.colcon_core.package_identification:_identify(src/zed-ros2-examples/examples/zed_depth_to_laserscan) by extension 'ros'
[0.341s] DEBUG:colcon.colcon_core.package_identification:Package 'src/zed-ros2-examples/examples/zed_depth_to_laserscan' with type 'ros.ament_cmake' and name 'zed_depth_to_laserscan'
[0.341s] Level 1:colcon.colcon_core.package_identification:_identify(src/zed-ros2-examples/rviz-plugin-zed-od) by extensions ['ignore', 'ignore_ament_install']
[0.341s] Level 1:colcon.colcon_core.package_identification:_identify(src/zed-ros2-examples/rviz-plugin-zed-od) by extension 'ignore'
[0.341s] Level 1:colcon.colcon_core.package_identification:_identify(src/zed-ros2-examples/rviz-plugin-zed-od) by extension 'ignore_ament_install'
[0.341s] Level 1:colcon.colcon_core.package_identification:_identify(src/zed-ros2-examples/rviz-plugin-zed-od) by extensions ['colcon_pkg']
[0.341s] Level 1:colcon.colcon_core.package_identification:_identify(src/zed-ros2-examples/rviz-plugin-zed-od) by extension 'colcon_pkg'
[0.341s] Level 1:colcon.colcon_core.package_identification:_identify(src/zed-ros2-examples/rviz-plugin-zed-od) by extensions ['colcon_meta']
[0.341s] Level 1:colcon.colcon_core.package_identification:_identify(src/zed-ros2-examples/rviz-plugin-zed-od) by extension 'colcon_meta'
[0.341s] Level 1:colcon.colcon_core.package_identification:_identify(src/zed-ros2-examples/rviz-plugin-zed-od) by extensions ['ros']
[0.341s] Level 1:colcon.colcon_core.package_identification:_identify(src/zed-ros2-examples/rviz-plugin-zed-od) by extension 'ros'
[0.342s] DEBUG:colcon.colcon_core.package_identification:Package 'src/zed-ros2-examples/rviz-plugin-zed-od' with type 'ros.ament_cmake' and name 'rviz_plugin_zed_od'
[0.342s] Level 1:colcon.colcon_core.package_identification:_identify(src/zed-ros2-examples/tools) by extensions ['ignore', 'ignore_ament_install']
[0.342s] Level 1:colcon.colcon_core.package_identification:_identify(src/zed-ros2-examples/tools) by extension 'ignore'
[0.342s] Level 1:colcon.colcon_core.package_identification:_identify(src/zed-ros2-examples/tools) by extension 'ignore_ament_install'
[0.342s] Level 1:colcon.colcon_core.package_identification:_identify(src/zed-ros2-examples/tools) by extensions ['colcon_pkg']
[0.342s] Level 1:colcon.colcon_core.package_identification:_identify(src/zed-ros2-examples/tools) by extension 'colcon_pkg'
[0.342s] Level 1:colcon.colcon_core.package_identification:_identify(src/zed-ros2-examples/tools) by extensions ['colcon_meta']
[0.342s] Level 1:colcon.colcon_core.package_identification:_identify(src/zed-ros2-examples/tools) by extension 'colcon_meta'
[0.342s] Level 1:colcon.colcon_core.package_identification:_identify(src/zed-ros2-examples/tools) by extensions ['ros']
[0.342s] Level 1:colcon.colcon_core.package_identification:_identify(src/zed-ros2-examples/tools) by extension 'ros'
[0.342s] Level 1:colcon.colcon_core.package_identification:_identify(src/zed-ros2-examples/tools) by extensions ['cmake', 'python']
[0.342s] Level 1:colcon.colcon_core.package_identification:_identify(src/zed-ros2-examples/tools) by extension 'cmake'
[0.342s] Level 1:colcon.colcon_core.package_identification:_identify(src/zed-ros2-examples/tools) by extension 'python'
[0.342s] Level 1:colcon.colcon_core.package_identification:_identify(src/zed-ros2-examples/tools) by extensions ['python_setup_py']
[0.342s] Level 1:colcon.colcon_core.package_identification:_identify(src/zed-ros2-examples/tools) by extension 'python_setup_py'
[0.342s] Level 1:colcon.colcon_core.package_identification:_identify(src/zed-ros2-examples/tools/zed_benchmark) by extensions ['ignore', 'ignore_ament_install']
[0.342s] Level 1:colcon.colcon_core.package_identification:_identify(src/zed-ros2-examples/tools/zed_benchmark) by extension 'ignore'
[0.342s] Level 1:colcon.colcon_core.package_identification:_identify(src/zed-ros2-examples/tools/zed_benchmark) by extension 'ignore_ament_install'
[0.342s] Level 1:colcon.colcon_core.package_identification:_identify(src/zed-ros2-examples/tools/zed_benchmark) by extensions ['colcon_pkg']
[0.342s] Level 1:colcon.colcon_core.package_identification:_identify(src/zed-ros2-examples/tools/zed_benchmark) by extension 'colcon_pkg'
[0.342s] Level 1:colcon.colcon_core.package_identification:_identify(src/zed-ros2-examples/tools/zed_benchmark) by extensions ['colcon_meta']
[0.342s] Level 1:colcon.colcon_core.package_identification:_identify(src/zed-ros2-examples/tools/zed_benchmark) by extension 'colcon_meta'
[0.342s] Level 1:colcon.colcon_core.package_identification:_identify(src/zed-ros2-examples/tools/zed_benchmark) by extensions ['ros']
[0.342s] Level 1:colcon.colcon_core.package_identification:_identify(src/zed-ros2-examples/tools/zed_benchmark) by extension 'ros'
[0.343s] DEBUG:colcon.colcon_core.package_identification:Package 'src/zed-ros2-examples/tools/zed_benchmark' with type 'ros.ament_cmake' and name 'zed_topic_benchmark'
[0.343s] Level 1:colcon.colcon_core.package_identification:_identify(src/zed-ros2-examples/tools/zed_benchmark_component) by extensions ['ignore', 'ignore_ament_install']
[0.343s] Level 1:colcon.colcon_core.package_identification:_identify(src/zed-ros2-examples/tools/zed_benchmark_component) by extension 'ignore'
[0.343s] Level 1:colcon.colcon_core.package_identification:_identify(src/zed-ros2-examples/tools/zed_benchmark_component) by extension 'ignore_ament_install'
[0.343s] Level 1:colcon.colcon_core.package_identification:_identify(src/zed-ros2-examples/tools/zed_benchmark_component) by extensions ['colcon_pkg']
[0.343s] Level 1:colcon.colcon_core.package_identification:_identify(src/zed-ros2-examples/tools/zed_benchmark_component) by extension 'colcon_pkg'
[0.343s] Level 1:colcon.colcon_core.package_identification:_identify(src/zed-ros2-examples/tools/zed_benchmark_component) by extensions ['colcon_meta']
[0.343s] Level 1:colcon.colcon_core.package_identification:_identify(src/zed-ros2-examples/tools/zed_benchmark_component) by extension 'colcon_meta'
[0.343s] Level 1:colcon.colcon_core.package_identification:_identify(src/zed-ros2-examples/tools/zed_benchmark_component) by extensions ['ros']
[0.343s] Level 1:colcon.colcon_core.package_identification:_identify(src/zed-ros2-examples/tools/zed_benchmark_component) by extension 'ros'
[0.344s] DEBUG:colcon.colcon_core.package_identification:Package 'src/zed-ros2-examples/tools/zed_benchmark_component' with type 'ros.ament_cmake' and name 'zed_topic_benchmark_component'
[0.344s] Level 1:colcon.colcon_core.package_identification:_identify(src/zed-ros2-examples/tools/zed_benchmark_interfaces) by extensions ['ignore', 'ignore_ament_install']
[0.344s] Level 1:colcon.colcon_core.package_identification:_identify(src/zed-ros2-examples/tools/zed_benchmark_interfaces) by extension 'ignore'
[0.344s] Level 1:colcon.colcon_core.package_identification:_identify(src/zed-ros2-examples/tools/zed_benchmark_interfaces) by extension 'ignore_ament_install'
[0.344s] Level 1:colcon.colcon_core.package_identification:_identify(src/zed-ros2-examples/tools/zed_benchmark_interfaces) by extensions ['colcon_pkg']
[0.344s] Level 1:colcon.colcon_core.package_identification:_identify(src/zed-ros2-examples/tools/zed_benchmark_interfaces) by extension 'colcon_pkg'
[0.344s] Level 1:colcon.colcon_core.package_identification:_identify(src/zed-ros2-examples/tools/zed_benchmark_interfaces) by extensions ['colcon_meta']
[0.344s] Level 1:colcon.colcon_core.package_identification:_identify(src/zed-ros2-examples/tools/zed_benchmark_interfaces) by extension 'colcon_meta'
[0.344s] Level 1:colcon.colcon_core.package_identification:_identify(src/zed-ros2-examples/tools/zed_benchmark_interfaces) by extensions ['ros']
[0.344s] Level 1:colcon.colcon_core.package_identification:_identify(src/zed-ros2-examples/tools/zed_benchmark_interfaces) by extension 'ros'
[0.344s] DEBUG:colcon.colcon_core.package_identification:Package 'src/zed-ros2-examples/tools/zed_benchmark_interfaces' with type 'ros.ament_cmake' and name 'zed_topic_benchmark_interfaces'
[0.345s] Level 1:colcon.colcon_core.package_identification:_identify(src/zed-ros2-examples/tutorials) by extensions ['ignore', 'ignore_ament_install']
[0.345s] Level 1:colcon.colcon_core.package_identification:_identify(src/zed-ros2-examples/tutorials) by extension 'ignore'
[0.345s] Level 1:colcon.colcon_core.package_identification:_identify(src/zed-ros2-examples/tutorials) by extension 'ignore_ament_install'
[0.345s] Level 1:colcon.colcon_core.package_identification:_identify(src/zed-ros2-examples/tutorials) by extensions ['colcon_pkg']
[0.345s] Level 1:colcon.colcon_core.package_identification:_identify(src/zed-ros2-examples/tutorials) by extension 'colcon_pkg'
[0.345s] Level 1:colcon.colcon_core.package_identification:_identify(src/zed-ros2-examples/tutorials) by extensions ['colcon_meta']
[0.345s] Level 1:colcon.colcon_core.package_identification:_identify(src/zed-ros2-examples/tutorials) by extension 'colcon_meta'
[0.345s] Level 1:colcon.colcon_core.package_identification:_identify(src/zed-ros2-examples/tutorials) by extensions ['ros']
[0.345s] Level 1:colcon.colcon_core.package_identification:_identify(src/zed-ros2-examples/tutorials) by extension 'ros'
[0.345s] Level 1:colcon.colcon_core.package_identification:_identify(src/zed-ros2-examples/tutorials) by extensions ['cmake', 'python']
[0.345s] Level 1:colcon.colcon_core.package_identification:_identify(src/zed-ros2-examples/tutorials) by extension 'cmake'
[0.345s] Level 1:colcon.colcon_core.package_identification:_identify(src/zed-ros2-examples/tutorials) by extension 'python'
[0.345s] Level 1:colcon.colcon_core.package_identification:_identify(src/zed-ros2-examples/tutorials) by extensions ['python_setup_py']
[0.345s] Level 1:colcon.colcon_core.package_identification:_identify(src/zed-ros2-examples/tutorials) by extension 'python_setup_py'
[0.345s] Level 1:colcon.colcon_core.package_identification:_identify(src/zed-ros2-examples/tutorials/zed_depth_tutorial) by extensions ['ignore', 'ignore_ament_install']
[0.345s] Level 1:colcon.colcon_core.package_identification:_identify(src/zed-ros2-examples/tutorials/zed_depth_tutorial) by extension 'ignore'
[0.345s] Level 1:colcon.colcon_core.package_identification:_identify(src/zed-ros2-examples/tutorials/zed_depth_tutorial) by extension 'ignore_ament_install'
[0.345s] Level 1:colcon.colcon_core.package_identification:_identify(src/zed-ros2-examples/tutorials/zed_depth_tutorial) by extensions ['colcon_pkg']
[0.345s] Level 1:colcon.colcon_core.package_identification:_identify(src/zed-ros2-examples/tutorials/zed_depth_tutorial) by extension 'colcon_pkg'
[0.345s] Level 1:colcon.colcon_core.package_identification:_identify(src/zed-ros2-examples/tutorials/zed_depth_tutorial) by extensions ['colcon_meta']
[0.345s] Level 1:colcon.colcon_core.package_identification:_identify(src/zed-ros2-examples/tutorials/zed_depth_tutorial) by extension 'colcon_meta'
[0.345s] Level 1:colcon.colcon_core.package_identification:_identify(src/zed-ros2-examples/tutorials/zed_depth_tutorial) by extensions ['ros']
[0.345s] Level 1:colcon.colcon_core.package_identification:_identify(src/zed-ros2-examples/tutorials/zed_depth_tutorial) by extension 'ros'
[0.346s] DEBUG:colcon.colcon_core.package_identification:Package 'src/zed-ros2-examples/tutorials/zed_depth_tutorial' with type 'ros.ament_cmake' and name 'zed_tutorial_depth'
[0.346s] Level 1:colcon.colcon_core.package_identification:_identify(src/zed-ros2-examples/tutorials/zed_multi_camera) by extensions ['ignore', 'ignore_ament_install']
[0.346s] Level 1:colcon.colcon_core.package_identification:_identify(src/zed-ros2-examples/tutorials/zed_multi_camera) by extension 'ignore'
[0.346s] Level 1:colcon.colcon_core.package_identification:_identify(src/zed-ros2-examples/tutorials/zed_multi_camera) by extension 'ignore_ament_install'
[0.346s] Level 1:colcon.colcon_core.package_identification:_identify(src/zed-ros2-examples/tutorials/zed_multi_camera) by extensions ['colcon_pkg']
[0.346s] Level 1:colcon.colcon_core.package_identification:_identify(src/zed-ros2-examples/tutorials/zed_multi_camera) by extension 'colcon_pkg'
[0.346s] Level 1:colcon.colcon_core.package_identification:_identify(src/zed-ros2-examples/tutorials/zed_multi_camera) by extensions ['colcon_meta']
[0.346s] Level 1:colcon.colcon_core.package_identification:_identify(src/zed-ros2-examples/tutorials/zed_multi_camera) by extension 'colcon_meta'
[0.346s] Level 1:colcon.colcon_core.package_identification:_identify(src/zed-ros2-examples/tutorials/zed_multi_camera) by extensions ['ros']
[0.346s] Level 1:colcon.colcon_core.package_identification:_identify(src/zed-ros2-examples/tutorials/zed_multi_camera) by extension 'ros'
[0.346s] DEBUG:colcon.colcon_core.package_identification:Package 'src/zed-ros2-examples/tutorials/zed_multi_camera' with type 'ros.ament_cmake' and name 'zed_multi_camera'
[0.347s] Level 1:colcon.colcon_core.package_identification:_identify(src/zed-ros2-examples/tutorials/zed_pose_tutorial) by extensions ['ignore', 'ignore_ament_install']
[0.347s] Level 1:colcon.colcon_core.package_identification:_identify(src/zed-ros2-examples/tutorials/zed_pose_tutorial) by extension 'ignore'
[0.347s] Level 1:colcon.colcon_core.package_identification:_identify(src/zed-ros2-examples/tutorials/zed_pose_tutorial) by extension 'ignore_ament_install'
[0.347s] Level 1:colcon.colcon_core.package_identification:_identify(src/zed-ros2-examples/tutorials/zed_pose_tutorial) by extensions ['colcon_pkg']
[0.347s] Level 1:colcon.colcon_core.package_identification:_identify(src/zed-ros2-examples/tutorials/zed_pose_tutorial) by extension 'colcon_pkg'
[0.347s] Level 1:colcon.colcon_core.package_identification:_identify(src/zed-ros2-examples/tutorials/zed_pose_tutorial) by extensions ['colcon_meta']
[0.347s] Level 1:colcon.colcon_core.package_identification:_identify(src/zed-ros2-examples/tutorials/zed_pose_tutorial) by extension 'colcon_meta'
[0.347s] Level 1:colcon.colcon_core.package_identification:_identify(src/zed-ros2-examples/tutorials/zed_pose_tutorial) by extensions ['ros']
[0.347s] Level 1:colcon.colcon_core.package_identification:_identify(src/zed-ros2-examples/tutorials/zed_pose_tutorial) by extension 'ros'
[0.347s] DEBUG:colcon.colcon_core.package_identification:Package 'src/zed-ros2-examples/tutorials/zed_pose_tutorial' with type 'ros.ament_cmake' and name 'zed_tutorial_pos_tracking'
[0.348s] Level 1:colcon.colcon_core.package_identification:_identify(src/zed-ros2-examples/tutorials/zed_rgb_convert) by extensions ['ignore', 'ignore_ament_install']
[0.348s] Level 1:colcon.colcon_core.package_identification:_identify(src/zed-ros2-examples/tutorials/zed_rgb_convert) by extension 'ignore'
[0.348s] Level 1:colcon.colcon_core.package_identification:_identify(src/zed-ros2-examples/tutorials/zed_rgb_convert) by extension 'ignore_ament_install'
[0.348s] Level 1:colcon.colcon_core.package_identification:_identify(src/zed-ros2-examples/tutorials/zed_rgb_convert) by extensions ['colcon_pkg']
[0.348s] Level 1:colcon.colcon_core.package_identification:_identify(src/zed-ros2-examples/tutorials/zed_rgb_convert) by extension 'colcon_pkg'
[0.348s] Level 1:colcon.colcon_core.package_identification:_identify(src/zed-ros2-examples/tutorials/zed_rgb_convert) by extensions ['colcon_meta']
[0.348s] Level 1:colcon.colcon_core.package_identification:_identify(src/zed-ros2-examples/tutorials/zed_rgb_convert) by extension 'colcon_meta'
[0.348s] Level 1:colcon.colcon_core.package_identification:_identify(src/zed-ros2-examples/tutorials/zed_rgb_convert) by extensions ['ros']
[0.348s] Level 1:colcon.colcon_core.package_identification:_identify(src/zed-ros2-examples/tutorials/zed_rgb_convert) by extension 'ros'
[0.348s] DEBUG:colcon.colcon_core.package_identification:Package 'src/zed-ros2-examples/tutorials/zed_rgb_convert' with type 'ros.ament_cmake' and name 'zed_rgb_convert'
[0.348s] Level 1:colcon.colcon_core.package_identification:_identify(src/zed-ros2-examples/tutorials/zed_robot_integration) by extensions ['ignore', 'ignore_ament_install']
[0.348s] Level 1:colcon.colcon_core.package_identification:_identify(src/zed-ros2-examples/tutorials/zed_robot_integration) by extension 'ignore'
[0.348s] Level 1:colcon.colcon_core.package_identification:_identify(src/zed-ros2-examples/tutorials/zed_robot_integration) by extension 'ignore_ament_install'
[0.348s] Level 1:colcon.colcon_core.package_identification:_identify(src/zed-ros2-examples/tutorials/zed_robot_integration) by extensions ['colcon_pkg']
[0.348s] Level 1:colcon.colcon_core.package_identification:_identify(src/zed-ros2-examples/tutorials/zed_robot_integration) by extension 'colcon_pkg'
[0.348s] Level 1:colcon.colcon_core.package_identification:_identify(src/zed-ros2-examples/tutorials/zed_robot_integration) by extensions ['colcon_meta']
[0.349s] Level 1:colcon.colcon_core.package_identification:_identify(src/zed-ros2-examples/tutorials/zed_robot_integration) by extension 'colcon_meta'
[0.349s] Level 1:colcon.colcon_core.package_identification:_identify(src/zed-ros2-examples/tutorials/zed_robot_integration) by extensions ['ros']
[0.349s] Level 1:colcon.colcon_core.package_identification:_identify(src/zed-ros2-examples/tutorials/zed_robot_integration) by extension 'ros'
[0.349s] DEBUG:colcon.colcon_core.package_identification:Package 'src/zed-ros2-examples/tutorials/zed_robot_integration' with type 'ros.ament_cmake' and name 'zed_robot_integration'
[0.349s] Level 1:colcon.colcon_core.package_identification:_identify(src/zed-ros2-examples/tutorials/zed_video_tutorial) by extensions ['ignore', 'ignore_ament_install']
[0.349s] Level 1:colcon.colcon_core.package_identification:_identify(src/zed-ros2-examples/tutorials/zed_video_tutorial) by extension 'ignore'
[0.349s] Level 1:colcon.colcon_core.package_identification:_identify(src/zed-ros2-examples/tutorials/zed_video_tutorial) by extension 'ignore_ament_install'
[0.349s] Level 1:colcon.colcon_core.package_identification:_identify(src/zed-ros2-examples/tutorials/zed_video_tutorial) by extensions ['colcon_pkg']
[0.349s] Level 1:colcon.colcon_core.package_identification:_identify(src/zed-ros2-examples/tutorials/zed_video_tutorial) by extension 'colcon_pkg'
[0.349s] Level 1:colcon.colcon_core.package_identification:_identify(src/zed-ros2-examples/tutorials/zed_video_tutorial) by extensions ['colcon_meta']
[0.349s] Level 1:colcon.colcon_core.package_identification:_identify(src/zed-ros2-examples/tutorials/zed_video_tutorial) by extension 'colcon_meta'
[0.349s] Level 1:colcon.colcon_core.package_identification:_identify(src/zed-ros2-examples/tutorials/zed_video_tutorial) by extensions ['ros']
[0.349s] Level 1:colcon.colcon_core.package_identification:_identify(src/zed-ros2-examples/tutorials/zed_video_tutorial) by extension 'ros'
[0.350s] DEBUG:colcon.colcon_core.package_identification:Package 'src/zed-ros2-examples/tutorials/zed_video_tutorial' with type 'ros.ament_cmake' and name 'zed_tutorial_video'
[0.350s] Level 1:colcon.colcon_core.package_identification:_identify(src/zed-ros2-examples/zed_display_rviz2) by extensions ['ignore', 'ignore_ament_install']
[0.350s] Level 1:colcon.colcon_core.package_identification:_identify(src/zed-ros2-examples/zed_display_rviz2) by extension 'ignore'
[0.350s] Level 1:colcon.colcon_core.package_identification:_identify(src/zed-ros2-examples/zed_display_rviz2) by extension 'ignore_ament_install'
[0.350s] Level 1:colcon.colcon_core.package_identification:_identify(src/zed-ros2-examples/zed_display_rviz2) by extensions ['colcon_pkg']
[0.350s] Level 1:colcon.colcon_core.package_identification:_identify(src/zed-ros2-examples/zed_display_rviz2) by extension 'colcon_pkg'
[0.350s] Level 1:colcon.colcon_core.package_identification:_identify(src/zed-ros2-examples/zed_display_rviz2) by extensions ['colcon_meta']
[0.350s] Level 1:colcon.colcon_core.package_identification:_identify(src/zed-ros2-examples/zed_display_rviz2) by extension 'colcon_meta'
[0.350s] Level 1:colcon.colcon_core.package_identification:_identify(src/zed-ros2-examples/zed_display_rviz2) by extensions ['ros']
[0.350s] Level 1:colcon.colcon_core.package_identification:_identify(src/zed-ros2-examples/zed_display_rviz2) by extension 'ros'
[0.351s] DEBUG:colcon.colcon_core.package_identification:Package 'src/zed-ros2-examples/zed_display_rviz2' with type 'ros.ament_cmake' and name 'zed_display_rviz2'
[0.351s] Level 1:colcon.colcon_core.package_identification:_identify(src/zed-ros2-wrapper) by extensions ['ignore', 'ignore_ament_install']
[0.351s] Level 1:colcon.colcon_core.package_identification:_identify(src/zed-ros2-wrapper) by extension 'ignore'
[0.351s] Level 1:colcon.colcon_core.package_identification:_identify(src/zed-ros2-wrapper) by extension 'ignore_ament_install'
[0.351s] Level 1:colcon.colcon_core.package_identification:_identify(src/zed-ros2-wrapper) by extensions ['colcon_pkg']
[0.351s] Level 1:colcon.colcon_core.package_identification:_identify(src/zed-ros2-wrapper) by extension 'colcon_pkg'
[0.351s] Level 1:colcon.colcon_core.package_identification:_identify(src/zed-ros2-wrapper) by extensions ['colcon_meta']
[0.351s] Level 1:colcon.colcon_core.package_identification:_identify(src/zed-ros2-wrapper) by extension 'colcon_meta'
[0.351s] Level 1:colcon.colcon_core.package_identification:_identify(src/zed-ros2-wrapper) by extensions ['ros']
[0.351s] Level 1:colcon.colcon_core.package_identification:_identify(src/zed-ros2-wrapper) by extension 'ros'
[0.351s] Level 1:colcon.colcon_core.package_identification:_identify(src/zed-ros2-wrapper) by extensions ['cmake', 'python']
[0.351s] Level 1:colcon.colcon_core.package_identification:_identify(src/zed-ros2-wrapper) by extension 'cmake'
[0.351s] Level 1:colcon.colcon_core.package_identification:_identify(src/zed-ros2-wrapper) by extension 'python'
[0.351s] Level 1:colcon.colcon_core.package_identification:_identify(src/zed-ros2-wrapper) by extensions ['python_setup_py']
[0.351s] Level 1:colcon.colcon_core.package_identification:_identify(src/zed-ros2-wrapper) by extension 'python_setup_py'
[0.351s] Level 1:colcon.colcon_core.package_identification:_identify(src/zed-ros2-wrapper/docker) by extensions ['ignore', 'ignore_ament_install']
[0.351s] Level 1:colcon.colcon_core.package_identification:_identify(src/zed-ros2-wrapper/docker) by extension 'ignore'
[0.351s] Level 1:colcon.colcon_core.package_identification:_identify(src/zed-ros2-wrapper/docker) by extension 'ignore_ament_install'
[0.351s] Level 1:colcon.colcon_core.package_identification:_identify(src/zed-ros2-wrapper/docker) by extensions ['colcon_pkg']
[0.351s] Level 1:colcon.colcon_core.package_identification:_identify(src/zed-ros2-wrapper/docker) by extension 'colcon_pkg'
[0.351s] Level 1:colcon.colcon_core.package_identification:_identify(src/zed-ros2-wrapper/docker) by extensions ['colcon_meta']
[0.351s] Level 1:colcon.colcon_core.package_identification:_identify(src/zed-ros2-wrapper/docker) by extension 'colcon_meta'
[0.351s] Level 1:colcon.colcon_core.package_identification:_identify(src/zed-ros2-wrapper/docker) by extensions ['ros']
[0.351s] Level 1:colcon.colcon_core.package_identification:_identify(src/zed-ros2-wrapper/docker) by extension 'ros'
[0.351s] Level 1:colcon.colcon_core.package_identification:_identify(src/zed-ros2-wrapper/docker) by extensions ['cmake', 'python']
[0.351s] Level 1:colcon.colcon_core.package_identification:_identify(src/zed-ros2-wrapper/docker) by extension 'cmake'
[0.351s] Level 1:colcon.colcon_core.package_identification:_identify(src/zed-ros2-wrapper/docker) by extension 'python'
[0.352s] Level 1:colcon.colcon_core.package_identification:_identify(src/zed-ros2-wrapper/docker) by extensions ['python_setup_py']
[0.352s] Level 1:colcon.colcon_core.package_identification:_identify(src/zed-ros2-wrapper/docker) by extension 'python_setup_py'
[0.352s] Level 1:colcon.colcon_core.package_identification:_identify(src/zed-ros2-wrapper/images) by extensions ['ignore', 'ignore_ament_install']
[0.352s] Level 1:colcon.colcon_core.package_identification:_identify(src/zed-ros2-wrapper/images) by extension 'ignore'
[0.352s] Level 1:colcon.colcon_core.package_identification:_identify(src/zed-ros2-wrapper/images) by extension 'ignore_ament_install'
[0.352s] Level 1:colcon.colcon_core.package_identification:_identify(src/zed-ros2-wrapper/images) by extensions ['colcon_pkg']
[0.352s] Level 1:colcon.colcon_core.package_identification:_identify(src/zed-ros2-wrapper/images) by extension 'colcon_pkg'
[0.352s] Level 1:colcon.colcon_core.package_identification:_identify(src/zed-ros2-wrapper/images) by extensions ['colcon_meta']
[0.352s] Level 1:colcon.colcon_core.package_identification:_identify(src/zed-ros2-wrapper/images) by extension 'colcon_meta'
[0.352s] Level 1:colcon.colcon_core.package_identification:_identify(src/zed-ros2-wrapper/images) by extensions ['ros']
[0.352s] Level 1:colcon.colcon_core.package_identification:_identify(src/zed-ros2-wrapper/images) by extension 'ros'
[0.352s] Level 1:colcon.colcon_core.package_identification:_identify(src/zed-ros2-wrapper/images) by extensions ['cmake', 'python']
[0.352s] Level 1:colcon.colcon_core.package_identification:_identify(src/zed-ros2-wrapper/images) by extension 'cmake'
[0.352s] Level 1:colcon.colcon_core.package_identification:_identify(src/zed-ros2-wrapper/images) by extension 'python'
[0.352s] Level 1:colcon.colcon_core.package_identification:_identify(src/zed-ros2-wrapper/images) by extensions ['python_setup_py']
[0.352s] Level 1:colcon.colcon_core.package_identification:_identify(src/zed-ros2-wrapper/images) by extension 'python_setup_py'
[0.352s] Level 1:colcon.colcon_core.package_identification:_identify(src/zed-ros2-wrapper/zed-ros2-interfaces) by extensions ['ignore', 'ignore_ament_install']
[0.352s] Level 1:colcon.colcon_core.package_identification:_identify(src/zed-ros2-wrapper/zed-ros2-interfaces) by extension 'ignore'
[0.352s] Level 1:colcon.colcon_core.package_identification:_identify(src/zed-ros2-wrapper/zed-ros2-interfaces) by extension 'ignore_ament_install'
[0.352s] Level 1:colcon.colcon_core.package_identification:_identify(src/zed-ros2-wrapper/zed-ros2-interfaces) by extensions ['colcon_pkg']
[0.352s] Level 1:colcon.colcon_core.package_identification:_identify(src/zed-ros2-wrapper/zed-ros2-interfaces) by extension 'colcon_pkg'
[0.352s] Level 1:colcon.colcon_core.package_identification:_identify(src/zed-ros2-wrapper/zed-ros2-interfaces) by extensions ['colcon_meta']
[0.352s] Level 1:colcon.colcon_core.package_identification:_identify(src/zed-ros2-wrapper/zed-ros2-interfaces) by extension 'colcon_meta'
[0.352s] Level 1:colcon.colcon_core.package_identification:_identify(src/zed-ros2-wrapper/zed-ros2-interfaces) by extensions ['ros']
[0.352s] Level 1:colcon.colcon_core.package_identification:_identify(src/zed-ros2-wrapper/zed-ros2-interfaces) by extension 'ros'
[0.353s] DEBUG:colcon.colcon_core.package_identification:Package 'src/zed-ros2-wrapper/zed-ros2-interfaces' with type 'ros.ament_cmake' and name 'zed_interfaces'
[0.353s] Level 1:colcon.colcon_core.package_identification:_identify(src/zed-ros2-wrapper/zed_components) by extensions ['ignore', 'ignore_ament_install']
[0.353s] Level 1:colcon.colcon_core.package_identification:_identify(src/zed-ros2-wrapper/zed_components) by extension 'ignore'
[0.353s] Level 1:colcon.colcon_core.package_identification:_identify(src/zed-ros2-wrapper/zed_components) by extension 'ignore_ament_install'
[0.353s] Level 1:colcon.colcon_core.package_identification:_identify(src/zed-ros2-wrapper/zed_components) by extensions ['colcon_pkg']
[0.353s] Level 1:colcon.colcon_core.package_identification:_identify(src/zed-ros2-wrapper/zed_components) by extension 'colcon_pkg'
[0.353s] Level 1:colcon.colcon_core.package_identification:_identify(src/zed-ros2-wrapper/zed_components) by extensions ['colcon_meta']
[0.353s] Level 1:colcon.colcon_core.package_identification:_identify(src/zed-ros2-wrapper/zed_components) by extension 'colcon_meta'
[0.353s] Level 1:colcon.colcon_core.package_identification:_identify(src/zed-ros2-wrapper/zed_components) by extensions ['ros']
[0.353s] Level 1:colcon.colcon_core.package_identification:_identify(src/zed-ros2-wrapper/zed_components) by extension 'ros'
[0.354s] DEBUG:colcon.colcon_core.package_identification:Package 'src/zed-ros2-wrapper/zed_components' with type 'ros.ament_cmake' and name 'zed_components'
[0.354s] Level 1:colcon.colcon_core.package_identification:_identify(src/zed-ros2-wrapper/zed_ros2) by extensions ['ignore', 'ignore_ament_install']
[0.354s] Level 1:colcon.colcon_core.package_identification:_identify(src/zed-ros2-wrapper/zed_ros2) by extension 'ignore'
[0.354s] Level 1:colcon.colcon_core.package_identification:_identify(src/zed-ros2-wrapper/zed_ros2) by extension 'ignore_ament_install'
[0.354s] Level 1:colcon.colcon_core.package_identification:_identify(src/zed-ros2-wrapper/zed_ros2) by extensions ['colcon_pkg']
[0.354s] Level 1:colcon.colcon_core.package_identification:_identify(src/zed-ros2-wrapper/zed_ros2) by extension 'colcon_pkg'
[0.354s] Level 1:colcon.colcon_core.package_identification:_identify(src/zed-ros2-wrapper/zed_ros2) by extensions ['colcon_meta']
[0.354s] Level 1:colcon.colcon_core.package_identification:_identify(src/zed-ros2-wrapper/zed_ros2) by extension 'colcon_meta'
[0.354s] Level 1:colcon.colcon_core.package_identification:_identify(src/zed-ros2-wrapper/zed_ros2) by extensions ['ros']
[0.354s] Level 1:colcon.colcon_core.package_identification:_identify(src/zed-ros2-wrapper/zed_ros2) by extension 'ros'
[0.355s] DEBUG:colcon.colcon_core.package_identification:Package 'src/zed-ros2-wrapper/zed_ros2' with type 'ros.ament_cmake' and name 'zed_ros2'
[0.355s] Level 1:colcon.colcon_core.package_identification:_identify(src/zed-ros2-wrapper/zed_wrapper) by extensions ['ignore', 'ignore_ament_install']
[0.355s] Level 1:colcon.colcon_core.package_identification:_identify(src/zed-ros2-wrapper/zed_wrapper) by extension 'ignore'
[0.355s] Level 1:colcon.colcon_core.package_identification:_identify(src/zed-ros2-wrapper/zed_wrapper) by extension 'ignore_ament_install'
[0.355s] Level 1:colcon.colcon_core.package_identification:_identify(src/zed-ros2-wrapper/zed_wrapper) by extensions ['colcon_pkg']
[0.355s] Level 1:colcon.colcon_core.package_identification:_identify(src/zed-ros2-wrapper/zed_wrapper) by extension 'colcon_pkg'
[0.355s] Level 1:colcon.colcon_core.package_identification:_identify(src/zed-ros2-wrapper/zed_wrapper) by extensions ['colcon_meta']
[0.355s] Level 1:colcon.colcon_core.package_identification:_identify(src/zed-ros2-wrapper/zed_wrapper) by extension 'colcon_meta'
[0.355s] Level 1:colcon.colcon_core.package_identification:_identify(src/zed-ros2-wrapper/zed_wrapper) by extensions ['ros']
[0.355s] Level 1:colcon.colcon_core.package_identification:_identify(src/zed-ros2-wrapper/zed_wrapper) by extension 'ros'
[0.355s] DEBUG:colcon.colcon_core.package_identification:Package 'src/zed-ros2-wrapper/zed_wrapper' with type 'ros.ament_cmake' and name 'zed_wrapper'
[0.355s] Level 1:colcon.colcon_core.package_discovery:discover_packages(recursive) using defaults
[0.355s] Level 1:colcon.colcon_core.package_discovery:discover_packages(ignore) discover
[0.355s] Level 1:colcon.colcon_core.package_discovery:discover_packages(ignore) using defaults
[0.355s] Level 1:colcon.colcon_core.package_discovery:discover_packages(path) discover
[0.355s] Level 1:colcon.colcon_core.package_discovery:discover_packages(path) using defaults
[0.375s] Level 1:colcon.colcon_core.package_discovery:discover_packages(prefix_path) check parameters
[0.375s] Level 1:colcon.colcon_core.package_discovery:discover_packages(prefix_path) discover
[0.378s] DEBUG:colcon.colcon_installed_package_information.package_discovery:Found 5 installed packages in /home/awadh/yolobot/install
[0.379s] DEBUG:colcon.colcon_installed_package_information.package_discovery:Found 0 installed packages in /home/awadh/test3_ws/install
[0.379s] DEBUG:colcon.colcon_installed_package_information.package_discovery:Found 1 installed packages in /home/awadh/test2_ws/install
[0.379s] DEBUG:colcon.colcon_installed_package_information.package_discovery:Found 0 installed packages in /home/awadh/test_ws/install
[0.379s] DEBUG:colcon.colcon_installed_package_information.package_discovery:Found 0 installed packages in /home/awadh/obj_det_ws/install
[0.380s] DEBUG:colcon.colcon_installed_package_information.package_discovery:Found 17 installed packages in /home/awadh/zed_ws/install
[0.380s] DEBUG:colcon.colcon_installed_package_information.package_discovery:Found 2 installed packages in /home/awadh/ouster_ws/install
[0.380s] DEBUG:colcon.colcon_installed_package_information.package_discovery:Found 1 installed packages in /home/awadh/sick_tim_ws/install
[0.380s] DEBUG:colcon.colcon_installed_package_information.package_discovery:Found 6 installed packages in /home/awadh/ros2_ws/install
[0.381s] DEBUG:colcon.colcon_installed_package_information.package_discovery:Found 9 installed packages in /home/awadh/gazebo_ws/install
[0.381s] DEBUG:colcon.colcon_installed_package_information.package_discovery:Found 1 installed packages in /home/awadh/depth_ws/install
[0.382s] DEBUG:colcon.colcon_installed_package_information.package_discovery:Found 409 installed packages in /opt/ros/humble
[0.383s] Level 1:colcon.colcon_core.package_discovery:discover_packages(prefix_path) using defaults
[0.427s] Level 5:colcon.colcon_core.verb:set package 'zed_interfaces' build argument 'cmake_args' from command line to 'None'
[0.427s] Level 5:colcon.colcon_core.verb:set package 'zed_interfaces' build argument 'cmake_target' from command line to 'None'
[0.427s] Level 5:colcon.colcon_core.verb:set package 'zed_interfaces' build argument 'cmake_target_skip_unavailable' from command line to 'False'
[0.427s] Level 5:colcon.colcon_core.verb:set package 'zed_interfaces' build argument 'cmake_clean_cache' from command line to 'False'
[0.427s] Level 5:colcon.colcon_core.verb:set package 'zed_interfaces' build argument 'cmake_clean_first' from command line to 'False'
[0.427s] Level 5:colcon.colcon_core.verb:set package 'zed_interfaces' build argument 'cmake_force_configure' from command line to 'False'
[0.427s] Level 5:colcon.colcon_core.verb:set package 'zed_interfaces' build argument 'ament_cmake_args' from command line to 'None'
[0.427s] Level 5:colcon.colcon_core.verb:set package 'zed_interfaces' build argument 'catkin_cmake_args' from command line to 'None'
[0.427s] Level 5:colcon.colcon_core.verb:set package 'zed_interfaces' build argument 'catkin_skip_building_tests' from command line to 'False'
[0.427s] DEBUG:colcon.colcon_core.verb:Building package 'zed_interfaces' with the following arguments: {'ament_cmake_args': None, 'build_base': '/home/awadh/zed_ws/build/zed_interfaces', 'catkin_cmake_args': None, 'catkin_skip_building_tests': False, 'cmake_args': None, 'cmake_clean_cache': False, 'cmake_clean_first': False, 'cmake_force_configure': False, 'cmake_target': None, 'cmake_target_skip_unavailable': False, 'install_base': '/home/awadh/zed_ws/install/zed_interfaces', 'merge_install': False, 'path': '/home/awadh/zed_ws/src/zed-ros2-wrapper/zed-ros2-interfaces', 'symlink_install': False, 'test_result_base': None}
[0.427s] Level 5:colcon.colcon_core.verb:set package 'zed_topic_benchmark_interfaces' build argument 'cmake_args' from command line to 'None'
[0.427s] Level 5:colcon.colcon_core.verb:set package 'zed_topic_benchmark_interfaces' build argument 'cmake_target' from command line to 'None'
[0.427s] Level 5:colcon.colcon_core.verb:set package 'zed_topic_benchmark_interfaces' build argument 'cmake_target_skip_unavailable' from command line to 'False'
[0.427s] Level 5:colcon.colcon_core.verb:set package 'zed_topic_benchmark_interfaces' build argument 'cmake_clean_cache' from command line to 'False'
[0.427s] Level 5:colcon.colcon_core.verb:set package 'zed_topic_benchmark_interfaces' build argument 'cmake_clean_first' from command line to 'False'
[0.427s] Level 5:colcon.colcon_core.verb:set package 'zed_topic_benchmark_interfaces' build argument 'cmake_force_configure' from command line to 'False'
[0.427s] Level 5:colcon.colcon_core.verb:set package 'zed_topic_benchmark_interfaces' build argument 'ament_cmake_args' from command line to 'None'
[0.427s] Level 5:colcon.colcon_core.verb:set package 'zed_topic_benchmark_interfaces' build argument 'catkin_cmake_args' from command line to 'None'
[0.428s] Level 5:colcon.colcon_core.verb:set package 'zed_topic_benchmark_interfaces' build argument 'catkin_skip_building_tests' from command line to 'False'
[0.428s] DEBUG:colcon.colcon_core.verb:Building package 'zed_topic_benchmark_interfaces' with the following arguments: {'ament_cmake_args': None, 'build_base': '/home/awadh/zed_ws/build/zed_topic_benchmark_interfaces', 'catkin_cmake_args': None, 'catkin_skip_building_tests': False, 'cmake_args': None, 'cmake_clean_cache': False, 'cmake_clean_first': False, 'cmake_force_configure': False, 'cmake_target': None, 'cmake_target_skip_unavailable': False, 'install_base': '/home/awadh/zed_ws/install/zed_topic_benchmark_interfaces', 'merge_install': False, 'path': '/home/awadh/zed_ws/src/zed-ros2-examples/tools/zed_benchmark_interfaces', 'symlink_install': False, 'test_result_base': None}
[0.428s] Level 5:colcon.colcon_core.verb:set package 'zed_tutorial_depth' build argument 'cmake_args' from command line to 'None'
[0.428s] Level 5:colcon.colcon_core.verb:set package 'zed_tutorial_depth' build argument 'cmake_target' from command line to 'None'
[0.428s] Level 5:colcon.colcon_core.verb:set package 'zed_tutorial_depth' build argument 'cmake_target_skip_unavailable' from command line to 'False'
[0.428s] Level 5:colcon.colcon_core.verb:set package 'zed_tutorial_depth' build argument 'cmake_clean_cache' from command line to 'False'
[0.428s] Level 5:colcon.colcon_core.verb:set package 'zed_tutorial_depth' build argument 'cmake_clean_first' from command line to 'False'
[0.428s] Level 5:colcon.colcon_core.verb:set package 'zed_tutorial_depth' build argument 'cmake_force_configure' from command line to 'False'
[0.428s] Level 5:colcon.colcon_core.verb:set package 'zed_tutorial_depth' build argument 'ament_cmake_args' from command line to 'None'
[0.428s] Level 5:colcon.colcon_core.verb:set package 'zed_tutorial_depth' build argument 'catkin_cmake_args' from command line to 'None'
[0.428s] Level 5:colcon.colcon_core.verb:set package 'zed_tutorial_depth' build argument 'catkin_skip_building_tests' from command line to 'False'
[0.428s] DEBUG:colcon.colcon_core.verb:Building package 'zed_tutorial_depth' with the following arguments: {'ament_cmake_args': None, 'build_base': '/home/awadh/zed_ws/build/zed_tutorial_depth', 'catkin_cmake_args': None, 'catkin_skip_building_tests': False, 'cmake_args': None, 'cmake_clean_cache': False, 'cmake_clean_first': False, 'cmake_force_configure': False, 'cmake_target': None, 'cmake_target_skip_unavailable': False, 'install_base': '/home/awadh/zed_ws/install/zed_tutorial_depth', 'merge_install': False, 'path': '/home/awadh/zed_ws/src/zed-ros2-examples/tutorials/zed_depth_tutorial', 'symlink_install': False, 'test_result_base': None}
[0.428s] Level 5:colcon.colcon_core.verb:set package 'zed_tutorial_pos_tracking' build argument 'cmake_args' from command line to 'None'
[0.428s] Level 5:colcon.colcon_core.verb:set package 'zed_tutorial_pos_tracking' build argument 'cmake_target' from command line to 'None'
[0.428s] Level 5:colcon.colcon_core.verb:set package 'zed_tutorial_pos_tracking' build argument 'cmake_target_skip_unavailable' from command line to 'False'
[0.428s] Level 5:colcon.colcon_core.verb:set package 'zed_tutorial_pos_tracking' build argument 'cmake_clean_cache' from command line to 'False'
[0.428s] Level 5:colcon.colcon_core.verb:set package 'zed_tutorial_pos_tracking' build argument 'cmake_clean_first' from command line to 'False'
[0.428s] Level 5:colcon.colcon_core.verb:set package 'zed_tutorial_pos_tracking' build argument 'cmake_force_configure' from command line to 'False'
[0.428s] Level 5:colcon.colcon_core.verb:set package 'zed_tutorial_pos_tracking' build argument 'ament_cmake_args' from command line to 'None'
[0.428s] Level 5:colcon.colcon_core.verb:set package 'zed_tutorial_pos_tracking' build argument 'catkin_cmake_args' from command line to 'None'
[0.428s] Level 5:colcon.colcon_core.verb:set package 'zed_tutorial_pos_tracking' build argument 'catkin_skip_building_tests' from command line to 'False'
[0.428s] DEBUG:colcon.colcon_core.verb:Building package 'zed_tutorial_pos_tracking' with the following arguments: {'ament_cmake_args': None, 'build_base': '/home/awadh/zed_ws/build/zed_tutorial_pos_tracking', 'catkin_cmake_args': None, 'catkin_skip_building_tests': False, 'cmake_args': None, 'cmake_clean_cache': False, 'cmake_clean_first': False, 'cmake_force_configure': False, 'cmake_target': None, 'cmake_target_skip_unavailable': False, 'install_base': '/home/awadh/zed_ws/install/zed_tutorial_pos_tracking', 'merge_install': False, 'path': '/home/awadh/zed_ws/src/zed-ros2-examples/tutorials/zed_pose_tutorial', 'symlink_install': False, 'test_result_base': None}
[0.428s] Level 5:colcon.colcon_core.verb:set package 'zed_tutorial_video' build argument 'cmake_args' from command line to 'None'
[0.428s] Level 5:colcon.colcon_core.verb:set package 'zed_tutorial_video' build argument 'cmake_target' from command line to 'None'
[0.428s] Level 5:colcon.colcon_core.verb:set package 'zed_tutorial_video' build argument 'cmake_target_skip_unavailable' from command line to 'False'
[0.428s] Level 5:colcon.colcon_core.verb:set package 'zed_tutorial_video' build argument 'cmake_clean_cache' from command line to 'False'
[0.428s] Level 5:colcon.colcon_core.verb:set package 'zed_tutorial_video' build argument 'cmake_clean_first' from command line to 'False'
[0.428s] Level 5:colcon.colcon_core.verb:set package 'zed_tutorial_video' build argument 'cmake_force_configure' from command line to 'False'
[0.428s] Level 5:colcon.colcon_core.verb:set package 'zed_tutorial_video' build argument 'ament_cmake_args' from command line to 'None'
[0.428s] Level 5:colcon.colcon_core.verb:set package 'zed_tutorial_video' build argument 'catkin_cmake_args' from command line to 'None'
[0.428s] Level 5:colcon.colcon_core.verb:set package 'zed_tutorial_video' build argument 'catkin_skip_building_tests' from command line to 'False'
[0.428s] DEBUG:colcon.colcon_core.verb:Building package 'zed_tutorial_video' with the following arguments: {'ament_cmake_args': None, 'build_base': '/home/awadh/zed_ws/build/zed_tutorial_video', 'catkin_cmake_args': None, 'catkin_skip_building_tests': False, 'cmake_args': None, 'cmake_clean_cache': False, 'cmake_clean_first': False, 'cmake_force_configure': False, 'cmake_target': None, 'cmake_target_skip_unavailable': False, 'install_base': '/home/awadh/zed_ws/install/zed_tutorial_video', 'merge_install': False, 'path': '/home/awadh/zed_ws/src/zed-ros2-examples/tutorials/zed_video_tutorial', 'symlink_install': False, 'test_result_base': None}
[0.429s] Level 5:colcon.colcon_core.verb:set package 'rviz_plugin_zed_od' build argument 'cmake_args' from command line to 'None'
[0.429s] Level 5:colcon.colcon_core.verb:set package 'rviz_plugin_zed_od' build argument 'cmake_target' from command line to 'None'
[0.429s] Level 5:colcon.colcon_core.verb:set package 'rviz_plugin_zed_od' build argument 'cmake_target_skip_unavailable' from command line to 'False'
[0.429s] Level 5:colcon.colcon_core.verb:set package 'rviz_plugin_zed_od' build argument 'cmake_clean_cache' from command line to 'False'
[0.429s] Level 5:colcon.colcon_core.verb:set package 'rviz_plugin_zed_od' build argument 'cmake_clean_first' from command line to 'False'
[0.429s] Level 5:colcon.colcon_core.verb:set package 'rviz_plugin_zed_od' build argument 'cmake_force_configure' from command line to 'False'
[0.429s] Level 5:colcon.colcon_core.verb:set package 'rviz_plugin_zed_od' build argument 'ament_cmake_args' from command line to 'None'
[0.429s] Level 5:colcon.colcon_core.verb:set package 'rviz_plugin_zed_od' build argument 'catkin_cmake_args' from command line to 'None'
[0.429s] Level 5:colcon.colcon_core.verb:set package 'rviz_plugin_zed_od' build argument 'catkin_skip_building_tests' from command line to 'False'
[0.429s] DEBUG:colcon.colcon_core.verb:Building package 'rviz_plugin_zed_od' with the following arguments: {'ament_cmake_args': None, 'build_base': '/home/awadh/zed_ws/build/rviz_plugin_zed_od', 'catkin_cmake_args': None, 'catkin_skip_building_tests': False, 'cmake_args': None, 'cmake_clean_cache': False, 'cmake_clean_first': False, 'cmake_force_configure': False, 'cmake_target': None, 'cmake_target_skip_unavailable': False, 'install_base': '/home/awadh/zed_ws/install/rviz_plugin_zed_od', 'merge_install': False, 'path': '/home/awadh/zed_ws/src/zed-ros2-examples/rviz-plugin-zed-od', 'symlink_install': False, 'test_result_base': None}
[0.429s] Level 5:colcon.colcon_core.verb:set package 'zed_components' build argument 'cmake_args' from command line to 'None'
[0.429s] Level 5:colcon.colcon_core.verb:set package 'zed_components' build argument 'cmake_target' from command line to 'None'
[0.429s] Level 5:colcon.colcon_core.verb:set package 'zed_components' build argument 'cmake_target_skip_unavailable' from command line to 'False'
[0.429s] Level 5:colcon.colcon_core.verb:set package 'zed_components' build argument 'cmake_clean_cache' from command line to 'False'
[0.429s] Level 5:colcon.colcon_core.verb:set package 'zed_components' build argument 'cmake_clean_first' from command line to 'False'
[0.429s] Level 5:colcon.colcon_core.verb:set package 'zed_components' build argument 'cmake_force_configure' from command line to 'False'
[0.429s] Level 5:colcon.colcon_core.verb:set package 'zed_components' build argument 'ament_cmake_args' from command line to 'None'
[0.429s] Level 5:colcon.colcon_core.verb:set package 'zed_components' build argument 'catkin_cmake_args' from command line to 'None'
[0.429s] Level 5:colcon.colcon_core.verb:set package 'zed_components' build argument 'catkin_skip_building_tests' from command line to 'False'
[0.429s] DEBUG:colcon.colcon_core.verb:Building package 'zed_components' with the following arguments: {'ament_cmake_args': None, 'build_base': '/home/awadh/zed_ws/build/zed_components', 'catkin_cmake_args': None, 'catkin_skip_building_tests': False, 'cmake_args': None, 'cmake_clean_cache': False, 'cmake_clean_first': False, 'cmake_force_configure': False, 'cmake_target': None, 'cmake_target_skip_unavailable': False, 'install_base': '/home/awadh/zed_ws/install/zed_components', 'merge_install': False, 'path': '/home/awadh/zed_ws/src/zed-ros2-wrapper/zed_components', 'symlink_install': False, 'test_result_base': None}
[0.429s] Level 5:colcon.colcon_core.verb:set package 'zed_topic_benchmark_component' build argument 'cmake_args' from command line to 'None'
[0.429s] Level 5:colcon.colcon_core.verb:set package 'zed_topic_benchmark_component' build argument 'cmake_target' from command line to 'None'
[0.429s] Level 5:colcon.colcon_core.verb:set package 'zed_topic_benchmark_component' build argument 'cmake_target_skip_unavailable' from command line to 'False'
[0.429s] Level 5:colcon.colcon_core.verb:set package 'zed_topic_benchmark_component' build argument 'cmake_clean_cache' from command line to 'False'
[0.429s] Level 5:colcon.colcon_core.verb:set package 'zed_topic_benchmark_component' build argument 'cmake_clean_first' from command line to 'False'
[0.429s] Level 5:colcon.colcon_core.verb:set package 'zed_topic_benchmark_component' build argument 'cmake_force_configure' from command line to 'False'
[0.429s] Level 5:colcon.colcon_core.verb:set package 'zed_topic_benchmark_component' build argument 'ament_cmake_args' from command line to 'None'
[0.429s] Level 5:colcon.colcon_core.verb:set package 'zed_topic_benchmark_component' build argument 'catkin_cmake_args' from command line to 'None'
[0.429s] Level 5:colcon.colcon_core.verb:set package 'zed_topic_benchmark_component' build argument 'catkin_skip_building_tests' from command line to 'False'
[0.429s] DEBUG:colcon.colcon_core.verb:Building package 'zed_topic_benchmark_component' with the following arguments: {'ament_cmake_args': None, 'build_base': '/home/awadh/zed_ws/build/zed_topic_benchmark_component', 'catkin_cmake_args': None, 'catkin_skip_building_tests': False, 'cmake_args': None, 'cmake_clean_cache': False, 'cmake_clean_first': False, 'cmake_force_configure': False, 'cmake_target': None, 'cmake_target_skip_unavailable': False, 'install_base': '/home/awadh/zed_ws/install/zed_topic_benchmark_component', 'merge_install': False, 'path': '/home/awadh/zed_ws/src/zed-ros2-examples/tools/zed_benchmark_component', 'symlink_install': False, 'test_result_base': None}
[0.430s] Level 5:colcon.colcon_core.verb:set package 'zed_aruco_localization' build argument 'cmake_args' from command line to 'None'
[0.430s] Level 5:colcon.colcon_core.verb:set package 'zed_aruco_localization' build argument 'cmake_target' from command line to 'None'
[0.430s] Level 5:colcon.colcon_core.verb:set package 'zed_aruco_localization' build argument 'cmake_target_skip_unavailable' from command line to 'False'
[0.430s] Level 5:colcon.colcon_core.verb:set package 'zed_aruco_localization' build argument 'cmake_clean_cache' from command line to 'False'
[0.430s] Level 5:colcon.colcon_core.verb:set package 'zed_aruco_localization' build argument 'cmake_clean_first' from command line to 'False'
[0.430s] Level 5:colcon.colcon_core.verb:set package 'zed_aruco_localization' build argument 'cmake_force_configure' from command line to 'False'
[0.430s] Level 5:colcon.colcon_core.verb:set package 'zed_aruco_localization' build argument 'ament_cmake_args' from command line to 'None'
[0.430s] Level 5:colcon.colcon_core.verb:set package 'zed_aruco_localization' build argument 'catkin_cmake_args' from command line to 'None'
[0.430s] Level 5:colcon.colcon_core.verb:set package 'zed_aruco_localization' build argument 'catkin_skip_building_tests' from command line to 'False'
[0.430s] DEBUG:colcon.colcon_core.verb:Building package 'zed_aruco_localization' with the following arguments: {'ament_cmake_args': None, 'build_base': '/home/awadh/zed_ws/build/zed_aruco_localization', 'catkin_cmake_args': None, 'catkin_skip_building_tests': False, 'cmake_args': None, 'cmake_clean_cache': False, 'cmake_clean_first': False, 'cmake_force_configure': False, 'cmake_target': None, 'cmake_target_skip_unavailable': False, 'install_base': '/home/awadh/zed_ws/install/zed_aruco_localization', 'merge_install': False, 'path': '/home/awadh/zed_ws/src/zed-ros2-examples/examples/zed_aruco_localization', 'symlink_install': False, 'test_result_base': None}
[0.430s] Level 5:colcon.colcon_core.verb:set package 'zed_rgb_convert' build argument 'cmake_args' from command line to 'None'
[0.430s] Level 5:colcon.colcon_core.verb:set package 'zed_rgb_convert' build argument 'cmake_target' from command line to 'None'
[0.430s] Level 5:colcon.colcon_core.verb:set package 'zed_rgb_convert' build argument 'cmake_target_skip_unavailable' from command line to 'False'
[0.430s] Level 5:colcon.colcon_core.verb:set package 'zed_rgb_convert' build argument 'cmake_clean_cache' from command line to 'False'
[0.430s] Level 5:colcon.colcon_core.verb:set package 'zed_rgb_convert' build argument 'cmake_clean_first' from command line to 'False'
[0.430s] Level 5:colcon.colcon_core.verb:set package 'zed_rgb_convert' build argument 'cmake_force_configure' from command line to 'False'
[0.430s] Level 5:colcon.colcon_core.verb:set package 'zed_rgb_convert' build argument 'ament_cmake_args' from command line to 'None'
[0.430s] Level 5:colcon.colcon_core.verb:set package 'zed_rgb_convert' build argument 'catkin_cmake_args' from command line to 'None'
[0.430s] Level 5:colcon.colcon_core.verb:set package 'zed_rgb_convert' build argument 'catkin_skip_building_tests' from command line to 'False'
[0.430s] DEBUG:colcon.colcon_core.verb:Building package 'zed_rgb_convert' with the following arguments: {'ament_cmake_args': None, 'build_base': '/home/awadh/zed_ws/build/zed_rgb_convert', 'catkin_cmake_args': None, 'catkin_skip_building_tests': False, 'cmake_args': None, 'cmake_clean_cache': False, 'cmake_clean_first': False, 'cmake_force_configure': False, 'cmake_target': None, 'cmake_target_skip_unavailable': False, 'install_base': '/home/awadh/zed_ws/install/zed_rgb_convert', 'merge_install': False, 'path': '/home/awadh/zed_ws/src/zed-ros2-examples/tutorials/zed_rgb_convert', 'symlink_install': False, 'test_result_base': None}
[0.430s] Level 5:colcon.colcon_core.verb:set package 'zed_topic_benchmark' build argument 'cmake_args' from command line to 'None'
[0.430s] Level 5:colcon.colcon_core.verb:set package 'zed_topic_benchmark' build argument 'cmake_target' from command line to 'None'
[0.430s] Level 5:colcon.colcon_core.verb:set package 'zed_topic_benchmark' build argument 'cmake_target_skip_unavailable' from command line to 'False'
[0.430s] Level 5:colcon.colcon_core.verb:set package 'zed_topic_benchmark' build argument 'cmake_clean_cache' from command line to 'False'
[0.430s] Level 5:colcon.colcon_core.verb:set package 'zed_topic_benchmark' build argument 'cmake_clean_first' from command line to 'False'
[0.430s] Level 5:colcon.colcon_core.verb:set package 'zed_topic_benchmark' build argument 'cmake_force_configure' from command line to 'False'
[0.430s] Level 5:colcon.colcon_core.verb:set package 'zed_topic_benchmark' build argument 'ament_cmake_args' from command line to 'None'
[0.430s] Level 5:colcon.colcon_core.verb:set package 'zed_topic_benchmark' build argument 'catkin_cmake_args' from command line to 'None'
[0.430s] Level 5:colcon.colcon_core.verb:set package 'zed_topic_benchmark' build argument 'catkin_skip_building_tests' from command line to 'False'
[0.430s] DEBUG:colcon.colcon_core.verb:Building package 'zed_topic_benchmark' with the following arguments: {'ament_cmake_args': None, 'build_base': '/home/awadh/zed_ws/build/zed_topic_benchmark', 'catkin_cmake_args': None, 'catkin_skip_building_tests': False, 'cmake_args': None, 'cmake_clean_cache': False, 'cmake_clean_first': False, 'cmake_force_configure': False, 'cmake_target': None, 'cmake_target_skip_unavailable': False, 'install_base': '/home/awadh/zed_ws/install/zed_topic_benchmark', 'merge_install': False, 'path': '/home/awadh/zed_ws/src/zed-ros2-examples/tools/zed_benchmark', 'symlink_install': False, 'test_result_base': None}
[0.430s] Level 5:colcon.colcon_core.verb:set package 'zed_wrapper' build argument 'cmake_args' from command line to 'None'
[0.430s] Level 5:colcon.colcon_core.verb:set package 'zed_wrapper' build argument 'cmake_target' from command line to 'None'
[0.430s] Level 5:colcon.colcon_core.verb:set package 'zed_wrapper' build argument 'cmake_target_skip_unavailable' from command line to 'False'
[0.430s] Level 5:colcon.colcon_core.verb:set package 'zed_wrapper' build argument 'cmake_clean_cache' from command line to 'False'
[0.431s] Level 5:colcon.colcon_core.verb:set package 'zed_wrapper' build argument 'cmake_clean_first' from command line to 'False'
[0.431s] Level 5:colcon.colcon_core.verb:set package 'zed_wrapper' build argument 'cmake_force_configure' from command line to 'False'
[0.431s] Level 5:colcon.colcon_core.verb:set package 'zed_wrapper' build argument 'ament_cmake_args' from command line to 'None'
[0.431s] Level 5:colcon.colcon_core.verb:set package 'zed_wrapper' build argument 'catkin_cmake_args' from command line to 'None'
[0.431s] Level 5:colcon.colcon_core.verb:set package 'zed_wrapper' build argument 'catkin_skip_building_tests' from command line to 'False'
[0.431s] DEBUG:colcon.colcon_core.verb:Building package 'zed_wrapper' with the following arguments: {'ament_cmake_args': None, 'build_base': '/home/awadh/zed_ws/build/zed_wrapper', 'catkin_cmake_args': None, 'catkin_skip_building_tests': False, 'cmake_args': None, 'cmake_clean_cache': False, 'cmake_clean_first': False, 'cmake_force_configure': False, 'cmake_target': None, 'cmake_target_skip_unavailable': False, 'install_base': '/home/awadh/zed_ws/install/zed_wrapper', 'merge_install': False, 'path': '/home/awadh/zed_ws/src/zed-ros2-wrapper/zed_wrapper', 'symlink_install': False, 'test_result_base': None}
[0.431s] Level 5:colcon.colcon_core.verb:set package 'zed_depth_to_laserscan' build argument 'cmake_args' from command line to 'None'
[0.431s] Level 5:colcon.colcon_core.verb:set package 'zed_depth_to_laserscan' build argument 'cmake_target' from command line to 'None'
[0.431s] Level 5:colcon.colcon_core.verb:set package 'zed_depth_to_laserscan' build argument 'cmake_target_skip_unavailable' from command line to 'False'
[0.431s] Level 5:colcon.colcon_core.verb:set package 'zed_depth_to_laserscan' build argument 'cmake_clean_cache' from command line to 'False'
[0.431s] Level 5:colcon.colcon_core.verb:set package 'zed_depth_to_laserscan' build argument 'cmake_clean_first' from command line to 'False'
[0.431s] Level 5:colcon.colcon_core.verb:set package 'zed_depth_to_laserscan' build argument 'cmake_force_configure' from command line to 'False'
[0.431s] Level 5:colcon.colcon_core.verb:set package 'zed_depth_to_laserscan' build argument 'ament_cmake_args' from command line to 'None'
[0.431s] Level 5:colcon.colcon_core.verb:set package 'zed_depth_to_laserscan' build argument 'catkin_cmake_args' from command line to 'None'
[0.431s] Level 5:colcon.colcon_core.verb:set package 'zed_depth_to_laserscan' build argument 'catkin_skip_building_tests' from command line to 'False'
[0.431s] DEBUG:colcon.colcon_core.verb:Building package 'zed_depth_to_laserscan' with the following arguments: {'ament_cmake_args': None, 'build_base': '/home/awadh/zed_ws/build/zed_depth_to_laserscan', 'catkin_cmake_args': None, 'catkin_skip_building_tests': False, 'cmake_args': None, 'cmake_clean_cache': False, 'cmake_clean_first': False, 'cmake_force_configure': False, 'cmake_target': None, 'cmake_target_skip_unavailable': False, 'install_base': '/home/awadh/zed_ws/install/zed_depth_to_laserscan', 'merge_install': False, 'path': '/home/awadh/zed_ws/src/zed-ros2-examples/examples/zed_depth_to_laserscan', 'symlink_install': False, 'test_result_base': None}
[0.431s] Level 5:colcon.colcon_core.verb:set package 'zed_display_rviz2' build argument 'cmake_args' from command line to 'None'
[0.431s] Level 5:colcon.colcon_core.verb:set package 'zed_display_rviz2' build argument 'cmake_target' from command line to 'None'
[0.431s] Level 5:colcon.colcon_core.verb:set package 'zed_display_rviz2' build argument 'cmake_target_skip_unavailable' from command line to 'False'
[0.431s] Level 5:colcon.colcon_core.verb:set package 'zed_display_rviz2' build argument 'cmake_clean_cache' from command line to 'False'
[0.431s] Level 5:colcon.colcon_core.verb:set package 'zed_display_rviz2' build argument 'cmake_clean_first' from command line to 'False'
[0.431s] Level 5:colcon.colcon_core.verb:set package 'zed_display_rviz2' build argument 'cmake_force_configure' from command line to 'False'
[0.431s] Level 5:colcon.colcon_core.verb:set package 'zed_display_rviz2' build argument 'ament_cmake_args' from command line to 'None'
[0.431s] Level 5:colcon.colcon_core.verb:set package 'zed_display_rviz2' build argument 'catkin_cmake_args' from command line to 'None'
[0.431s] Level 5:colcon.colcon_core.verb:set package 'zed_display_rviz2' build argument 'catkin_skip_building_tests' from command line to 'False'
[0.431s] DEBUG:colcon.colcon_core.verb:Building package 'zed_display_rviz2' with the following arguments: {'ament_cmake_args': None, 'build_base': '/home/awadh/zed_ws/build/zed_display_rviz2', 'catkin_cmake_args': None, 'catkin_skip_building_tests': False, 'cmake_args': None, 'cmake_clean_cache': False, 'cmake_clean_first': False, 'cmake_force_configure': False, 'cmake_target': None, 'cmake_target_skip_unavailable': False, 'install_base': '/home/awadh/zed_ws/install/zed_display_rviz2', 'merge_install': False, 'path': '/home/awadh/zed_ws/src/zed-ros2-examples/zed_display_rviz2', 'symlink_install': False, 'test_result_base': None}
[0.431s] Level 5:colcon.colcon_core.verb:set package 'zed_multi_camera' build argument 'cmake_args' from command line to 'None'
[0.431s] Level 5:colcon.colcon_core.verb:set package 'zed_multi_camera' build argument 'cmake_target' from command line to 'None'
[0.431s] Level 5:colcon.colcon_core.verb:set package 'zed_multi_camera' build argument 'cmake_target_skip_unavailable' from command line to 'False'
[0.431s] Level 5:colcon.colcon_core.verb:set package 'zed_multi_camera' build argument 'cmake_clean_cache' from command line to 'False'
[0.431s] Level 5:colcon.colcon_core.verb:set package 'zed_multi_camera' build argument 'cmake_clean_first' from command line to 'False'
[0.431s] Level 5:colcon.colcon_core.verb:set package 'zed_multi_camera' build argument 'cmake_force_configure' from command line to 'False'
[0.431s] Level 5:colcon.colcon_core.verb:set package 'zed_multi_camera' build argument 'ament_cmake_args' from command line to 'None'
[0.431s] Level 5:colcon.colcon_core.verb:set package 'zed_multi_camera' build argument 'catkin_cmake_args' from command line to 'None'
[0.431s] Level 5:colcon.colcon_core.verb:set package 'zed_multi_camera' build argument 'catkin_skip_building_tests' from command line to 'False'
[0.431s] DEBUG:colcon.colcon_core.verb:Building package 'zed_multi_camera' with the following arguments: {'ament_cmake_args': None, 'build_base': '/home/awadh/zed_ws/build/zed_multi_camera', 'catkin_cmake_args': None, 'catkin_skip_building_tests': False, 'cmake_args': None, 'cmake_clean_cache': False, 'cmake_clean_first': False, 'cmake_force_configure': False, 'cmake_target': None, 'cmake_target_skip_unavailable': False, 'install_base': '/home/awadh/zed_ws/install/zed_multi_camera', 'merge_install': False, 'path': '/home/awadh/zed_ws/src/zed-ros2-examples/tutorials/zed_multi_camera', 'symlink_install': False, 'test_result_base': None}
[0.432s] Level 5:colcon.colcon_core.verb:set package 'zed_robot_integration' build argument 'cmake_args' from command line to 'None'
[0.432s] Level 5:colcon.colcon_core.verb:set package 'zed_robot_integration' build argument 'cmake_target' from command line to 'None'
[0.432s] Level 5:colcon.colcon_core.verb:set package 'zed_robot_integration' build argument 'cmake_target_skip_unavailable' from command line to 'False'
[0.432s] Level 5:colcon.colcon_core.verb:set package 'zed_robot_integration' build argument 'cmake_clean_cache' from command line to 'False'
[0.432s] Level 5:colcon.colcon_core.verb:set package 'zed_robot_integration' build argument 'cmake_clean_first' from command line to 'False'
[0.432s] Level 5:colcon.colcon_core.verb:set package 'zed_robot_integration' build argument 'cmake_force_configure' from command line to 'False'
[0.432s] Level 5:colcon.colcon_core.verb:set package 'zed_robot_integration' build argument 'ament_cmake_args' from command line to 'None'
[0.432s] Level 5:colcon.colcon_core.verb:set package 'zed_robot_integration' build argument 'catkin_cmake_args' from command line to 'None'
[0.432s] Level 5:colcon.colcon_core.verb:set package 'zed_robot_integration' build argument 'catkin_skip_building_tests' from command line to 'False'
[0.432s] DEBUG:colcon.colcon_core.verb:Building package 'zed_robot_integration' with the following arguments: {'ament_cmake_args': None, 'build_base': '/home/awadh/zed_ws/build/zed_robot_integration', 'catkin_cmake_args': None, 'catkin_skip_building_tests': False, 'cmake_args': None, 'cmake_clean_cache': False, 'cmake_clean_first': False, 'cmake_force_configure': False, 'cmake_target': None, 'cmake_target_skip_unavailable': False, 'install_base': '/home/awadh/zed_ws/install/zed_robot_integration', 'merge_install': False, 'path': '/home/awadh/zed_ws/src/zed-ros2-examples/tutorials/zed_robot_integration', 'symlink_install': False, 'test_result_base': None}
[0.432s] Level 5:colcon.colcon_core.verb:set package 'zed_ros2' build argument 'cmake_args' from command line to 'None'
[0.432s] Level 5:colcon.colcon_core.verb:set package 'zed_ros2' build argument 'cmake_target' from command line to 'None'
[0.432s] Level 5:colcon.colcon_core.verb:set package 'zed_ros2' build argument 'cmake_target_skip_unavailable' from command line to 'False'
[0.432s] Level 5:colcon.colcon_core.verb:set package 'zed_ros2' build argument 'cmake_clean_cache' from command line to 'False'
[0.432s] Level 5:colcon.colcon_core.verb:set package 'zed_ros2' build argument 'cmake_clean_first' from command line to 'False'
[0.432s] Level 5:colcon.colcon_core.verb:set package 'zed_ros2' build argument 'cmake_force_configure' from command line to 'False'
[0.432s] Level 5:colcon.colcon_core.verb:set package 'zed_ros2' build argument 'ament_cmake_args' from command line to 'None'
[0.432s] Level 5:colcon.colcon_core.verb:set package 'zed_ros2' build argument 'catkin_cmake_args' from command line to 'None'
[0.432s] Level 5:colcon.colcon_core.verb:set package 'zed_ros2' build argument 'catkin_skip_building_tests' from command line to 'False'
[0.432s] DEBUG:colcon.colcon_core.verb:Building package 'zed_ros2' with the following arguments: {'ament_cmake_args': None, 'build_base': '/home/awadh/zed_ws/build/zed_ros2', 'catkin_cmake_args': None, 'catkin_skip_building_tests': False, 'cmake_args': None, 'cmake_clean_cache': False, 'cmake_clean_first': False, 'cmake_force_configure': False, 'cmake_target': None, 'cmake_target_skip_unavailable': False, 'install_base': '/home/awadh/zed_ws/install/zed_ros2', 'merge_install': False, 'path': '/home/awadh/zed_ws/src/zed-ros2-wrapper/zed_ros2', 'symlink_install': False, 'test_result_base': None}
[0.432s] INFO:colcon.colcon_core.executor:Executing jobs using 'parallel' executor
[0.433s] DEBUG:colcon.colcon_parallel_executor.executor.parallel:run_until_complete
[0.433s] INFO:colcon.colcon_ros.task.ament_cmake.build:Building ROS package in '/home/awadh/zed_ws/src/zed-ros2-wrapper/zed-ros2-interfaces' with build type 'ament_cmake'
[0.433s] INFO:colcon.colcon_cmake.task.cmake.build:Building CMake package in '/home/awadh/zed_ws/src/zed-ros2-wrapper/zed-ros2-interfaces'
[0.436s] INFO:colcon.colcon_core.plugin_system:Skipping extension 'colcon_core.shell.bat': Not used on non-Windows systems
[0.436s] INFO:colcon.colcon_core.shell:Skip shell extension 'powershell' for command environment: Not usable outside of PowerShell
[0.436s] DEBUG:colcon.colcon_core.shell:Skip shell extension 'dsv' for command environment
[0.441s] INFO:colcon.colcon_ros.task.ament_cmake.build:Building ROS package in '/home/awadh/zed_ws/src/zed-ros2-examples/tools/zed_benchmark_interfaces' with build type 'ament_cmake'
[0.441s] INFO:colcon.colcon_cmake.task.cmake.build:Building CMake package in '/home/awadh/zed_ws/src/zed-ros2-examples/tools/zed_benchmark_interfaces'
[0.441s] INFO:colcon.colcon_core.shell:Skip shell extension 'powershell' for command environment: Not usable outside of PowerShell
[0.441s] DEBUG:colcon.colcon_core.shell:Skip shell extension 'dsv' for command environment
[0.446s] INFO:colcon.colcon_ros.task.ament_cmake.build:Building ROS package in '/home/awadh/zed_ws/src/zed-ros2-examples/tutorials/zed_depth_tutorial' with build type 'ament_cmake'
[0.446s] INFO:colcon.colcon_cmake.task.cmake.build:Building CMake package in '/home/awadh/zed_ws/src/zed-ros2-examples/tutorials/zed_depth_tutorial'
[0.446s] INFO:colcon.colcon_core.shell:Skip shell extension 'powershell' for command environment: Not usable outside of PowerShell
[0.446s] DEBUG:colcon.colcon_core.shell:Skip shell extension 'dsv' for command environment
[0.451s] INFO:colcon.colcon_ros.task.ament_cmake.build:Building ROS package in '/home/awadh/zed_ws/src/zed-ros2-examples/tutorials/zed_pose_tutorial' with build type 'ament_cmake'
[0.451s] INFO:colcon.colcon_cmake.task.cmake.build:Building CMake package in '/home/awadh/zed_ws/src/zed-ros2-examples/tutorials/zed_pose_tutorial'
[0.451s] INFO:colcon.colcon_core.shell:Skip shell extension 'powershell' for command environment: Not usable outside of PowerShell
[0.451s] DEBUG:colcon.colcon_core.shell:Skip shell extension 'dsv' for command environment
[0.456s] INFO:colcon.colcon_ros.task.ament_cmake.build:Building ROS package in '/home/awadh/zed_ws/src/zed-ros2-examples/tutorials/zed_video_tutorial' with build type 'ament_cmake'
[0.456s] INFO:colcon.colcon_cmake.task.cmake.build:Building CMake package in '/home/awadh/zed_ws/src/zed-ros2-examples/tutorials/zed_video_tutorial'
[0.456s] INFO:colcon.colcon_core.shell:Skip shell extension 'powershell' for command environment: Not usable outside of PowerShell
[0.456s] DEBUG:colcon.colcon_core.shell:Skip shell extension 'dsv' for command environment
[0.463s] DEBUG:colcon.colcon_core.event_handler.log_command:Invoking command in '/home/awadh/zed_ws/build/zed_interfaces': CMAKE_PREFIX_PATH=/home/awadh/gazebo_ws/install/yolov8_msgs:/home/awadh/gazebo_ws/install/yolobot_recognition:/home/awadh/gazebo_ws/install/yolobot_gazebo:/home/awadh/gazebo_ws/install/yolobot_description:/home/awadh/gazebo_ws/install/yolobot_control:/home/awadh/gazebo_ws/install/my_robot_bringup:/home/awadh/gazebo_ws/install/my_robot_description:/home/awadh/yolobot/install/yolov8_msgs:/home/awadh/yolobot/install/yolobot_recognition:/home/awadh/yolobot/install/yolobot_gazebo:/home/awadh/yolobot/install/yolobot_description:/home/awadh/yolobot/install/yolobot_control:/home/awadh/test2_ws/install/pcl_object_detection:/home/awadh/zed_ws/install/zed_ros2:/home/awadh/zed_ws/install/zed_robot_integration:/home/awadh/zed_ws/install/zed_multi_camera:/home/awadh/zed_ws/install/zed_display_rviz2:/home/awadh/zed_ws/install/zed_depth_to_laserscan:/home/awadh/zed_ws/install/zed_wrapper:/home/awadh/zed_ws/install/zed_tutorial_video:/home/awadh/zed_ws/install/zed_tutorial_pos_tracking:/home/awadh/zed_ws/install/zed_tutorial_depth:/home/awadh/zed_ws/install/zed_topic_benchmark:/home/awadh/zed_ws/install/zed_topic_benchmark_component:/home/awadh/zed_ws/install/zed_topic_benchmark_interfaces:/home/awadh/zed_ws/install/zed_rgb_convert:/home/awadh/zed_ws/install/zed_aruco_localization:/home/awadh/zed_ws/install/zed_components:/home/awadh/zed_ws/install/rviz_plugin_zed_od:/home/awadh/zed_ws/install/zed_interfaces:/home/awadh/ouster_ws/install/ouster_ros:/home/awadh/ouster_ws/install/ouster_sensor_msgs:/home/awadh/ros2_ws/install/my_robot_bringup:/home/awadh/ros2_ws/install/turtlesim_project_cpp:/home/awadh/ros2_ws/install/my_cpp_pkg:/home/awadh/ros2_ws/install/my_robot_interfaces:/home/awadh/gazebo_ws/install/ultralytics_ros2:/home/awadh/depth_ws/install/depth_estimation:/home/awadh/ros2_ws/install/turtlesim_catch_them_all:/home/awadh/ros2_ws/install/my_py_pkg:/opt/ros/humble:/home/awadh/sick_tim_ws/install/sick_tim /usr/bin/cmake --build /home/awadh/zed_ws/build/zed_interfaces -- -j16 -l16
[0.467s] DEBUG:colcon.colcon_core.event_handler.log_command:Invoking command in '/home/awadh/zed_ws/build/zed_topic_benchmark_interfaces': CMAKE_PREFIX_PATH=/home/awadh/gazebo_ws/install/yolov8_msgs:/home/awadh/gazebo_ws/install/yolobot_recognition:/home/awadh/gazebo_ws/install/yolobot_gazebo:/home/awadh/gazebo_ws/install/yolobot_description:/home/awadh/gazebo_ws/install/yolobot_control:/home/awadh/gazebo_ws/install/my_robot_bringup:/home/awadh/gazebo_ws/install/my_robot_description:/home/awadh/yolobot/install/yolov8_msgs:/home/awadh/yolobot/install/yolobot_recognition:/home/awadh/yolobot/install/yolobot_gazebo:/home/awadh/yolobot/install/yolobot_description:/home/awadh/yolobot/install/yolobot_control:/home/awadh/test2_ws/install/pcl_object_detection:/home/awadh/zed_ws/install/zed_ros2:/home/awadh/zed_ws/install/zed_robot_integration:/home/awadh/zed_ws/install/zed_multi_camera:/home/awadh/zed_ws/install/zed_display_rviz2:/home/awadh/zed_ws/install/zed_depth_to_laserscan:/home/awadh/zed_ws/install/zed_wrapper:/home/awadh/zed_ws/install/zed_tutorial_video:/home/awadh/zed_ws/install/zed_tutorial_pos_tracking:/home/awadh/zed_ws/install/zed_tutorial_depth:/home/awadh/zed_ws/install/zed_topic_benchmark:/home/awadh/zed_ws/install/zed_topic_benchmark_component:/home/awadh/zed_ws/install/zed_topic_benchmark_interfaces:/home/awadh/zed_ws/install/zed_rgb_convert:/home/awadh/zed_ws/install/zed_aruco_localization:/home/awadh/zed_ws/install/zed_components:/home/awadh/zed_ws/install/rviz_plugin_zed_od:/home/awadh/zed_ws/install/zed_interfaces:/home/awadh/ouster_ws/install/ouster_ros:/home/awadh/ouster_ws/install/ouster_sensor_msgs:/home/awadh/ros2_ws/install/my_robot_bringup:/home/awadh/ros2_ws/install/turtlesim_project_cpp:/home/awadh/ros2_ws/install/my_cpp_pkg:/home/awadh/ros2_ws/install/my_robot_interfaces:/home/awadh/gazebo_ws/install/ultralytics_ros2:/home/awadh/depth_ws/install/depth_estimation:/home/awadh/ros2_ws/install/turtlesim_catch_them_all:/home/awadh/ros2_ws/install/my_py_pkg:/opt/ros/humble:/home/awadh/sick_tim_ws/install/sick_tim /usr/bin/cmake --build /home/awadh/zed_ws/build/zed_topic_benchmark_interfaces -- -j16 -l16
[0.469s] DEBUG:colcon.colcon_core.event_handler.log_command:Invoking command in '/home/awadh/zed_ws/build/zed_tutorial_depth': CMAKE_PREFIX_PATH=/home/awadh/gazebo_ws/install/yolov8_msgs:/home/awadh/gazebo_ws/install/yolobot_recognition:/home/awadh/gazebo_ws/install/yolobot_gazebo:/home/awadh/gazebo_ws/install/yolobot_description:/home/awadh/gazebo_ws/install/yolobot_control:/home/awadh/gazebo_ws/install/my_robot_bringup:/home/awadh/gazebo_ws/install/my_robot_description:/home/awadh/yolobot/install/yolov8_msgs:/home/awadh/yolobot/install/yolobot_recognition:/home/awadh/yolobot/install/yolobot_gazebo:/home/awadh/yolobot/install/yolobot_description:/home/awadh/yolobot/install/yolobot_control:/home/awadh/test2_ws/install/pcl_object_detection:/home/awadh/zed_ws/install/zed_ros2:/home/awadh/zed_ws/install/zed_robot_integration:/home/awadh/zed_ws/install/zed_multi_camera:/home/awadh/zed_ws/install/zed_display_rviz2:/home/awadh/zed_ws/install/zed_depth_to_laserscan:/home/awadh/zed_ws/install/zed_wrapper:/home/awadh/zed_ws/install/zed_tutorial_video:/home/awadh/zed_ws/install/zed_tutorial_pos_tracking:/home/awadh/zed_ws/install/zed_tutorial_depth:/home/awadh/zed_ws/install/zed_topic_benchmark:/home/awadh/zed_ws/install/zed_topic_benchmark_component:/home/awadh/zed_ws/install/zed_topic_benchmark_interfaces:/home/awadh/zed_ws/install/zed_rgb_convert:/home/awadh/zed_ws/install/zed_aruco_localization:/home/awadh/zed_ws/install/zed_components:/home/awadh/zed_ws/install/rviz_plugin_zed_od:/home/awadh/zed_ws/install/zed_interfaces:/home/awadh/ouster_ws/install/ouster_ros:/home/awadh/ouster_ws/install/ouster_sensor_msgs:/home/awadh/ros2_ws/install/my_robot_bringup:/home/awadh/ros2_ws/install/turtlesim_project_cpp:/home/awadh/ros2_ws/install/my_cpp_pkg:/home/awadh/ros2_ws/install/my_robot_interfaces:/home/awadh/gazebo_ws/install/ultralytics_ros2:/home/awadh/depth_ws/install/depth_estimation:/home/awadh/ros2_ws/install/turtlesim_catch_them_all:/home/awadh/ros2_ws/install/my_py_pkg:/opt/ros/humble:/home/awadh/sick_tim_ws/install/sick_tim /usr/bin/cmake --build /home/awadh/zed_ws/build/zed_tutorial_depth -- -j16 -l16
[0.472s] DEBUG:colcon.colcon_core.event_handler.log_command:Invoking command in '/home/awadh/zed_ws/build/zed_tutorial_pos_tracking': CMAKE_PREFIX_PATH=/home/awadh/gazebo_ws/install/yolov8_msgs:/home/awadh/gazebo_ws/install/yolobot_recognition:/home/awadh/gazebo_ws/install/yolobot_gazebo:/home/awadh/gazebo_ws/install/yolobot_description:/home/awadh/gazebo_ws/install/yolobot_control:/home/awadh/gazebo_ws/install/my_robot_bringup:/home/awadh/gazebo_ws/install/my_robot_description:/home/awadh/yolobot/install/yolov8_msgs:/home/awadh/yolobot/install/yolobot_recognition:/home/awadh/yolobot/install/yolobot_gazebo:/home/awadh/yolobot/install/yolobot_description:/home/awadh/yolobot/install/yolobot_control:/home/awadh/test2_ws/install/pcl_object_detection:/home/awadh/zed_ws/install/zed_ros2:/home/awadh/zed_ws/install/zed_robot_integration:/home/awadh/zed_ws/install/zed_multi_camera:/home/awadh/zed_ws/install/zed_display_rviz2:/home/awadh/zed_ws/install/zed_depth_to_laserscan:/home/awadh/zed_ws/install/zed_wrapper:/home/awadh/zed_ws/install/zed_tutorial_video:/home/awadh/zed_ws/install/zed_tutorial_pos_tracking:/home/awadh/zed_ws/install/zed_tutorial_depth:/home/awadh/zed_ws/install/zed_topic_benchmark:/home/awadh/zed_ws/install/zed_topic_benchmark_component:/home/awadh/zed_ws/install/zed_topic_benchmark_interfaces:/home/awadh/zed_ws/install/zed_rgb_convert:/home/awadh/zed_ws/install/zed_aruco_localization:/home/awadh/zed_ws/install/zed_components:/home/awadh/zed_ws/install/rviz_plugin_zed_od:/home/awadh/zed_ws/install/zed_interfaces:/home/awadh/ouster_ws/install/ouster_ros:/home/awadh/ouster_ws/install/ouster_sensor_msgs:/home/awadh/ros2_ws/install/my_robot_bringup:/home/awadh/ros2_ws/install/turtlesim_project_cpp:/home/awadh/ros2_ws/install/my_cpp_pkg:/home/awadh/ros2_ws/install/my_robot_interfaces:/home/awadh/gazebo_ws/install/ultralytics_ros2:/home/awadh/depth_ws/install/depth_estimation:/home/awadh/ros2_ws/install/turtlesim_catch_them_all:/home/awadh/ros2_ws/install/my_py_pkg:/opt/ros/humble:/home/awadh/sick_tim_ws/install/sick_tim /usr/bin/cmake --build /home/awadh/zed_ws/build/zed_tutorial_pos_tracking -- -j16 -l16
[0.476s] DEBUG:colcon.colcon_core.event_handler.log_command:Invoking command in '/home/awadh/zed_ws/build/zed_tutorial_video': CMAKE_PREFIX_PATH=/home/awadh/gazebo_ws/install/yolov8_msgs:/home/awadh/gazebo_ws/install/yolobot_recognition:/home/awadh/gazebo_ws/install/yolobot_gazebo:/home/awadh/gazebo_ws/install/yolobot_description:/home/awadh/gazebo_ws/install/yolobot_control:/home/awadh/gazebo_ws/install/my_robot_bringup:/home/awadh/gazebo_ws/install/my_robot_description:/home/awadh/yolobot/install/yolov8_msgs:/home/awadh/yolobot/install/yolobot_recognition:/home/awadh/yolobot/install/yolobot_gazebo:/home/awadh/yolobot/install/yolobot_description:/home/awadh/yolobot/install/yolobot_control:/home/awadh/test2_ws/install/pcl_object_detection:/home/awadh/zed_ws/install/zed_ros2:/home/awadh/zed_ws/install/zed_robot_integration:/home/awadh/zed_ws/install/zed_multi_camera:/home/awadh/zed_ws/install/zed_display_rviz2:/home/awadh/zed_ws/install/zed_depth_to_laserscan:/home/awadh/zed_ws/install/zed_wrapper:/home/awadh/zed_ws/install/zed_tutorial_video:/home/awadh/zed_ws/install/zed_tutorial_pos_tracking:/home/awadh/zed_ws/install/zed_tutorial_depth:/home/awadh/zed_ws/install/zed_topic_benchmark:/home/awadh/zed_ws/install/zed_topic_benchmark_component:/home/awadh/zed_ws/install/zed_topic_benchmark_interfaces:/home/awadh/zed_ws/install/zed_rgb_convert:/home/awadh/zed_ws/install/zed_aruco_localization:/home/awadh/zed_ws/install/zed_components:/home/awadh/zed_ws/install/rviz_plugin_zed_od:/home/awadh/zed_ws/install/zed_interfaces:/home/awadh/ouster_ws/install/ouster_ros:/home/awadh/ouster_ws/install/ouster_sensor_msgs:/home/awadh/ros2_ws/install/my_robot_bringup:/home/awadh/ros2_ws/install/turtlesim_project_cpp:/home/awadh/ros2_ws/install/my_cpp_pkg:/home/awadh/ros2_ws/install/my_robot_interfaces:/home/awadh/gazebo_ws/install/ultralytics_ros2:/home/awadh/depth_ws/install/depth_estimation:/home/awadh/ros2_ws/install/turtlesim_catch_them_all:/home/awadh/ros2_ws/install/my_py_pkg:/opt/ros/humble:/home/awadh/sick_tim_ws/install/sick_tim /usr/bin/cmake --build /home/awadh/zed_ws/build/zed_tutorial_video -- -j16 -l16
[0.554s] DEBUG:colcon.colcon_core.event_handler.log_command:Invoked command in '/home/awadh/zed_ws/build/zed_tutorial_video' returned '0': CMAKE_PREFIX_PATH=/home/awadh/gazebo_ws/install/yolov8_msgs:/home/awadh/gazebo_ws/install/yolobot_recognition:/home/awadh/gazebo_ws/install/yolobot_gazebo:/home/awadh/gazebo_ws/install/yolobot_description:/home/awadh/gazebo_ws/install/yolobot_control:/home/awadh/gazebo_ws/install/my_robot_bringup:/home/awadh/gazebo_ws/install/my_robot_description:/home/awadh/yolobot/install/yolov8_msgs:/home/awadh/yolobot/install/yolobot_recognition:/home/awadh/yolobot/install/yolobot_gazebo:/home/awadh/yolobot/install/yolobot_description:/home/awadh/yolobot/install/yolobot_control:/home/awadh/test2_ws/install/pcl_object_detection:/home/awadh/zed_ws/install/zed_ros2:/home/awadh/zed_ws/install/zed_robot_integration:/home/awadh/zed_ws/install/zed_multi_camera:/home/awadh/zed_ws/install/zed_display_rviz2:/home/awadh/zed_ws/install/zed_depth_to_laserscan:/home/awadh/zed_ws/install/zed_wrapper:/home/awadh/zed_ws/install/zed_tutorial_video:/home/awadh/zed_ws/install/zed_tutorial_pos_tracking:/home/awadh/zed_ws/install/zed_tutorial_depth:/home/awadh/zed_ws/install/zed_topic_benchmark:/home/awadh/zed_ws/install/zed_topic_benchmark_component:/home/awadh/zed_ws/install/zed_topic_benchmark_interfaces:/home/awadh/zed_ws/install/zed_rgb_convert:/home/awadh/zed_ws/install/zed_aruco_localization:/home/awadh/zed_ws/install/zed_components:/home/awadh/zed_ws/install/rviz_plugin_zed_od:/home/awadh/zed_ws/install/zed_interfaces:/home/awadh/ouster_ws/install/ouster_ros:/home/awadh/ouster_ws/install/ouster_sensor_msgs:/home/awadh/ros2_ws/install/my_robot_bringup:/home/awadh/ros2_ws/install/turtlesim_project_cpp:/home/awadh/ros2_ws/install/my_cpp_pkg:/home/awadh/ros2_ws/install/my_robot_interfaces:/home/awadh/gazebo_ws/install/ultralytics_ros2:/home/awadh/depth_ws/install/depth_estimation:/home/awadh/ros2_ws/install/turtlesim_catch_them_all:/home/awadh/ros2_ws/install/my_py_pkg:/opt/ros/humble:/home/awadh/sick_tim_ws/install/sick_tim /usr/bin/cmake --build /home/awadh/zed_ws/build/zed_tutorial_video -- -j16 -l16
[0.557s] DEBUG:colcon.colcon_core.event_handler.log_command:Invoked command in '/home/awadh/zed_ws/build/zed_tutorial_depth' returned '0': CMAKE_PREFIX_PATH=/home/awadh/gazebo_ws/install/yolov8_msgs:/home/awadh/gazebo_ws/install/yolobot_recognition:/home/awadh/gazebo_ws/install/yolobot_gazebo:/home/awadh/gazebo_ws/install/yolobot_description:/home/awadh/gazebo_ws/install/yolobot_control:/home/awadh/gazebo_ws/install/my_robot_bringup:/home/awadh/gazebo_ws/install/my_robot_description:/home/awadh/yolobot/install/yolov8_msgs:/home/awadh/yolobot/install/yolobot_recognition:/home/awadh/yolobot/install/yolobot_gazebo:/home/awadh/yolobot/install/yolobot_description:/home/awadh/yolobot/install/yolobot_control:/home/awadh/test2_ws/install/pcl_object_detection:/home/awadh/zed_ws/install/zed_ros2:/home/awadh/zed_ws/install/zed_robot_integration:/home/awadh/zed_ws/install/zed_multi_camera:/home/awadh/zed_ws/install/zed_display_rviz2:/home/awadh/zed_ws/install/zed_depth_to_laserscan:/home/awadh/zed_ws/install/zed_wrapper:/home/awadh/zed_ws/install/zed_tutorial_video:/home/awadh/zed_ws/install/zed_tutorial_pos_tracking:/home/awadh/zed_ws/install/zed_tutorial_depth:/home/awadh/zed_ws/install/zed_topic_benchmark:/home/awadh/zed_ws/install/zed_topic_benchmark_component:/home/awadh/zed_ws/install/zed_topic_benchmark_interfaces:/home/awadh/zed_ws/install/zed_rgb_convert:/home/awadh/zed_ws/install/zed_aruco_localization:/home/awadh/zed_ws/install/zed_components:/home/awadh/zed_ws/install/rviz_plugin_zed_od:/home/awadh/zed_ws/install/zed_interfaces:/home/awadh/ouster_ws/install/ouster_ros:/home/awadh/ouster_ws/install/ouster_sensor_msgs:/home/awadh/ros2_ws/install/my_robot_bringup:/home/awadh/ros2_ws/install/turtlesim_project_cpp:/home/awadh/ros2_ws/install/my_cpp_pkg:/home/awadh/ros2_ws/install/my_robot_interfaces:/home/awadh/gazebo_ws/install/ultralytics_ros2:/home/awadh/depth_ws/install/depth_estimation:/home/awadh/ros2_ws/install/turtlesim_catch_them_all:/home/awadh/ros2_ws/install/my_py_pkg:/opt/ros/humble:/home/awadh/sick_tim_ws/install/sick_tim /usr/bin/cmake --build /home/awadh/zed_ws/build/zed_tutorial_depth -- -j16 -l16
[0.559s] DEBUG:colcon.colcon_core.event_handler.log_command:Invoked command in '/home/awadh/zed_ws/build/zed_tutorial_pos_tracking' returned '0': CMAKE_PREFIX_PATH=/home/awadh/gazebo_ws/install/yolov8_msgs:/home/awadh/gazebo_ws/install/yolobot_recognition:/home/awadh/gazebo_ws/install/yolobot_gazebo:/home/awadh/gazebo_ws/install/yolobot_description:/home/awadh/gazebo_ws/install/yolobot_control:/home/awadh/gazebo_ws/install/my_robot_bringup:/home/awadh/gazebo_ws/install/my_robot_description:/home/awadh/yolobot/install/yolov8_msgs:/home/awadh/yolobot/install/yolobot_recognition:/home/awadh/yolobot/install/yolobot_gazebo:/home/awadh/yolobot/install/yolobot_description:/home/awadh/yolobot/install/yolobot_control:/home/awadh/test2_ws/install/pcl_object_detection:/home/awadh/zed_ws/install/zed_ros2:/home/awadh/zed_ws/install/zed_robot_integration:/home/awadh/zed_ws/install/zed_multi_camera:/home/awadh/zed_ws/install/zed_display_rviz2:/home/awadh/zed_ws/install/zed_depth_to_laserscan:/home/awadh/zed_ws/install/zed_wrapper:/home/awadh/zed_ws/install/zed_tutorial_video:/home/awadh/zed_ws/install/zed_tutorial_pos_tracking:/home/awadh/zed_ws/install/zed_tutorial_depth:/home/awadh/zed_ws/install/zed_topic_benchmark:/home/awadh/zed_ws/install/zed_topic_benchmark_component:/home/awadh/zed_ws/install/zed_topic_benchmark_interfaces:/home/awadh/zed_ws/install/zed_rgb_convert:/home/awadh/zed_ws/install/zed_aruco_localization:/home/awadh/zed_ws/install/zed_components:/home/awadh/zed_ws/install/rviz_plugin_zed_od:/home/awadh/zed_ws/install/zed_interfaces:/home/awadh/ouster_ws/install/ouster_ros:/home/awadh/ouster_ws/install/ouster_sensor_msgs:/home/awadh/ros2_ws/install/my_robot_bringup:/home/awadh/ros2_ws/install/turtlesim_project_cpp:/home/awadh/ros2_ws/install/my_cpp_pkg:/home/awadh/ros2_ws/install/my_robot_interfaces:/home/awadh/gazebo_ws/install/ultralytics_ros2:/home/awadh/depth_ws/install/depth_estimation:/home/awadh/ros2_ws/install/turtlesim_catch_them_all:/home/awadh/ros2_ws/install/my_py_pkg:/opt/ros/humble:/home/awadh/sick_tim_ws/install/sick_tim /usr/bin/cmake --build /home/awadh/zed_ws/build/zed_tutorial_pos_tracking -- -j16 -l16
[0.590s] DEBUG:colcon.colcon_core.event_handler.log_command:Invoking command in '/home/awadh/zed_ws/build/zed_tutorial_video': CMAKE_PREFIX_PATH=/home/awadh/gazebo_ws/install/yolov8_msgs:/home/awadh/gazebo_ws/install/yolobot_recognition:/home/awadh/gazebo_ws/install/yolobot_gazebo:/home/awadh/gazebo_ws/install/yolobot_description:/home/awadh/gazebo_ws/install/yolobot_control:/home/awadh/gazebo_ws/install/my_robot_bringup:/home/awadh/gazebo_ws/install/my_robot_description:/home/awadh/yolobot/install/yolov8_msgs:/home/awadh/yolobot/install/yolobot_recognition:/home/awadh/yolobot/install/yolobot_gazebo:/home/awadh/yolobot/install/yolobot_description:/home/awadh/yolobot/install/yolobot_control:/home/awadh/test2_ws/install/pcl_object_detection:/home/awadh/zed_ws/install/zed_ros2:/home/awadh/zed_ws/install/zed_robot_integration:/home/awadh/zed_ws/install/zed_multi_camera:/home/awadh/zed_ws/install/zed_display_rviz2:/home/awadh/zed_ws/install/zed_depth_to_laserscan:/home/awadh/zed_ws/install/zed_wrapper:/home/awadh/zed_ws/install/zed_tutorial_video:/home/awadh/zed_ws/install/zed_tutorial_pos_tracking:/home/awadh/zed_ws/install/zed_tutorial_depth:/home/awadh/zed_ws/install/zed_topic_benchmark:/home/awadh/zed_ws/install/zed_topic_benchmark_component:/home/awadh/zed_ws/install/zed_topic_benchmark_interfaces:/home/awadh/zed_ws/install/zed_rgb_convert:/home/awadh/zed_ws/install/zed_aruco_localization:/home/awadh/zed_ws/install/zed_components:/home/awadh/zed_ws/install/rviz_plugin_zed_od:/home/awadh/zed_ws/install/zed_interfaces:/home/awadh/ouster_ws/install/ouster_ros:/home/awadh/ouster_ws/install/ouster_sensor_msgs:/home/awadh/ros2_ws/install/my_robot_bringup:/home/awadh/ros2_ws/install/turtlesim_project_cpp:/home/awadh/ros2_ws/install/my_cpp_pkg:/home/awadh/ros2_ws/install/my_robot_interfaces:/home/awadh/gazebo_ws/install/ultralytics_ros2:/home/awadh/depth_ws/install/depth_estimation:/home/awadh/ros2_ws/install/turtlesim_catch_them_all:/home/awadh/ros2_ws/install/my_py_pkg:/opt/ros/humble:/home/awadh/sick_tim_ws/install/sick_tim /usr/bin/cmake --install /home/awadh/zed_ws/build/zed_tutorial_video
[0.593s] DEBUG:colcon.colcon_core.event_handler.log_command:Invoking command in '/home/awadh/zed_ws/build/zed_tutorial_pos_tracking': CMAKE_PREFIX_PATH=/home/awadh/gazebo_ws/install/yolov8_msgs:/home/awadh/gazebo_ws/install/yolobot_recognition:/home/awadh/gazebo_ws/install/yolobot_gazebo:/home/awadh/gazebo_ws/install/yolobot_description:/home/awadh/gazebo_ws/install/yolobot_control:/home/awadh/gazebo_ws/install/my_robot_bringup:/home/awadh/gazebo_ws/install/my_robot_description:/home/awadh/yolobot/install/yolov8_msgs:/home/awadh/yolobot/install/yolobot_recognition:/home/awadh/yolobot/install/yolobot_gazebo:/home/awadh/yolobot/install/yolobot_description:/home/awadh/yolobot/install/yolobot_control:/home/awadh/test2_ws/install/pcl_object_detection:/home/awadh/zed_ws/install/zed_ros2:/home/awadh/zed_ws/install/zed_robot_integration:/home/awadh/zed_ws/install/zed_multi_camera:/home/awadh/zed_ws/install/zed_display_rviz2:/home/awadh/zed_ws/install/zed_depth_to_laserscan:/home/awadh/zed_ws/install/zed_wrapper:/home/awadh/zed_ws/install/zed_tutorial_video:/home/awadh/zed_ws/install/zed_tutorial_pos_tracking:/home/awadh/zed_ws/install/zed_tutorial_depth:/home/awadh/zed_ws/install/zed_topic_benchmark:/home/awadh/zed_ws/install/zed_topic_benchmark_component:/home/awadh/zed_ws/install/zed_topic_benchmark_interfaces:/home/awadh/zed_ws/install/zed_rgb_convert:/home/awadh/zed_ws/install/zed_aruco_localization:/home/awadh/zed_ws/install/zed_components:/home/awadh/zed_ws/install/rviz_plugin_zed_od:/home/awadh/zed_ws/install/zed_interfaces:/home/awadh/ouster_ws/install/ouster_ros:/home/awadh/ouster_ws/install/ouster_sensor_msgs:/home/awadh/ros2_ws/install/my_robot_bringup:/home/awadh/ros2_ws/install/turtlesim_project_cpp:/home/awadh/ros2_ws/install/my_cpp_pkg:/home/awadh/ros2_ws/install/my_robot_interfaces:/home/awadh/gazebo_ws/install/ultralytics_ros2:/home/awadh/depth_ws/install/depth_estimation:/home/awadh/ros2_ws/install/turtlesim_catch_them_all:/home/awadh/ros2_ws/install/my_py_pkg:/opt/ros/humble:/home/awadh/sick_tim_ws/install/sick_tim /usr/bin/cmake --install /home/awadh/zed_ws/build/zed_tutorial_pos_tracking
[0.594s] DEBUG:colcon.colcon_core.event_handler.log_command:Invoking command in '/home/awadh/zed_ws/build/zed_tutorial_depth': CMAKE_PREFIX_PATH=/home/awadh/gazebo_ws/install/yolov8_msgs:/home/awadh/gazebo_ws/install/yolobot_recognition:/home/awadh/gazebo_ws/install/yolobot_gazebo:/home/awadh/gazebo_ws/install/yolobot_description:/home/awadh/gazebo_ws/install/yolobot_control:/home/awadh/gazebo_ws/install/my_robot_bringup:/home/awadh/gazebo_ws/install/my_robot_description:/home/awadh/yolobot/install/yolov8_msgs:/home/awadh/yolobot/install/yolobot_recognition:/home/awadh/yolobot/install/yolobot_gazebo:/home/awadh/yolobot/install/yolobot_description:/home/awadh/yolobot/install/yolobot_control:/home/awadh/test2_ws/install/pcl_object_detection:/home/awadh/zed_ws/install/zed_ros2:/home/awadh/zed_ws/install/zed_robot_integration:/home/awadh/zed_ws/install/zed_multi_camera:/home/awadh/zed_ws/install/zed_display_rviz2:/home/awadh/zed_ws/install/zed_depth_to_laserscan:/home/awadh/zed_ws/install/zed_wrapper:/home/awadh/zed_ws/install/zed_tutorial_video:/home/awadh/zed_ws/install/zed_tutorial_pos_tracking:/home/awadh/zed_ws/install/zed_tutorial_depth:/home/awadh/zed_ws/install/zed_topic_benchmark:/home/awadh/zed_ws/install/zed_topic_benchmark_component:/home/awadh/zed_ws/install/zed_topic_benchmark_interfaces:/home/awadh/zed_ws/install/zed_rgb_convert:/home/awadh/zed_ws/install/zed_aruco_localization:/home/awadh/zed_ws/install/zed_components:/home/awadh/zed_ws/install/rviz_plugin_zed_od:/home/awadh/zed_ws/install/zed_interfaces:/home/awadh/ouster_ws/install/ouster_ros:/home/awadh/ouster_ws/install/ouster_sensor_msgs:/home/awadh/ros2_ws/install/my_robot_bringup:/home/awadh/ros2_ws/install/turtlesim_project_cpp:/home/awadh/ros2_ws/install/my_cpp_pkg:/home/awadh/ros2_ws/install/my_robot_interfaces:/home/awadh/gazebo_ws/install/ultralytics_ros2:/home/awadh/depth_ws/install/depth_estimation:/home/awadh/ros2_ws/install/turtlesim_catch_them_all:/home/awadh/ros2_ws/install/my_py_pkg:/opt/ros/humble:/home/awadh/sick_tim_ws/install/sick_tim /usr/bin/cmake --install /home/awadh/zed_ws/build/zed_tutorial_depth
[0.608s] Level 1:colcon.colcon_core.environment:create_environment_scripts_only(zed_tutorial_video)
[0.609s] DEBUG:colcon.colcon_core.event_handler.log_command:Invoked command in '/home/awadh/zed_ws/build/zed_tutorial_video' returned '0': CMAKE_PREFIX_PATH=/home/awadh/gazebo_ws/install/yolov8_msgs:/home/awadh/gazebo_ws/install/yolobot_recognition:/home/awadh/gazebo_ws/install/yolobot_gazebo:/home/awadh/gazebo_ws/install/yolobot_description:/home/awadh/gazebo_ws/install/yolobot_control:/home/awadh/gazebo_ws/install/my_robot_bringup:/home/awadh/gazebo_ws/install/my_robot_description:/home/awadh/yolobot/install/yolov8_msgs:/home/awadh/yolobot/install/yolobot_recognition:/home/awadh/yolobot/install/yolobot_gazebo:/home/awadh/yolobot/install/yolobot_description:/home/awadh/yolobot/install/yolobot_control:/home/awadh/test2_ws/install/pcl_object_detection:/home/awadh/zed_ws/install/zed_ros2:/home/awadh/zed_ws/install/zed_robot_integration:/home/awadh/zed_ws/install/zed_multi_camera:/home/awadh/zed_ws/install/zed_display_rviz2:/home/awadh/zed_ws/install/zed_depth_to_laserscan:/home/awadh/zed_ws/install/zed_wrapper:/home/awadh/zed_ws/install/zed_tutorial_video:/home/awadh/zed_ws/install/zed_tutorial_pos_tracking:/home/awadh/zed_ws/install/zed_tutorial_depth:/home/awadh/zed_ws/install/zed_topic_benchmark:/home/awadh/zed_ws/install/zed_topic_benchmark_component:/home/awadh/zed_ws/install/zed_topic_benchmark_interfaces:/home/awadh/zed_ws/install/zed_rgb_convert:/home/awadh/zed_ws/install/zed_aruco_localization:/home/awadh/zed_ws/install/zed_components:/home/awadh/zed_ws/install/rviz_plugin_zed_od:/home/awadh/zed_ws/install/zed_interfaces:/home/awadh/ouster_ws/install/ouster_ros:/home/awadh/ouster_ws/install/ouster_sensor_msgs:/home/awadh/ros2_ws/install/my_robot_bringup:/home/awadh/ros2_ws/install/turtlesim_project_cpp:/home/awadh/ros2_ws/install/my_cpp_pkg:/home/awadh/ros2_ws/install/my_robot_interfaces:/home/awadh/gazebo_ws/install/ultralytics_ros2:/home/awadh/depth_ws/install/depth_estimation:/home/awadh/ros2_ws/install/turtlesim_catch_them_all:/home/awadh/ros2_ws/install/my_py_pkg:/opt/ros/humble:/home/awadh/sick_tim_ws/install/sick_tim /usr/bin/cmake --install /home/awadh/zed_ws/build/zed_tutorial_video
[0.613s] Level 1:colcon.colcon_core.environment:checking '/home/awadh/zed_ws/install/zed_tutorial_video' for CMake module files
[0.613s] Level 1:colcon.colcon_core.environment:checking '/home/awadh/zed_ws/install/zed_tutorial_video' for CMake config files
[0.613s] Level 1:colcon.colcon_core.shell:create_environment_hook('zed_tutorial_video', 'cmake_prefix_path')
[0.613s] INFO:colcon.colcon_core.shell:Creating environment hook '/home/awadh/zed_ws/install/zed_tutorial_video/share/zed_tutorial_video/hook/cmake_prefix_path.ps1'
[0.614s] INFO:colcon.colcon_core.shell:Creating environment descriptor '/home/awadh/zed_ws/install/zed_tutorial_video/share/zed_tutorial_video/hook/cmake_prefix_path.dsv'
[0.614s] INFO:colcon.colcon_core.shell:Creating environment hook '/home/awadh/zed_ws/install/zed_tutorial_video/share/zed_tutorial_video/hook/cmake_prefix_path.sh'
[0.615s] Level 1:colcon.colcon_core.environment:checking '/home/awadh/zed_ws/install/zed_tutorial_video/lib'
[0.615s] Level 1:colcon.colcon_core.environment:checking '/home/awadh/zed_ws/install/zed_tutorial_video/bin'
[0.615s] Level 1:colcon.colcon_core.environment:checking '/home/awadh/zed_ws/install/zed_tutorial_video/lib/pkgconfig/zed_tutorial_video.pc'
[0.616s] Level 1:colcon.colcon_core.environment:checking '/home/awadh/zed_ws/install/zed_tutorial_video/lib/python3.10/site-packages'
[0.616s] Level 1:colcon.colcon_core.environment:checking '/home/awadh/zed_ws/install/zed_tutorial_video/bin'
[0.616s] INFO:colcon.colcon_core.shell:Creating package script '/home/awadh/zed_ws/install/zed_tutorial_video/share/zed_tutorial_video/package.ps1'
[0.616s] INFO:colcon.colcon_core.shell:Creating package descriptor '/home/awadh/zed_ws/install/zed_tutorial_video/share/zed_tutorial_video/package.dsv'
[0.617s] INFO:colcon.colcon_core.shell:Creating package script '/home/awadh/zed_ws/install/zed_tutorial_video/share/zed_tutorial_video/package.sh'
[0.617s] INFO:colcon.colcon_core.shell:Creating package script '/home/awadh/zed_ws/install/zed_tutorial_video/share/zed_tutorial_video/package.bash'
[0.618s] INFO:colcon.colcon_core.shell:Creating package script '/home/awadh/zed_ws/install/zed_tutorial_video/share/zed_tutorial_video/package.zsh'
[0.620s] Level 1:colcon.colcon_core.environment:create_file_with_runtime_dependencies(/home/awadh/zed_ws/install/zed_tutorial_video/share/colcon-core/packages/zed_tutorial_video)
[0.621s] Level 1:colcon.colcon_core.environment:create_environment_scripts_only(zed_tutorial_pos_tracking)
[0.621s] Level 1:colcon.colcon_core.environment:checking '/home/awadh/zed_ws/install/zed_tutorial_pos_tracking' for CMake module files
[0.622s] DEBUG:colcon.colcon_core.event_handler.log_command:Invoked command in '/home/awadh/zed_ws/build/zed_tutorial_pos_tracking' returned '0': CMAKE_PREFIX_PATH=/home/awadh/gazebo_ws/install/yolov8_msgs:/home/awadh/gazebo_ws/install/yolobot_recognition:/home/awadh/gazebo_ws/install/yolobot_gazebo:/home/awadh/gazebo_ws/install/yolobot_description:/home/awadh/gazebo_ws/install/yolobot_control:/home/awadh/gazebo_ws/install/my_robot_bringup:/home/awadh/gazebo_ws/install/my_robot_description:/home/awadh/yolobot/install/yolov8_msgs:/home/awadh/yolobot/install/yolobot_recognition:/home/awadh/yolobot/install/yolobot_gazebo:/home/awadh/yolobot/install/yolobot_description:/home/awadh/yolobot/install/yolobot_control:/home/awadh/test2_ws/install/pcl_object_detection:/home/awadh/zed_ws/install/zed_ros2:/home/awadh/zed_ws/install/zed_robot_integration:/home/awadh/zed_ws/install/zed_multi_camera:/home/awadh/zed_ws/install/zed_display_rviz2:/home/awadh/zed_ws/install/zed_depth_to_laserscan:/home/awadh/zed_ws/install/zed_wrapper:/home/awadh/zed_ws/install/zed_tutorial_video:/home/awadh/zed_ws/install/zed_tutorial_pos_tracking:/home/awadh/zed_ws/install/zed_tutorial_depth:/home/awadh/zed_ws/install/zed_topic_benchmark:/home/awadh/zed_ws/install/zed_topic_benchmark_component:/home/awadh/zed_ws/install/zed_topic_benchmark_interfaces:/home/awadh/zed_ws/install/zed_rgb_convert:/home/awadh/zed_ws/install/zed_aruco_localization:/home/awadh/zed_ws/install/zed_components:/home/awadh/zed_ws/install/rviz_plugin_zed_od:/home/awadh/zed_ws/install/zed_interfaces:/home/awadh/ouster_ws/install/ouster_ros:/home/awadh/ouster_ws/install/ouster_sensor_msgs:/home/awadh/ros2_ws/install/my_robot_bringup:/home/awadh/ros2_ws/install/turtlesim_project_cpp:/home/awadh/ros2_ws/install/my_cpp_pkg:/home/awadh/ros2_ws/install/my_robot_interfaces:/home/awadh/gazebo_ws/install/ultralytics_ros2:/home/awadh/depth_ws/install/depth_estimation:/home/awadh/ros2_ws/install/turtlesim_catch_them_all:/home/awadh/ros2_ws/install/my_py_pkg:/opt/ros/humble:/home/awadh/sick_tim_ws/install/sick_tim /usr/bin/cmake --install /home/awadh/zed_ws/build/zed_tutorial_pos_tracking
[0.622s] Level 1:colcon.colcon_core.environment:checking '/home/awadh/zed_ws/install/zed_tutorial_pos_tracking' for CMake config files
[0.622s] Level 1:colcon.colcon_core.shell:create_environment_hook('zed_tutorial_pos_tracking', 'cmake_prefix_path')
[0.622s] INFO:colcon.colcon_core.shell:Creating environment hook '/home/awadh/zed_ws/install/zed_tutorial_pos_tracking/share/zed_tutorial_pos_tracking/hook/cmake_prefix_path.ps1'
[0.622s] INFO:colcon.colcon_core.shell:Creating environment descriptor '/home/awadh/zed_ws/install/zed_tutorial_pos_tracking/share/zed_tutorial_pos_tracking/hook/cmake_prefix_path.dsv'
[0.623s] INFO:colcon.colcon_core.shell:Creating environment hook '/home/awadh/zed_ws/install/zed_tutorial_pos_tracking/share/zed_tutorial_pos_tracking/hook/cmake_prefix_path.sh'
[0.623s] Level 1:colcon.colcon_core.environment:checking '/home/awadh/zed_ws/install/zed_tutorial_pos_tracking/lib'
[0.623s] Level 1:colcon.colcon_core.environment:checking '/home/awadh/zed_ws/install/zed_tutorial_pos_tracking/bin'
[0.623s] Level 1:colcon.colcon_core.environment:checking '/home/awadh/zed_ws/install/zed_tutorial_pos_tracking/lib/pkgconfig/zed_tutorial_pos_tracking.pc'
[0.623s] Level 1:colcon.colcon_core.environment:checking '/home/awadh/zed_ws/install/zed_tutorial_pos_tracking/lib/python3.10/site-packages'
[0.623s] Level 1:colcon.colcon_core.environment:checking '/home/awadh/zed_ws/install/zed_tutorial_pos_tracking/bin'
[0.623s] INFO:colcon.colcon_core.shell:Creating package script '/home/awadh/zed_ws/install/zed_tutorial_pos_tracking/share/zed_tutorial_pos_tracking/package.ps1'
[0.624s] INFO:colcon.colcon_core.shell:Creating package descriptor '/home/awadh/zed_ws/install/zed_tutorial_pos_tracking/share/zed_tutorial_pos_tracking/package.dsv'
[0.624s] INFO:colcon.colcon_core.shell:Creating package script '/home/awadh/zed_ws/install/zed_tutorial_pos_tracking/share/zed_tutorial_pos_tracking/package.sh'
[0.624s] INFO:colcon.colcon_core.shell:Creating package script '/home/awadh/zed_ws/install/zed_tutorial_pos_tracking/share/zed_tutorial_pos_tracking/package.bash'
[0.624s] INFO:colcon.colcon_core.shell:Creating package script '/home/awadh/zed_ws/install/zed_tutorial_pos_tracking/share/zed_tutorial_pos_tracking/package.zsh'
[0.624s] Level 1:colcon.colcon_core.environment:create_file_with_runtime_dependencies(/home/awadh/zed_ws/install/zed_tutorial_pos_tracking/share/colcon-core/packages/zed_tutorial_pos_tracking)
[0.625s] Level 1:colcon.colcon_core.environment:create_environment_scripts_only(zed_tutorial_depth)
[0.625s] Level 1:colcon.colcon_core.environment:checking '/home/awadh/zed_ws/install/zed_tutorial_depth' for CMake module files
[0.626s] DEBUG:colcon.colcon_core.event_handler.log_command:Invoked command in '/home/awadh/zed_ws/build/zed_tutorial_depth' returned '0': CMAKE_PREFIX_PATH=/home/awadh/gazebo_ws/install/yolov8_msgs:/home/awadh/gazebo_ws/install/yolobot_recognition:/home/awadh/gazebo_ws/install/yolobot_gazebo:/home/awadh/gazebo_ws/install/yolobot_description:/home/awadh/gazebo_ws/install/yolobot_control:/home/awadh/gazebo_ws/install/my_robot_bringup:/home/awadh/gazebo_ws/install/my_robot_description:/home/awadh/yolobot/install/yolov8_msgs:/home/awadh/yolobot/install/yolobot_recognition:/home/awadh/yolobot/install/yolobot_gazebo:/home/awadh/yolobot/install/yolobot_description:/home/awadh/yolobot/install/yolobot_control:/home/awadh/test2_ws/install/pcl_object_detection:/home/awadh/zed_ws/install/zed_ros2:/home/awadh/zed_ws/install/zed_robot_integration:/home/awadh/zed_ws/install/zed_multi_camera:/home/awadh/zed_ws/install/zed_display_rviz2:/home/awadh/zed_ws/install/zed_depth_to_laserscan:/home/awadh/zed_ws/install/zed_wrapper:/home/awadh/zed_ws/install/zed_tutorial_video:/home/awadh/zed_ws/install/zed_tutorial_pos_tracking:/home/awadh/zed_ws/install/zed_tutorial_depth:/home/awadh/zed_ws/install/zed_topic_benchmark:/home/awadh/zed_ws/install/zed_topic_benchmark_component:/home/awadh/zed_ws/install/zed_topic_benchmark_interfaces:/home/awadh/zed_ws/install/zed_rgb_convert:/home/awadh/zed_ws/install/zed_aruco_localization:/home/awadh/zed_ws/install/zed_components:/home/awadh/zed_ws/install/rviz_plugin_zed_od:/home/awadh/zed_ws/install/zed_interfaces:/home/awadh/ouster_ws/install/ouster_ros:/home/awadh/ouster_ws/install/ouster_sensor_msgs:/home/awadh/ros2_ws/install/my_robot_bringup:/home/awadh/ros2_ws/install/turtlesim_project_cpp:/home/awadh/ros2_ws/install/my_cpp_pkg:/home/awadh/ros2_ws/install/my_robot_interfaces:/home/awadh/gazebo_ws/install/ultralytics_ros2:/home/awadh/depth_ws/install/depth_estimation:/home/awadh/ros2_ws/install/turtlesim_catch_them_all:/home/awadh/ros2_ws/install/my_py_pkg:/opt/ros/humble:/home/awadh/sick_tim_ws/install/sick_tim /usr/bin/cmake --install /home/awadh/zed_ws/build/zed_tutorial_depth
[0.626s] Level 1:colcon.colcon_core.environment:checking '/home/awadh/zed_ws/install/zed_tutorial_depth' for CMake config files
[0.626s] Level 1:colcon.colcon_core.shell:create_environment_hook('zed_tutorial_depth', 'cmake_prefix_path')
[0.626s] INFO:colcon.colcon_core.shell:Creating environment hook '/home/awadh/zed_ws/install/zed_tutorial_depth/share/zed_tutorial_depth/hook/cmake_prefix_path.ps1'
[0.626s] INFO:colcon.colcon_core.shell:Creating environment descriptor '/home/awadh/zed_ws/install/zed_tutorial_depth/share/zed_tutorial_depth/hook/cmake_prefix_path.dsv'
[0.627s] INFO:colcon.colcon_core.shell:Creating environment hook '/home/awadh/zed_ws/install/zed_tutorial_depth/share/zed_tutorial_depth/hook/cmake_prefix_path.sh'
[0.627s] Level 1:colcon.colcon_core.environment:checking '/home/awadh/zed_ws/install/zed_tutorial_depth/lib'
[0.627s] Level 1:colcon.colcon_core.environment:checking '/home/awadh/zed_ws/install/zed_tutorial_depth/bin'
[0.627s] Level 1:colcon.colcon_core.environment:checking '/home/awadh/zed_ws/install/zed_tutorial_depth/lib/pkgconfig/zed_tutorial_depth.pc'
[0.627s] Level 1:colcon.colcon_core.environment:checking '/home/awadh/zed_ws/install/zed_tutorial_depth/lib/python3.10/site-packages'
[0.627s] Level 1:colcon.colcon_core.environment:checking '/home/awadh/zed_ws/install/zed_tutorial_depth/bin'
[0.627s] INFO:colcon.colcon_core.shell:Creating package script '/home/awadh/zed_ws/install/zed_tutorial_depth/share/zed_tutorial_depth/package.ps1'
[0.628s] INFO:colcon.colcon_core.shell:Creating package descriptor '/home/awadh/zed_ws/install/zed_tutorial_depth/share/zed_tutorial_depth/package.dsv'
[0.628s] INFO:colcon.colcon_core.shell:Creating package script '/home/awadh/zed_ws/install/zed_tutorial_depth/share/zed_tutorial_depth/package.sh'
[0.628s] INFO:colcon.colcon_core.shell:Creating package script '/home/awadh/zed_ws/install/zed_tutorial_depth/share/zed_tutorial_depth/package.bash'
[0.628s] INFO:colcon.colcon_core.shell:Creating package script '/home/awadh/zed_ws/install/zed_tutorial_depth/share/zed_tutorial_depth/package.zsh'
[0.628s] Level 1:colcon.colcon_core.environment:create_file_with_runtime_dependencies(/home/awadh/zed_ws/install/zed_tutorial_depth/share/colcon-core/packages/zed_tutorial_depth)
[0.646s] Level 1:colcon.colcon_core.environment:create_environment_scripts_only(zed_tutorial_video)
[0.646s] Level 1:colcon.colcon_core.environment:checking '/home/awadh/zed_ws/install/zed_tutorial_video' for CMake module files
[0.648s] Level 1:colcon.colcon_core.environment:checking '/home/awadh/zed_ws/install/zed_tutorial_video' for CMake config files
[0.648s] Level 1:colcon.colcon_core.shell:create_environment_hook('zed_tutorial_video', 'cmake_prefix_path')
[0.648s] INFO:colcon.colcon_core.shell:Creating environment hook '/home/awadh/zed_ws/install/zed_tutorial_video/share/zed_tutorial_video/hook/cmake_prefix_path.ps1'
[0.649s] INFO:colcon.colcon_core.shell:Creating environment descriptor '/home/awadh/zed_ws/install/zed_tutorial_video/share/zed_tutorial_video/hook/cmake_prefix_path.dsv'
[0.649s] INFO:colcon.colcon_core.shell:Creating environment hook '/home/awadh/zed_ws/install/zed_tutorial_video/share/zed_tutorial_video/hook/cmake_prefix_path.sh'
[0.649s] Level 1:colcon.colcon_core.environment:checking '/home/awadh/zed_ws/install/zed_tutorial_video/lib'
[0.649s] Level 1:colcon.colcon_core.environment:checking '/home/awadh/zed_ws/install/zed_tutorial_video/bin'
[0.649s] Level 1:colcon.colcon_core.environment:checking '/home/awadh/zed_ws/install/zed_tutorial_video/lib/pkgconfig/zed_tutorial_video.pc'
[0.649s] Level 1:colcon.colcon_core.environment:checking '/home/awadh/zed_ws/install/zed_tutorial_video/lib/python3.10/site-packages'
[0.650s] Level 1:colcon.colcon_core.environment:checking '/home/awadh/zed_ws/install/zed_tutorial_video/bin'
[0.650s] INFO:colcon.colcon_core.shell:Creating package script '/home/awadh/zed_ws/install/zed_tutorial_video/share/zed_tutorial_video/package.ps1'
[0.650s] INFO:colcon.colcon_core.shell:Creating package descriptor '/home/awadh/zed_ws/install/zed_tutorial_video/share/zed_tutorial_video/package.dsv'
[0.651s] INFO:colcon.colcon_core.shell:Creating package script '/home/awadh/zed_ws/install/zed_tutorial_video/share/zed_tutorial_video/package.sh'
[0.651s] INFO:colcon.colcon_core.shell:Creating package script '/home/awadh/zed_ws/install/zed_tutorial_video/share/zed_tutorial_video/package.bash'
[0.651s] INFO:colcon.colcon_core.shell:Creating package script '/home/awadh/zed_ws/install/zed_tutorial_video/share/zed_tutorial_video/package.zsh'
[0.651s] Level 1:colcon.colcon_core.environment:create_file_with_runtime_dependencies(/home/awadh/zed_ws/install/zed_tutorial_video/share/colcon-core/packages/zed_tutorial_video)
[0.652s] Level 1:colcon.colcon_core.environment:create_environment_scripts_only(zed_tutorial_pos_tracking)
[0.652s] Level 1:colcon.colcon_core.environment:checking '/home/awadh/zed_ws/install/zed_tutorial_pos_tracking' for CMake module files
[0.652s] Level 1:colcon.colcon_core.environment:checking '/home/awadh/zed_ws/install/zed_tutorial_pos_tracking' for CMake config files
[0.653s] Level 1:colcon.colcon_core.shell:create_environment_hook('zed_tutorial_pos_tracking', 'cmake_prefix_path')
[0.653s] INFO:colcon.colcon_core.shell:Creating environment hook '/home/awadh/zed_ws/install/zed_tutorial_pos_tracking/share/zed_tutorial_pos_tracking/hook/cmake_prefix_path.ps1'
[0.653s] INFO:colcon.colcon_core.shell:Creating environment descriptor '/home/awadh/zed_ws/install/zed_tutorial_pos_tracking/share/zed_tutorial_pos_tracking/hook/cmake_prefix_path.dsv'
[0.653s] INFO:colcon.colcon_core.shell:Creating environment hook '/home/awadh/zed_ws/install/zed_tutorial_pos_tracking/share/zed_tutorial_pos_tracking/hook/cmake_prefix_path.sh'
[0.653s] Level 1:colcon.colcon_core.environment:checking '/home/awadh/zed_ws/install/zed_tutorial_pos_tracking/lib'
[0.654s] Level 1:colcon.colcon_core.environment:checking '/home/awadh/zed_ws/install/zed_tutorial_pos_tracking/bin'
[0.654s] Level 1:colcon.colcon_core.environment:checking '/home/awadh/zed_ws/install/zed_tutorial_pos_tracking/lib/pkgconfig/zed_tutorial_pos_tracking.pc'
[0.654s] Level 1:colcon.colcon_core.environment:checking '/home/awadh/zed_ws/install/zed_tutorial_pos_tracking/lib/python3.10/site-packages'
[0.654s] Level 1:colcon.colcon_core.environment:checking '/home/awadh/zed_ws/install/zed_tutorial_pos_tracking/bin'
[0.654s] INFO:colcon.colcon_core.shell:Creating package script '/home/awadh/zed_ws/install/zed_tutorial_pos_tracking/share/zed_tutorial_pos_tracking/package.ps1'
[0.654s] INFO:colcon.colcon_core.shell:Creating package descriptor '/home/awadh/zed_ws/install/zed_tutorial_pos_tracking/share/zed_tutorial_pos_tracking/package.dsv'
[0.654s] INFO:colcon.colcon_core.shell:Creating package script '/home/awadh/zed_ws/install/zed_tutorial_pos_tracking/share/zed_tutorial_pos_tracking/package.sh'
[0.655s] INFO:colcon.colcon_core.shell:Creating package script '/home/awadh/zed_ws/install/zed_tutorial_pos_tracking/share/zed_tutorial_pos_tracking/package.bash'
[0.655s] INFO:colcon.colcon_core.shell:Creating package script '/home/awadh/zed_ws/install/zed_tutorial_pos_tracking/share/zed_tutorial_pos_tracking/package.zsh'
[0.655s] Level 1:colcon.colcon_core.environment:create_file_with_runtime_dependencies(/home/awadh/zed_ws/install/zed_tutorial_pos_tracking/share/colcon-core/packages/zed_tutorial_pos_tracking)
[0.656s] Level 1:colcon.colcon_core.environment:create_environment_scripts_only(zed_tutorial_depth)
[0.656s] Level 1:colcon.colcon_core.environment:checking '/home/awadh/zed_ws/install/zed_tutorial_depth' for CMake module files
[0.656s] Level 1:colcon.colcon_core.environment:checking '/home/awadh/zed_ws/install/zed_tutorial_depth' for CMake config files
[0.656s] Level 1:colcon.colcon_core.shell:create_environment_hook('zed_tutorial_depth', 'cmake_prefix_path')
[0.657s] INFO:colcon.colcon_core.shell:Creating environment hook '/home/awadh/zed_ws/install/zed_tutorial_depth/share/zed_tutorial_depth/hook/cmake_prefix_path.ps1'
[0.657s] INFO:colcon.colcon_core.shell:Creating environment descriptor '/home/awadh/zed_ws/install/zed_tutorial_depth/share/zed_tutorial_depth/hook/cmake_prefix_path.dsv'
[0.657s] INFO:colcon.colcon_core.shell:Creating environment hook '/home/awadh/zed_ws/install/zed_tutorial_depth/share/zed_tutorial_depth/hook/cmake_prefix_path.sh'
[0.657s] Level 1:colcon.colcon_core.environment:checking '/home/awadh/zed_ws/install/zed_tutorial_depth/lib'
[0.657s] Level 1:colcon.colcon_core.environment:checking '/home/awadh/zed_ws/install/zed_tutorial_depth/bin'
[0.657s] Level 1:colcon.colcon_core.environment:checking '/home/awadh/zed_ws/install/zed_tutorial_depth/lib/pkgconfig/zed_tutorial_depth.pc'
[0.657s] Level 1:colcon.colcon_core.environment:checking '/home/awadh/zed_ws/install/zed_tutorial_depth/lib/python3.10/site-packages'
[0.658s] Level 1:colcon.colcon_core.environment:checking '/home/awadh/zed_ws/install/zed_tutorial_depth/bin'
[0.658s] INFO:colcon.colcon_core.shell:Creating package script '/home/awadh/zed_ws/install/zed_tutorial_depth/share/zed_tutorial_depth/package.ps1'
[0.658s] INFO:colcon.colcon_core.shell:Creating package descriptor '/home/awadh/zed_ws/install/zed_tutorial_depth/share/zed_tutorial_depth/package.dsv'
[0.658s] INFO:colcon.colcon_core.shell:Creating package script '/home/awadh/zed_ws/install/zed_tutorial_depth/share/zed_tutorial_depth/package.sh'
[0.659s] INFO:colcon.colcon_core.shell:Creating package script '/home/awadh/zed_ws/install/zed_tutorial_depth/share/zed_tutorial_depth/package.bash'
[0.660s] INFO:colcon.colcon_core.shell:Creating package script '/home/awadh/zed_ws/install/zed_tutorial_depth/share/zed_tutorial_depth/package.zsh'
[0.660s] Level 1:colcon.colcon_core.environment:create_file_with_runtime_dependencies(/home/awadh/zed_ws/install/zed_tutorial_depth/share/colcon-core/packages/zed_tutorial_depth)
[0.774s] DEBUG:colcon.colcon_core.event_handler.log_command:Invoked command in '/home/awadh/zed_ws/build/zed_topic_benchmark_interfaces' returned '0': CMAKE_PREFIX_PATH=/home/awadh/gazebo_ws/install/yolov8_msgs:/home/awadh/gazebo_ws/install/yolobot_recognition:/home/awadh/gazebo_ws/install/yolobot_gazebo:/home/awadh/gazebo_ws/install/yolobot_description:/home/awadh/gazebo_ws/install/yolobot_control:/home/awadh/gazebo_ws/install/my_robot_bringup:/home/awadh/gazebo_ws/install/my_robot_description:/home/awadh/yolobot/install/yolov8_msgs:/home/awadh/yolobot/install/yolobot_recognition:/home/awadh/yolobot/install/yolobot_gazebo:/home/awadh/yolobot/install/yolobot_description:/home/awadh/yolobot/install/yolobot_control:/home/awadh/test2_ws/install/pcl_object_detection:/home/awadh/zed_ws/install/zed_ros2:/home/awadh/zed_ws/install/zed_robot_integration:/home/awadh/zed_ws/install/zed_multi_camera:/home/awadh/zed_ws/install/zed_display_rviz2:/home/awadh/zed_ws/install/zed_depth_to_laserscan:/home/awadh/zed_ws/install/zed_wrapper:/home/awadh/zed_ws/install/zed_tutorial_video:/home/awadh/zed_ws/install/zed_tutorial_pos_tracking:/home/awadh/zed_ws/install/zed_tutorial_depth:/home/awadh/zed_ws/install/zed_topic_benchmark:/home/awadh/zed_ws/install/zed_topic_benchmark_component:/home/awadh/zed_ws/install/zed_topic_benchmark_interfaces:/home/awadh/zed_ws/install/zed_rgb_convert:/home/awadh/zed_ws/install/zed_aruco_localization:/home/awadh/zed_ws/install/zed_components:/home/awadh/zed_ws/install/rviz_plugin_zed_od:/home/awadh/zed_ws/install/zed_interfaces:/home/awadh/ouster_ws/install/ouster_ros:/home/awadh/ouster_ws/install/ouster_sensor_msgs:/home/awadh/ros2_ws/install/my_robot_bringup:/home/awadh/ros2_ws/install/turtlesim_project_cpp:/home/awadh/ros2_ws/install/my_cpp_pkg:/home/awadh/ros2_ws/install/my_robot_interfaces:/home/awadh/gazebo_ws/install/ultralytics_ros2:/home/awadh/depth_ws/install/depth_estimation:/home/awadh/ros2_ws/install/turtlesim_catch_them_all:/home/awadh/ros2_ws/install/my_py_pkg:/opt/ros/humble:/home/awadh/sick_tim_ws/install/sick_tim /usr/bin/cmake --build /home/awadh/zed_ws/build/zed_topic_benchmark_interfaces -- -j16 -l16
[0.781s] DEBUG:colcon.colcon_core.event_handler.log_command:Invoked command in '/home/awadh/zed_ws/build/zed_interfaces' returned '0': CMAKE_PREFIX_PATH=/home/awadh/gazebo_ws/install/yolov8_msgs:/home/awadh/gazebo_ws/install/yolobot_recognition:/home/awadh/gazebo_ws/install/yolobot_gazebo:/home/awadh/gazebo_ws/install/yolobot_description:/home/awadh/gazebo_ws/install/yolobot_control:/home/awadh/gazebo_ws/install/my_robot_bringup:/home/awadh/gazebo_ws/install/my_robot_description:/home/awadh/yolobot/install/yolov8_msgs:/home/awadh/yolobot/install/yolobot_recognition:/home/awadh/yolobot/install/yolobot_gazebo:/home/awadh/yolobot/install/yolobot_description:/home/awadh/yolobot/install/yolobot_control:/home/awadh/test2_ws/install/pcl_object_detection:/home/awadh/zed_ws/install/zed_ros2:/home/awadh/zed_ws/install/zed_robot_integration:/home/awadh/zed_ws/install/zed_multi_camera:/home/awadh/zed_ws/install/zed_display_rviz2:/home/awadh/zed_ws/install/zed_depth_to_laserscan:/home/awadh/zed_ws/install/zed_wrapper:/home/awadh/zed_ws/install/zed_tutorial_video:/home/awadh/zed_ws/install/zed_tutorial_pos_tracking:/home/awadh/zed_ws/install/zed_tutorial_depth:/home/awadh/zed_ws/install/zed_topic_benchmark:/home/awadh/zed_ws/install/zed_topic_benchmark_component:/home/awadh/zed_ws/install/zed_topic_benchmark_interfaces:/home/awadh/zed_ws/install/zed_rgb_convert:/home/awadh/zed_ws/install/zed_aruco_localization:/home/awadh/zed_ws/install/zed_components:/home/awadh/zed_ws/install/rviz_plugin_zed_od:/home/awadh/zed_ws/install/zed_interfaces:/home/awadh/ouster_ws/install/ouster_ros:/home/awadh/ouster_ws/install/ouster_sensor_msgs:/home/awadh/ros2_ws/install/my_robot_bringup:/home/awadh/ros2_ws/install/turtlesim_project_cpp:/home/awadh/ros2_ws/install/my_cpp_pkg:/home/awadh/ros2_ws/install/my_robot_interfaces:/home/awadh/gazebo_ws/install/ultralytics_ros2:/home/awadh/depth_ws/install/depth_estimation:/home/awadh/ros2_ws/install/turtlesim_catch_them_all:/home/awadh/ros2_ws/install/my_py_pkg:/opt/ros/humble:/home/awadh/sick_tim_ws/install/sick_tim /usr/bin/cmake --build /home/awadh/zed_ws/build/zed_interfaces -- -j16 -l16
[0.836s] DEBUG:colcon.colcon_core.event_handler.log_command:Invoking command in '/home/awadh/zed_ws/build/zed_topic_benchmark_interfaces': CMAKE_PREFIX_PATH=/home/awadh/gazebo_ws/install/yolov8_msgs:/home/awadh/gazebo_ws/install/yolobot_recognition:/home/awadh/gazebo_ws/install/yolobot_gazebo:/home/awadh/gazebo_ws/install/yolobot_description:/home/awadh/gazebo_ws/install/yolobot_control:/home/awadh/gazebo_ws/install/my_robot_bringup:/home/awadh/gazebo_ws/install/my_robot_description:/home/awadh/yolobot/install/yolov8_msgs:/home/awadh/yolobot/install/yolobot_recognition:/home/awadh/yolobot/install/yolobot_gazebo:/home/awadh/yolobot/install/yolobot_description:/home/awadh/yolobot/install/yolobot_control:/home/awadh/test2_ws/install/pcl_object_detection:/home/awadh/zed_ws/install/zed_ros2:/home/awadh/zed_ws/install/zed_robot_integration:/home/awadh/zed_ws/install/zed_multi_camera:/home/awadh/zed_ws/install/zed_display_rviz2:/home/awadh/zed_ws/install/zed_depth_to_laserscan:/home/awadh/zed_ws/install/zed_wrapper:/home/awadh/zed_ws/install/zed_tutorial_video:/home/awadh/zed_ws/install/zed_tutorial_pos_tracking:/home/awadh/zed_ws/install/zed_tutorial_depth:/home/awadh/zed_ws/install/zed_topic_benchmark:/home/awadh/zed_ws/install/zed_topic_benchmark_component:/home/awadh/zed_ws/install/zed_topic_benchmark_interfaces:/home/awadh/zed_ws/install/zed_rgb_convert:/home/awadh/zed_ws/install/zed_aruco_localization:/home/awadh/zed_ws/install/zed_components:/home/awadh/zed_ws/install/rviz_plugin_zed_od:/home/awadh/zed_ws/install/zed_interfaces:/home/awadh/ouster_ws/install/ouster_ros:/home/awadh/ouster_ws/install/ouster_sensor_msgs:/home/awadh/ros2_ws/install/my_robot_bringup:/home/awadh/ros2_ws/install/turtlesim_project_cpp:/home/awadh/ros2_ws/install/my_cpp_pkg:/home/awadh/ros2_ws/install/my_robot_interfaces:/home/awadh/gazebo_ws/install/ultralytics_ros2:/home/awadh/depth_ws/install/depth_estimation:/home/awadh/ros2_ws/install/turtlesim_catch_them_all:/home/awadh/ros2_ws/install/my_py_pkg:/opt/ros/humble:/home/awadh/sick_tim_ws/install/sick_tim /usr/bin/cmake --install /home/awadh/zed_ws/build/zed_topic_benchmark_interfaces
[0.897s] Level 1:colcon.colcon_core.environment:create_environment_scripts_only(zed_topic_benchmark_interfaces)
[0.897s] Level 1:colcon.colcon_core.environment:checking '/home/awadh/zed_ws/install/zed_topic_benchmark_interfaces' for CMake module files
[0.898s] DEBUG:colcon.colcon_core.event_handler.log_command:Invoked command in '/home/awadh/zed_ws/build/zed_topic_benchmark_interfaces' returned '0': CMAKE_PREFIX_PATH=/home/awadh/gazebo_ws/install/yolov8_msgs:/home/awadh/gazebo_ws/install/yolobot_recognition:/home/awadh/gazebo_ws/install/yolobot_gazebo:/home/awadh/gazebo_ws/install/yolobot_description:/home/awadh/gazebo_ws/install/yolobot_control:/home/awadh/gazebo_ws/install/my_robot_bringup:/home/awadh/gazebo_ws/install/my_robot_description:/home/awadh/yolobot/install/yolov8_msgs:/home/awadh/yolobot/install/yolobot_recognition:/home/awadh/yolobot/install/yolobot_gazebo:/home/awadh/yolobot/install/yolobot_description:/home/awadh/yolobot/install/yolobot_control:/home/awadh/test2_ws/install/pcl_object_detection:/home/awadh/zed_ws/install/zed_ros2:/home/awadh/zed_ws/install/zed_robot_integration:/home/awadh/zed_ws/install/zed_multi_camera:/home/awadh/zed_ws/install/zed_display_rviz2:/home/awadh/zed_ws/install/zed_depth_to_laserscan:/home/awadh/zed_ws/install/zed_wrapper:/home/awadh/zed_ws/install/zed_tutorial_video:/home/awadh/zed_ws/install/zed_tutorial_pos_tracking:/home/awadh/zed_ws/install/zed_tutorial_depth:/home/awadh/zed_ws/install/zed_topic_benchmark:/home/awadh/zed_ws/install/zed_topic_benchmark_component:/home/awadh/zed_ws/install/zed_topic_benchmark_interfaces:/home/awadh/zed_ws/install/zed_rgb_convert:/home/awadh/zed_ws/install/zed_aruco_localization:/home/awadh/zed_ws/install/zed_components:/home/awadh/zed_ws/install/rviz_plugin_zed_od:/home/awadh/zed_ws/install/zed_interfaces:/home/awadh/ouster_ws/install/ouster_ros:/home/awadh/ouster_ws/install/ouster_sensor_msgs:/home/awadh/ros2_ws/install/my_robot_bringup:/home/awadh/ros2_ws/install/turtlesim_project_cpp:/home/awadh/ros2_ws/install/my_cpp_pkg:/home/awadh/ros2_ws/install/my_robot_interfaces:/home/awadh/gazebo_ws/install/ultralytics_ros2:/home/awadh/depth_ws/install/depth_estimation:/home/awadh/ros2_ws/install/turtlesim_catch_them_all:/home/awadh/ros2_ws/install/my_py_pkg:/opt/ros/humble:/home/awadh/sick_tim_ws/install/sick_tim /usr/bin/cmake --install /home/awadh/zed_ws/build/zed_topic_benchmark_interfaces
[0.898s] Level 1:colcon.colcon_core.environment:checking '/home/awadh/zed_ws/install/zed_topic_benchmark_interfaces' for CMake config files
[0.898s] Level 1:colcon.colcon_core.shell:create_environment_hook('zed_topic_benchmark_interfaces', 'cmake_prefix_path')
[0.898s] INFO:colcon.colcon_core.shell:Creating environment hook '/home/awadh/zed_ws/install/zed_topic_benchmark_interfaces/share/zed_topic_benchmark_interfaces/hook/cmake_prefix_path.ps1'
[0.899s] INFO:colcon.colcon_core.shell:Creating environment descriptor '/home/awadh/zed_ws/install/zed_topic_benchmark_interfaces/share/zed_topic_benchmark_interfaces/hook/cmake_prefix_path.dsv'
[0.899s] INFO:colcon.colcon_core.shell:Creating environment hook '/home/awadh/zed_ws/install/zed_topic_benchmark_interfaces/share/zed_topic_benchmark_interfaces/hook/cmake_prefix_path.sh'
[0.899s] Level 1:colcon.colcon_core.environment:checking '/home/awadh/zed_ws/install/zed_topic_benchmark_interfaces/lib'
[0.899s] Level 1:colcon.colcon_core.shell:create_environment_hook('zed_topic_benchmark_interfaces', 'ld_library_path_lib')
[0.899s] INFO:colcon.colcon_core.shell:Creating environment hook '/home/awadh/zed_ws/install/zed_topic_benchmark_interfaces/share/zed_topic_benchmark_interfaces/hook/ld_library_path_lib.ps1'
[0.900s] INFO:colcon.colcon_core.shell:Creating environment descriptor '/home/awadh/zed_ws/install/zed_topic_benchmark_interfaces/share/zed_topic_benchmark_interfaces/hook/ld_library_path_lib.dsv'
[0.900s] INFO:colcon.colcon_core.shell:Creating environment hook '/home/awadh/zed_ws/install/zed_topic_benchmark_interfaces/share/zed_topic_benchmark_interfaces/hook/ld_library_path_lib.sh'
[0.900s] Level 1:colcon.colcon_core.environment:checking '/home/awadh/zed_ws/install/zed_topic_benchmark_interfaces/bin'
[0.900s] Level 1:colcon.colcon_core.environment:checking '/home/awadh/zed_ws/install/zed_topic_benchmark_interfaces/lib/pkgconfig/zed_topic_benchmark_interfaces.pc'
[0.900s] Level 1:colcon.colcon_core.environment:checking '/home/awadh/zed_ws/install/zed_topic_benchmark_interfaces/lib/python3.10/site-packages'
[0.900s] Level 1:colcon.colcon_core.environment:checking '/home/awadh/zed_ws/install/zed_topic_benchmark_interfaces/bin'
[0.900s] INFO:colcon.colcon_core.shell:Creating package script '/home/awadh/zed_ws/install/zed_topic_benchmark_interfaces/share/zed_topic_benchmark_interfaces/package.ps1'
[0.901s] INFO:colcon.colcon_core.shell:Creating package descriptor '/home/awadh/zed_ws/install/zed_topic_benchmark_interfaces/share/zed_topic_benchmark_interfaces/package.dsv'
[0.901s] INFO:colcon.colcon_core.shell:Creating package script '/home/awadh/zed_ws/install/zed_topic_benchmark_interfaces/share/zed_topic_benchmark_interfaces/package.sh'
[0.901s] INFO:colcon.colcon_core.shell:Creating package script '/home/awadh/zed_ws/install/zed_topic_benchmark_interfaces/share/zed_topic_benchmark_interfaces/package.bash'
[0.901s] INFO:colcon.colcon_core.shell:Creating package script '/home/awadh/zed_ws/install/zed_topic_benchmark_interfaces/share/zed_topic_benchmark_interfaces/package.zsh'
[0.901s] Level 1:colcon.colcon_core.environment:create_file_with_runtime_dependencies(/home/awadh/zed_ws/install/zed_topic_benchmark_interfaces/share/colcon-core/packages/zed_topic_benchmark_interfaces)
[0.962s] Level 1:colcon.colcon_core.environment:create_environment_scripts_only(zed_topic_benchmark_interfaces)
[0.962s] Level 1:colcon.colcon_core.environment:checking '/home/awadh/zed_ws/install/zed_topic_benchmark_interfaces' for CMake module files
[0.962s] Level 1:colcon.colcon_core.environment:checking '/home/awadh/zed_ws/install/zed_topic_benchmark_interfaces' for CMake config files
[0.962s] Level 1:colcon.colcon_core.shell:create_environment_hook('zed_topic_benchmark_interfaces', 'cmake_prefix_path')
[0.963s] INFO:colcon.colcon_core.shell:Creating environment hook '/home/awadh/zed_ws/install/zed_topic_benchmark_interfaces/share/zed_topic_benchmark_interfaces/hook/cmake_prefix_path.ps1'
[0.963s] INFO:colcon.colcon_core.shell:Creating environment descriptor '/home/awadh/zed_ws/install/zed_topic_benchmark_interfaces/share/zed_topic_benchmark_interfaces/hook/cmake_prefix_path.dsv'
[0.963s] INFO:colcon.colcon_core.shell:Creating environment hook '/home/awadh/zed_ws/install/zed_topic_benchmark_interfaces/share/zed_topic_benchmark_interfaces/hook/cmake_prefix_path.sh'
[0.963s] Level 1:colcon.colcon_core.environment:checking '/home/awadh/zed_ws/install/zed_topic_benchmark_interfaces/lib'
[0.964s] Level 1:colcon.colcon_core.shell:create_environment_hook('zed_topic_benchmark_interfaces', 'ld_library_path_lib')
[0.964s] INFO:colcon.colcon_core.shell:Creating environment hook '/home/awadh/zed_ws/install/zed_topic_benchmark_interfaces/share/zed_topic_benchmark_interfaces/hook/ld_library_path_lib.ps1'
[0.964s] INFO:colcon.colcon_core.shell:Creating environment descriptor '/home/awadh/zed_ws/install/zed_topic_benchmark_interfaces/share/zed_topic_benchmark_interfaces/hook/ld_library_path_lib.dsv'
[0.964s] INFO:colcon.colcon_core.shell:Creating environment hook '/home/awadh/zed_ws/install/zed_topic_benchmark_interfaces/share/zed_topic_benchmark_interfaces/hook/ld_library_path_lib.sh'
[0.964s] Level 1:colcon.colcon_core.environment:checking '/home/awadh/zed_ws/install/zed_topic_benchmark_interfaces/bin'
[0.964s] Level 1:colcon.colcon_core.environment:checking '/home/awadh/zed_ws/install/zed_topic_benchmark_interfaces/lib/pkgconfig/zed_topic_benchmark_interfaces.pc'
[0.964s] Level 1:colcon.colcon_core.environment:checking '/home/awadh/zed_ws/install/zed_topic_benchmark_interfaces/lib/python3.10/site-packages'
[0.965s] Level 1:colcon.colcon_core.environment:checking '/home/awadh/zed_ws/install/zed_topic_benchmark_interfaces/bin'
[0.965s] INFO:colcon.colcon_core.shell:Creating package script '/home/awadh/zed_ws/install/zed_topic_benchmark_interfaces/share/zed_topic_benchmark_interfaces/package.ps1'
[0.965s] INFO:colcon.colcon_core.shell:Creating package descriptor '/home/awadh/zed_ws/install/zed_topic_benchmark_interfaces/share/zed_topic_benchmark_interfaces/package.dsv'
[0.965s] INFO:colcon.colcon_core.shell:Creating package script '/home/awadh/zed_ws/install/zed_topic_benchmark_interfaces/share/zed_topic_benchmark_interfaces/package.sh'
[0.965s] INFO:colcon.colcon_core.shell:Creating package script '/home/awadh/zed_ws/install/zed_topic_benchmark_interfaces/share/zed_topic_benchmark_interfaces/package.bash'
[0.966s] INFO:colcon.colcon_core.shell:Creating package script '/home/awadh/zed_ws/install/zed_topic_benchmark_interfaces/share/zed_topic_benchmark_interfaces/package.zsh'
[0.966s] Level 1:colcon.colcon_core.environment:create_file_with_runtime_dependencies(/home/awadh/zed_ws/install/zed_topic_benchmark_interfaces/share/colcon-core/packages/zed_topic_benchmark_interfaces)
[0.966s] INFO:colcon.colcon_ros.task.ament_cmake.build:Building ROS package in '/home/awadh/zed_ws/src/zed-ros2-examples/tools/zed_benchmark_component' with build type 'ament_cmake'
[0.966s] INFO:colcon.colcon_cmake.task.cmake.build:Building CMake package in '/home/awadh/zed_ws/src/zed-ros2-examples/tools/zed_benchmark_component'
[0.966s] INFO:colcon.colcon_core.shell:Skip shell extension 'powershell' for command environment: Not usable outside of PowerShell
[0.966s] DEBUG:colcon.colcon_core.shell:Skip shell extension 'dsv' for command environment
[0.978s] DEBUG:colcon.colcon_core.event_handler.log_command:Invoking command in '/home/awadh/zed_ws/build/zed_topic_benchmark_component': CMAKE_PREFIX_PATH=/home/awadh/zed_ws/install/zed_topic_benchmark_interfaces:/home/awadh/gazebo_ws/install/yolov8_msgs:/home/awadh/gazebo_ws/install/yolobot_recognition:/home/awadh/gazebo_ws/install/yolobot_gazebo:/home/awadh/gazebo_ws/install/yolobot_description:/home/awadh/gazebo_ws/install/yolobot_control:/home/awadh/gazebo_ws/install/my_robot_bringup:/home/awadh/gazebo_ws/install/my_robot_description:/home/awadh/yolobot/install/yolov8_msgs:/home/awadh/yolobot/install/yolobot_recognition:/home/awadh/yolobot/install/yolobot_gazebo:/home/awadh/yolobot/install/yolobot_description:/home/awadh/yolobot/install/yolobot_control:/home/awadh/test2_ws/install/pcl_object_detection:/home/awadh/zed_ws/install/zed_ros2:/home/awadh/zed_ws/install/zed_robot_integration:/home/awadh/zed_ws/install/zed_multi_camera:/home/awadh/zed_ws/install/zed_display_rviz2:/home/awadh/zed_ws/install/zed_depth_to_laserscan:/home/awadh/zed_ws/install/zed_wrapper:/home/awadh/zed_ws/install/zed_tutorial_video:/home/awadh/zed_ws/install/zed_tutorial_pos_tracking:/home/awadh/zed_ws/install/zed_tutorial_depth:/home/awadh/zed_ws/install/zed_topic_benchmark:/home/awadh/zed_ws/install/zed_topic_benchmark_component:/home/awadh/zed_ws/install/zed_rgb_convert:/home/awadh/zed_ws/install/zed_aruco_localization:/home/awadh/zed_ws/install/zed_components:/home/awadh/zed_ws/install/rviz_plugin_zed_od:/home/awadh/zed_ws/install/zed_interfaces:/home/awadh/ouster_ws/install/ouster_ros:/home/awadh/ouster_ws/install/ouster_sensor_msgs:/home/awadh/ros2_ws/install/my_robot_bringup:/home/awadh/ros2_ws/install/turtlesim_project_cpp:/home/awadh/ros2_ws/install/my_cpp_pkg:/home/awadh/ros2_ws/install/my_robot_interfaces:/home/awadh/gazebo_ws/install/ultralytics_ros2:/home/awadh/depth_ws/install/depth_estimation:/home/awadh/ros2_ws/install/turtlesim_catch_them_all:/home/awadh/ros2_ws/install/my_py_pkg:/opt/ros/humble:/home/awadh/sick_tim_ws/install/sick_tim LD_LIBRARY_PATH=/home/awadh/zed_ws/install/zed_topic_benchmark_interfaces/lib:/home/awadh/gazebo_ws/install/yolov8_msgs/lib:/home/awadh/yolobot/install/yolov8_msgs/lib:/home/awadh/test2_ws/install/pcl_object_detection/lib:/home/awadh/zed_ws/install/zed_topic_benchmark_component/lib:/home/awadh/zed_ws/install/zed_rgb_convert/lib:/home/awadh/zed_ws/install/zed_aruco_localization/lib:/home/awadh/zed_ws/install/zed_components/lib:/home/awadh/zed_ws/install/rviz_plugin_zed_od/lib:/home/awadh/zed_ws/install/zed_interfaces/lib:/home/awadh/ouster_ws/install/ouster_ros/lib:/home/awadh/ouster_ws/install/ouster_sensor_msgs/lib:/home/awadh/ros2_ws/install/my_robot_interfaces/lib:/home/awadh/sick_tim_ws/install/sick_tim/lib:/usr/lib/x86_64-linux-gnu/gazebo-11/plugins:/opt/ros/humble/opt/rviz_ogre_vendor/lib:/opt/ros/humble/lib/x86_64-linux-gnu:/opt/ros/humble/lib:/usr/share/gazebo/../../lib/x86_64-linux-gnu/gazebo-11/plugins /usr/bin/cmake --build /home/awadh/zed_ws/build/zed_topic_benchmark_component -- -j16 -l16
[1.033s] DEBUG:colcon.colcon_core.event_handler.log_command:Invoked command in '/home/awadh/zed_ws/build/zed_topic_benchmark_component' returned '0': CMAKE_PREFIX_PATH=/home/awadh/zed_ws/install/zed_topic_benchmark_interfaces:/home/awadh/gazebo_ws/install/yolov8_msgs:/home/awadh/gazebo_ws/install/yolobot_recognition:/home/awadh/gazebo_ws/install/yolobot_gazebo:/home/awadh/gazebo_ws/install/yolobot_description:/home/awadh/gazebo_ws/install/yolobot_control:/home/awadh/gazebo_ws/install/my_robot_bringup:/home/awadh/gazebo_ws/install/my_robot_description:/home/awadh/yolobot/install/yolov8_msgs:/home/awadh/yolobot/install/yolobot_recognition:/home/awadh/yolobot/install/yolobot_gazebo:/home/awadh/yolobot/install/yolobot_description:/home/awadh/yolobot/install/yolobot_control:/home/awadh/test2_ws/install/pcl_object_detection:/home/awadh/zed_ws/install/zed_ros2:/home/awadh/zed_ws/install/zed_robot_integration:/home/awadh/zed_ws/install/zed_multi_camera:/home/awadh/zed_ws/install/zed_display_rviz2:/home/awadh/zed_ws/install/zed_depth_to_laserscan:/home/awadh/zed_ws/install/zed_wrapper:/home/awadh/zed_ws/install/zed_tutorial_video:/home/awadh/zed_ws/install/zed_tutorial_pos_tracking:/home/awadh/zed_ws/install/zed_tutorial_depth:/home/awadh/zed_ws/install/zed_topic_benchmark:/home/awadh/zed_ws/install/zed_topic_benchmark_component:/home/awadh/zed_ws/install/zed_rgb_convert:/home/awadh/zed_ws/install/zed_aruco_localization:/home/awadh/zed_ws/install/zed_components:/home/awadh/zed_ws/install/rviz_plugin_zed_od:/home/awadh/zed_ws/install/zed_interfaces:/home/awadh/ouster_ws/install/ouster_ros:/home/awadh/ouster_ws/install/ouster_sensor_msgs:/home/awadh/ros2_ws/install/my_robot_bringup:/home/awadh/ros2_ws/install/turtlesim_project_cpp:/home/awadh/ros2_ws/install/my_cpp_pkg:/home/awadh/ros2_ws/install/my_robot_interfaces:/home/awadh/gazebo_ws/install/ultralytics_ros2:/home/awadh/depth_ws/install/depth_estimation:/home/awadh/ros2_ws/install/turtlesim_catch_them_all:/home/awadh/ros2_ws/install/my_py_pkg:/opt/ros/humble:/home/awadh/sick_tim_ws/install/sick_tim LD_LIBRARY_PATH=/home/awadh/zed_ws/install/zed_topic_benchmark_interfaces/lib:/home/awadh/gazebo_ws/install/yolov8_msgs/lib:/home/awadh/yolobot/install/yolov8_msgs/lib:/home/awadh/test2_ws/install/pcl_object_detection/lib:/home/awadh/zed_ws/install/zed_topic_benchmark_component/lib:/home/awadh/zed_ws/install/zed_rgb_convert/lib:/home/awadh/zed_ws/install/zed_aruco_localization/lib:/home/awadh/zed_ws/install/zed_components/lib:/home/awadh/zed_ws/install/rviz_plugin_zed_od/lib:/home/awadh/zed_ws/install/zed_interfaces/lib:/home/awadh/ouster_ws/install/ouster_ros/lib:/home/awadh/ouster_ws/install/ouster_sensor_msgs/lib:/home/awadh/ros2_ws/install/my_robot_interfaces/lib:/home/awadh/sick_tim_ws/install/sick_tim/lib:/usr/lib/x86_64-linux-gnu/gazebo-11/plugins:/opt/ros/humble/opt/rviz_ogre_vendor/lib:/opt/ros/humble/lib/x86_64-linux-gnu:/opt/ros/humble/lib:/usr/share/gazebo/../../lib/x86_64-linux-gnu/gazebo-11/plugins /usr/bin/cmake --build /home/awadh/zed_ws/build/zed_topic_benchmark_component -- -j16 -l16
[1.083s] DEBUG:colcon.colcon_core.event_handler.log_command:Invoking command in '/home/awadh/zed_ws/build/zed_topic_benchmark_component': CMAKE_PREFIX_PATH=/home/awadh/zed_ws/install/zed_topic_benchmark_interfaces:/home/awadh/gazebo_ws/install/yolov8_msgs:/home/awadh/gazebo_ws/install/yolobot_recognition:/home/awadh/gazebo_ws/install/yolobot_gazebo:/home/awadh/gazebo_ws/install/yolobot_description:/home/awadh/gazebo_ws/install/yolobot_control:/home/awadh/gazebo_ws/install/my_robot_bringup:/home/awadh/gazebo_ws/install/my_robot_description:/home/awadh/yolobot/install/yolov8_msgs:/home/awadh/yolobot/install/yolobot_recognition:/home/awadh/yolobot/install/yolobot_gazebo:/home/awadh/yolobot/install/yolobot_description:/home/awadh/yolobot/install/yolobot_control:/home/awadh/test2_ws/install/pcl_object_detection:/home/awadh/zed_ws/install/zed_ros2:/home/awadh/zed_ws/install/zed_robot_integration:/home/awadh/zed_ws/install/zed_multi_camera:/home/awadh/zed_ws/install/zed_display_rviz2:/home/awadh/zed_ws/install/zed_depth_to_laserscan:/home/awadh/zed_ws/install/zed_wrapper:/home/awadh/zed_ws/install/zed_tutorial_video:/home/awadh/zed_ws/install/zed_tutorial_pos_tracking:/home/awadh/zed_ws/install/zed_tutorial_depth:/home/awadh/zed_ws/install/zed_topic_benchmark:/home/awadh/zed_ws/install/zed_topic_benchmark_component:/home/awadh/zed_ws/install/zed_rgb_convert:/home/awadh/zed_ws/install/zed_aruco_localization:/home/awadh/zed_ws/install/zed_components:/home/awadh/zed_ws/install/rviz_plugin_zed_od:/home/awadh/zed_ws/install/zed_interfaces:/home/awadh/ouster_ws/install/ouster_ros:/home/awadh/ouster_ws/install/ouster_sensor_msgs:/home/awadh/ros2_ws/install/my_robot_bringup:/home/awadh/ros2_ws/install/turtlesim_project_cpp:/home/awadh/ros2_ws/install/my_cpp_pkg:/home/awadh/ros2_ws/install/my_robot_interfaces:/home/awadh/gazebo_ws/install/ultralytics_ros2:/home/awadh/depth_ws/install/depth_estimation:/home/awadh/ros2_ws/install/turtlesim_catch_them_all:/home/awadh/ros2_ws/install/my_py_pkg:/opt/ros/humble:/home/awadh/sick_tim_ws/install/sick_tim LD_LIBRARY_PATH=/home/awadh/zed_ws/install/zed_topic_benchmark_interfaces/lib:/home/awadh/gazebo_ws/install/yolov8_msgs/lib:/home/awadh/yolobot/install/yolov8_msgs/lib:/home/awadh/test2_ws/install/pcl_object_detection/lib:/home/awadh/zed_ws/install/zed_topic_benchmark_component/lib:/home/awadh/zed_ws/install/zed_rgb_convert/lib:/home/awadh/zed_ws/install/zed_aruco_localization/lib:/home/awadh/zed_ws/install/zed_components/lib:/home/awadh/zed_ws/install/rviz_plugin_zed_od/lib:/home/awadh/zed_ws/install/zed_interfaces/lib:/home/awadh/ouster_ws/install/ouster_ros/lib:/home/awadh/ouster_ws/install/ouster_sensor_msgs/lib:/home/awadh/ros2_ws/install/my_robot_interfaces/lib:/home/awadh/sick_tim_ws/install/sick_tim/lib:/usr/lib/x86_64-linux-gnu/gazebo-11/plugins:/opt/ros/humble/opt/rviz_ogre_vendor/lib:/opt/ros/humble/lib/x86_64-linux-gnu:/opt/ros/humble/lib:/usr/share/gazebo/../../lib/x86_64-linux-gnu/gazebo-11/plugins /usr/bin/cmake --install /home/awadh/zed_ws/build/zed_topic_benchmark_component
[1.095s] Level 1:colcon.colcon_core.environment:create_environment_scripts_only(zed_topic_benchmark_component)
[1.096s] Level 1:colcon.colcon_core.environment:checking '/home/awadh/zed_ws/install/zed_topic_benchmark_component' for CMake module files
[1.096s] DEBUG:colcon.colcon_core.event_handler.log_command:Invoked command in '/home/awadh/zed_ws/build/zed_topic_benchmark_component' returned '0': CMAKE_PREFIX_PATH=/home/awadh/zed_ws/install/zed_topic_benchmark_interfaces:/home/awadh/gazebo_ws/install/yolov8_msgs:/home/awadh/gazebo_ws/install/yolobot_recognition:/home/awadh/gazebo_ws/install/yolobot_gazebo:/home/awadh/gazebo_ws/install/yolobot_description:/home/awadh/gazebo_ws/install/yolobot_control:/home/awadh/gazebo_ws/install/my_robot_bringup:/home/awadh/gazebo_ws/install/my_robot_description:/home/awadh/yolobot/install/yolov8_msgs:/home/awadh/yolobot/install/yolobot_recognition:/home/awadh/yolobot/install/yolobot_gazebo:/home/awadh/yolobot/install/yolobot_description:/home/awadh/yolobot/install/yolobot_control:/home/awadh/test2_ws/install/pcl_object_detection:/home/awadh/zed_ws/install/zed_ros2:/home/awadh/zed_ws/install/zed_robot_integration:/home/awadh/zed_ws/install/zed_multi_camera:/home/awadh/zed_ws/install/zed_display_rviz2:/home/awadh/zed_ws/install/zed_depth_to_laserscan:/home/awadh/zed_ws/install/zed_wrapper:/home/awadh/zed_ws/install/zed_tutorial_video:/home/awadh/zed_ws/install/zed_tutorial_pos_tracking:/home/awadh/zed_ws/install/zed_tutorial_depth:/home/awadh/zed_ws/install/zed_topic_benchmark:/home/awadh/zed_ws/install/zed_topic_benchmark_component:/home/awadh/zed_ws/install/zed_rgb_convert:/home/awadh/zed_ws/install/zed_aruco_localization:/home/awadh/zed_ws/install/zed_components:/home/awadh/zed_ws/install/rviz_plugin_zed_od:/home/awadh/zed_ws/install/zed_interfaces:/home/awadh/ouster_ws/install/ouster_ros:/home/awadh/ouster_ws/install/ouster_sensor_msgs:/home/awadh/ros2_ws/install/my_robot_bringup:/home/awadh/ros2_ws/install/turtlesim_project_cpp:/home/awadh/ros2_ws/install/my_cpp_pkg:/home/awadh/ros2_ws/install/my_robot_interfaces:/home/awadh/gazebo_ws/install/ultralytics_ros2:/home/awadh/depth_ws/install/depth_estimation:/home/awadh/ros2_ws/install/turtlesim_catch_them_all:/home/awadh/ros2_ws/install/my_py_pkg:/opt/ros/humble:/home/awadh/sick_tim_ws/install/sick_tim LD_LIBRARY_PATH=/home/awadh/zed_ws/install/zed_topic_benchmark_interfaces/lib:/home/awadh/gazebo_ws/install/yolov8_msgs/lib:/home/awadh/yolobot/install/yolov8_msgs/lib:/home/awadh/test2_ws/install/pcl_object_detection/lib:/home/awadh/zed_ws/install/zed_topic_benchmark_component/lib:/home/awadh/zed_ws/install/zed_rgb_convert/lib:/home/awadh/zed_ws/install/zed_aruco_localization/lib:/home/awadh/zed_ws/install/zed_components/lib:/home/awadh/zed_ws/install/rviz_plugin_zed_od/lib:/home/awadh/zed_ws/install/zed_interfaces/lib:/home/awadh/ouster_ws/install/ouster_ros/lib:/home/awadh/ouster_ws/install/ouster_sensor_msgs/lib:/home/awadh/ros2_ws/install/my_robot_interfaces/lib:/home/awadh/sick_tim_ws/install/sick_tim/lib:/usr/lib/x86_64-linux-gnu/gazebo-11/plugins:/opt/ros/humble/opt/rviz_ogre_vendor/lib:/opt/ros/humble/lib/x86_64-linux-gnu:/opt/ros/humble/lib:/usr/share/gazebo/../../lib/x86_64-linux-gnu/gazebo-11/plugins /usr/bin/cmake --install /home/awadh/zed_ws/build/zed_topic_benchmark_component
[1.096s] Level 1:colcon.colcon_core.environment:checking '/home/awadh/zed_ws/install/zed_topic_benchmark_component' for CMake config files
[1.096s] Level 1:colcon.colcon_core.shell:create_environment_hook('zed_topic_benchmark_component', 'cmake_prefix_path')
[1.096s] INFO:colcon.colcon_core.shell:Creating environment hook '/home/awadh/zed_ws/install/zed_topic_benchmark_component/share/zed_topic_benchmark_component/hook/cmake_prefix_path.ps1'
[1.097s] INFO:colcon.colcon_core.shell:Creating environment descriptor '/home/awadh/zed_ws/install/zed_topic_benchmark_component/share/zed_topic_benchmark_component/hook/cmake_prefix_path.dsv'
[1.097s] INFO:colcon.colcon_core.shell:Creating environment hook '/home/awadh/zed_ws/install/zed_topic_benchmark_component/share/zed_topic_benchmark_component/hook/cmake_prefix_path.sh'
[1.097s] Level 1:colcon.colcon_core.environment:checking '/home/awadh/zed_ws/install/zed_topic_benchmark_component/lib'
[1.097s] Level 1:colcon.colcon_core.shell:create_environment_hook('zed_topic_benchmark_component', 'ld_library_path_lib')
[1.097s] INFO:colcon.colcon_core.shell:Creating environment hook '/home/awadh/zed_ws/install/zed_topic_benchmark_component/share/zed_topic_benchmark_component/hook/ld_library_path_lib.ps1'
[1.097s] INFO:colcon.colcon_core.shell:Creating environment descriptor '/home/awadh/zed_ws/install/zed_topic_benchmark_component/share/zed_topic_benchmark_component/hook/ld_library_path_lib.dsv'
[1.098s] INFO:colcon.colcon_core.shell:Creating environment hook '/home/awadh/zed_ws/install/zed_topic_benchmark_component/share/zed_topic_benchmark_component/hook/ld_library_path_lib.sh'
[1.098s] Level 1:colcon.colcon_core.environment:checking '/home/awadh/zed_ws/install/zed_topic_benchmark_component/bin'
[1.098s] Level 1:colcon.colcon_core.environment:checking '/home/awadh/zed_ws/install/zed_topic_benchmark_component/lib/pkgconfig/zed_topic_benchmark_component.pc'
[1.098s] Level 1:colcon.colcon_core.environment:checking '/home/awadh/zed_ws/install/zed_topic_benchmark_component/lib/python3.10/site-packages'
[1.098s] Level 1:colcon.colcon_core.environment:checking '/home/awadh/zed_ws/install/zed_topic_benchmark_component/bin'
[1.098s] INFO:colcon.colcon_core.shell:Creating package script '/home/awadh/zed_ws/install/zed_topic_benchmark_component/share/zed_topic_benchmark_component/package.ps1'
[1.099s] INFO:colcon.colcon_core.shell:Creating package descriptor '/home/awadh/zed_ws/install/zed_topic_benchmark_component/share/zed_topic_benchmark_component/package.dsv'
[1.099s] INFO:colcon.colcon_core.shell:Creating package script '/home/awadh/zed_ws/install/zed_topic_benchmark_component/share/zed_topic_benchmark_component/package.sh'
[1.099s] INFO:colcon.colcon_core.shell:Creating package script '/home/awadh/zed_ws/install/zed_topic_benchmark_component/share/zed_topic_benchmark_component/package.bash'
[1.099s] INFO:colcon.colcon_core.shell:Creating package script '/home/awadh/zed_ws/install/zed_topic_benchmark_component/share/zed_topic_benchmark_component/package.zsh'
[1.099s] Level 1:colcon.colcon_core.environment:create_file_with_runtime_dependencies(/home/awadh/zed_ws/install/zed_topic_benchmark_component/share/colcon-core/packages/zed_topic_benchmark_component)
[1.126s] Level 1:colcon.colcon_core.environment:create_environment_scripts_only(zed_topic_benchmark_component)
[1.126s] Level 1:colcon.colcon_core.environment:checking '/home/awadh/zed_ws/install/zed_topic_benchmark_component' for CMake module files
[1.126s] Level 1:colcon.colcon_core.environment:checking '/home/awadh/zed_ws/install/zed_topic_benchmark_component' for CMake config files
[1.126s] Level 1:colcon.colcon_core.shell:create_environment_hook('zed_topic_benchmark_component', 'cmake_prefix_path')
[1.127s] INFO:colcon.colcon_core.shell:Creating environment hook '/home/awadh/zed_ws/install/zed_topic_benchmark_component/share/zed_topic_benchmark_component/hook/cmake_prefix_path.ps1'
[1.127s] INFO:colcon.colcon_core.shell:Creating environment descriptor '/home/awadh/zed_ws/install/zed_topic_benchmark_component/share/zed_topic_benchmark_component/hook/cmake_prefix_path.dsv'
[1.127s] INFO:colcon.colcon_core.shell:Creating environment hook '/home/awadh/zed_ws/install/zed_topic_benchmark_component/share/zed_topic_benchmark_component/hook/cmake_prefix_path.sh'
[1.127s] Level 1:colcon.colcon_core.environment:checking '/home/awadh/zed_ws/install/zed_topic_benchmark_component/lib'
[1.127s] Level 1:colcon.colcon_core.shell:create_environment_hook('zed_topic_benchmark_component', 'ld_library_path_lib')
[1.127s] INFO:colcon.colcon_core.shell:Creating environment hook '/home/awadh/zed_ws/install/zed_topic_benchmark_component/share/zed_topic_benchmark_component/hook/ld_library_path_lib.ps1'
[1.128s] INFO:colcon.colcon_core.shell:Creating environment descriptor '/home/awadh/zed_ws/install/zed_topic_benchmark_component/share/zed_topic_benchmark_component/hook/ld_library_path_lib.dsv'
[1.128s] INFO:colcon.colcon_core.shell:Creating environment hook '/home/awadh/zed_ws/install/zed_topic_benchmark_component/share/zed_topic_benchmark_component/hook/ld_library_path_lib.sh'
[1.128s] Level 1:colcon.colcon_core.environment:checking '/home/awadh/zed_ws/install/zed_topic_benchmark_component/bin'
[1.128s] Level 1:colcon.colcon_core.environment:checking '/home/awadh/zed_ws/install/zed_topic_benchmark_component/lib/pkgconfig/zed_topic_benchmark_component.pc'
[1.128s] Level 1:colcon.colcon_core.environment:checking '/home/awadh/zed_ws/install/zed_topic_benchmark_component/lib/python3.10/site-packages'
[1.128s] Level 1:colcon.colcon_core.environment:checking '/home/awadh/zed_ws/install/zed_topic_benchmark_component/bin'
[1.129s] INFO:colcon.colcon_core.shell:Creating package script '/home/awadh/zed_ws/install/zed_topic_benchmark_component/share/zed_topic_benchmark_component/package.ps1'
[1.129s] INFO:colcon.colcon_core.shell:Creating package descriptor '/home/awadh/zed_ws/install/zed_topic_benchmark_component/share/zed_topic_benchmark_component/package.dsv'
[1.129s] INFO:colcon.colcon_core.shell:Creating package script '/home/awadh/zed_ws/install/zed_topic_benchmark_component/share/zed_topic_benchmark_component/package.sh'
[1.130s] INFO:colcon.colcon_core.shell:Creating package script '/home/awadh/zed_ws/install/zed_topic_benchmark_component/share/zed_topic_benchmark_component/package.bash'
[1.130s] INFO:colcon.colcon_core.shell:Creating package script '/home/awadh/zed_ws/install/zed_topic_benchmark_component/share/zed_topic_benchmark_component/package.zsh'
[1.130s] Level 1:colcon.colcon_core.environment:create_file_with_runtime_dependencies(/home/awadh/zed_ws/install/zed_topic_benchmark_component/share/colcon-core/packages/zed_topic_benchmark_component)
[1.131s] INFO:colcon.colcon_ros.task.ament_cmake.build:Building ROS package in '/home/awadh/zed_ws/src/zed-ros2-examples/tools/zed_benchmark' with build type 'ament_cmake'
[1.131s] INFO:colcon.colcon_cmake.task.cmake.build:Building CMake package in '/home/awadh/zed_ws/src/zed-ros2-examples/tools/zed_benchmark'
[1.131s] INFO:colcon.colcon_core.shell:Skip shell extension 'powershell' for command environment: Not usable outside of PowerShell
[1.131s] DEBUG:colcon.colcon_core.shell:Skip shell extension 'dsv' for command environment
[1.146s] DEBUG:colcon.colcon_core.event_handler.log_command:Invoking command in '/home/awadh/zed_ws/build/zed_topic_benchmark': CMAKE_PREFIX_PATH=/home/awadh/zed_ws/install/zed_topic_benchmark_component:/home/awadh/zed_ws/install/zed_topic_benchmark_interfaces:/home/awadh/gazebo_ws/install/yolov8_msgs:/home/awadh/gazebo_ws/install/yolobot_recognition:/home/awadh/gazebo_ws/install/yolobot_gazebo:/home/awadh/gazebo_ws/install/yolobot_description:/home/awadh/gazebo_ws/install/yolobot_control:/home/awadh/gazebo_ws/install/my_robot_bringup:/home/awadh/gazebo_ws/install/my_robot_description:/home/awadh/yolobot/install/yolov8_msgs:/home/awadh/yolobot/install/yolobot_recognition:/home/awadh/yolobot/install/yolobot_gazebo:/home/awadh/yolobot/install/yolobot_description:/home/awadh/yolobot/install/yolobot_control:/home/awadh/test2_ws/install/pcl_object_detection:/home/awadh/zed_ws/install/zed_ros2:/home/awadh/zed_ws/install/zed_robot_integration:/home/awadh/zed_ws/install/zed_multi_camera:/home/awadh/zed_ws/install/zed_display_rviz2:/home/awadh/zed_ws/install/zed_depth_to_laserscan:/home/awadh/zed_ws/install/zed_wrapper:/home/awadh/zed_ws/install/zed_tutorial_video:/home/awadh/zed_ws/install/zed_tutorial_pos_tracking:/home/awadh/zed_ws/install/zed_tutorial_depth:/home/awadh/zed_ws/install/zed_topic_benchmark:/home/awadh/zed_ws/install/zed_rgb_convert:/home/awadh/zed_ws/install/zed_aruco_localization:/home/awadh/zed_ws/install/zed_components:/home/awadh/zed_ws/install/rviz_plugin_zed_od:/home/awadh/zed_ws/install/zed_interfaces:/home/awadh/ouster_ws/install/ouster_ros:/home/awadh/ouster_ws/install/ouster_sensor_msgs:/home/awadh/ros2_ws/install/my_robot_bringup:/home/awadh/ros2_ws/install/turtlesim_project_cpp:/home/awadh/ros2_ws/install/my_cpp_pkg:/home/awadh/ros2_ws/install/my_robot_interfaces:/home/awadh/gazebo_ws/install/ultralytics_ros2:/home/awadh/depth_ws/install/depth_estimation:/home/awadh/ros2_ws/install/turtlesim_catch_them_all:/home/awadh/ros2_ws/install/my_py_pkg:/opt/ros/humble:/home/awadh/sick_tim_ws/install/sick_tim LD_LIBRARY_PATH=/home/awadh/zed_ws/install/zed_topic_benchmark_component/lib:/home/awadh/zed_ws/install/zed_topic_benchmark_interfaces/lib:/home/awadh/gazebo_ws/install/yolov8_msgs/lib:/home/awadh/yolobot/install/yolov8_msgs/lib:/home/awadh/test2_ws/install/pcl_object_detection/lib:/home/awadh/zed_ws/install/zed_rgb_convert/lib:/home/awadh/zed_ws/install/zed_aruco_localization/lib:/home/awadh/zed_ws/install/zed_components/lib:/home/awadh/zed_ws/install/rviz_plugin_zed_od/lib:/home/awadh/zed_ws/install/zed_interfaces/lib:/home/awadh/ouster_ws/install/ouster_ros/lib:/home/awadh/ouster_ws/install/ouster_sensor_msgs/lib:/home/awadh/ros2_ws/install/my_robot_interfaces/lib:/home/awadh/sick_tim_ws/install/sick_tim/lib:/usr/lib/x86_64-linux-gnu/gazebo-11/plugins:/opt/ros/humble/opt/rviz_ogre_vendor/lib:/opt/ros/humble/lib/x86_64-linux-gnu:/opt/ros/humble/lib:/usr/share/gazebo/../../lib/x86_64-linux-gnu/gazebo-11/plugins /usr/bin/cmake --build /home/awadh/zed_ws/build/zed_topic_benchmark -- -j16 -l16
[1.217s] DEBUG:colcon.colcon_core.event_handler.log_command:Invoked command in '/home/awadh/zed_ws/build/zed_topic_benchmark' returned '0': CMAKE_PREFIX_PATH=/home/awadh/zed_ws/install/zed_topic_benchmark_component:/home/awadh/zed_ws/install/zed_topic_benchmark_interfaces:/home/awadh/gazebo_ws/install/yolov8_msgs:/home/awadh/gazebo_ws/install/yolobot_recognition:/home/awadh/gazebo_ws/install/yolobot_gazebo:/home/awadh/gazebo_ws/install/yolobot_description:/home/awadh/gazebo_ws/install/yolobot_control:/home/awadh/gazebo_ws/install/my_robot_bringup:/home/awadh/gazebo_ws/install/my_robot_description:/home/awadh/yolobot/install/yolov8_msgs:/home/awadh/yolobot/install/yolobot_recognition:/home/awadh/yolobot/install/yolobot_gazebo:/home/awadh/yolobot/install/yolobot_description:/home/awadh/yolobot/install/yolobot_control:/home/awadh/test2_ws/install/pcl_object_detection:/home/awadh/zed_ws/install/zed_ros2:/home/awadh/zed_ws/install/zed_robot_integration:/home/awadh/zed_ws/install/zed_multi_camera:/home/awadh/zed_ws/install/zed_display_rviz2:/home/awadh/zed_ws/install/zed_depth_to_laserscan:/home/awadh/zed_ws/install/zed_wrapper:/home/awadh/zed_ws/install/zed_tutorial_video:/home/awadh/zed_ws/install/zed_tutorial_pos_tracking:/home/awadh/zed_ws/install/zed_tutorial_depth:/home/awadh/zed_ws/install/zed_topic_benchmark:/home/awadh/zed_ws/install/zed_rgb_convert:/home/awadh/zed_ws/install/zed_aruco_localization:/home/awadh/zed_ws/install/zed_components:/home/awadh/zed_ws/install/rviz_plugin_zed_od:/home/awadh/zed_ws/install/zed_interfaces:/home/awadh/ouster_ws/install/ouster_ros:/home/awadh/ouster_ws/install/ouster_sensor_msgs:/home/awadh/ros2_ws/install/my_robot_bringup:/home/awadh/ros2_ws/install/turtlesim_project_cpp:/home/awadh/ros2_ws/install/my_cpp_pkg:/home/awadh/ros2_ws/install/my_robot_interfaces:/home/awadh/gazebo_ws/install/ultralytics_ros2:/home/awadh/depth_ws/install/depth_estimation:/home/awadh/ros2_ws/install/turtlesim_catch_them_all:/home/awadh/ros2_ws/install/my_py_pkg:/opt/ros/humble:/home/awadh/sick_tim_ws/install/sick_tim LD_LIBRARY_PATH=/home/awadh/zed_ws/install/zed_topic_benchmark_component/lib:/home/awadh/zed_ws/install/zed_topic_benchmark_interfaces/lib:/home/awadh/gazebo_ws/install/yolov8_msgs/lib:/home/awadh/yolobot/install/yolov8_msgs/lib:/home/awadh/test2_ws/install/pcl_object_detection/lib:/home/awadh/zed_ws/install/zed_rgb_convert/lib:/home/awadh/zed_ws/install/zed_aruco_localization/lib:/home/awadh/zed_ws/install/zed_components/lib:/home/awadh/zed_ws/install/rviz_plugin_zed_od/lib:/home/awadh/zed_ws/install/zed_interfaces/lib:/home/awadh/ouster_ws/install/ouster_ros/lib:/home/awadh/ouster_ws/install/ouster_sensor_msgs/lib:/home/awadh/ros2_ws/install/my_robot_interfaces/lib:/home/awadh/sick_tim_ws/install/sick_tim/lib:/usr/lib/x86_64-linux-gnu/gazebo-11/plugins:/opt/ros/humble/opt/rviz_ogre_vendor/lib:/opt/ros/humble/lib/x86_64-linux-gnu:/opt/ros/humble/lib:/usr/share/gazebo/../../lib/x86_64-linux-gnu/gazebo-11/plugins /usr/bin/cmake --build /home/awadh/zed_ws/build/zed_topic_benchmark -- -j16 -l16
[1.271s] DEBUG:colcon.colcon_core.event_handler.log_command:Invoking command in '/home/awadh/zed_ws/build/zed_topic_benchmark': CMAKE_PREFIX_PATH=/home/awadh/zed_ws/install/zed_topic_benchmark_component:/home/awadh/zed_ws/install/zed_topic_benchmark_interfaces:/home/awadh/gazebo_ws/install/yolov8_msgs:/home/awadh/gazebo_ws/install/yolobot_recognition:/home/awadh/gazebo_ws/install/yolobot_gazebo:/home/awadh/gazebo_ws/install/yolobot_description:/home/awadh/gazebo_ws/install/yolobot_control:/home/awadh/gazebo_ws/install/my_robot_bringup:/home/awadh/gazebo_ws/install/my_robot_description:/home/awadh/yolobot/install/yolov8_msgs:/home/awadh/yolobot/install/yolobot_recognition:/home/awadh/yolobot/install/yolobot_gazebo:/home/awadh/yolobot/install/yolobot_description:/home/awadh/yolobot/install/yolobot_control:/home/awadh/test2_ws/install/pcl_object_detection:/home/awadh/zed_ws/install/zed_ros2:/home/awadh/zed_ws/install/zed_robot_integration:/home/awadh/zed_ws/install/zed_multi_camera:/home/awadh/zed_ws/install/zed_display_rviz2:/home/awadh/zed_ws/install/zed_depth_to_laserscan:/home/awadh/zed_ws/install/zed_wrapper:/home/awadh/zed_ws/install/zed_tutorial_video:/home/awadh/zed_ws/install/zed_tutorial_pos_tracking:/home/awadh/zed_ws/install/zed_tutorial_depth:/home/awadh/zed_ws/install/zed_topic_benchmark:/home/awadh/zed_ws/install/zed_rgb_convert:/home/awadh/zed_ws/install/zed_aruco_localization:/home/awadh/zed_ws/install/zed_components:/home/awadh/zed_ws/install/rviz_plugin_zed_od:/home/awadh/zed_ws/install/zed_interfaces:/home/awadh/ouster_ws/install/ouster_ros:/home/awadh/ouster_ws/install/ouster_sensor_msgs:/home/awadh/ros2_ws/install/my_robot_bringup:/home/awadh/ros2_ws/install/turtlesim_project_cpp:/home/awadh/ros2_ws/install/my_cpp_pkg:/home/awadh/ros2_ws/install/my_robot_interfaces:/home/awadh/gazebo_ws/install/ultralytics_ros2:/home/awadh/depth_ws/install/depth_estimation:/home/awadh/ros2_ws/install/turtlesim_catch_them_all:/home/awadh/ros2_ws/install/my_py_pkg:/opt/ros/humble:/home/awadh/sick_tim_ws/install/sick_tim LD_LIBRARY_PATH=/home/awadh/zed_ws/install/zed_topic_benchmark_component/lib:/home/awadh/zed_ws/install/zed_topic_benchmark_interfaces/lib:/home/awadh/gazebo_ws/install/yolov8_msgs/lib:/home/awadh/yolobot/install/yolov8_msgs/lib:/home/awadh/test2_ws/install/pcl_object_detection/lib:/home/awadh/zed_ws/install/zed_rgb_convert/lib:/home/awadh/zed_ws/install/zed_aruco_localization/lib:/home/awadh/zed_ws/install/zed_components/lib:/home/awadh/zed_ws/install/rviz_plugin_zed_od/lib:/home/awadh/zed_ws/install/zed_interfaces/lib:/home/awadh/ouster_ws/install/ouster_ros/lib:/home/awadh/ouster_ws/install/ouster_sensor_msgs/lib:/home/awadh/ros2_ws/install/my_robot_interfaces/lib:/home/awadh/sick_tim_ws/install/sick_tim/lib:/usr/lib/x86_64-linux-gnu/gazebo-11/plugins:/opt/ros/humble/opt/rviz_ogre_vendor/lib:/opt/ros/humble/lib/x86_64-linux-gnu:/opt/ros/humble/lib:/usr/share/gazebo/../../lib/x86_64-linux-gnu/gazebo-11/plugins /usr/bin/cmake --install /home/awadh/zed_ws/build/zed_topic_benchmark
[1.286s] Level 1:colcon.colcon_core.environment:create_environment_scripts_only(zed_topic_benchmark)
[1.287s] Level 1:colcon.colcon_core.environment:checking '/home/awadh/zed_ws/install/zed_topic_benchmark' for CMake module files
[1.287s] DEBUG:colcon.colcon_core.event_handler.log_command:Invoked command in '/home/awadh/zed_ws/build/zed_topic_benchmark' returned '0': CMAKE_PREFIX_PATH=/home/awadh/zed_ws/install/zed_topic_benchmark_component:/home/awadh/zed_ws/install/zed_topic_benchmark_interfaces:/home/awadh/gazebo_ws/install/yolov8_msgs:/home/awadh/gazebo_ws/install/yolobot_recognition:/home/awadh/gazebo_ws/install/yolobot_gazebo:/home/awadh/gazebo_ws/install/yolobot_description:/home/awadh/gazebo_ws/install/yolobot_control:/home/awadh/gazebo_ws/install/my_robot_bringup:/home/awadh/gazebo_ws/install/my_robot_description:/home/awadh/yolobot/install/yolov8_msgs:/home/awadh/yolobot/install/yolobot_recognition:/home/awadh/yolobot/install/yolobot_gazebo:/home/awadh/yolobot/install/yolobot_description:/home/awadh/yolobot/install/yolobot_control:/home/awadh/test2_ws/install/pcl_object_detection:/home/awadh/zed_ws/install/zed_ros2:/home/awadh/zed_ws/install/zed_robot_integration:/home/awadh/zed_ws/install/zed_multi_camera:/home/awadh/zed_ws/install/zed_display_rviz2:/home/awadh/zed_ws/install/zed_depth_to_laserscan:/home/awadh/zed_ws/install/zed_wrapper:/home/awadh/zed_ws/install/zed_tutorial_video:/home/awadh/zed_ws/install/zed_tutorial_pos_tracking:/home/awadh/zed_ws/install/zed_tutorial_depth:/home/awadh/zed_ws/install/zed_topic_benchmark:/home/awadh/zed_ws/install/zed_rgb_convert:/home/awadh/zed_ws/install/zed_aruco_localization:/home/awadh/zed_ws/install/zed_components:/home/awadh/zed_ws/install/rviz_plugin_zed_od:/home/awadh/zed_ws/install/zed_interfaces:/home/awadh/ouster_ws/install/ouster_ros:/home/awadh/ouster_ws/install/ouster_sensor_msgs:/home/awadh/ros2_ws/install/my_robot_bringup:/home/awadh/ros2_ws/install/turtlesim_project_cpp:/home/awadh/ros2_ws/install/my_cpp_pkg:/home/awadh/ros2_ws/install/my_robot_interfaces:/home/awadh/gazebo_ws/install/ultralytics_ros2:/home/awadh/depth_ws/install/depth_estimation:/home/awadh/ros2_ws/install/turtlesim_catch_them_all:/home/awadh/ros2_ws/install/my_py_pkg:/opt/ros/humble:/home/awadh/sick_tim_ws/install/sick_tim LD_LIBRARY_PATH=/home/awadh/zed_ws/install/zed_topic_benchmark_component/lib:/home/awadh/zed_ws/install/zed_topic_benchmark_interfaces/lib:/home/awadh/gazebo_ws/install/yolov8_msgs/lib:/home/awadh/yolobot/install/yolov8_msgs/lib:/home/awadh/test2_ws/install/pcl_object_detection/lib:/home/awadh/zed_ws/install/zed_rgb_convert/lib:/home/awadh/zed_ws/install/zed_aruco_localization/lib:/home/awadh/zed_ws/install/zed_components/lib:/home/awadh/zed_ws/install/rviz_plugin_zed_od/lib:/home/awadh/zed_ws/install/zed_interfaces/lib:/home/awadh/ouster_ws/install/ouster_ros/lib:/home/awadh/ouster_ws/install/ouster_sensor_msgs/lib:/home/awadh/ros2_ws/install/my_robot_interfaces/lib:/home/awadh/sick_tim_ws/install/sick_tim/lib:/usr/lib/x86_64-linux-gnu/gazebo-11/plugins:/opt/ros/humble/opt/rviz_ogre_vendor/lib:/opt/ros/humble/lib/x86_64-linux-gnu:/opt/ros/humble/lib:/usr/share/gazebo/../../lib/x86_64-linux-gnu/gazebo-11/plugins /usr/bin/cmake --install /home/awadh/zed_ws/build/zed_topic_benchmark
[1.287s] Level 1:colcon.colcon_core.environment:checking '/home/awadh/zed_ws/install/zed_topic_benchmark' for CMake config files
[1.287s] Level 1:colcon.colcon_core.shell:create_environment_hook('zed_topic_benchmark', 'cmake_prefix_path')
[1.287s] INFO:colcon.colcon_core.shell:Creating environment hook '/home/awadh/zed_ws/install/zed_topic_benchmark/share/zed_topic_benchmark/hook/cmake_prefix_path.ps1'
[1.288s] INFO:colcon.colcon_core.shell:Creating environment descriptor '/home/awadh/zed_ws/install/zed_topic_benchmark/share/zed_topic_benchmark/hook/cmake_prefix_path.dsv'
[1.288s] INFO:colcon.colcon_core.shell:Creating environment hook '/home/awadh/zed_ws/install/zed_topic_benchmark/share/zed_topic_benchmark/hook/cmake_prefix_path.sh'
[1.288s] Level 1:colcon.colcon_core.environment:checking '/home/awadh/zed_ws/install/zed_topic_benchmark/lib'
[1.288s] Level 1:colcon.colcon_core.environment:checking '/home/awadh/zed_ws/install/zed_topic_benchmark/bin'
[1.288s] Level 1:colcon.colcon_core.environment:checking '/home/awadh/zed_ws/install/zed_topic_benchmark/lib/pkgconfig/zed_topic_benchmark.pc'
[1.288s] Level 1:colcon.colcon_core.environment:checking '/home/awadh/zed_ws/install/zed_topic_benchmark/lib/python3.10/site-packages'
[1.288s] Level 1:colcon.colcon_core.environment:checking '/home/awadh/zed_ws/install/zed_topic_benchmark/bin'
[1.289s] INFO:colcon.colcon_core.shell:Creating package script '/home/awadh/zed_ws/install/zed_topic_benchmark/share/zed_topic_benchmark/package.ps1'
[1.289s] INFO:colcon.colcon_core.shell:Creating package descriptor '/home/awadh/zed_ws/install/zed_topic_benchmark/share/zed_topic_benchmark/package.dsv'
[1.289s] INFO:colcon.colcon_core.shell:Creating package script '/home/awadh/zed_ws/install/zed_topic_benchmark/share/zed_topic_benchmark/package.sh'
[1.289s] INFO:colcon.colcon_core.shell:Creating package script '/home/awadh/zed_ws/install/zed_topic_benchmark/share/zed_topic_benchmark/package.bash'
[1.289s] INFO:colcon.colcon_core.shell:Creating package script '/home/awadh/zed_ws/install/zed_topic_benchmark/share/zed_topic_benchmark/package.zsh'
[1.290s] Level 1:colcon.colcon_core.environment:create_file_with_runtime_dependencies(/home/awadh/zed_ws/install/zed_topic_benchmark/share/colcon-core/packages/zed_topic_benchmark)
[1.292s] DEBUG:colcon.colcon_core.event_handler.log_command:Invoking command in '/home/awadh/zed_ws/build/zed_interfaces': CMAKE_PREFIX_PATH=/home/awadh/gazebo_ws/install/yolov8_msgs:/home/awadh/gazebo_ws/install/yolobot_recognition:/home/awadh/gazebo_ws/install/yolobot_gazebo:/home/awadh/gazebo_ws/install/yolobot_description:/home/awadh/gazebo_ws/install/yolobot_control:/home/awadh/gazebo_ws/install/my_robot_bringup:/home/awadh/gazebo_ws/install/my_robot_description:/home/awadh/yolobot/install/yolov8_msgs:/home/awadh/yolobot/install/yolobot_recognition:/home/awadh/yolobot/install/yolobot_gazebo:/home/awadh/yolobot/install/yolobot_description:/home/awadh/yolobot/install/yolobot_control:/home/awadh/test2_ws/install/pcl_object_detection:/home/awadh/zed_ws/install/zed_ros2:/home/awadh/zed_ws/install/zed_robot_integration:/home/awadh/zed_ws/install/zed_multi_camera:/home/awadh/zed_ws/install/zed_display_rviz2:/home/awadh/zed_ws/install/zed_depth_to_laserscan:/home/awadh/zed_ws/install/zed_wrapper:/home/awadh/zed_ws/install/zed_tutorial_video:/home/awadh/zed_ws/install/zed_tutorial_pos_tracking:/home/awadh/zed_ws/install/zed_tutorial_depth:/home/awadh/zed_ws/install/zed_topic_benchmark:/home/awadh/zed_ws/install/zed_topic_benchmark_component:/home/awadh/zed_ws/install/zed_topic_benchmark_interfaces:/home/awadh/zed_ws/install/zed_rgb_convert:/home/awadh/zed_ws/install/zed_aruco_localization:/home/awadh/zed_ws/install/zed_components:/home/awadh/zed_ws/install/rviz_plugin_zed_od:/home/awadh/zed_ws/install/zed_interfaces:/home/awadh/ouster_ws/install/ouster_ros:/home/awadh/ouster_ws/install/ouster_sensor_msgs:/home/awadh/ros2_ws/install/my_robot_bringup:/home/awadh/ros2_ws/install/turtlesim_project_cpp:/home/awadh/ros2_ws/install/my_cpp_pkg:/home/awadh/ros2_ws/install/my_robot_interfaces:/home/awadh/gazebo_ws/install/ultralytics_ros2:/home/awadh/depth_ws/install/depth_estimation:/home/awadh/ros2_ws/install/turtlesim_catch_them_all:/home/awadh/ros2_ws/install/my_py_pkg:/opt/ros/humble:/home/awadh/sick_tim_ws/install/sick_tim /usr/bin/cmake --install /home/awadh/zed_ws/build/zed_interfaces
[1.314s] Level 1:colcon.colcon_core.environment:create_environment_scripts_only(zed_topic_benchmark)
[1.314s] Level 1:colcon.colcon_core.environment:checking '/home/awadh/zed_ws/install/zed_topic_benchmark' for CMake module files
[1.315s] Level 1:colcon.colcon_core.environment:checking '/home/awadh/zed_ws/install/zed_topic_benchmark' for CMake config files
[1.315s] Level 1:colcon.colcon_core.shell:create_environment_hook('zed_topic_benchmark', 'cmake_prefix_path')
[1.315s] INFO:colcon.colcon_core.shell:Creating environment hook '/home/awadh/zed_ws/install/zed_topic_benchmark/share/zed_topic_benchmark/hook/cmake_prefix_path.ps1'
[1.315s] INFO:colcon.colcon_core.shell:Creating environment descriptor '/home/awadh/zed_ws/install/zed_topic_benchmark/share/zed_topic_benchmark/hook/cmake_prefix_path.dsv'
[1.316s] INFO:colcon.colcon_core.shell:Creating environment hook '/home/awadh/zed_ws/install/zed_topic_benchmark/share/zed_topic_benchmark/hook/cmake_prefix_path.sh'
[1.316s] Level 1:colcon.colcon_core.environment:checking '/home/awadh/zed_ws/install/zed_topic_benchmark/lib'
[1.316s] Level 1:colcon.colcon_core.environment:checking '/home/awadh/zed_ws/install/zed_topic_benchmark/bin'
[1.316s] Level 1:colcon.colcon_core.environment:checking '/home/awadh/zed_ws/install/zed_topic_benchmark/lib/pkgconfig/zed_topic_benchmark.pc'
[1.316s] Level 1:colcon.colcon_core.environment:checking '/home/awadh/zed_ws/install/zed_topic_benchmark/lib/python3.10/site-packages'
[1.317s] Level 1:colcon.colcon_core.environment:checking '/home/awadh/zed_ws/install/zed_topic_benchmark/bin'
[1.317s] INFO:colcon.colcon_core.shell:Creating package script '/home/awadh/zed_ws/install/zed_topic_benchmark/share/zed_topic_benchmark/package.ps1'
[1.317s] INFO:colcon.colcon_core.shell:Creating package descriptor '/home/awadh/zed_ws/install/zed_topic_benchmark/share/zed_topic_benchmark/package.dsv'
[1.318s] INFO:colcon.colcon_core.shell:Creating package script '/home/awadh/zed_ws/install/zed_topic_benchmark/share/zed_topic_benchmark/package.sh'
[1.318s] INFO:colcon.colcon_core.shell:Creating package script '/home/awadh/zed_ws/install/zed_topic_benchmark/share/zed_topic_benchmark/package.bash'
[1.319s] INFO:colcon.colcon_core.shell:Creating package script '/home/awadh/zed_ws/install/zed_topic_benchmark/share/zed_topic_benchmark/package.zsh'
[1.319s] Level 1:colcon.colcon_core.environment:create_file_with_runtime_dependencies(/home/awadh/zed_ws/install/zed_topic_benchmark/share/colcon-core/packages/zed_topic_benchmark)
[1.401s] Level 1:colcon.colcon_core.environment:create_environment_scripts_only(zed_interfaces)
[1.401s] Level 1:colcon.colcon_core.environment:checking '/home/awadh/zed_ws/install/zed_interfaces' for CMake module files
[1.401s] DEBUG:colcon.colcon_core.event_handler.log_command:Invoked command in '/home/awadh/zed_ws/build/zed_interfaces' returned '0': CMAKE_PREFIX_PATH=/home/awadh/gazebo_ws/install/yolov8_msgs:/home/awadh/gazebo_ws/install/yolobot_recognition:/home/awadh/gazebo_ws/install/yolobot_gazebo:/home/awadh/gazebo_ws/install/yolobot_description:/home/awadh/gazebo_ws/install/yolobot_control:/home/awadh/gazebo_ws/install/my_robot_bringup:/home/awadh/gazebo_ws/install/my_robot_description:/home/awadh/yolobot/install/yolov8_msgs:/home/awadh/yolobot/install/yolobot_recognition:/home/awadh/yolobot/install/yolobot_gazebo:/home/awadh/yolobot/install/yolobot_description:/home/awadh/yolobot/install/yolobot_control:/home/awadh/test2_ws/install/pcl_object_detection:/home/awadh/zed_ws/install/zed_ros2:/home/awadh/zed_ws/install/zed_robot_integration:/home/awadh/zed_ws/install/zed_multi_camera:/home/awadh/zed_ws/install/zed_display_rviz2:/home/awadh/zed_ws/install/zed_depth_to_laserscan:/home/awadh/zed_ws/install/zed_wrapper:/home/awadh/zed_ws/install/zed_tutorial_video:/home/awadh/zed_ws/install/zed_tutorial_pos_tracking:/home/awadh/zed_ws/install/zed_tutorial_depth:/home/awadh/zed_ws/install/zed_topic_benchmark:/home/awadh/zed_ws/install/zed_topic_benchmark_component:/home/awadh/zed_ws/install/zed_topic_benchmark_interfaces:/home/awadh/zed_ws/install/zed_rgb_convert:/home/awadh/zed_ws/install/zed_aruco_localization:/home/awadh/zed_ws/install/zed_components:/home/awadh/zed_ws/install/rviz_plugin_zed_od:/home/awadh/zed_ws/install/zed_interfaces:/home/awadh/ouster_ws/install/ouster_ros:/home/awadh/ouster_ws/install/ouster_sensor_msgs:/home/awadh/ros2_ws/install/my_robot_bringup:/home/awadh/ros2_ws/install/turtlesim_project_cpp:/home/awadh/ros2_ws/install/my_cpp_pkg:/home/awadh/ros2_ws/install/my_robot_interfaces:/home/awadh/gazebo_ws/install/ultralytics_ros2:/home/awadh/depth_ws/install/depth_estimation:/home/awadh/ros2_ws/install/turtlesim_catch_them_all:/home/awadh/ros2_ws/install/my_py_pkg:/opt/ros/humble:/home/awadh/sick_tim_ws/install/sick_tim /usr/bin/cmake --install /home/awadh/zed_ws/build/zed_interfaces
[1.402s] Level 1:colcon.colcon_core.environment:checking '/home/awadh/zed_ws/install/zed_interfaces' for CMake config files
[1.402s] Level 1:colcon.colcon_core.shell:create_environment_hook('zed_interfaces', 'cmake_prefix_path')
[1.402s] INFO:colcon.colcon_core.shell:Creating environment hook '/home/awadh/zed_ws/install/zed_interfaces/share/zed_interfaces/hook/cmake_prefix_path.ps1'
[1.403s] INFO:colcon.colcon_core.shell:Creating environment descriptor '/home/awadh/zed_ws/install/zed_interfaces/share/zed_interfaces/hook/cmake_prefix_path.dsv'
[1.403s] INFO:colcon.colcon_core.shell:Creating environment hook '/home/awadh/zed_ws/install/zed_interfaces/share/zed_interfaces/hook/cmake_prefix_path.sh'
[1.403s] Level 1:colcon.colcon_core.environment:checking '/home/awadh/zed_ws/install/zed_interfaces/lib'
[1.403s] Level 1:colcon.colcon_core.shell:create_environment_hook('zed_interfaces', 'ld_library_path_lib')
[1.403s] INFO:colcon.colcon_core.shell:Creating environment hook '/home/awadh/zed_ws/install/zed_interfaces/share/zed_interfaces/hook/ld_library_path_lib.ps1'
[1.403s] INFO:colcon.colcon_core.shell:Creating environment descriptor '/home/awadh/zed_ws/install/zed_interfaces/share/zed_interfaces/hook/ld_library_path_lib.dsv'
[1.404s] INFO:colcon.colcon_core.shell:Creating environment hook '/home/awadh/zed_ws/install/zed_interfaces/share/zed_interfaces/hook/ld_library_path_lib.sh'
[1.404s] Level 1:colcon.colcon_core.environment:checking '/home/awadh/zed_ws/install/zed_interfaces/bin'
[1.404s] Level 1:colcon.colcon_core.environment:checking '/home/awadh/zed_ws/install/zed_interfaces/lib/pkgconfig/zed_interfaces.pc'
[1.404s] Level 1:colcon.colcon_core.environment:checking '/home/awadh/zed_ws/install/zed_interfaces/lib/python3.10/site-packages'
[1.404s] Level 1:colcon.colcon_core.environment:checking '/home/awadh/zed_ws/install/zed_interfaces/bin'
[1.404s] INFO:colcon.colcon_core.shell:Creating package script '/home/awadh/zed_ws/install/zed_interfaces/share/zed_interfaces/package.ps1'
[1.405s] INFO:colcon.colcon_core.shell:Creating package descriptor '/home/awadh/zed_ws/install/zed_interfaces/share/zed_interfaces/package.dsv'
[1.405s] INFO:colcon.colcon_core.shell:Creating package script '/home/awadh/zed_ws/install/zed_interfaces/share/zed_interfaces/package.sh'
[1.405s] INFO:colcon.colcon_core.shell:Creating package script '/home/awadh/zed_ws/install/zed_interfaces/share/zed_interfaces/package.bash'
[1.405s] INFO:colcon.colcon_core.shell:Creating package script '/home/awadh/zed_ws/install/zed_interfaces/share/zed_interfaces/package.zsh'
[1.405s] Level 1:colcon.colcon_core.environment:create_file_with_runtime_dependencies(/home/awadh/zed_ws/install/zed_interfaces/share/colcon-core/packages/zed_interfaces)
[2.442s] Level 1:colcon.colcon_core.environment:create_environment_scripts_only(zed_interfaces)
[2.442s] Level 1:colcon.colcon_core.environment:checking '/home/awadh/zed_ws/install/zed_interfaces' for CMake module files
[2.443s] Level 1:colcon.colcon_core.environment:checking '/home/awadh/zed_ws/install/zed_interfaces' for CMake config files
[2.445s] Level 1:colcon.colcon_core.shell:create_environment_hook('zed_interfaces', 'cmake_prefix_path')
[2.445s] INFO:colcon.colcon_core.shell:Creating environment hook '/home/awadh/zed_ws/install/zed_interfaces/share/zed_interfaces/hook/cmake_prefix_path.ps1'
[2.446s] INFO:colcon.colcon_core.shell:Creating environment descriptor '/home/awadh/zed_ws/install/zed_interfaces/share/zed_interfaces/hook/cmake_prefix_path.dsv'
[2.446s] INFO:colcon.colcon_core.shell:Creating environment hook '/home/awadh/zed_ws/install/zed_interfaces/share/zed_interfaces/hook/cmake_prefix_path.sh'
[2.447s] Level 1:colcon.colcon_core.environment:checking '/home/awadh/zed_ws/install/zed_interfaces/lib'
[2.447s] Level 1:colcon.colcon_core.shell:create_environment_hook('zed_interfaces', 'ld_library_path_lib')
[2.447s] INFO:colcon.colcon_core.shell:Creating environment hook '/home/awadh/zed_ws/install/zed_interfaces/share/zed_interfaces/hook/ld_library_path_lib.ps1'
[2.448s] INFO:colcon.colcon_core.shell:Creating environment descriptor '/home/awadh/zed_ws/install/zed_interfaces/share/zed_interfaces/hook/ld_library_path_lib.dsv'
[2.449s] INFO:colcon.colcon_core.shell:Creating environment hook '/home/awadh/zed_ws/install/zed_interfaces/share/zed_interfaces/hook/ld_library_path_lib.sh'
[2.449s] Level 1:colcon.colcon_core.environment:checking '/home/awadh/zed_ws/install/zed_interfaces/bin'
[2.449s] Level 1:colcon.colcon_core.environment:checking '/home/awadh/zed_ws/install/zed_interfaces/lib/pkgconfig/zed_interfaces.pc'
[2.450s] Level 1:colcon.colcon_core.environment:checking '/home/awadh/zed_ws/install/zed_interfaces/lib/python3.10/site-packages'
[2.450s] Level 1:colcon.colcon_core.environment:checking '/home/awadh/zed_ws/install/zed_interfaces/bin'
[2.450s] INFO:colcon.colcon_core.shell:Creating package script '/home/awadh/zed_ws/install/zed_interfaces/share/zed_interfaces/package.ps1'
[2.451s] INFO:colcon.colcon_core.shell:Creating package descriptor '/home/awadh/zed_ws/install/zed_interfaces/share/zed_interfaces/package.dsv'
[2.452s] INFO:colcon.colcon_core.shell:Creating package script '/home/awadh/zed_ws/install/zed_interfaces/share/zed_interfaces/package.sh'
[2.452s] INFO:colcon.colcon_core.shell:Creating package script '/home/awadh/zed_ws/install/zed_interfaces/share/zed_interfaces/package.bash'
[2.453s] INFO:colcon.colcon_core.shell:Creating package script '/home/awadh/zed_ws/install/zed_interfaces/share/zed_interfaces/package.zsh'
[2.453s] Level 1:colcon.colcon_core.environment:create_file_with_runtime_dependencies(/home/awadh/zed_ws/install/zed_interfaces/share/colcon-core/packages/zed_interfaces)
[2.454s] INFO:colcon.colcon_ros.task.ament_cmake.build:Building ROS package in '/home/awadh/zed_ws/src/zed-ros2-wrapper/zed_components' with build type 'ament_cmake'
[2.454s] INFO:colcon.colcon_cmake.task.cmake.build:Building CMake package in '/home/awadh/zed_ws/src/zed-ros2-wrapper/zed_components'
[2.454s] INFO:colcon.colcon_core.shell:Skip shell extension 'powershell' for command environment: Not usable outside of PowerShell
[2.455s] DEBUG:colcon.colcon_core.shell:Skip shell extension 'dsv' for command environment
[2.464s] INFO:colcon.colcon_ros.task.ament_cmake.build:Building ROS package in '/home/awadh/zed_ws/src/zed-ros2-examples/rviz-plugin-zed-od' with build type 'ament_cmake'
[2.464s] INFO:colcon.colcon_cmake.task.cmake.build:Building CMake package in '/home/awadh/zed_ws/src/zed-ros2-examples/rviz-plugin-zed-od'
[2.464s] INFO:colcon.colcon_core.shell:Skip shell extension 'powershell' for command environment: Not usable outside of PowerShell
[2.464s] DEBUG:colcon.colcon_core.shell:Skip shell extension 'dsv' for command environment
[2.472s] DEBUG:colcon.colcon_core.event_handler.log_command:Invoking command in '/home/awadh/zed_ws/build/zed_components': CMAKE_PREFIX_PATH=/home/awadh/zed_ws/install/zed_interfaces:/home/awadh/gazebo_ws/install/yolov8_msgs:/home/awadh/gazebo_ws/install/yolobot_recognition:/home/awadh/gazebo_ws/install/yolobot_gazebo:/home/awadh/gazebo_ws/install/yolobot_description:/home/awadh/gazebo_ws/install/yolobot_control:/home/awadh/gazebo_ws/install/my_robot_bringup:/home/awadh/gazebo_ws/install/my_robot_description:/home/awadh/yolobot/install/yolov8_msgs:/home/awadh/yolobot/install/yolobot_recognition:/home/awadh/yolobot/install/yolobot_gazebo:/home/awadh/yolobot/install/yolobot_description:/home/awadh/yolobot/install/yolobot_control:/home/awadh/test2_ws/install/pcl_object_detection:/home/awadh/zed_ws/install/zed_ros2:/home/awadh/zed_ws/install/zed_robot_integration:/home/awadh/zed_ws/install/zed_multi_camera:/home/awadh/zed_ws/install/zed_display_rviz2:/home/awadh/zed_ws/install/zed_depth_to_laserscan:/home/awadh/zed_ws/install/zed_wrapper:/home/awadh/zed_ws/install/zed_tutorial_video:/home/awadh/zed_ws/install/zed_tutorial_pos_tracking:/home/awadh/zed_ws/install/zed_tutorial_depth:/home/awadh/zed_ws/install/zed_topic_benchmark:/home/awadh/zed_ws/install/zed_topic_benchmark_component:/home/awadh/zed_ws/install/zed_topic_benchmark_interfaces:/home/awadh/zed_ws/install/zed_rgb_convert:/home/awadh/zed_ws/install/zed_aruco_localization:/home/awadh/zed_ws/install/zed_components:/home/awadh/zed_ws/install/rviz_plugin_zed_od:/home/awadh/ouster_ws/install/ouster_ros:/home/awadh/ouster_ws/install/ouster_sensor_msgs:/home/awadh/ros2_ws/install/my_robot_bringup:/home/awadh/ros2_ws/install/turtlesim_project_cpp:/home/awadh/ros2_ws/install/my_cpp_pkg:/home/awadh/ros2_ws/install/my_robot_interfaces:/home/awadh/gazebo_ws/install/ultralytics_ros2:/home/awadh/depth_ws/install/depth_estimation:/home/awadh/ros2_ws/install/turtlesim_catch_them_all:/home/awadh/ros2_ws/install/my_py_pkg:/opt/ros/humble:/home/awadh/sick_tim_ws/install/sick_tim LD_LIBRARY_PATH=/home/awadh/zed_ws/install/zed_interfaces/lib:/home/awadh/gazebo_ws/install/yolov8_msgs/lib:/home/awadh/yolobot/install/yolov8_msgs/lib:/home/awadh/test2_ws/install/pcl_object_detection/lib:/home/awadh/zed_ws/install/zed_topic_benchmark_component/lib:/home/awadh/zed_ws/install/zed_topic_benchmark_interfaces/lib:/home/awadh/zed_ws/install/zed_rgb_convert/lib:/home/awadh/zed_ws/install/zed_aruco_localization/lib:/home/awadh/zed_ws/install/zed_components/lib:/home/awadh/zed_ws/install/rviz_plugin_zed_od/lib:/home/awadh/ouster_ws/install/ouster_ros/lib:/home/awadh/ouster_ws/install/ouster_sensor_msgs/lib:/home/awadh/ros2_ws/install/my_robot_interfaces/lib:/home/awadh/sick_tim_ws/install/sick_tim/lib:/usr/lib/x86_64-linux-gnu/gazebo-11/plugins:/opt/ros/humble/opt/rviz_ogre_vendor/lib:/opt/ros/humble/lib/x86_64-linux-gnu:/opt/ros/humble/lib:/usr/share/gazebo/../../lib/x86_64-linux-gnu/gazebo-11/plugins /usr/bin/cmake --build /home/awadh/zed_ws/build/zed_components -- -j16 -l16
[2.475s] DEBUG:colcon.colcon_core.event_handler.log_command:Invoking command in '/home/awadh/zed_ws/build/rviz_plugin_zed_od': CMAKE_PREFIX_PATH=/home/awadh/zed_ws/install/zed_interfaces:/home/awadh/gazebo_ws/install/yolov8_msgs:/home/awadh/gazebo_ws/install/yolobot_recognition:/home/awadh/gazebo_ws/install/yolobot_gazebo:/home/awadh/gazebo_ws/install/yolobot_description:/home/awadh/gazebo_ws/install/yolobot_control:/home/awadh/gazebo_ws/install/my_robot_bringup:/home/awadh/gazebo_ws/install/my_robot_description:/home/awadh/yolobot/install/yolov8_msgs:/home/awadh/yolobot/install/yolobot_recognition:/home/awadh/yolobot/install/yolobot_gazebo:/home/awadh/yolobot/install/yolobot_description:/home/awadh/yolobot/install/yolobot_control:/home/awadh/test2_ws/install/pcl_object_detection:/home/awadh/zed_ws/install/zed_ros2:/home/awadh/zed_ws/install/zed_robot_integration:/home/awadh/zed_ws/install/zed_multi_camera:/home/awadh/zed_ws/install/zed_display_rviz2:/home/awadh/zed_ws/install/zed_depth_to_laserscan:/home/awadh/zed_ws/install/zed_wrapper:/home/awadh/zed_ws/install/zed_tutorial_video:/home/awadh/zed_ws/install/zed_tutorial_pos_tracking:/home/awadh/zed_ws/install/zed_tutorial_depth:/home/awadh/zed_ws/install/zed_topic_benchmark:/home/awadh/zed_ws/install/zed_topic_benchmark_component:/home/awadh/zed_ws/install/zed_topic_benchmark_interfaces:/home/awadh/zed_ws/install/zed_rgb_convert:/home/awadh/zed_ws/install/zed_aruco_localization:/home/awadh/zed_ws/install/zed_components:/home/awadh/zed_ws/install/rviz_plugin_zed_od:/home/awadh/ouster_ws/install/ouster_ros:/home/awadh/ouster_ws/install/ouster_sensor_msgs:/home/awadh/ros2_ws/install/my_robot_bringup:/home/awadh/ros2_ws/install/turtlesim_project_cpp:/home/awadh/ros2_ws/install/my_cpp_pkg:/home/awadh/ros2_ws/install/my_robot_interfaces:/home/awadh/gazebo_ws/install/ultralytics_ros2:/home/awadh/depth_ws/install/depth_estimation:/home/awadh/ros2_ws/install/turtlesim_catch_them_all:/home/awadh/ros2_ws/install/my_py_pkg:/opt/ros/humble:/home/awadh/sick_tim_ws/install/sick_tim LD_LIBRARY_PATH=/home/awadh/zed_ws/install/zed_interfaces/lib:/home/awadh/gazebo_ws/install/yolov8_msgs/lib:/home/awadh/yolobot/install/yolov8_msgs/lib:/home/awadh/test2_ws/install/pcl_object_detection/lib:/home/awadh/zed_ws/install/zed_topic_benchmark_component/lib:/home/awadh/zed_ws/install/zed_topic_benchmark_interfaces/lib:/home/awadh/zed_ws/install/zed_rgb_convert/lib:/home/awadh/zed_ws/install/zed_aruco_localization/lib:/home/awadh/zed_ws/install/zed_components/lib:/home/awadh/zed_ws/install/rviz_plugin_zed_od/lib:/home/awadh/ouster_ws/install/ouster_ros/lib:/home/awadh/ouster_ws/install/ouster_sensor_msgs/lib:/home/awadh/ros2_ws/install/my_robot_interfaces/lib:/home/awadh/sick_tim_ws/install/sick_tim/lib:/usr/lib/x86_64-linux-gnu/gazebo-11/plugins:/opt/ros/humble/opt/rviz_ogre_vendor/lib:/opt/ros/humble/lib/x86_64-linux-gnu:/opt/ros/humble/lib:/usr/share/gazebo/../../lib/x86_64-linux-gnu/gazebo-11/plugins /usr/bin/cmake --build /home/awadh/zed_ws/build/rviz_plugin_zed_od -- -j16 -l16
[2.553s] DEBUG:colcon.colcon_core.event_handler.log_command:Invoked command in '/home/awadh/zed_ws/build/zed_components' returned '0': CMAKE_PREFIX_PATH=/home/awadh/zed_ws/install/zed_interfaces:/home/awadh/gazebo_ws/install/yolov8_msgs:/home/awadh/gazebo_ws/install/yolobot_recognition:/home/awadh/gazebo_ws/install/yolobot_gazebo:/home/awadh/gazebo_ws/install/yolobot_description:/home/awadh/gazebo_ws/install/yolobot_control:/home/awadh/gazebo_ws/install/my_robot_bringup:/home/awadh/gazebo_ws/install/my_robot_description:/home/awadh/yolobot/install/yolov8_msgs:/home/awadh/yolobot/install/yolobot_recognition:/home/awadh/yolobot/install/yolobot_gazebo:/home/awadh/yolobot/install/yolobot_description:/home/awadh/yolobot/install/yolobot_control:/home/awadh/test2_ws/install/pcl_object_detection:/home/awadh/zed_ws/install/zed_ros2:/home/awadh/zed_ws/install/zed_robot_integration:/home/awadh/zed_ws/install/zed_multi_camera:/home/awadh/zed_ws/install/zed_display_rviz2:/home/awadh/zed_ws/install/zed_depth_to_laserscan:/home/awadh/zed_ws/install/zed_wrapper:/home/awadh/zed_ws/install/zed_tutorial_video:/home/awadh/zed_ws/install/zed_tutorial_pos_tracking:/home/awadh/zed_ws/install/zed_tutorial_depth:/home/awadh/zed_ws/install/zed_topic_benchmark:/home/awadh/zed_ws/install/zed_topic_benchmark_component:/home/awadh/zed_ws/install/zed_topic_benchmark_interfaces:/home/awadh/zed_ws/install/zed_rgb_convert:/home/awadh/zed_ws/install/zed_aruco_localization:/home/awadh/zed_ws/install/zed_components:/home/awadh/zed_ws/install/rviz_plugin_zed_od:/home/awadh/ouster_ws/install/ouster_ros:/home/awadh/ouster_ws/install/ouster_sensor_msgs:/home/awadh/ros2_ws/install/my_robot_bringup:/home/awadh/ros2_ws/install/turtlesim_project_cpp:/home/awadh/ros2_ws/install/my_cpp_pkg:/home/awadh/ros2_ws/install/my_robot_interfaces:/home/awadh/gazebo_ws/install/ultralytics_ros2:/home/awadh/depth_ws/install/depth_estimation:/home/awadh/ros2_ws/install/turtlesim_catch_them_all:/home/awadh/ros2_ws/install/my_py_pkg:/opt/ros/humble:/home/awadh/sick_tim_ws/install/sick_tim LD_LIBRARY_PATH=/home/awadh/zed_ws/install/zed_interfaces/lib:/home/awadh/gazebo_ws/install/yolov8_msgs/lib:/home/awadh/yolobot/install/yolov8_msgs/lib:/home/awadh/test2_ws/install/pcl_object_detection/lib:/home/awadh/zed_ws/install/zed_topic_benchmark_component/lib:/home/awadh/zed_ws/install/zed_topic_benchmark_interfaces/lib:/home/awadh/zed_ws/install/zed_rgb_convert/lib:/home/awadh/zed_ws/install/zed_aruco_localization/lib:/home/awadh/zed_ws/install/zed_components/lib:/home/awadh/zed_ws/install/rviz_plugin_zed_od/lib:/home/awadh/ouster_ws/install/ouster_ros/lib:/home/awadh/ouster_ws/install/ouster_sensor_msgs/lib:/home/awadh/ros2_ws/install/my_robot_interfaces/lib:/home/awadh/sick_tim_ws/install/sick_tim/lib:/usr/lib/x86_64-linux-gnu/gazebo-11/plugins:/opt/ros/humble/opt/rviz_ogre_vendor/lib:/opt/ros/humble/lib/x86_64-linux-gnu:/opt/ros/humble/lib:/usr/share/gazebo/../../lib/x86_64-linux-gnu/gazebo-11/plugins /usr/bin/cmake --build /home/awadh/zed_ws/build/zed_components -- -j16 -l16
[2.584s] DEBUG:colcon.colcon_core.event_handler.log_command:Invoked command in '/home/awadh/zed_ws/build/rviz_plugin_zed_od' returned '0': CMAKE_PREFIX_PATH=/home/awadh/zed_ws/install/zed_interfaces:/home/awadh/gazebo_ws/install/yolov8_msgs:/home/awadh/gazebo_ws/install/yolobot_recognition:/home/awadh/gazebo_ws/install/yolobot_gazebo:/home/awadh/gazebo_ws/install/yolobot_description:/home/awadh/gazebo_ws/install/yolobot_control:/home/awadh/gazebo_ws/install/my_robot_bringup:/home/awadh/gazebo_ws/install/my_robot_description:/home/awadh/yolobot/install/yolov8_msgs:/home/awadh/yolobot/install/yolobot_recognition:/home/awadh/yolobot/install/yolobot_gazebo:/home/awadh/yolobot/install/yolobot_description:/home/awadh/yolobot/install/yolobot_control:/home/awadh/test2_ws/install/pcl_object_detection:/home/awadh/zed_ws/install/zed_ros2:/home/awadh/zed_ws/install/zed_robot_integration:/home/awadh/zed_ws/install/zed_multi_camera:/home/awadh/zed_ws/install/zed_display_rviz2:/home/awadh/zed_ws/install/zed_depth_to_laserscan:/home/awadh/zed_ws/install/zed_wrapper:/home/awadh/zed_ws/install/zed_tutorial_video:/home/awadh/zed_ws/install/zed_tutorial_pos_tracking:/home/awadh/zed_ws/install/zed_tutorial_depth:/home/awadh/zed_ws/install/zed_topic_benchmark:/home/awadh/zed_ws/install/zed_topic_benchmark_component:/home/awadh/zed_ws/install/zed_topic_benchmark_interfaces:/home/awadh/zed_ws/install/zed_rgb_convert:/home/awadh/zed_ws/install/zed_aruco_localization:/home/awadh/zed_ws/install/zed_components:/home/awadh/zed_ws/install/rviz_plugin_zed_od:/home/awadh/ouster_ws/install/ouster_ros:/home/awadh/ouster_ws/install/ouster_sensor_msgs:/home/awadh/ros2_ws/install/my_robot_bringup:/home/awadh/ros2_ws/install/turtlesim_project_cpp:/home/awadh/ros2_ws/install/my_cpp_pkg:/home/awadh/ros2_ws/install/my_robot_interfaces:/home/awadh/gazebo_ws/install/ultralytics_ros2:/home/awadh/depth_ws/install/depth_estimation:/home/awadh/ros2_ws/install/turtlesim_catch_them_all:/home/awadh/ros2_ws/install/my_py_pkg:/opt/ros/humble:/home/awadh/sick_tim_ws/install/sick_tim LD_LIBRARY_PATH=/home/awadh/zed_ws/install/zed_interfaces/lib:/home/awadh/gazebo_ws/install/yolov8_msgs/lib:/home/awadh/yolobot/install/yolov8_msgs/lib:/home/awadh/test2_ws/install/pcl_object_detection/lib:/home/awadh/zed_ws/install/zed_topic_benchmark_component/lib:/home/awadh/zed_ws/install/zed_topic_benchmark_interfaces/lib:/home/awadh/zed_ws/install/zed_rgb_convert/lib:/home/awadh/zed_ws/install/zed_aruco_localization/lib:/home/awadh/zed_ws/install/zed_components/lib:/home/awadh/zed_ws/install/rviz_plugin_zed_od/lib:/home/awadh/ouster_ws/install/ouster_ros/lib:/home/awadh/ouster_ws/install/ouster_sensor_msgs/lib:/home/awadh/ros2_ws/install/my_robot_interfaces/lib:/home/awadh/sick_tim_ws/install/sick_tim/lib:/usr/lib/x86_64-linux-gnu/gazebo-11/plugins:/opt/ros/humble/opt/rviz_ogre_vendor/lib:/opt/ros/humble/lib/x86_64-linux-gnu:/opt/ros/humble/lib:/usr/share/gazebo/../../lib/x86_64-linux-gnu/gazebo-11/plugins /usr/bin/cmake --build /home/awadh/zed_ws/build/rviz_plugin_zed_od -- -j16 -l16
[2.586s] DEBUG:colcon.colcon_core.event_handler.log_command:Invoking command in '/home/awadh/zed_ws/build/zed_components': CMAKE_PREFIX_PATH=/home/awadh/zed_ws/install/zed_interfaces:/home/awadh/gazebo_ws/install/yolov8_msgs:/home/awadh/gazebo_ws/install/yolobot_recognition:/home/awadh/gazebo_ws/install/yolobot_gazebo:/home/awadh/gazebo_ws/install/yolobot_description:/home/awadh/gazebo_ws/install/yolobot_control:/home/awadh/gazebo_ws/install/my_robot_bringup:/home/awadh/gazebo_ws/install/my_robot_description:/home/awadh/yolobot/install/yolov8_msgs:/home/awadh/yolobot/install/yolobot_recognition:/home/awadh/yolobot/install/yolobot_gazebo:/home/awadh/yolobot/install/yolobot_description:/home/awadh/yolobot/install/yolobot_control:/home/awadh/test2_ws/install/pcl_object_detection:/home/awadh/zed_ws/install/zed_ros2:/home/awadh/zed_ws/install/zed_robot_integration:/home/awadh/zed_ws/install/zed_multi_camera:/home/awadh/zed_ws/install/zed_display_rviz2:/home/awadh/zed_ws/install/zed_depth_to_laserscan:/home/awadh/zed_ws/install/zed_wrapper:/home/awadh/zed_ws/install/zed_tutorial_video:/home/awadh/zed_ws/install/zed_tutorial_pos_tracking:/home/awadh/zed_ws/install/zed_tutorial_depth:/home/awadh/zed_ws/install/zed_topic_benchmark:/home/awadh/zed_ws/install/zed_topic_benchmark_component:/home/awadh/zed_ws/install/zed_topic_benchmark_interfaces:/home/awadh/zed_ws/install/zed_rgb_convert:/home/awadh/zed_ws/install/zed_aruco_localization:/home/awadh/zed_ws/install/zed_components:/home/awadh/zed_ws/install/rviz_plugin_zed_od:/home/awadh/ouster_ws/install/ouster_ros:/home/awadh/ouster_ws/install/ouster_sensor_msgs:/home/awadh/ros2_ws/install/my_robot_bringup:/home/awadh/ros2_ws/install/turtlesim_project_cpp:/home/awadh/ros2_ws/install/my_cpp_pkg:/home/awadh/ros2_ws/install/my_robot_interfaces:/home/awadh/gazebo_ws/install/ultralytics_ros2:/home/awadh/depth_ws/install/depth_estimation:/home/awadh/ros2_ws/install/turtlesim_catch_them_all:/home/awadh/ros2_ws/install/my_py_pkg:/opt/ros/humble:/home/awadh/sick_tim_ws/install/sick_tim LD_LIBRARY_PATH=/home/awadh/zed_ws/install/zed_interfaces/lib:/home/awadh/gazebo_ws/install/yolov8_msgs/lib:/home/awadh/yolobot/install/yolov8_msgs/lib:/home/awadh/test2_ws/install/pcl_object_detection/lib:/home/awadh/zed_ws/install/zed_topic_benchmark_component/lib:/home/awadh/zed_ws/install/zed_topic_benchmark_interfaces/lib:/home/awadh/zed_ws/install/zed_rgb_convert/lib:/home/awadh/zed_ws/install/zed_aruco_localization/lib:/home/awadh/zed_ws/install/zed_components/lib:/home/awadh/zed_ws/install/rviz_plugin_zed_od/lib:/home/awadh/ouster_ws/install/ouster_ros/lib:/home/awadh/ouster_ws/install/ouster_sensor_msgs/lib:/home/awadh/ros2_ws/install/my_robot_interfaces/lib:/home/awadh/sick_tim_ws/install/sick_tim/lib:/usr/lib/x86_64-linux-gnu/gazebo-11/plugins:/opt/ros/humble/opt/rviz_ogre_vendor/lib:/opt/ros/humble/lib/x86_64-linux-gnu:/opt/ros/humble/lib:/usr/share/gazebo/../../lib/x86_64-linux-gnu/gazebo-11/plugins /usr/bin/cmake --install /home/awadh/zed_ws/build/zed_components
[2.593s] Level 1:colcon.colcon_core.environment:create_environment_scripts_only(zed_components)
[2.593s] Level 1:colcon.colcon_core.environment:checking '/home/awadh/zed_ws/install/zed_components' for CMake module files
[2.593s] DEBUG:colcon.colcon_core.event_handler.log_command:Invoked command in '/home/awadh/zed_ws/build/zed_components' returned '0': CMAKE_PREFIX_PATH=/home/awadh/zed_ws/install/zed_interfaces:/home/awadh/gazebo_ws/install/yolov8_msgs:/home/awadh/gazebo_ws/install/yolobot_recognition:/home/awadh/gazebo_ws/install/yolobot_gazebo:/home/awadh/gazebo_ws/install/yolobot_description:/home/awadh/gazebo_ws/install/yolobot_control:/home/awadh/gazebo_ws/install/my_robot_bringup:/home/awadh/gazebo_ws/install/my_robot_description:/home/awadh/yolobot/install/yolov8_msgs:/home/awadh/yolobot/install/yolobot_recognition:/home/awadh/yolobot/install/yolobot_gazebo:/home/awadh/yolobot/install/yolobot_description:/home/awadh/yolobot/install/yolobot_control:/home/awadh/test2_ws/install/pcl_object_detection:/home/awadh/zed_ws/install/zed_ros2:/home/awadh/zed_ws/install/zed_robot_integration:/home/awadh/zed_ws/install/zed_multi_camera:/home/awadh/zed_ws/install/zed_display_rviz2:/home/awadh/zed_ws/install/zed_depth_to_laserscan:/home/awadh/zed_ws/install/zed_wrapper:/home/awadh/zed_ws/install/zed_tutorial_video:/home/awadh/zed_ws/install/zed_tutorial_pos_tracking:/home/awadh/zed_ws/install/zed_tutorial_depth:/home/awadh/zed_ws/install/zed_topic_benchmark:/home/awadh/zed_ws/install/zed_topic_benchmark_component:/home/awadh/zed_ws/install/zed_topic_benchmark_interfaces:/home/awadh/zed_ws/install/zed_rgb_convert:/home/awadh/zed_ws/install/zed_aruco_localization:/home/awadh/zed_ws/install/zed_components:/home/awadh/zed_ws/install/rviz_plugin_zed_od:/home/awadh/ouster_ws/install/ouster_ros:/home/awadh/ouster_ws/install/ouster_sensor_msgs:/home/awadh/ros2_ws/install/my_robot_bringup:/home/awadh/ros2_ws/install/turtlesim_project_cpp:/home/awadh/ros2_ws/install/my_cpp_pkg:/home/awadh/ros2_ws/install/my_robot_interfaces:/home/awadh/gazebo_ws/install/ultralytics_ros2:/home/awadh/depth_ws/install/depth_estimation:/home/awadh/ros2_ws/install/turtlesim_catch_them_all:/home/awadh/ros2_ws/install/my_py_pkg:/opt/ros/humble:/home/awadh/sick_tim_ws/install/sick_tim LD_LIBRARY_PATH=/home/awadh/zed_ws/install/zed_interfaces/lib:/home/awadh/gazebo_ws/install/yolov8_msgs/lib:/home/awadh/yolobot/install/yolov8_msgs/lib:/home/awadh/test2_ws/install/pcl_object_detection/lib:/home/awadh/zed_ws/install/zed_topic_benchmark_component/lib:/home/awadh/zed_ws/install/zed_topic_benchmark_interfaces/lib:/home/awadh/zed_ws/install/zed_rgb_convert/lib:/home/awadh/zed_ws/install/zed_aruco_localization/lib:/home/awadh/zed_ws/install/zed_components/lib:/home/awadh/zed_ws/install/rviz_plugin_zed_od/lib:/home/awadh/ouster_ws/install/ouster_ros/lib:/home/awadh/ouster_ws/install/ouster_sensor_msgs/lib:/home/awadh/ros2_ws/install/my_robot_interfaces/lib:/home/awadh/sick_tim_ws/install/sick_tim/lib:/usr/lib/x86_64-linux-gnu/gazebo-11/plugins:/opt/ros/humble/opt/rviz_ogre_vendor/lib:/opt/ros/humble/lib/x86_64-linux-gnu:/opt/ros/humble/lib:/usr/share/gazebo/../../lib/x86_64-linux-gnu/gazebo-11/plugins /usr/bin/cmake --install /home/awadh/zed_ws/build/zed_components
[2.594s] Level 1:colcon.colcon_core.environment:checking '/home/awadh/zed_ws/install/zed_components' for CMake config files
[2.594s] Level 1:colcon.colcon_core.shell:create_environment_hook('zed_components', 'cmake_prefix_path')
[2.594s] INFO:colcon.colcon_core.shell:Creating environment hook '/home/awadh/zed_ws/install/zed_components/share/zed_components/hook/cmake_prefix_path.ps1'
[2.594s] INFO:colcon.colcon_core.shell:Creating environment descriptor '/home/awadh/zed_ws/install/zed_components/share/zed_components/hook/cmake_prefix_path.dsv'
[2.594s] INFO:colcon.colcon_core.shell:Creating environment hook '/home/awadh/zed_ws/install/zed_components/share/zed_components/hook/cmake_prefix_path.sh'
[2.595s] Level 1:colcon.colcon_core.environment:checking '/home/awadh/zed_ws/install/zed_components/lib'
[2.595s] Level 1:colcon.colcon_core.shell:create_environment_hook('zed_components', 'ld_library_path_lib')
[2.595s] INFO:colcon.colcon_core.shell:Creating environment hook '/home/awadh/zed_ws/install/zed_components/share/zed_components/hook/ld_library_path_lib.ps1'
[2.595s] INFO:colcon.colcon_core.shell:Creating environment descriptor '/home/awadh/zed_ws/install/zed_components/share/zed_components/hook/ld_library_path_lib.dsv'
[2.595s] INFO:colcon.colcon_core.shell:Creating environment hook '/home/awadh/zed_ws/install/zed_components/share/zed_components/hook/ld_library_path_lib.sh'
[2.596s] Level 1:colcon.colcon_core.environment:checking '/home/awadh/zed_ws/install/zed_components/bin'
[2.596s] Level 1:colcon.colcon_core.environment:checking '/home/awadh/zed_ws/install/zed_components/lib/pkgconfig/zed_components.pc'
[2.596s] Level 1:colcon.colcon_core.environment:checking '/home/awadh/zed_ws/install/zed_components/lib/python3.10/site-packages'
[2.596s] Level 1:colcon.colcon_core.environment:checking '/home/awadh/zed_ws/install/zed_components/bin'
[2.596s] INFO:colcon.colcon_core.shell:Creating package script '/home/awadh/zed_ws/install/zed_components/share/zed_components/package.ps1'
[2.596s] INFO:colcon.colcon_core.shell:Creating package descriptor '/home/awadh/zed_ws/install/zed_components/share/zed_components/package.dsv'
[2.596s] INFO:colcon.colcon_core.shell:Creating package script '/home/awadh/zed_ws/install/zed_components/share/zed_components/package.sh'
[2.597s] INFO:colcon.colcon_core.shell:Creating package script '/home/awadh/zed_ws/install/zed_components/share/zed_components/package.bash'
[2.597s] INFO:colcon.colcon_core.shell:Creating package script '/home/awadh/zed_ws/install/zed_components/share/zed_components/package.zsh'
[2.597s] Level 1:colcon.colcon_core.environment:create_file_with_runtime_dependencies(/home/awadh/zed_ws/install/zed_components/share/colcon-core/packages/zed_components)
[2.614s] DEBUG:colcon.colcon_core.event_handler.log_command:Invoking command in '/home/awadh/zed_ws/build/rviz_plugin_zed_od': CMAKE_PREFIX_PATH=/home/awadh/zed_ws/install/zed_interfaces:/home/awadh/gazebo_ws/install/yolov8_msgs:/home/awadh/gazebo_ws/install/yolobot_recognition:/home/awadh/gazebo_ws/install/yolobot_gazebo:/home/awadh/gazebo_ws/install/yolobot_description:/home/awadh/gazebo_ws/install/yolobot_control:/home/awadh/gazebo_ws/install/my_robot_bringup:/home/awadh/gazebo_ws/install/my_robot_description:/home/awadh/yolobot/install/yolov8_msgs:/home/awadh/yolobot/install/yolobot_recognition:/home/awadh/yolobot/install/yolobot_gazebo:/home/awadh/yolobot/install/yolobot_description:/home/awadh/yolobot/install/yolobot_control:/home/awadh/test2_ws/install/pcl_object_detection:/home/awadh/zed_ws/install/zed_ros2:/home/awadh/zed_ws/install/zed_robot_integration:/home/awadh/zed_ws/install/zed_multi_camera:/home/awadh/zed_ws/install/zed_display_rviz2:/home/awadh/zed_ws/install/zed_depth_to_laserscan:/home/awadh/zed_ws/install/zed_wrapper:/home/awadh/zed_ws/install/zed_tutorial_video:/home/awadh/zed_ws/install/zed_tutorial_pos_tracking:/home/awadh/zed_ws/install/zed_tutorial_depth:/home/awadh/zed_ws/install/zed_topic_benchmark:/home/awadh/zed_ws/install/zed_topic_benchmark_component:/home/awadh/zed_ws/install/zed_topic_benchmark_interfaces:/home/awadh/zed_ws/install/zed_rgb_convert:/home/awadh/zed_ws/install/zed_aruco_localization:/home/awadh/zed_ws/install/zed_components:/home/awadh/zed_ws/install/rviz_plugin_zed_od:/home/awadh/ouster_ws/install/ouster_ros:/home/awadh/ouster_ws/install/ouster_sensor_msgs:/home/awadh/ros2_ws/install/my_robot_bringup:/home/awadh/ros2_ws/install/turtlesim_project_cpp:/home/awadh/ros2_ws/install/my_cpp_pkg:/home/awadh/ros2_ws/install/my_robot_interfaces:/home/awadh/gazebo_ws/install/ultralytics_ros2:/home/awadh/depth_ws/install/depth_estimation:/home/awadh/ros2_ws/install/turtlesim_catch_them_all:/home/awadh/ros2_ws/install/my_py_pkg:/opt/ros/humble:/home/awadh/sick_tim_ws/install/sick_tim LD_LIBRARY_PATH=/home/awadh/zed_ws/install/zed_interfaces/lib:/home/awadh/gazebo_ws/install/yolov8_msgs/lib:/home/awadh/yolobot/install/yolov8_msgs/lib:/home/awadh/test2_ws/install/pcl_object_detection/lib:/home/awadh/zed_ws/install/zed_topic_benchmark_component/lib:/home/awadh/zed_ws/install/zed_topic_benchmark_interfaces/lib:/home/awadh/zed_ws/install/zed_rgb_convert/lib:/home/awadh/zed_ws/install/zed_aruco_localization/lib:/home/awadh/zed_ws/install/zed_components/lib:/home/awadh/zed_ws/install/rviz_plugin_zed_od/lib:/home/awadh/ouster_ws/install/ouster_ros/lib:/home/awadh/ouster_ws/install/ouster_sensor_msgs/lib:/home/awadh/ros2_ws/install/my_robot_interfaces/lib:/home/awadh/sick_tim_ws/install/sick_tim/lib:/usr/lib/x86_64-linux-gnu/gazebo-11/plugins:/opt/ros/humble/opt/rviz_ogre_vendor/lib:/opt/ros/humble/lib/x86_64-linux-gnu:/opt/ros/humble/lib:/usr/share/gazebo/../../lib/x86_64-linux-gnu/gazebo-11/plugins /usr/bin/cmake --install /home/awadh/zed_ws/build/rviz_plugin_zed_od
[2.623s] Level 1:colcon.colcon_core.environment:create_environment_scripts_only(rviz_plugin_zed_od)
[2.623s] Level 1:colcon.colcon_core.environment:checking '/home/awadh/zed_ws/install/rviz_plugin_zed_od' for CMake module files
[2.623s] DEBUG:colcon.colcon_core.event_handler.log_command:Invoked command in '/home/awadh/zed_ws/build/rviz_plugin_zed_od' returned '0': CMAKE_PREFIX_PATH=/home/awadh/zed_ws/install/zed_interfaces:/home/awadh/gazebo_ws/install/yolov8_msgs:/home/awadh/gazebo_ws/install/yolobot_recognition:/home/awadh/gazebo_ws/install/yolobot_gazebo:/home/awadh/gazebo_ws/install/yolobot_description:/home/awadh/gazebo_ws/install/yolobot_control:/home/awadh/gazebo_ws/install/my_robot_bringup:/home/awadh/gazebo_ws/install/my_robot_description:/home/awadh/yolobot/install/yolov8_msgs:/home/awadh/yolobot/install/yolobot_recognition:/home/awadh/yolobot/install/yolobot_gazebo:/home/awadh/yolobot/install/yolobot_description:/home/awadh/yolobot/install/yolobot_control:/home/awadh/test2_ws/install/pcl_object_detection:/home/awadh/zed_ws/install/zed_ros2:/home/awadh/zed_ws/install/zed_robot_integration:/home/awadh/zed_ws/install/zed_multi_camera:/home/awadh/zed_ws/install/zed_display_rviz2:/home/awadh/zed_ws/install/zed_depth_to_laserscan:/home/awadh/zed_ws/install/zed_wrapper:/home/awadh/zed_ws/install/zed_tutorial_video:/home/awadh/zed_ws/install/zed_tutorial_pos_tracking:/home/awadh/zed_ws/install/zed_tutorial_depth:/home/awadh/zed_ws/install/zed_topic_benchmark:/home/awadh/zed_ws/install/zed_topic_benchmark_component:/home/awadh/zed_ws/install/zed_topic_benchmark_interfaces:/home/awadh/zed_ws/install/zed_rgb_convert:/home/awadh/zed_ws/install/zed_aruco_localization:/home/awadh/zed_ws/install/zed_components:/home/awadh/zed_ws/install/rviz_plugin_zed_od:/home/awadh/ouster_ws/install/ouster_ros:/home/awadh/ouster_ws/install/ouster_sensor_msgs:/home/awadh/ros2_ws/install/my_robot_bringup:/home/awadh/ros2_ws/install/turtlesim_project_cpp:/home/awadh/ros2_ws/install/my_cpp_pkg:/home/awadh/ros2_ws/install/my_robot_interfaces:/home/awadh/gazebo_ws/install/ultralytics_ros2:/home/awadh/depth_ws/install/depth_estimation:/home/awadh/ros2_ws/install/turtlesim_catch_them_all:/home/awadh/ros2_ws/install/my_py_pkg:/opt/ros/humble:/home/awadh/sick_tim_ws/install/sick_tim LD_LIBRARY_PATH=/home/awadh/zed_ws/install/zed_interfaces/lib:/home/awadh/gazebo_ws/install/yolov8_msgs/lib:/home/awadh/yolobot/install/yolov8_msgs/lib:/home/awadh/test2_ws/install/pcl_object_detection/lib:/home/awadh/zed_ws/install/zed_topic_benchmark_component/lib:/home/awadh/zed_ws/install/zed_topic_benchmark_interfaces/lib:/home/awadh/zed_ws/install/zed_rgb_convert/lib:/home/awadh/zed_ws/install/zed_aruco_localization/lib:/home/awadh/zed_ws/install/zed_components/lib:/home/awadh/zed_ws/install/rviz_plugin_zed_od/lib:/home/awadh/ouster_ws/install/ouster_ros/lib:/home/awadh/ouster_ws/install/ouster_sensor_msgs/lib:/home/awadh/ros2_ws/install/my_robot_interfaces/lib:/home/awadh/sick_tim_ws/install/sick_tim/lib:/usr/lib/x86_64-linux-gnu/gazebo-11/plugins:/opt/ros/humble/opt/rviz_ogre_vendor/lib:/opt/ros/humble/lib/x86_64-linux-gnu:/opt/ros/humble/lib:/usr/share/gazebo/../../lib/x86_64-linux-gnu/gazebo-11/plugins /usr/bin/cmake --install /home/awadh/zed_ws/build/rviz_plugin_zed_od
[2.623s] Level 1:colcon.colcon_core.environment:checking '/home/awadh/zed_ws/install/rviz_plugin_zed_od' for CMake config files
[2.623s] Level 1:colcon.colcon_core.shell:create_environment_hook('rviz_plugin_zed_od', 'cmake_prefix_path')
[2.624s] INFO:colcon.colcon_core.shell:Creating environment hook '/home/awadh/zed_ws/install/rviz_plugin_zed_od/share/rviz_plugin_zed_od/hook/cmake_prefix_path.ps1'
[2.624s] INFO:colcon.colcon_core.shell:Creating environment descriptor '/home/awadh/zed_ws/install/rviz_plugin_zed_od/share/rviz_plugin_zed_od/hook/cmake_prefix_path.dsv'
[2.624s] INFO:colcon.colcon_core.shell:Creating environment hook '/home/awadh/zed_ws/install/rviz_plugin_zed_od/share/rviz_plugin_zed_od/hook/cmake_prefix_path.sh'
[2.624s] Level 1:colcon.colcon_core.environment:checking '/home/awadh/zed_ws/install/rviz_plugin_zed_od/lib'
[2.624s] Level 1:colcon.colcon_core.shell:create_environment_hook('rviz_plugin_zed_od', 'ld_library_path_lib')
[2.625s] INFO:colcon.colcon_core.shell:Creating environment hook '/home/awadh/zed_ws/install/rviz_plugin_zed_od/share/rviz_plugin_zed_od/hook/ld_library_path_lib.ps1'
[2.625s] INFO:colcon.colcon_core.shell:Creating environment descriptor '/home/awadh/zed_ws/install/rviz_plugin_zed_od/share/rviz_plugin_zed_od/hook/ld_library_path_lib.dsv'
[2.625s] INFO:colcon.colcon_core.shell:Creating environment hook '/home/awadh/zed_ws/install/rviz_plugin_zed_od/share/rviz_plugin_zed_od/hook/ld_library_path_lib.sh'
[2.625s] Level 1:colcon.colcon_core.environment:checking '/home/awadh/zed_ws/install/rviz_plugin_zed_od/bin'
[2.625s] Level 1:colcon.colcon_core.environment:checking '/home/awadh/zed_ws/install/rviz_plugin_zed_od/lib/pkgconfig/rviz_plugin_zed_od.pc'
[2.625s] Level 1:colcon.colcon_core.environment:checking '/home/awadh/zed_ws/install/rviz_plugin_zed_od/lib/python3.10/site-packages'
[2.625s] Level 1:colcon.colcon_core.environment:checking '/home/awadh/zed_ws/install/rviz_plugin_zed_od/bin'
[2.626s] INFO:colcon.colcon_core.shell:Creating package script '/home/awadh/zed_ws/install/rviz_plugin_zed_od/share/rviz_plugin_zed_od/package.ps1'
[2.626s] INFO:colcon.colcon_core.shell:Creating package descriptor '/home/awadh/zed_ws/install/rviz_plugin_zed_od/share/rviz_plugin_zed_od/package.dsv'
[2.626s] INFO:colcon.colcon_core.shell:Creating package script '/home/awadh/zed_ws/install/rviz_plugin_zed_od/share/rviz_plugin_zed_od/package.sh'
[2.626s] INFO:colcon.colcon_core.shell:Creating package script '/home/awadh/zed_ws/install/rviz_plugin_zed_od/share/rviz_plugin_zed_od/package.bash'
[2.627s] INFO:colcon.colcon_core.shell:Creating package script '/home/awadh/zed_ws/install/rviz_plugin_zed_od/share/rviz_plugin_zed_od/package.zsh'
[2.627s] Level 1:colcon.colcon_core.environment:create_file_with_runtime_dependencies(/home/awadh/zed_ws/install/rviz_plugin_zed_od/share/colcon-core/packages/rviz_plugin_zed_od)
[2.628s] Level 1:colcon.colcon_core.environment:create_environment_scripts_only(zed_components)
[2.629s] Level 1:colcon.colcon_core.environment:checking '/home/awadh/zed_ws/install/zed_components' for CMake module files
[2.629s] Level 1:colcon.colcon_core.environment:checking '/home/awadh/zed_ws/install/zed_components' for CMake config files
[2.629s] Level 1:colcon.colcon_core.shell:create_environment_hook('zed_components', 'cmake_prefix_path')
[2.629s] INFO:colcon.colcon_core.shell:Creating environment hook '/home/awadh/zed_ws/install/zed_components/share/zed_components/hook/cmake_prefix_path.ps1'
[2.629s] INFO:colcon.colcon_core.shell:Creating environment descriptor '/home/awadh/zed_ws/install/zed_components/share/zed_components/hook/cmake_prefix_path.dsv'
[2.629s] INFO:colcon.colcon_core.shell:Creating environment hook '/home/awadh/zed_ws/install/zed_components/share/zed_components/hook/cmake_prefix_path.sh'
[2.630s] Level 1:colcon.colcon_core.environment:checking '/home/awadh/zed_ws/install/zed_components/lib'
[2.630s] Level 1:colcon.colcon_core.shell:create_environment_hook('zed_components', 'ld_library_path_lib')
[2.630s] INFO:colcon.colcon_core.shell:Creating environment hook '/home/awadh/zed_ws/install/zed_components/share/zed_components/hook/ld_library_path_lib.ps1'
[2.630s] INFO:colcon.colcon_core.shell:Creating environment descriptor '/home/awadh/zed_ws/install/zed_components/share/zed_components/hook/ld_library_path_lib.dsv'
[2.630s] INFO:colcon.colcon_core.shell:Creating environment hook '/home/awadh/zed_ws/install/zed_components/share/zed_components/hook/ld_library_path_lib.sh'
[2.630s] Level 1:colcon.colcon_core.environment:checking '/home/awadh/zed_ws/install/zed_components/bin'
[2.631s] Level 1:colcon.colcon_core.environment:checking '/home/awadh/zed_ws/install/zed_components/lib/pkgconfig/zed_components.pc'
[2.631s] Level 1:colcon.colcon_core.environment:checking '/home/awadh/zed_ws/install/zed_components/lib/python3.10/site-packages'
[2.631s] Level 1:colcon.colcon_core.environment:checking '/home/awadh/zed_ws/install/zed_components/bin'
[2.631s] INFO:colcon.colcon_core.shell:Creating package script '/home/awadh/zed_ws/install/zed_components/share/zed_components/package.ps1'
[2.631s] INFO:colcon.colcon_core.shell:Creating package descriptor '/home/awadh/zed_ws/install/zed_components/share/zed_components/package.dsv'
[2.631s] INFO:colcon.colcon_core.shell:Creating package script '/home/awadh/zed_ws/install/zed_components/share/zed_components/package.sh'
[2.632s] INFO:colcon.colcon_core.shell:Creating package script '/home/awadh/zed_ws/install/zed_components/share/zed_components/package.bash'
[2.632s] INFO:colcon.colcon_core.shell:Creating package script '/home/awadh/zed_ws/install/zed_components/share/zed_components/package.zsh'
[2.632s] Level 1:colcon.colcon_core.environment:create_file_with_runtime_dependencies(/home/awadh/zed_ws/install/zed_components/share/colcon-core/packages/zed_components)
[2.632s] INFO:colcon.colcon_ros.task.ament_cmake.build:Building ROS package in '/home/awadh/zed_ws/src/zed-ros2-wrapper/zed_wrapper' with build type 'ament_cmake'
[2.632s] INFO:colcon.colcon_cmake.task.cmake.build:Building CMake package in '/home/awadh/zed_ws/src/zed-ros2-wrapper/zed_wrapper'
[2.632s] INFO:colcon.colcon_core.shell:Skip shell extension 'powershell' for command environment: Not usable outside of PowerShell
[2.633s] DEBUG:colcon.colcon_core.shell:Skip shell extension 'dsv' for command environment
[2.638s] INFO:colcon.colcon_ros.task.ament_cmake.build:Building ROS package in '/home/awadh/zed_ws/src/zed-ros2-examples/examples/zed_aruco_localization' with build type 'ament_cmake'
[2.638s] INFO:colcon.colcon_cmake.task.cmake.build:Building CMake package in '/home/awadh/zed_ws/src/zed-ros2-examples/examples/zed_aruco_localization'
[2.638s] INFO:colcon.colcon_core.shell:Skip shell extension 'powershell' for command environment: Not usable outside of PowerShell
[2.638s] DEBUG:colcon.colcon_core.shell:Skip shell extension 'dsv' for command environment
[2.643s] INFO:colcon.colcon_ros.task.ament_cmake.build:Building ROS package in '/home/awadh/zed_ws/src/zed-ros2-examples/tutorials/zed_rgb_convert' with build type 'ament_cmake'
[2.643s] INFO:colcon.colcon_cmake.task.cmake.build:Building CMake package in '/home/awadh/zed_ws/src/zed-ros2-examples/tutorials/zed_rgb_convert'
[2.644s] INFO:colcon.colcon_core.shell:Skip shell extension 'powershell' for command environment: Not usable outside of PowerShell
[2.644s] DEBUG:colcon.colcon_core.shell:Skip shell extension 'dsv' for command environment
[2.652s] DEBUG:colcon.colcon_core.event_handler.log_command:Invoking command in '/home/awadh/zed_ws/build/zed_wrapper': CMAKE_PREFIX_PATH=/home/awadh/zed_ws/install/zed_components:/home/awadh/zed_ws/install/zed_interfaces:/home/awadh/gazebo_ws/install/yolov8_msgs:/home/awadh/gazebo_ws/install/yolobot_recognition:/home/awadh/gazebo_ws/install/yolobot_gazebo:/home/awadh/gazebo_ws/install/yolobot_description:/home/awadh/gazebo_ws/install/yolobot_control:/home/awadh/gazebo_ws/install/my_robot_bringup:/home/awadh/gazebo_ws/install/my_robot_description:/home/awadh/yolobot/install/yolov8_msgs:/home/awadh/yolobot/install/yolobot_recognition:/home/awadh/yolobot/install/yolobot_gazebo:/home/awadh/yolobot/install/yolobot_description:/home/awadh/yolobot/install/yolobot_control:/home/awadh/test2_ws/install/pcl_object_detection:/home/awadh/zed_ws/install/zed_ros2:/home/awadh/zed_ws/install/zed_robot_integration:/home/awadh/zed_ws/install/zed_multi_camera:/home/awadh/zed_ws/install/zed_display_rviz2:/home/awadh/zed_ws/install/zed_depth_to_laserscan:/home/awadh/zed_ws/install/zed_wrapper:/home/awadh/zed_ws/install/zed_tutorial_video:/home/awadh/zed_ws/install/zed_tutorial_pos_tracking:/home/awadh/zed_ws/install/zed_tutorial_depth:/home/awadh/zed_ws/install/zed_topic_benchmark:/home/awadh/zed_ws/install/zed_topic_benchmark_component:/home/awadh/zed_ws/install/zed_topic_benchmark_interfaces:/home/awadh/zed_ws/install/zed_rgb_convert:/home/awadh/zed_ws/install/zed_aruco_localization:/home/awadh/zed_ws/install/rviz_plugin_zed_od:/home/awadh/ouster_ws/install/ouster_ros:/home/awadh/ouster_ws/install/ouster_sensor_msgs:/home/awadh/ros2_ws/install/my_robot_bringup:/home/awadh/ros2_ws/install/turtlesim_project_cpp:/home/awadh/ros2_ws/install/my_cpp_pkg:/home/awadh/ros2_ws/install/my_robot_interfaces:/home/awadh/gazebo_ws/install/ultralytics_ros2:/home/awadh/depth_ws/install/depth_estimation:/home/awadh/ros2_ws/install/turtlesim_catch_them_all:/home/awadh/ros2_ws/install/my_py_pkg:/opt/ros/humble:/home/awadh/sick_tim_ws/install/sick_tim LD_LIBRARY_PATH=/home/awadh/zed_ws/install/zed_components/lib:/home/awadh/zed_ws/install/zed_interfaces/lib:/home/awadh/gazebo_ws/install/yolov8_msgs/lib:/home/awadh/yolobot/install/yolov8_msgs/lib:/home/awadh/test2_ws/install/pcl_object_detection/lib:/home/awadh/zed_ws/install/zed_topic_benchmark_component/lib:/home/awadh/zed_ws/install/zed_topic_benchmark_interfaces/lib:/home/awadh/zed_ws/install/zed_rgb_convert/lib:/home/awadh/zed_ws/install/zed_aruco_localization/lib:/home/awadh/zed_ws/install/rviz_plugin_zed_od/lib:/home/awadh/ouster_ws/install/ouster_ros/lib:/home/awadh/ouster_ws/install/ouster_sensor_msgs/lib:/home/awadh/ros2_ws/install/my_robot_interfaces/lib:/home/awadh/sick_tim_ws/install/sick_tim/lib:/usr/lib/x86_64-linux-gnu/gazebo-11/plugins:/opt/ros/humble/opt/rviz_ogre_vendor/lib:/opt/ros/humble/lib/x86_64-linux-gnu:/opt/ros/humble/lib:/usr/share/gazebo/../../lib/x86_64-linux-gnu/gazebo-11/plugins /usr/bin/cmake --build /home/awadh/zed_ws/build/zed_wrapper -- -j16 -l16
[2.655s] DEBUG:colcon.colcon_core.event_handler.log_command:Invoking command in '/home/awadh/zed_ws/build/zed_aruco_localization': CMAKE_PREFIX_PATH=/home/awadh/zed_ws/install/zed_components:/home/awadh/zed_ws/install/zed_interfaces:/home/awadh/gazebo_ws/install/yolov8_msgs:/home/awadh/gazebo_ws/install/yolobot_recognition:/home/awadh/gazebo_ws/install/yolobot_gazebo:/home/awadh/gazebo_ws/install/yolobot_description:/home/awadh/gazebo_ws/install/yolobot_control:/home/awadh/gazebo_ws/install/my_robot_bringup:/home/awadh/gazebo_ws/install/my_robot_description:/home/awadh/yolobot/install/yolov8_msgs:/home/awadh/yolobot/install/yolobot_recognition:/home/awadh/yolobot/install/yolobot_gazebo:/home/awadh/yolobot/install/yolobot_description:/home/awadh/yolobot/install/yolobot_control:/home/awadh/test2_ws/install/pcl_object_detection:/home/awadh/zed_ws/install/zed_ros2:/home/awadh/zed_ws/install/zed_robot_integration:/home/awadh/zed_ws/install/zed_multi_camera:/home/awadh/zed_ws/install/zed_display_rviz2:/home/awadh/zed_ws/install/zed_depth_to_laserscan:/home/awadh/zed_ws/install/zed_wrapper:/home/awadh/zed_ws/install/zed_tutorial_video:/home/awadh/zed_ws/install/zed_tutorial_pos_tracking:/home/awadh/zed_ws/install/zed_tutorial_depth:/home/awadh/zed_ws/install/zed_topic_benchmark:/home/awadh/zed_ws/install/zed_topic_benchmark_component:/home/awadh/zed_ws/install/zed_topic_benchmark_interfaces:/home/awadh/zed_ws/install/zed_rgb_convert:/home/awadh/zed_ws/install/zed_aruco_localization:/home/awadh/zed_ws/install/rviz_plugin_zed_od:/home/awadh/ouster_ws/install/ouster_ros:/home/awadh/ouster_ws/install/ouster_sensor_msgs:/home/awadh/ros2_ws/install/my_robot_bringup:/home/awadh/ros2_ws/install/turtlesim_project_cpp:/home/awadh/ros2_ws/install/my_cpp_pkg:/home/awadh/ros2_ws/install/my_robot_interfaces:/home/awadh/gazebo_ws/install/ultralytics_ros2:/home/awadh/depth_ws/install/depth_estimation:/home/awadh/ros2_ws/install/turtlesim_catch_them_all:/home/awadh/ros2_ws/install/my_py_pkg:/opt/ros/humble:/home/awadh/sick_tim_ws/install/sick_tim LD_LIBRARY_PATH=/home/awadh/zed_ws/install/zed_components/lib:/home/awadh/zed_ws/install/zed_interfaces/lib:/home/awadh/gazebo_ws/install/yolov8_msgs/lib:/home/awadh/yolobot/install/yolov8_msgs/lib:/home/awadh/test2_ws/install/pcl_object_detection/lib:/home/awadh/zed_ws/install/zed_topic_benchmark_component/lib:/home/awadh/zed_ws/install/zed_topic_benchmark_interfaces/lib:/home/awadh/zed_ws/install/zed_rgb_convert/lib:/home/awadh/zed_ws/install/zed_aruco_localization/lib:/home/awadh/zed_ws/install/rviz_plugin_zed_od/lib:/home/awadh/ouster_ws/install/ouster_ros/lib:/home/awadh/ouster_ws/install/ouster_sensor_msgs/lib:/home/awadh/ros2_ws/install/my_robot_interfaces/lib:/home/awadh/sick_tim_ws/install/sick_tim/lib:/usr/lib/x86_64-linux-gnu/gazebo-11/plugins:/opt/ros/humble/opt/rviz_ogre_vendor/lib:/opt/ros/humble/lib/x86_64-linux-gnu:/opt/ros/humble/lib:/usr/share/gazebo/../../lib/x86_64-linux-gnu/gazebo-11/plugins /usr/bin/cmake --build /home/awadh/zed_ws/build/zed_aruco_localization -- -j16 -l16
[2.657s] Level 1:colcon.colcon_core.environment:create_environment_scripts_only(rviz_plugin_zed_od)
[2.657s] Level 1:colcon.colcon_core.environment:checking '/home/awadh/zed_ws/install/rviz_plugin_zed_od' for CMake module files
[2.657s] DEBUG:colcon.colcon_core.event_handler.log_command:Invoking command in '/home/awadh/zed_ws/build/zed_rgb_convert': CMAKE_PREFIX_PATH=/home/awadh/zed_ws/install/zed_components:/home/awadh/zed_ws/install/zed_interfaces:/home/awadh/gazebo_ws/install/yolov8_msgs:/home/awadh/gazebo_ws/install/yolobot_recognition:/home/awadh/gazebo_ws/install/yolobot_gazebo:/home/awadh/gazebo_ws/install/yolobot_description:/home/awadh/gazebo_ws/install/yolobot_control:/home/awadh/gazebo_ws/install/my_robot_bringup:/home/awadh/gazebo_ws/install/my_robot_description:/home/awadh/yolobot/install/yolov8_msgs:/home/awadh/yolobot/install/yolobot_recognition:/home/awadh/yolobot/install/yolobot_gazebo:/home/awadh/yolobot/install/yolobot_description:/home/awadh/yolobot/install/yolobot_control:/home/awadh/test2_ws/install/pcl_object_detection:/home/awadh/zed_ws/install/zed_ros2:/home/awadh/zed_ws/install/zed_robot_integration:/home/awadh/zed_ws/install/zed_multi_camera:/home/awadh/zed_ws/install/zed_display_rviz2:/home/awadh/zed_ws/install/zed_depth_to_laserscan:/home/awadh/zed_ws/install/zed_wrapper:/home/awadh/zed_ws/install/zed_tutorial_video:/home/awadh/zed_ws/install/zed_tutorial_pos_tracking:/home/awadh/zed_ws/install/zed_tutorial_depth:/home/awadh/zed_ws/install/zed_topic_benchmark:/home/awadh/zed_ws/install/zed_topic_benchmark_component:/home/awadh/zed_ws/install/zed_topic_benchmark_interfaces:/home/awadh/zed_ws/install/zed_rgb_convert:/home/awadh/zed_ws/install/zed_aruco_localization:/home/awadh/zed_ws/install/rviz_plugin_zed_od:/home/awadh/ouster_ws/install/ouster_ros:/home/awadh/ouster_ws/install/ouster_sensor_msgs:/home/awadh/ros2_ws/install/my_robot_bringup:/home/awadh/ros2_ws/install/turtlesim_project_cpp:/home/awadh/ros2_ws/install/my_cpp_pkg:/home/awadh/ros2_ws/install/my_robot_interfaces:/home/awadh/gazebo_ws/install/ultralytics_ros2:/home/awadh/depth_ws/install/depth_estimation:/home/awadh/ros2_ws/install/turtlesim_catch_them_all:/home/awadh/ros2_ws/install/my_py_pkg:/opt/ros/humble:/home/awadh/sick_tim_ws/install/sick_tim LD_LIBRARY_PATH=/home/awadh/zed_ws/install/zed_components/lib:/home/awadh/zed_ws/install/zed_interfaces/lib:/home/awadh/gazebo_ws/install/yolov8_msgs/lib:/home/awadh/yolobot/install/yolov8_msgs/lib:/home/awadh/test2_ws/install/pcl_object_detection/lib:/home/awadh/zed_ws/install/zed_topic_benchmark_component/lib:/home/awadh/zed_ws/install/zed_topic_benchmark_interfaces/lib:/home/awadh/zed_ws/install/zed_rgb_convert/lib:/home/awadh/zed_ws/install/zed_aruco_localization/lib:/home/awadh/zed_ws/install/rviz_plugin_zed_od/lib:/home/awadh/ouster_ws/install/ouster_ros/lib:/home/awadh/ouster_ws/install/ouster_sensor_msgs/lib:/home/awadh/ros2_ws/install/my_robot_interfaces/lib:/home/awadh/sick_tim_ws/install/sick_tim/lib:/usr/lib/x86_64-linux-gnu/gazebo-11/plugins:/opt/ros/humble/opt/rviz_ogre_vendor/lib:/opt/ros/humble/lib/x86_64-linux-gnu:/opt/ros/humble/lib:/usr/share/gazebo/../../lib/x86_64-linux-gnu/gazebo-11/plugins /usr/bin/cmake --build /home/awadh/zed_ws/build/zed_rgb_convert -- -j16 -l16
[2.658s] Level 1:colcon.colcon_core.environment:checking '/home/awadh/zed_ws/install/rviz_plugin_zed_od' for CMake config files
[2.658s] Level 1:colcon.colcon_core.shell:create_environment_hook('rviz_plugin_zed_od', 'cmake_prefix_path')
[2.658s] INFO:colcon.colcon_core.shell:Creating environment hook '/home/awadh/zed_ws/install/rviz_plugin_zed_od/share/rviz_plugin_zed_od/hook/cmake_prefix_path.ps1'
[2.658s] INFO:colcon.colcon_core.shell:Creating environment descriptor '/home/awadh/zed_ws/install/rviz_plugin_zed_od/share/rviz_plugin_zed_od/hook/cmake_prefix_path.dsv'
[2.658s] INFO:colcon.colcon_core.shell:Creating environment hook '/home/awadh/zed_ws/install/rviz_plugin_zed_od/share/rviz_plugin_zed_od/hook/cmake_prefix_path.sh'
[2.659s] Level 1:colcon.colcon_core.environment:checking '/home/awadh/zed_ws/install/rviz_plugin_zed_od/lib'
[2.659s] Level 1:colcon.colcon_core.shell:create_environment_hook('rviz_plugin_zed_od', 'ld_library_path_lib')
[2.659s] INFO:colcon.colcon_core.shell:Creating environment hook '/home/awadh/zed_ws/install/rviz_plugin_zed_od/share/rviz_plugin_zed_od/hook/ld_library_path_lib.ps1'
[2.659s] INFO:colcon.colcon_core.shell:Creating environment descriptor '/home/awadh/zed_ws/install/rviz_plugin_zed_od/share/rviz_plugin_zed_od/hook/ld_library_path_lib.dsv'
[2.659s] INFO:colcon.colcon_core.shell:Creating environment hook '/home/awadh/zed_ws/install/rviz_plugin_zed_od/share/rviz_plugin_zed_od/hook/ld_library_path_lib.sh'
[2.660s] Level 1:colcon.colcon_core.environment:checking '/home/awadh/zed_ws/install/rviz_plugin_zed_od/bin'
[2.660s] Level 1:colcon.colcon_core.environment:checking '/home/awadh/zed_ws/install/rviz_plugin_zed_od/lib/pkgconfig/rviz_plugin_zed_od.pc'
[2.660s] Level 1:colcon.colcon_core.environment:checking '/home/awadh/zed_ws/install/rviz_plugin_zed_od/lib/python3.10/site-packages'
[2.660s] Level 1:colcon.colcon_core.environment:checking '/home/awadh/zed_ws/install/rviz_plugin_zed_od/bin'
[2.660s] INFO:colcon.colcon_core.shell:Creating package script '/home/awadh/zed_ws/install/rviz_plugin_zed_od/share/rviz_plugin_zed_od/package.ps1'
[2.660s] INFO:colcon.colcon_core.shell:Creating package descriptor '/home/awadh/zed_ws/install/rviz_plugin_zed_od/share/rviz_plugin_zed_od/package.dsv'
[2.661s] INFO:colcon.colcon_core.shell:Creating package script '/home/awadh/zed_ws/install/rviz_plugin_zed_od/share/rviz_plugin_zed_od/package.sh'
[2.661s] INFO:colcon.colcon_core.shell:Creating package script '/home/awadh/zed_ws/install/rviz_plugin_zed_od/share/rviz_plugin_zed_od/package.bash'
[2.661s] INFO:colcon.colcon_core.shell:Creating package script '/home/awadh/zed_ws/install/rviz_plugin_zed_od/share/rviz_plugin_zed_od/package.zsh'
[2.661s] Level 1:colcon.colcon_core.environment:create_file_with_runtime_dependencies(/home/awadh/zed_ws/install/rviz_plugin_zed_od/share/colcon-core/packages/rviz_plugin_zed_od)
[2.707s] DEBUG:colcon.colcon_core.event_handler.log_command:Invoked command in '/home/awadh/zed_ws/build/zed_wrapper' returned '0': CMAKE_PREFIX_PATH=/home/awadh/zed_ws/install/zed_components:/home/awadh/zed_ws/install/zed_interfaces:/home/awadh/gazebo_ws/install/yolov8_msgs:/home/awadh/gazebo_ws/install/yolobot_recognition:/home/awadh/gazebo_ws/install/yolobot_gazebo:/home/awadh/gazebo_ws/install/yolobot_description:/home/awadh/gazebo_ws/install/yolobot_control:/home/awadh/gazebo_ws/install/my_robot_bringup:/home/awadh/gazebo_ws/install/my_robot_description:/home/awadh/yolobot/install/yolov8_msgs:/home/awadh/yolobot/install/yolobot_recognition:/home/awadh/yolobot/install/yolobot_gazebo:/home/awadh/yolobot/install/yolobot_description:/home/awadh/yolobot/install/yolobot_control:/home/awadh/test2_ws/install/pcl_object_detection:/home/awadh/zed_ws/install/zed_ros2:/home/awadh/zed_ws/install/zed_robot_integration:/home/awadh/zed_ws/install/zed_multi_camera:/home/awadh/zed_ws/install/zed_display_rviz2:/home/awadh/zed_ws/install/zed_depth_to_laserscan:/home/awadh/zed_ws/install/zed_wrapper:/home/awadh/zed_ws/install/zed_tutorial_video:/home/awadh/zed_ws/install/zed_tutorial_pos_tracking:/home/awadh/zed_ws/install/zed_tutorial_depth:/home/awadh/zed_ws/install/zed_topic_benchmark:/home/awadh/zed_ws/install/zed_topic_benchmark_component:/home/awadh/zed_ws/install/zed_topic_benchmark_interfaces:/home/awadh/zed_ws/install/zed_rgb_convert:/home/awadh/zed_ws/install/zed_aruco_localization:/home/awadh/zed_ws/install/rviz_plugin_zed_od:/home/awadh/ouster_ws/install/ouster_ros:/home/awadh/ouster_ws/install/ouster_sensor_msgs:/home/awadh/ros2_ws/install/my_robot_bringup:/home/awadh/ros2_ws/install/turtlesim_project_cpp:/home/awadh/ros2_ws/install/my_cpp_pkg:/home/awadh/ros2_ws/install/my_robot_interfaces:/home/awadh/gazebo_ws/install/ultralytics_ros2:/home/awadh/depth_ws/install/depth_estimation:/home/awadh/ros2_ws/install/turtlesim_catch_them_all:/home/awadh/ros2_ws/install/my_py_pkg:/opt/ros/humble:/home/awadh/sick_tim_ws/install/sick_tim LD_LIBRARY_PATH=/home/awadh/zed_ws/install/zed_components/lib:/home/awadh/zed_ws/install/zed_interfaces/lib:/home/awadh/gazebo_ws/install/yolov8_msgs/lib:/home/awadh/yolobot/install/yolov8_msgs/lib:/home/awadh/test2_ws/install/pcl_object_detection/lib:/home/awadh/zed_ws/install/zed_topic_benchmark_component/lib:/home/awadh/zed_ws/install/zed_topic_benchmark_interfaces/lib:/home/awadh/zed_ws/install/zed_rgb_convert/lib:/home/awadh/zed_ws/install/zed_aruco_localization/lib:/home/awadh/zed_ws/install/rviz_plugin_zed_od/lib:/home/awadh/ouster_ws/install/ouster_ros/lib:/home/awadh/ouster_ws/install/ouster_sensor_msgs/lib:/home/awadh/ros2_ws/install/my_robot_interfaces/lib:/home/awadh/sick_tim_ws/install/sick_tim/lib:/usr/lib/x86_64-linux-gnu/gazebo-11/plugins:/opt/ros/humble/opt/rviz_ogre_vendor/lib:/opt/ros/humble/lib/x86_64-linux-gnu:/opt/ros/humble/lib:/usr/share/gazebo/../../lib/x86_64-linux-gnu/gazebo-11/plugins /usr/bin/cmake --build /home/awadh/zed_ws/build/zed_wrapper -- -j16 -l16
[2.710s] DEBUG:colcon.colcon_core.event_handler.log_command:Invoked command in '/home/awadh/zed_ws/build/zed_aruco_localization' returned '0': CMAKE_PREFIX_PATH=/home/awadh/zed_ws/install/zed_components:/home/awadh/zed_ws/install/zed_interfaces:/home/awadh/gazebo_ws/install/yolov8_msgs:/home/awadh/gazebo_ws/install/yolobot_recognition:/home/awadh/gazebo_ws/install/yolobot_gazebo:/home/awadh/gazebo_ws/install/yolobot_description:/home/awadh/gazebo_ws/install/yolobot_control:/home/awadh/gazebo_ws/install/my_robot_bringup:/home/awadh/gazebo_ws/install/my_robot_description:/home/awadh/yolobot/install/yolov8_msgs:/home/awadh/yolobot/install/yolobot_recognition:/home/awadh/yolobot/install/yolobot_gazebo:/home/awadh/yolobot/install/yolobot_description:/home/awadh/yolobot/install/yolobot_control:/home/awadh/test2_ws/install/pcl_object_detection:/home/awadh/zed_ws/install/zed_ros2:/home/awadh/zed_ws/install/zed_robot_integration:/home/awadh/zed_ws/install/zed_multi_camera:/home/awadh/zed_ws/install/zed_display_rviz2:/home/awadh/zed_ws/install/zed_depth_to_laserscan:/home/awadh/zed_ws/install/zed_wrapper:/home/awadh/zed_ws/install/zed_tutorial_video:/home/awadh/zed_ws/install/zed_tutorial_pos_tracking:/home/awadh/zed_ws/install/zed_tutorial_depth:/home/awadh/zed_ws/install/zed_topic_benchmark:/home/awadh/zed_ws/install/zed_topic_benchmark_component:/home/awadh/zed_ws/install/zed_topic_benchmark_interfaces:/home/awadh/zed_ws/install/zed_rgb_convert:/home/awadh/zed_ws/install/zed_aruco_localization:/home/awadh/zed_ws/install/rviz_plugin_zed_od:/home/awadh/ouster_ws/install/ouster_ros:/home/awadh/ouster_ws/install/ouster_sensor_msgs:/home/awadh/ros2_ws/install/my_robot_bringup:/home/awadh/ros2_ws/install/turtlesim_project_cpp:/home/awadh/ros2_ws/install/my_cpp_pkg:/home/awadh/ros2_ws/install/my_robot_interfaces:/home/awadh/gazebo_ws/install/ultralytics_ros2:/home/awadh/depth_ws/install/depth_estimation:/home/awadh/ros2_ws/install/turtlesim_catch_them_all:/home/awadh/ros2_ws/install/my_py_pkg:/opt/ros/humble:/home/awadh/sick_tim_ws/install/sick_tim LD_LIBRARY_PATH=/home/awadh/zed_ws/install/zed_components/lib:/home/awadh/zed_ws/install/zed_interfaces/lib:/home/awadh/gazebo_ws/install/yolov8_msgs/lib:/home/awadh/yolobot/install/yolov8_msgs/lib:/home/awadh/test2_ws/install/pcl_object_detection/lib:/home/awadh/zed_ws/install/zed_topic_benchmark_component/lib:/home/awadh/zed_ws/install/zed_topic_benchmark_interfaces/lib:/home/awadh/zed_ws/install/zed_rgb_convert/lib:/home/awadh/zed_ws/install/zed_aruco_localization/lib:/home/awadh/zed_ws/install/rviz_plugin_zed_od/lib:/home/awadh/ouster_ws/install/ouster_ros/lib:/home/awadh/ouster_ws/install/ouster_sensor_msgs/lib:/home/awadh/ros2_ws/install/my_robot_interfaces/lib:/home/awadh/sick_tim_ws/install/sick_tim/lib:/usr/lib/x86_64-linux-gnu/gazebo-11/plugins:/opt/ros/humble/opt/rviz_ogre_vendor/lib:/opt/ros/humble/lib/x86_64-linux-gnu:/opt/ros/humble/lib:/usr/share/gazebo/../../lib/x86_64-linux-gnu/gazebo-11/plugins /usr/bin/cmake --build /home/awadh/zed_ws/build/zed_aruco_localization -- -j16 -l16
[2.732s] DEBUG:colcon.colcon_core.event_handler.log_command:Invoking command in '/home/awadh/zed_ws/build/zed_wrapper': CMAKE_PREFIX_PATH=/home/awadh/zed_ws/install/zed_components:/home/awadh/zed_ws/install/zed_interfaces:/home/awadh/gazebo_ws/install/yolov8_msgs:/home/awadh/gazebo_ws/install/yolobot_recognition:/home/awadh/gazebo_ws/install/yolobot_gazebo:/home/awadh/gazebo_ws/install/yolobot_description:/home/awadh/gazebo_ws/install/yolobot_control:/home/awadh/gazebo_ws/install/my_robot_bringup:/home/awadh/gazebo_ws/install/my_robot_description:/home/awadh/yolobot/install/yolov8_msgs:/home/awadh/yolobot/install/yolobot_recognition:/home/awadh/yolobot/install/yolobot_gazebo:/home/awadh/yolobot/install/yolobot_description:/home/awadh/yolobot/install/yolobot_control:/home/awadh/test2_ws/install/pcl_object_detection:/home/awadh/zed_ws/install/zed_ros2:/home/awadh/zed_ws/install/zed_robot_integration:/home/awadh/zed_ws/install/zed_multi_camera:/home/awadh/zed_ws/install/zed_display_rviz2:/home/awadh/zed_ws/install/zed_depth_to_laserscan:/home/awadh/zed_ws/install/zed_wrapper:/home/awadh/zed_ws/install/zed_tutorial_video:/home/awadh/zed_ws/install/zed_tutorial_pos_tracking:/home/awadh/zed_ws/install/zed_tutorial_depth:/home/awadh/zed_ws/install/zed_topic_benchmark:/home/awadh/zed_ws/install/zed_topic_benchmark_component:/home/awadh/zed_ws/install/zed_topic_benchmark_interfaces:/home/awadh/zed_ws/install/zed_rgb_convert:/home/awadh/zed_ws/install/zed_aruco_localization:/home/awadh/zed_ws/install/rviz_plugin_zed_od:/home/awadh/ouster_ws/install/ouster_ros:/home/awadh/ouster_ws/install/ouster_sensor_msgs:/home/awadh/ros2_ws/install/my_robot_bringup:/home/awadh/ros2_ws/install/turtlesim_project_cpp:/home/awadh/ros2_ws/install/my_cpp_pkg:/home/awadh/ros2_ws/install/my_robot_interfaces:/home/awadh/gazebo_ws/install/ultralytics_ros2:/home/awadh/depth_ws/install/depth_estimation:/home/awadh/ros2_ws/install/turtlesim_catch_them_all:/home/awadh/ros2_ws/install/my_py_pkg:/opt/ros/humble:/home/awadh/sick_tim_ws/install/sick_tim LD_LIBRARY_PATH=/home/awadh/zed_ws/install/zed_components/lib:/home/awadh/zed_ws/install/zed_interfaces/lib:/home/awadh/gazebo_ws/install/yolov8_msgs/lib:/home/awadh/yolobot/install/yolov8_msgs/lib:/home/awadh/test2_ws/install/pcl_object_detection/lib:/home/awadh/zed_ws/install/zed_topic_benchmark_component/lib:/home/awadh/zed_ws/install/zed_topic_benchmark_interfaces/lib:/home/awadh/zed_ws/install/zed_rgb_convert/lib:/home/awadh/zed_ws/install/zed_aruco_localization/lib:/home/awadh/zed_ws/install/rviz_plugin_zed_od/lib:/home/awadh/ouster_ws/install/ouster_ros/lib:/home/awadh/ouster_ws/install/ouster_sensor_msgs/lib:/home/awadh/ros2_ws/install/my_robot_interfaces/lib:/home/awadh/sick_tim_ws/install/sick_tim/lib:/usr/lib/x86_64-linux-gnu/gazebo-11/plugins:/opt/ros/humble/opt/rviz_ogre_vendor/lib:/opt/ros/humble/lib/x86_64-linux-gnu:/opt/ros/humble/lib:/usr/share/gazebo/../../lib/x86_64-linux-gnu/gazebo-11/plugins /usr/bin/cmake --install /home/awadh/zed_ws/build/zed_wrapper
[2.734s] DEBUG:colcon.colcon_core.event_handler.log_command:Invoked command in '/home/awadh/zed_ws/build/zed_rgb_convert' returned '0': CMAKE_PREFIX_PATH=/home/awadh/zed_ws/install/zed_components:/home/awadh/zed_ws/install/zed_interfaces:/home/awadh/gazebo_ws/install/yolov8_msgs:/home/awadh/gazebo_ws/install/yolobot_recognition:/home/awadh/gazebo_ws/install/yolobot_gazebo:/home/awadh/gazebo_ws/install/yolobot_description:/home/awadh/gazebo_ws/install/yolobot_control:/home/awadh/gazebo_ws/install/my_robot_bringup:/home/awadh/gazebo_ws/install/my_robot_description:/home/awadh/yolobot/install/yolov8_msgs:/home/awadh/yolobot/install/yolobot_recognition:/home/awadh/yolobot/install/yolobot_gazebo:/home/awadh/yolobot/install/yolobot_description:/home/awadh/yolobot/install/yolobot_control:/home/awadh/test2_ws/install/pcl_object_detection:/home/awadh/zed_ws/install/zed_ros2:/home/awadh/zed_ws/install/zed_robot_integration:/home/awadh/zed_ws/install/zed_multi_camera:/home/awadh/zed_ws/install/zed_display_rviz2:/home/awadh/zed_ws/install/zed_depth_to_laserscan:/home/awadh/zed_ws/install/zed_wrapper:/home/awadh/zed_ws/install/zed_tutorial_video:/home/awadh/zed_ws/install/zed_tutorial_pos_tracking:/home/awadh/zed_ws/install/zed_tutorial_depth:/home/awadh/zed_ws/install/zed_topic_benchmark:/home/awadh/zed_ws/install/zed_topic_benchmark_component:/home/awadh/zed_ws/install/zed_topic_benchmark_interfaces:/home/awadh/zed_ws/install/zed_rgb_convert:/home/awadh/zed_ws/install/zed_aruco_localization:/home/awadh/zed_ws/install/rviz_plugin_zed_od:/home/awadh/ouster_ws/install/ouster_ros:/home/awadh/ouster_ws/install/ouster_sensor_msgs:/home/awadh/ros2_ws/install/my_robot_bringup:/home/awadh/ros2_ws/install/turtlesim_project_cpp:/home/awadh/ros2_ws/install/my_cpp_pkg:/home/awadh/ros2_ws/install/my_robot_interfaces:/home/awadh/gazebo_ws/install/ultralytics_ros2:/home/awadh/depth_ws/install/depth_estimation:/home/awadh/ros2_ws/install/turtlesim_catch_them_all:/home/awadh/ros2_ws/install/my_py_pkg:/opt/ros/humble:/home/awadh/sick_tim_ws/install/sick_tim LD_LIBRARY_PATH=/home/awadh/zed_ws/install/zed_components/lib:/home/awadh/zed_ws/install/zed_interfaces/lib:/home/awadh/gazebo_ws/install/yolov8_msgs/lib:/home/awadh/yolobot/install/yolov8_msgs/lib:/home/awadh/test2_ws/install/pcl_object_detection/lib:/home/awadh/zed_ws/install/zed_topic_benchmark_component/lib:/home/awadh/zed_ws/install/zed_topic_benchmark_interfaces/lib:/home/awadh/zed_ws/install/zed_rgb_convert/lib:/home/awadh/zed_ws/install/zed_aruco_localization/lib:/home/awadh/zed_ws/install/rviz_plugin_zed_od/lib:/home/awadh/ouster_ws/install/ouster_ros/lib:/home/awadh/ouster_ws/install/ouster_sensor_msgs/lib:/home/awadh/ros2_ws/install/my_robot_interfaces/lib:/home/awadh/sick_tim_ws/install/sick_tim/lib:/usr/lib/x86_64-linux-gnu/gazebo-11/plugins:/opt/ros/humble/opt/rviz_ogre_vendor/lib:/opt/ros/humble/lib/x86_64-linux-gnu:/opt/ros/humble/lib:/usr/share/gazebo/../../lib/x86_64-linux-gnu/gazebo-11/plugins /usr/bin/cmake --build /home/awadh/zed_ws/build/zed_rgb_convert -- -j16 -l16
[2.737s] DEBUG:colcon.colcon_core.event_handler.log_command:Invoking command in '/home/awadh/zed_ws/build/zed_aruco_localization': CMAKE_PREFIX_PATH=/home/awadh/zed_ws/install/zed_components:/home/awadh/zed_ws/install/zed_interfaces:/home/awadh/gazebo_ws/install/yolov8_msgs:/home/awadh/gazebo_ws/install/yolobot_recognition:/home/awadh/gazebo_ws/install/yolobot_gazebo:/home/awadh/gazebo_ws/install/yolobot_description:/home/awadh/gazebo_ws/install/yolobot_control:/home/awadh/gazebo_ws/install/my_robot_bringup:/home/awadh/gazebo_ws/install/my_robot_description:/home/awadh/yolobot/install/yolov8_msgs:/home/awadh/yolobot/install/yolobot_recognition:/home/awadh/yolobot/install/yolobot_gazebo:/home/awadh/yolobot/install/yolobot_description:/home/awadh/yolobot/install/yolobot_control:/home/awadh/test2_ws/install/pcl_object_detection:/home/awadh/zed_ws/install/zed_ros2:/home/awadh/zed_ws/install/zed_robot_integration:/home/awadh/zed_ws/install/zed_multi_camera:/home/awadh/zed_ws/install/zed_display_rviz2:/home/awadh/zed_ws/install/zed_depth_to_laserscan:/home/awadh/zed_ws/install/zed_wrapper:/home/awadh/zed_ws/install/zed_tutorial_video:/home/awadh/zed_ws/install/zed_tutorial_pos_tracking:/home/awadh/zed_ws/install/zed_tutorial_depth:/home/awadh/zed_ws/install/zed_topic_benchmark:/home/awadh/zed_ws/install/zed_topic_benchmark_component:/home/awadh/zed_ws/install/zed_topic_benchmark_interfaces:/home/awadh/zed_ws/install/zed_rgb_convert:/home/awadh/zed_ws/install/zed_aruco_localization:/home/awadh/zed_ws/install/rviz_plugin_zed_od:/home/awadh/ouster_ws/install/ouster_ros:/home/awadh/ouster_ws/install/ouster_sensor_msgs:/home/awadh/ros2_ws/install/my_robot_bringup:/home/awadh/ros2_ws/install/turtlesim_project_cpp:/home/awadh/ros2_ws/install/my_cpp_pkg:/home/awadh/ros2_ws/install/my_robot_interfaces:/home/awadh/gazebo_ws/install/ultralytics_ros2:/home/awadh/depth_ws/install/depth_estimation:/home/awadh/ros2_ws/install/turtlesim_catch_them_all:/home/awadh/ros2_ws/install/my_py_pkg:/opt/ros/humble:/home/awadh/sick_tim_ws/install/sick_tim LD_LIBRARY_PATH=/home/awadh/zed_ws/install/zed_components/lib:/home/awadh/zed_ws/install/zed_interfaces/lib:/home/awadh/gazebo_ws/install/yolov8_msgs/lib:/home/awadh/yolobot/install/yolov8_msgs/lib:/home/awadh/test2_ws/install/pcl_object_detection/lib:/home/awadh/zed_ws/install/zed_topic_benchmark_component/lib:/home/awadh/zed_ws/install/zed_topic_benchmark_interfaces/lib:/home/awadh/zed_ws/install/zed_rgb_convert/lib:/home/awadh/zed_ws/install/zed_aruco_localization/lib:/home/awadh/zed_ws/install/rviz_plugin_zed_od/lib:/home/awadh/ouster_ws/install/ouster_ros/lib:/home/awadh/ouster_ws/install/ouster_sensor_msgs/lib:/home/awadh/ros2_ws/install/my_robot_interfaces/lib:/home/awadh/sick_tim_ws/install/sick_tim/lib:/usr/lib/x86_64-linux-gnu/gazebo-11/plugins:/opt/ros/humble/opt/rviz_ogre_vendor/lib:/opt/ros/humble/lib/x86_64-linux-gnu:/opt/ros/humble/lib:/usr/share/gazebo/../../lib/x86_64-linux-gnu/gazebo-11/plugins /usr/bin/cmake --install /home/awadh/zed_ws/build/zed_aruco_localization
[2.741s] Level 1:colcon.colcon_core.environment:create_environment_scripts_only(zed_wrapper)
[2.741s] Level 1:colcon.colcon_core.environment:checking '/home/awadh/zed_ws/install/zed_wrapper' for CMake module files
[2.742s] DEBUG:colcon.colcon_core.event_handler.log_command:Invoked command in '/home/awadh/zed_ws/build/zed_wrapper' returned '0': CMAKE_PREFIX_PATH=/home/awadh/zed_ws/install/zed_components:/home/awadh/zed_ws/install/zed_interfaces:/home/awadh/gazebo_ws/install/yolov8_msgs:/home/awadh/gazebo_ws/install/yolobot_recognition:/home/awadh/gazebo_ws/install/yolobot_gazebo:/home/awadh/gazebo_ws/install/yolobot_description:/home/awadh/gazebo_ws/install/yolobot_control:/home/awadh/gazebo_ws/install/my_robot_bringup:/home/awadh/gazebo_ws/install/my_robot_description:/home/awadh/yolobot/install/yolov8_msgs:/home/awadh/yolobot/install/yolobot_recognition:/home/awadh/yolobot/install/yolobot_gazebo:/home/awadh/yolobot/install/yolobot_description:/home/awadh/yolobot/install/yolobot_control:/home/awadh/test2_ws/install/pcl_object_detection:/home/awadh/zed_ws/install/zed_ros2:/home/awadh/zed_ws/install/zed_robot_integration:/home/awadh/zed_ws/install/zed_multi_camera:/home/awadh/zed_ws/install/zed_display_rviz2:/home/awadh/zed_ws/install/zed_depth_to_laserscan:/home/awadh/zed_ws/install/zed_wrapper:/home/awadh/zed_ws/install/zed_tutorial_video:/home/awadh/zed_ws/install/zed_tutorial_pos_tracking:/home/awadh/zed_ws/install/zed_tutorial_depth:/home/awadh/zed_ws/install/zed_topic_benchmark:/home/awadh/zed_ws/install/zed_topic_benchmark_component:/home/awadh/zed_ws/install/zed_topic_benchmark_interfaces:/home/awadh/zed_ws/install/zed_rgb_convert:/home/awadh/zed_ws/install/zed_aruco_localization:/home/awadh/zed_ws/install/rviz_plugin_zed_od:/home/awadh/ouster_ws/install/ouster_ros:/home/awadh/ouster_ws/install/ouster_sensor_msgs:/home/awadh/ros2_ws/install/my_robot_bringup:/home/awadh/ros2_ws/install/turtlesim_project_cpp:/home/awadh/ros2_ws/install/my_cpp_pkg:/home/awadh/ros2_ws/install/my_robot_interfaces:/home/awadh/gazebo_ws/install/ultralytics_ros2:/home/awadh/depth_ws/install/depth_estimation:/home/awadh/ros2_ws/install/turtlesim_catch_them_all:/home/awadh/ros2_ws/install/my_py_pkg:/opt/ros/humble:/home/awadh/sick_tim_ws/install/sick_tim LD_LIBRARY_PATH=/home/awadh/zed_ws/install/zed_components/lib:/home/awadh/zed_ws/install/zed_interfaces/lib:/home/awadh/gazebo_ws/install/yolov8_msgs/lib:/home/awadh/yolobot/install/yolov8_msgs/lib:/home/awadh/test2_ws/install/pcl_object_detection/lib:/home/awadh/zed_ws/install/zed_topic_benchmark_component/lib:/home/awadh/zed_ws/install/zed_topic_benchmark_interfaces/lib:/home/awadh/zed_ws/install/zed_rgb_convert/lib:/home/awadh/zed_ws/install/zed_aruco_localization/lib:/home/awadh/zed_ws/install/rviz_plugin_zed_od/lib:/home/awadh/ouster_ws/install/ouster_ros/lib:/home/awadh/ouster_ws/install/ouster_sensor_msgs/lib:/home/awadh/ros2_ws/install/my_robot_interfaces/lib:/home/awadh/sick_tim_ws/install/sick_tim/lib:/usr/lib/x86_64-linux-gnu/gazebo-11/plugins:/opt/ros/humble/opt/rviz_ogre_vendor/lib:/opt/ros/humble/lib/x86_64-linux-gnu:/opt/ros/humble/lib:/usr/share/gazebo/../../lib/x86_64-linux-gnu/gazebo-11/plugins /usr/bin/cmake --install /home/awadh/zed_ws/build/zed_wrapper
[2.742s] Level 1:colcon.colcon_core.environment:checking '/home/awadh/zed_ws/install/zed_wrapper' for CMake config files
[2.743s] Level 1:colcon.colcon_core.shell:create_environment_hook('zed_wrapper', 'cmake_prefix_path')
[2.743s] INFO:colcon.colcon_core.shell:Creating environment hook '/home/awadh/zed_ws/install/zed_wrapper/share/zed_wrapper/hook/cmake_prefix_path.ps1'
[2.743s] INFO:colcon.colcon_core.shell:Creating environment descriptor '/home/awadh/zed_ws/install/zed_wrapper/share/zed_wrapper/hook/cmake_prefix_path.dsv'
[2.744s] INFO:colcon.colcon_core.shell:Creating environment hook '/home/awadh/zed_ws/install/zed_wrapper/share/zed_wrapper/hook/cmake_prefix_path.sh'
[2.745s] Level 1:colcon.colcon_core.environment:checking '/home/awadh/zed_ws/install/zed_wrapper/lib'
[2.746s] Level 1:colcon.colcon_core.environment:checking '/home/awadh/zed_ws/install/zed_wrapper/bin'
[2.746s] Level 1:colcon.colcon_core.environment:checking '/home/awadh/zed_ws/install/zed_wrapper/lib/pkgconfig/zed_wrapper.pc'
[2.746s] Level 1:colcon.colcon_core.environment:checking '/home/awadh/zed_ws/install/zed_wrapper/lib/python3.10/site-packages'
[2.746s] Level 1:colcon.colcon_core.environment:checking '/home/awadh/zed_ws/install/zed_wrapper/bin'
[2.746s] INFO:colcon.colcon_core.shell:Creating package script '/home/awadh/zed_ws/install/zed_wrapper/share/zed_wrapper/package.ps1'
[2.746s] INFO:colcon.colcon_core.shell:Creating package descriptor '/home/awadh/zed_ws/install/zed_wrapper/share/zed_wrapper/package.dsv'
[2.747s] INFO:colcon.colcon_core.shell:Creating package script '/home/awadh/zed_ws/install/zed_wrapper/share/zed_wrapper/package.sh'
[2.747s] INFO:colcon.colcon_core.shell:Creating package script '/home/awadh/zed_ws/install/zed_wrapper/share/zed_wrapper/package.bash'
[2.747s] INFO:colcon.colcon_core.shell:Creating package script '/home/awadh/zed_ws/install/zed_wrapper/share/zed_wrapper/package.zsh'
[2.748s] Level 1:colcon.colcon_core.environment:create_file_with_runtime_dependencies(/home/awadh/zed_ws/install/zed_wrapper/share/colcon-core/packages/zed_wrapper)
[2.749s] Level 1:colcon.colcon_core.environment:create_environment_scripts_only(zed_aruco_localization)
[2.749s] Level 1:colcon.colcon_core.environment:checking '/home/awadh/zed_ws/install/zed_aruco_localization' for CMake module files
[2.749s] DEBUG:colcon.colcon_core.event_handler.log_command:Invoked command in '/home/awadh/zed_ws/build/zed_aruco_localization' returned '0': CMAKE_PREFIX_PATH=/home/awadh/zed_ws/install/zed_components:/home/awadh/zed_ws/install/zed_interfaces:/home/awadh/gazebo_ws/install/yolov8_msgs:/home/awadh/gazebo_ws/install/yolobot_recognition:/home/awadh/gazebo_ws/install/yolobot_gazebo:/home/awadh/gazebo_ws/install/yolobot_description:/home/awadh/gazebo_ws/install/yolobot_control:/home/awadh/gazebo_ws/install/my_robot_bringup:/home/awadh/gazebo_ws/install/my_robot_description:/home/awadh/yolobot/install/yolov8_msgs:/home/awadh/yolobot/install/yolobot_recognition:/home/awadh/yolobot/install/yolobot_gazebo:/home/awadh/yolobot/install/yolobot_description:/home/awadh/yolobot/install/yolobot_control:/home/awadh/test2_ws/install/pcl_object_detection:/home/awadh/zed_ws/install/zed_ros2:/home/awadh/zed_ws/install/zed_robot_integration:/home/awadh/zed_ws/install/zed_multi_camera:/home/awadh/zed_ws/install/zed_display_rviz2:/home/awadh/zed_ws/install/zed_depth_to_laserscan:/home/awadh/zed_ws/install/zed_wrapper:/home/awadh/zed_ws/install/zed_tutorial_video:/home/awadh/zed_ws/install/zed_tutorial_pos_tracking:/home/awadh/zed_ws/install/zed_tutorial_depth:/home/awadh/zed_ws/install/zed_topic_benchmark:/home/awadh/zed_ws/install/zed_topic_benchmark_component:/home/awadh/zed_ws/install/zed_topic_benchmark_interfaces:/home/awadh/zed_ws/install/zed_rgb_convert:/home/awadh/zed_ws/install/zed_aruco_localization:/home/awadh/zed_ws/install/rviz_plugin_zed_od:/home/awadh/ouster_ws/install/ouster_ros:/home/awadh/ouster_ws/install/ouster_sensor_msgs:/home/awadh/ros2_ws/install/my_robot_bringup:/home/awadh/ros2_ws/install/turtlesim_project_cpp:/home/awadh/ros2_ws/install/my_cpp_pkg:/home/awadh/ros2_ws/install/my_robot_interfaces:/home/awadh/gazebo_ws/install/ultralytics_ros2:/home/awadh/depth_ws/install/depth_estimation:/home/awadh/ros2_ws/install/turtlesim_catch_them_all:/home/awadh/ros2_ws/install/my_py_pkg:/opt/ros/humble:/home/awadh/sick_tim_ws/install/sick_tim LD_LIBRARY_PATH=/home/awadh/zed_ws/install/zed_components/lib:/home/awadh/zed_ws/install/zed_interfaces/lib:/home/awadh/gazebo_ws/install/yolov8_msgs/lib:/home/awadh/yolobot/install/yolov8_msgs/lib:/home/awadh/test2_ws/install/pcl_object_detection/lib:/home/awadh/zed_ws/install/zed_topic_benchmark_component/lib:/home/awadh/zed_ws/install/zed_topic_benchmark_interfaces/lib:/home/awadh/zed_ws/install/zed_rgb_convert/lib:/home/awadh/zed_ws/install/zed_aruco_localization/lib:/home/awadh/zed_ws/install/rviz_plugin_zed_od/lib:/home/awadh/ouster_ws/install/ouster_ros/lib:/home/awadh/ouster_ws/install/ouster_sensor_msgs/lib:/home/awadh/ros2_ws/install/my_robot_interfaces/lib:/home/awadh/sick_tim_ws/install/sick_tim/lib:/usr/lib/x86_64-linux-gnu/gazebo-11/plugins:/opt/ros/humble/opt/rviz_ogre_vendor/lib:/opt/ros/humble/lib/x86_64-linux-gnu:/opt/ros/humble/lib:/usr/share/gazebo/../../lib/x86_64-linux-gnu/gazebo-11/plugins /usr/bin/cmake --install /home/awadh/zed_ws/build/zed_aruco_localization
[2.749s] Level 1:colcon.colcon_core.environment:checking '/home/awadh/zed_ws/install/zed_aruco_localization' for CMake config files
[2.750s] Level 1:colcon.colcon_core.shell:create_environment_hook('zed_aruco_localization', 'cmake_prefix_path')
[2.750s] INFO:colcon.colcon_core.shell:Creating environment hook '/home/awadh/zed_ws/install/zed_aruco_localization/share/zed_aruco_localization/hook/cmake_prefix_path.ps1'
[2.750s] INFO:colcon.colcon_core.shell:Creating environment descriptor '/home/awadh/zed_ws/install/zed_aruco_localization/share/zed_aruco_localization/hook/cmake_prefix_path.dsv'
[2.750s] INFO:colcon.colcon_core.shell:Creating environment hook '/home/awadh/zed_ws/install/zed_aruco_localization/share/zed_aruco_localization/hook/cmake_prefix_path.sh'
[2.750s] Level 1:colcon.colcon_core.environment:checking '/home/awadh/zed_ws/install/zed_aruco_localization/lib'
[2.751s] Level 1:colcon.colcon_core.shell:create_environment_hook('zed_aruco_localization', 'ld_library_path_lib')
[2.751s] INFO:colcon.colcon_core.shell:Creating environment hook '/home/awadh/zed_ws/install/zed_aruco_localization/share/zed_aruco_localization/hook/ld_library_path_lib.ps1'
[2.751s] INFO:colcon.colcon_core.shell:Creating environment descriptor '/home/awadh/zed_ws/install/zed_aruco_localization/share/zed_aruco_localization/hook/ld_library_path_lib.dsv'
[2.751s] INFO:colcon.colcon_core.shell:Creating environment hook '/home/awadh/zed_ws/install/zed_aruco_localization/share/zed_aruco_localization/hook/ld_library_path_lib.sh'
[2.751s] Level 1:colcon.colcon_core.environment:checking '/home/awadh/zed_ws/install/zed_aruco_localization/bin'
[2.751s] Level 1:colcon.colcon_core.environment:checking '/home/awadh/zed_ws/install/zed_aruco_localization/lib/pkgconfig/zed_aruco_localization.pc'
[2.751s] Level 1:colcon.colcon_core.environment:checking '/home/awadh/zed_ws/install/zed_aruco_localization/lib/python3.10/site-packages'
[2.751s] Level 1:colcon.colcon_core.environment:checking '/home/awadh/zed_ws/install/zed_aruco_localization/bin'
[2.752s] INFO:colcon.colcon_core.shell:Creating package script '/home/awadh/zed_ws/install/zed_aruco_localization/share/zed_aruco_localization/package.ps1'
[2.752s] INFO:colcon.colcon_core.shell:Creating package descriptor '/home/awadh/zed_ws/install/zed_aruco_localization/share/zed_aruco_localization/package.dsv'
[2.752s] INFO:colcon.colcon_core.shell:Creating package script '/home/awadh/zed_ws/install/zed_aruco_localization/share/zed_aruco_localization/package.sh'
[2.752s] INFO:colcon.colcon_core.shell:Creating package script '/home/awadh/zed_ws/install/zed_aruco_localization/share/zed_aruco_localization/package.bash'
[2.752s] INFO:colcon.colcon_core.shell:Creating package script '/home/awadh/zed_ws/install/zed_aruco_localization/share/zed_aruco_localization/package.zsh'
[2.753s] Level 1:colcon.colcon_core.environment:create_file_with_runtime_dependencies(/home/awadh/zed_ws/install/zed_aruco_localization/share/colcon-core/packages/zed_aruco_localization)
[2.763s] DEBUG:colcon.colcon_core.event_handler.log_command:Invoking command in '/home/awadh/zed_ws/build/zed_rgb_convert': CMAKE_PREFIX_PATH=/home/awadh/zed_ws/install/zed_components:/home/awadh/zed_ws/install/zed_interfaces:/home/awadh/gazebo_ws/install/yolov8_msgs:/home/awadh/gazebo_ws/install/yolobot_recognition:/home/awadh/gazebo_ws/install/yolobot_gazebo:/home/awadh/gazebo_ws/install/yolobot_description:/home/awadh/gazebo_ws/install/yolobot_control:/home/awadh/gazebo_ws/install/my_robot_bringup:/home/awadh/gazebo_ws/install/my_robot_description:/home/awadh/yolobot/install/yolov8_msgs:/home/awadh/yolobot/install/yolobot_recognition:/home/awadh/yolobot/install/yolobot_gazebo:/home/awadh/yolobot/install/yolobot_description:/home/awadh/yolobot/install/yolobot_control:/home/awadh/test2_ws/install/pcl_object_detection:/home/awadh/zed_ws/install/zed_ros2:/home/awadh/zed_ws/install/zed_robot_integration:/home/awadh/zed_ws/install/zed_multi_camera:/home/awadh/zed_ws/install/zed_display_rviz2:/home/awadh/zed_ws/install/zed_depth_to_laserscan:/home/awadh/zed_ws/install/zed_wrapper:/home/awadh/zed_ws/install/zed_tutorial_video:/home/awadh/zed_ws/install/zed_tutorial_pos_tracking:/home/awadh/zed_ws/install/zed_tutorial_depth:/home/awadh/zed_ws/install/zed_topic_benchmark:/home/awadh/zed_ws/install/zed_topic_benchmark_component:/home/awadh/zed_ws/install/zed_topic_benchmark_interfaces:/home/awadh/zed_ws/install/zed_rgb_convert:/home/awadh/zed_ws/install/zed_aruco_localization:/home/awadh/zed_ws/install/rviz_plugin_zed_od:/home/awadh/ouster_ws/install/ouster_ros:/home/awadh/ouster_ws/install/ouster_sensor_msgs:/home/awadh/ros2_ws/install/my_robot_bringup:/home/awadh/ros2_ws/install/turtlesim_project_cpp:/home/awadh/ros2_ws/install/my_cpp_pkg:/home/awadh/ros2_ws/install/my_robot_interfaces:/home/awadh/gazebo_ws/install/ultralytics_ros2:/home/awadh/depth_ws/install/depth_estimation:/home/awadh/ros2_ws/install/turtlesim_catch_them_all:/home/awadh/ros2_ws/install/my_py_pkg:/opt/ros/humble:/home/awadh/sick_tim_ws/install/sick_tim LD_LIBRARY_PATH=/home/awadh/zed_ws/install/zed_components/lib:/home/awadh/zed_ws/install/zed_interfaces/lib:/home/awadh/gazebo_ws/install/yolov8_msgs/lib:/home/awadh/yolobot/install/yolov8_msgs/lib:/home/awadh/test2_ws/install/pcl_object_detection/lib:/home/awadh/zed_ws/install/zed_topic_benchmark_component/lib:/home/awadh/zed_ws/install/zed_topic_benchmark_interfaces/lib:/home/awadh/zed_ws/install/zed_rgb_convert/lib:/home/awadh/zed_ws/install/zed_aruco_localization/lib:/home/awadh/zed_ws/install/rviz_plugin_zed_od/lib:/home/awadh/ouster_ws/install/ouster_ros/lib:/home/awadh/ouster_ws/install/ouster_sensor_msgs/lib:/home/awadh/ros2_ws/install/my_robot_interfaces/lib:/home/awadh/sick_tim_ws/install/sick_tim/lib:/usr/lib/x86_64-linux-gnu/gazebo-11/plugins:/opt/ros/humble/opt/rviz_ogre_vendor/lib:/opt/ros/humble/lib/x86_64-linux-gnu:/opt/ros/humble/lib:/usr/share/gazebo/../../lib/x86_64-linux-gnu/gazebo-11/plugins /usr/bin/cmake --install /home/awadh/zed_ws/build/zed_rgb_convert
[2.772s] Level 1:colcon.colcon_core.environment:create_environment_scripts_only(zed_rgb_convert)
[2.772s] Level 1:colcon.colcon_core.environment:checking '/home/awadh/zed_ws/install/zed_rgb_convert' for CMake module files
[2.773s] DEBUG:colcon.colcon_core.event_handler.log_command:Invoked command in '/home/awadh/zed_ws/build/zed_rgb_convert' returned '0': CMAKE_PREFIX_PATH=/home/awadh/zed_ws/install/zed_components:/home/awadh/zed_ws/install/zed_interfaces:/home/awadh/gazebo_ws/install/yolov8_msgs:/home/awadh/gazebo_ws/install/yolobot_recognition:/home/awadh/gazebo_ws/install/yolobot_gazebo:/home/awadh/gazebo_ws/install/yolobot_description:/home/awadh/gazebo_ws/install/yolobot_control:/home/awadh/gazebo_ws/install/my_robot_bringup:/home/awadh/gazebo_ws/install/my_robot_description:/home/awadh/yolobot/install/yolov8_msgs:/home/awadh/yolobot/install/yolobot_recognition:/home/awadh/yolobot/install/yolobot_gazebo:/home/awadh/yolobot/install/yolobot_description:/home/awadh/yolobot/install/yolobot_control:/home/awadh/test2_ws/install/pcl_object_detection:/home/awadh/zed_ws/install/zed_ros2:/home/awadh/zed_ws/install/zed_robot_integration:/home/awadh/zed_ws/install/zed_multi_camera:/home/awadh/zed_ws/install/zed_display_rviz2:/home/awadh/zed_ws/install/zed_depth_to_laserscan:/home/awadh/zed_ws/install/zed_wrapper:/home/awadh/zed_ws/install/zed_tutorial_video:/home/awadh/zed_ws/install/zed_tutorial_pos_tracking:/home/awadh/zed_ws/install/zed_tutorial_depth:/home/awadh/zed_ws/install/zed_topic_benchmark:/home/awadh/zed_ws/install/zed_topic_benchmark_component:/home/awadh/zed_ws/install/zed_topic_benchmark_interfaces:/home/awadh/zed_ws/install/zed_rgb_convert:/home/awadh/zed_ws/install/zed_aruco_localization:/home/awadh/zed_ws/install/rviz_plugin_zed_od:/home/awadh/ouster_ws/install/ouster_ros:/home/awadh/ouster_ws/install/ouster_sensor_msgs:/home/awadh/ros2_ws/install/my_robot_bringup:/home/awadh/ros2_ws/install/turtlesim_project_cpp:/home/awadh/ros2_ws/install/my_cpp_pkg:/home/awadh/ros2_ws/install/my_robot_interfaces:/home/awadh/gazebo_ws/install/ultralytics_ros2:/home/awadh/depth_ws/install/depth_estimation:/home/awadh/ros2_ws/install/turtlesim_catch_them_all:/home/awadh/ros2_ws/install/my_py_pkg:/opt/ros/humble:/home/awadh/sick_tim_ws/install/sick_tim LD_LIBRARY_PATH=/home/awadh/zed_ws/install/zed_components/lib:/home/awadh/zed_ws/install/zed_interfaces/lib:/home/awadh/gazebo_ws/install/yolov8_msgs/lib:/home/awadh/yolobot/install/yolov8_msgs/lib:/home/awadh/test2_ws/install/pcl_object_detection/lib:/home/awadh/zed_ws/install/zed_topic_benchmark_component/lib:/home/awadh/zed_ws/install/zed_topic_benchmark_interfaces/lib:/home/awadh/zed_ws/install/zed_rgb_convert/lib:/home/awadh/zed_ws/install/zed_aruco_localization/lib:/home/awadh/zed_ws/install/rviz_plugin_zed_od/lib:/home/awadh/ouster_ws/install/ouster_ros/lib:/home/awadh/ouster_ws/install/ouster_sensor_msgs/lib:/home/awadh/ros2_ws/install/my_robot_interfaces/lib:/home/awadh/sick_tim_ws/install/sick_tim/lib:/usr/lib/x86_64-linux-gnu/gazebo-11/plugins:/opt/ros/humble/opt/rviz_ogre_vendor/lib:/opt/ros/humble/lib/x86_64-linux-gnu:/opt/ros/humble/lib:/usr/share/gazebo/../../lib/x86_64-linux-gnu/gazebo-11/plugins /usr/bin/cmake --install /home/awadh/zed_ws/build/zed_rgb_convert
[2.773s] Level 1:colcon.colcon_core.environment:checking '/home/awadh/zed_ws/install/zed_rgb_convert' for CMake config files
[2.773s] Level 1:colcon.colcon_core.shell:create_environment_hook('zed_rgb_convert', 'cmake_prefix_path')
[2.773s] INFO:colcon.colcon_core.shell:Creating environment hook '/home/awadh/zed_ws/install/zed_rgb_convert/share/zed_rgb_convert/hook/cmake_prefix_path.ps1'
[2.773s] INFO:colcon.colcon_core.shell:Creating environment descriptor '/home/awadh/zed_ws/install/zed_rgb_convert/share/zed_rgb_convert/hook/cmake_prefix_path.dsv'
[2.774s] INFO:colcon.colcon_core.shell:Creating environment hook '/home/awadh/zed_ws/install/zed_rgb_convert/share/zed_rgb_convert/hook/cmake_prefix_path.sh'
[2.774s] Level 1:colcon.colcon_core.environment:checking '/home/awadh/zed_ws/install/zed_rgb_convert/lib'
[2.774s] Level 1:colcon.colcon_core.shell:create_environment_hook('zed_rgb_convert', 'ld_library_path_lib')
[2.774s] INFO:colcon.colcon_core.shell:Creating environment hook '/home/awadh/zed_ws/install/zed_rgb_convert/share/zed_rgb_convert/hook/ld_library_path_lib.ps1'
[2.774s] INFO:colcon.colcon_core.shell:Creating environment descriptor '/home/awadh/zed_ws/install/zed_rgb_convert/share/zed_rgb_convert/hook/ld_library_path_lib.dsv'
[2.775s] INFO:colcon.colcon_core.shell:Creating environment hook '/home/awadh/zed_ws/install/zed_rgb_convert/share/zed_rgb_convert/hook/ld_library_path_lib.sh'
[2.775s] Level 1:colcon.colcon_core.environment:checking '/home/awadh/zed_ws/install/zed_rgb_convert/bin'
[2.775s] Level 1:colcon.colcon_core.environment:checking '/home/awadh/zed_ws/install/zed_rgb_convert/lib/pkgconfig/zed_rgb_convert.pc'
[2.775s] Level 1:colcon.colcon_core.environment:checking '/home/awadh/zed_ws/install/zed_rgb_convert/lib/python3.10/site-packages'
[2.775s] Level 1:colcon.colcon_core.environment:checking '/home/awadh/zed_ws/install/zed_rgb_convert/bin'
[2.775s] INFO:colcon.colcon_core.shell:Creating package script '/home/awadh/zed_ws/install/zed_rgb_convert/share/zed_rgb_convert/package.ps1'
[2.776s] INFO:colcon.colcon_core.shell:Creating package descriptor '/home/awadh/zed_ws/install/zed_rgb_convert/share/zed_rgb_convert/package.dsv'
[2.776s] INFO:colcon.colcon_core.shell:Creating package script '/home/awadh/zed_ws/install/zed_rgb_convert/share/zed_rgb_convert/package.sh'
[2.776s] INFO:colcon.colcon_core.shell:Creating package script '/home/awadh/zed_ws/install/zed_rgb_convert/share/zed_rgb_convert/package.bash'
[2.776s] INFO:colcon.colcon_core.shell:Creating package script '/home/awadh/zed_ws/install/zed_rgb_convert/share/zed_rgb_convert/package.zsh'
[2.776s] Level 1:colcon.colcon_core.environment:create_file_with_runtime_dependencies(/home/awadh/zed_ws/install/zed_rgb_convert/share/colcon-core/packages/zed_rgb_convert)
[2.777s] Level 1:colcon.colcon_core.environment:create_environment_scripts_only(zed_wrapper)
[2.777s] Level 1:colcon.colcon_core.environment:checking '/home/awadh/zed_ws/install/zed_wrapper' for CMake module files
[2.778s] Level 1:colcon.colcon_core.environment:checking '/home/awadh/zed_ws/install/zed_wrapper' for CMake config files
[2.778s] Level 1:colcon.colcon_core.shell:create_environment_hook('zed_wrapper', 'cmake_prefix_path')
[2.778s] INFO:colcon.colcon_core.shell:Creating environment hook '/home/awadh/zed_ws/install/zed_wrapper/share/zed_wrapper/hook/cmake_prefix_path.ps1'
[2.778s] INFO:colcon.colcon_core.shell:Creating environment descriptor '/home/awadh/zed_ws/install/zed_wrapper/share/zed_wrapper/hook/cmake_prefix_path.dsv'
[2.778s] INFO:colcon.colcon_core.shell:Creating environment hook '/home/awadh/zed_ws/install/zed_wrapper/share/zed_wrapper/hook/cmake_prefix_path.sh'
[2.779s] Level 1:colcon.colcon_core.environment:checking '/home/awadh/zed_ws/install/zed_wrapper/lib'
[2.779s] Level 1:colcon.colcon_core.environment:checking '/home/awadh/zed_ws/install/zed_wrapper/bin'
[2.779s] Level 1:colcon.colcon_core.environment:checking '/home/awadh/zed_ws/install/zed_wrapper/lib/pkgconfig/zed_wrapper.pc'
[2.779s] Level 1:colcon.colcon_core.environment:checking '/home/awadh/zed_ws/install/zed_wrapper/lib/python3.10/site-packages'
[2.779s] Level 1:colcon.colcon_core.environment:checking '/home/awadh/zed_ws/install/zed_wrapper/bin'
[2.779s] INFO:colcon.colcon_core.shell:Creating package script '/home/awadh/zed_ws/install/zed_wrapper/share/zed_wrapper/package.ps1'
[2.780s] INFO:colcon.colcon_core.shell:Creating package descriptor '/home/awadh/zed_ws/install/zed_wrapper/share/zed_wrapper/package.dsv'
[2.780s] INFO:colcon.colcon_core.shell:Creating package script '/home/awadh/zed_ws/install/zed_wrapper/share/zed_wrapper/package.sh'
[2.780s] INFO:colcon.colcon_core.shell:Creating package script '/home/awadh/zed_ws/install/zed_wrapper/share/zed_wrapper/package.bash'
[2.780s] INFO:colcon.colcon_core.shell:Creating package script '/home/awadh/zed_ws/install/zed_wrapper/share/zed_wrapper/package.zsh'
[2.781s] Level 1:colcon.colcon_core.environment:create_file_with_runtime_dependencies(/home/awadh/zed_ws/install/zed_wrapper/share/colcon-core/packages/zed_wrapper)
[2.781s] INFO:colcon.colcon_ros.task.ament_cmake.build:Building ROS package in '/home/awadh/zed_ws/src/zed-ros2-examples/examples/zed_depth_to_laserscan' with build type 'ament_cmake'
[2.781s] INFO:colcon.colcon_cmake.task.cmake.build:Building CMake package in '/home/awadh/zed_ws/src/zed-ros2-examples/examples/zed_depth_to_laserscan'
[2.781s] INFO:colcon.colcon_core.shell:Skip shell extension 'powershell' for command environment: Not usable outside of PowerShell
[2.781s] DEBUG:colcon.colcon_core.shell:Skip shell extension 'dsv' for command environment
[2.786s] INFO:colcon.colcon_ros.task.ament_cmake.build:Building ROS package in '/home/awadh/zed_ws/src/zed-ros2-examples/zed_display_rviz2' with build type 'ament_cmake'
[2.787s] INFO:colcon.colcon_cmake.task.cmake.build:Building CMake package in '/home/awadh/zed_ws/src/zed-ros2-examples/zed_display_rviz2'
[2.787s] INFO:colcon.colcon_core.shell:Skip shell extension 'powershell' for command environment: Not usable outside of PowerShell
[2.787s] DEBUG:colcon.colcon_core.shell:Skip shell extension 'dsv' for command environment
[2.792s] INFO:colcon.colcon_ros.task.ament_cmake.build:Building ROS package in '/home/awadh/zed_ws/src/zed-ros2-examples/tutorials/zed_multi_camera' with build type 'ament_cmake'
[2.792s] INFO:colcon.colcon_cmake.task.cmake.build:Building CMake package in '/home/awadh/zed_ws/src/zed-ros2-examples/tutorials/zed_multi_camera'
[2.792s] INFO:colcon.colcon_core.shell:Skip shell extension 'powershell' for command environment: Not usable outside of PowerShell
[2.792s] DEBUG:colcon.colcon_core.shell:Skip shell extension 'dsv' for command environment
[2.798s] INFO:colcon.colcon_ros.task.ament_cmake.build:Building ROS package in '/home/awadh/zed_ws/src/zed-ros2-examples/tutorials/zed_robot_integration' with build type 'ament_cmake'
[2.798s] INFO:colcon.colcon_cmake.task.cmake.build:Building CMake package in '/home/awadh/zed_ws/src/zed-ros2-examples/tutorials/zed_robot_integration'
[2.798s] INFO:colcon.colcon_core.shell:Skip shell extension 'powershell' for command environment: Not usable outside of PowerShell
[2.798s] DEBUG:colcon.colcon_core.shell:Skip shell extension 'dsv' for command environment
[2.803s] INFO:colcon.colcon_ros.task.ament_cmake.build:Building ROS package in '/home/awadh/zed_ws/src/zed-ros2-wrapper/zed_ros2' with build type 'ament_cmake'
[2.804s] INFO:colcon.colcon_cmake.task.cmake.build:Building CMake package in '/home/awadh/zed_ws/src/zed-ros2-wrapper/zed_ros2'
[2.804s] INFO:colcon.colcon_core.shell:Skip shell extension 'powershell' for command environment: Not usable outside of PowerShell
[2.804s] DEBUG:colcon.colcon_core.shell:Skip shell extension 'dsv' for command environment
[2.810s] Level 1:colcon.colcon_core.environment:create_environment_scripts_only(zed_aruco_localization)
[2.810s] Level 1:colcon.colcon_core.environment:checking '/home/awadh/zed_ws/install/zed_aruco_localization' for CMake module files
[2.810s] Level 1:colcon.colcon_core.environment:checking '/home/awadh/zed_ws/install/zed_aruco_localization' for CMake config files
[2.810s] Level 1:colcon.colcon_core.shell:create_environment_hook('zed_aruco_localization', 'cmake_prefix_path')
[2.810s] INFO:colcon.colcon_core.shell:Creating environment hook '/home/awadh/zed_ws/install/zed_aruco_localization/share/zed_aruco_localization/hook/cmake_prefix_path.ps1'
[2.811s] INFO:colcon.colcon_core.shell:Creating environment descriptor '/home/awadh/zed_ws/install/zed_aruco_localization/share/zed_aruco_localization/hook/cmake_prefix_path.dsv'
[2.811s] INFO:colcon.colcon_core.shell:Creating environment hook '/home/awadh/zed_ws/install/zed_aruco_localization/share/zed_aruco_localization/hook/cmake_prefix_path.sh'
[2.811s] Level 1:colcon.colcon_core.environment:checking '/home/awadh/zed_ws/install/zed_aruco_localization/lib'
[2.811s] Level 1:colcon.colcon_core.shell:create_environment_hook('zed_aruco_localization', 'ld_library_path_lib')
[2.811s] INFO:colcon.colcon_core.shell:Creating environment hook '/home/awadh/zed_ws/install/zed_aruco_localization/share/zed_aruco_localization/hook/ld_library_path_lib.ps1'
[2.811s] INFO:colcon.colcon_core.shell:Creating environment descriptor '/home/awadh/zed_ws/install/zed_aruco_localization/share/zed_aruco_localization/hook/ld_library_path_lib.dsv'
[2.812s] INFO:colcon.colcon_core.shell:Creating environment hook '/home/awadh/zed_ws/install/zed_aruco_localization/share/zed_aruco_localization/hook/ld_library_path_lib.sh'
[2.812s] Level 1:colcon.colcon_core.environment:checking '/home/awadh/zed_ws/install/zed_aruco_localization/bin'
[2.812s] Level 1:colcon.colcon_core.environment:checking '/home/awadh/zed_ws/install/zed_aruco_localization/lib/pkgconfig/zed_aruco_localization.pc'
[2.812s] Level 1:colcon.colcon_core.environment:checking '/home/awadh/zed_ws/install/zed_aruco_localization/lib/python3.10/site-packages'
[2.812s] Level 1:colcon.colcon_core.environment:checking '/home/awadh/zed_ws/install/zed_aruco_localization/bin'
[2.812s] INFO:colcon.colcon_core.shell:Creating package script '/home/awadh/zed_ws/install/zed_aruco_localization/share/zed_aruco_localization/package.ps1'
[2.813s] INFO:colcon.colcon_core.shell:Creating package descriptor '/home/awadh/zed_ws/install/zed_aruco_localization/share/zed_aruco_localization/package.dsv'
[2.813s] INFO:colcon.colcon_core.shell:Creating package script '/home/awadh/zed_ws/install/zed_aruco_localization/share/zed_aruco_localization/package.sh'
[2.813s] INFO:colcon.colcon_core.shell:Creating package script '/home/awadh/zed_ws/install/zed_aruco_localization/share/zed_aruco_localization/package.bash'
[2.813s] INFO:colcon.colcon_core.shell:Creating package script '/home/awadh/zed_ws/install/zed_aruco_localization/share/zed_aruco_localization/package.zsh'
[2.813s] Level 1:colcon.colcon_core.environment:create_file_with_runtime_dependencies(/home/awadh/zed_ws/install/zed_aruco_localization/share/colcon-core/packages/zed_aruco_localization)
[2.814s] Level 1:colcon.colcon_core.environment:create_environment_scripts_only(zed_rgb_convert)
[2.814s] Level 1:colcon.colcon_core.environment:checking '/home/awadh/zed_ws/install/zed_rgb_convert' for CMake module files
[2.815s] Level 1:colcon.colcon_core.environment:checking '/home/awadh/zed_ws/install/zed_rgb_convert' for CMake config files
[2.815s] Level 1:colcon.colcon_core.shell:create_environment_hook('zed_rgb_convert', 'cmake_prefix_path')
[2.815s] INFO:colcon.colcon_core.shell:Creating environment hook '/home/awadh/zed_ws/install/zed_rgb_convert/share/zed_rgb_convert/hook/cmake_prefix_path.ps1'
[2.815s] INFO:colcon.colcon_core.shell:Creating environment descriptor '/home/awadh/zed_ws/install/zed_rgb_convert/share/zed_rgb_convert/hook/cmake_prefix_path.dsv'
[2.815s] INFO:colcon.colcon_core.shell:Creating environment hook '/home/awadh/zed_ws/install/zed_rgb_convert/share/zed_rgb_convert/hook/cmake_prefix_path.sh'
[2.815s] Level 1:colcon.colcon_core.environment:checking '/home/awadh/zed_ws/install/zed_rgb_convert/lib'
[2.815s] Level 1:colcon.colcon_core.shell:create_environment_hook('zed_rgb_convert', 'ld_library_path_lib')
[2.816s] INFO:colcon.colcon_core.shell:Creating environment hook '/home/awadh/zed_ws/install/zed_rgb_convert/share/zed_rgb_convert/hook/ld_library_path_lib.ps1'
[2.816s] INFO:colcon.colcon_core.shell:Creating environment descriptor '/home/awadh/zed_ws/install/zed_rgb_convert/share/zed_rgb_convert/hook/ld_library_path_lib.dsv'
[2.816s] INFO:colcon.colcon_core.shell:Creating environment hook '/home/awadh/zed_ws/install/zed_rgb_convert/share/zed_rgb_convert/hook/ld_library_path_lib.sh'
[2.816s] Level 1:colcon.colcon_core.environment:checking '/home/awadh/zed_ws/install/zed_rgb_convert/bin'
[2.816s] Level 1:colcon.colcon_core.environment:checking '/home/awadh/zed_ws/install/zed_rgb_convert/lib/pkgconfig/zed_rgb_convert.pc'
[2.816s] Level 1:colcon.colcon_core.environment:checking '/home/awadh/zed_ws/install/zed_rgb_convert/lib/python3.10/site-packages'
[2.816s] Level 1:colcon.colcon_core.environment:checking '/home/awadh/zed_ws/install/zed_rgb_convert/bin'
[2.817s] INFO:colcon.colcon_core.shell:Creating package script '/home/awadh/zed_ws/install/zed_rgb_convert/share/zed_rgb_convert/package.ps1'
[2.817s] INFO:colcon.colcon_core.shell:Creating package descriptor '/home/awadh/zed_ws/install/zed_rgb_convert/share/zed_rgb_convert/package.dsv'
[2.817s] INFO:colcon.colcon_core.shell:Creating package script '/home/awadh/zed_ws/install/zed_rgb_convert/share/zed_rgb_convert/package.sh'
[2.817s] INFO:colcon.colcon_core.shell:Creating package script '/home/awadh/zed_ws/install/zed_rgb_convert/share/zed_rgb_convert/package.bash'
[2.817s] INFO:colcon.colcon_core.shell:Creating package script '/home/awadh/zed_ws/install/zed_rgb_convert/share/zed_rgb_convert/package.zsh'
[2.818s] Level 1:colcon.colcon_core.environment:create_file_with_runtime_dependencies(/home/awadh/zed_ws/install/zed_rgb_convert/share/colcon-core/packages/zed_rgb_convert)
[2.820s] DEBUG:colcon.colcon_core.event_handler.log_command:Invoking command in '/home/awadh/zed_ws/build/zed_depth_to_laserscan': CMAKE_PREFIX_PATH=/home/awadh/zed_ws/install/zed_wrapper:/home/awadh/zed_ws/install/zed_components:/home/awadh/zed_ws/install/zed_interfaces:/home/awadh/gazebo_ws/install/yolov8_msgs:/home/awadh/gazebo_ws/install/yolobot_recognition:/home/awadh/gazebo_ws/install/yolobot_gazebo:/home/awadh/gazebo_ws/install/yolobot_description:/home/awadh/gazebo_ws/install/yolobot_control:/home/awadh/gazebo_ws/install/my_robot_bringup:/home/awadh/gazebo_ws/install/my_robot_description:/home/awadh/yolobot/install/yolov8_msgs:/home/awadh/yolobot/install/yolobot_recognition:/home/awadh/yolobot/install/yolobot_gazebo:/home/awadh/yolobot/install/yolobot_description:/home/awadh/yolobot/install/yolobot_control:/home/awadh/test2_ws/install/pcl_object_detection:/home/awadh/zed_ws/install/zed_ros2:/home/awadh/zed_ws/install/zed_robot_integration:/home/awadh/zed_ws/install/zed_multi_camera:/home/awadh/zed_ws/install/zed_display_rviz2:/home/awadh/zed_ws/install/zed_depth_to_laserscan:/home/awadh/zed_ws/install/zed_tutorial_video:/home/awadh/zed_ws/install/zed_tutorial_pos_tracking:/home/awadh/zed_ws/install/zed_tutorial_depth:/home/awadh/zed_ws/install/zed_topic_benchmark:/home/awadh/zed_ws/install/zed_topic_benchmark_component:/home/awadh/zed_ws/install/zed_topic_benchmark_interfaces:/home/awadh/zed_ws/install/zed_rgb_convert:/home/awadh/zed_ws/install/zed_aruco_localization:/home/awadh/zed_ws/install/rviz_plugin_zed_od:/home/awadh/ouster_ws/install/ouster_ros:/home/awadh/ouster_ws/install/ouster_sensor_msgs:/home/awadh/ros2_ws/install/my_robot_bringup:/home/awadh/ros2_ws/install/turtlesim_project_cpp:/home/awadh/ros2_ws/install/my_cpp_pkg:/home/awadh/ros2_ws/install/my_robot_interfaces:/home/awadh/gazebo_ws/install/ultralytics_ros2:/home/awadh/depth_ws/install/depth_estimation:/home/awadh/ros2_ws/install/turtlesim_catch_them_all:/home/awadh/ros2_ws/install/my_py_pkg:/opt/ros/humble:/home/awadh/sick_tim_ws/install/sick_tim LD_LIBRARY_PATH=/home/awadh/zed_ws/install/zed_components/lib:/home/awadh/zed_ws/install/zed_interfaces/lib:/home/awadh/gazebo_ws/install/yolov8_msgs/lib:/home/awadh/yolobot/install/yolov8_msgs/lib:/home/awadh/test2_ws/install/pcl_object_detection/lib:/home/awadh/zed_ws/install/zed_topic_benchmark_component/lib:/home/awadh/zed_ws/install/zed_topic_benchmark_interfaces/lib:/home/awadh/zed_ws/install/zed_rgb_convert/lib:/home/awadh/zed_ws/install/zed_aruco_localization/lib:/home/awadh/zed_ws/install/rviz_plugin_zed_od/lib:/home/awadh/ouster_ws/install/ouster_ros/lib:/home/awadh/ouster_ws/install/ouster_sensor_msgs/lib:/home/awadh/ros2_ws/install/my_robot_interfaces/lib:/home/awadh/sick_tim_ws/install/sick_tim/lib:/usr/lib/x86_64-linux-gnu/gazebo-11/plugins:/opt/ros/humble/opt/rviz_ogre_vendor/lib:/opt/ros/humble/lib/x86_64-linux-gnu:/opt/ros/humble/lib:/usr/share/gazebo/../../lib/x86_64-linux-gnu/gazebo-11/plugins /usr/bin/cmake --build /home/awadh/zed_ws/build/zed_depth_to_laserscan -- -j16 -l16
[2.822s] DEBUG:colcon.colcon_core.event_handler.log_command:Invoking command in '/home/awadh/zed_ws/build/zed_display_rviz2': CMAKE_PREFIX_PATH=/home/awadh/zed_ws/install/zed_wrapper:/home/awadh/zed_ws/install/zed_components:/home/awadh/zed_ws/install/zed_interfaces:/home/awadh/gazebo_ws/install/yolov8_msgs:/home/awadh/gazebo_ws/install/yolobot_recognition:/home/awadh/gazebo_ws/install/yolobot_gazebo:/home/awadh/gazebo_ws/install/yolobot_description:/home/awadh/gazebo_ws/install/yolobot_control:/home/awadh/gazebo_ws/install/my_robot_bringup:/home/awadh/gazebo_ws/install/my_robot_description:/home/awadh/yolobot/install/yolov8_msgs:/home/awadh/yolobot/install/yolobot_recognition:/home/awadh/yolobot/install/yolobot_gazebo:/home/awadh/yolobot/install/yolobot_description:/home/awadh/yolobot/install/yolobot_control:/home/awadh/test2_ws/install/pcl_object_detection:/home/awadh/zed_ws/install/zed_ros2:/home/awadh/zed_ws/install/zed_robot_integration:/home/awadh/zed_ws/install/zed_multi_camera:/home/awadh/zed_ws/install/zed_display_rviz2:/home/awadh/zed_ws/install/zed_depth_to_laserscan:/home/awadh/zed_ws/install/zed_tutorial_video:/home/awadh/zed_ws/install/zed_tutorial_pos_tracking:/home/awadh/zed_ws/install/zed_tutorial_depth:/home/awadh/zed_ws/install/zed_topic_benchmark:/home/awadh/zed_ws/install/zed_topic_benchmark_component:/home/awadh/zed_ws/install/zed_topic_benchmark_interfaces:/home/awadh/zed_ws/install/zed_rgb_convert:/home/awadh/zed_ws/install/zed_aruco_localization:/home/awadh/zed_ws/install/rviz_plugin_zed_od:/home/awadh/ouster_ws/install/ouster_ros:/home/awadh/ouster_ws/install/ouster_sensor_msgs:/home/awadh/ros2_ws/install/my_robot_bringup:/home/awadh/ros2_ws/install/turtlesim_project_cpp:/home/awadh/ros2_ws/install/my_cpp_pkg:/home/awadh/ros2_ws/install/my_robot_interfaces:/home/awadh/gazebo_ws/install/ultralytics_ros2:/home/awadh/depth_ws/install/depth_estimation:/home/awadh/ros2_ws/install/turtlesim_catch_them_all:/home/awadh/ros2_ws/install/my_py_pkg:/opt/ros/humble:/home/awadh/sick_tim_ws/install/sick_tim LD_LIBRARY_PATH=/home/awadh/zed_ws/install/zed_components/lib:/home/awadh/zed_ws/install/zed_interfaces/lib:/home/awadh/gazebo_ws/install/yolov8_msgs/lib:/home/awadh/yolobot/install/yolov8_msgs/lib:/home/awadh/test2_ws/install/pcl_object_detection/lib:/home/awadh/zed_ws/install/zed_topic_benchmark_component/lib:/home/awadh/zed_ws/install/zed_topic_benchmark_interfaces/lib:/home/awadh/zed_ws/install/zed_rgb_convert/lib:/home/awadh/zed_ws/install/zed_aruco_localization/lib:/home/awadh/zed_ws/install/rviz_plugin_zed_od/lib:/home/awadh/ouster_ws/install/ouster_ros/lib:/home/awadh/ouster_ws/install/ouster_sensor_msgs/lib:/home/awadh/ros2_ws/install/my_robot_interfaces/lib:/home/awadh/sick_tim_ws/install/sick_tim/lib:/usr/lib/x86_64-linux-gnu/gazebo-11/plugins:/opt/ros/humble/opt/rviz_ogre_vendor/lib:/opt/ros/humble/lib/x86_64-linux-gnu:/opt/ros/humble/lib:/usr/share/gazebo/../../lib/x86_64-linux-gnu/gazebo-11/plugins /usr/bin/cmake --build /home/awadh/zed_ws/build/zed_display_rviz2 -- -j16 -l16
[2.824s] DEBUG:colcon.colcon_core.event_handler.log_command:Invoking command in '/home/awadh/zed_ws/build/zed_multi_camera': CMAKE_PREFIX_PATH=/home/awadh/zed_ws/install/zed_wrapper:/home/awadh/zed_ws/install/zed_components:/home/awadh/zed_ws/install/zed_interfaces:/home/awadh/gazebo_ws/install/yolov8_msgs:/home/awadh/gazebo_ws/install/yolobot_recognition:/home/awadh/gazebo_ws/install/yolobot_gazebo:/home/awadh/gazebo_ws/install/yolobot_description:/home/awadh/gazebo_ws/install/yolobot_control:/home/awadh/gazebo_ws/install/my_robot_bringup:/home/awadh/gazebo_ws/install/my_robot_description:/home/awadh/yolobot/install/yolov8_msgs:/home/awadh/yolobot/install/yolobot_recognition:/home/awadh/yolobot/install/yolobot_gazebo:/home/awadh/yolobot/install/yolobot_description:/home/awadh/yolobot/install/yolobot_control:/home/awadh/test2_ws/install/pcl_object_detection:/home/awadh/zed_ws/install/zed_ros2:/home/awadh/zed_ws/install/zed_robot_integration:/home/awadh/zed_ws/install/zed_multi_camera:/home/awadh/zed_ws/install/zed_display_rviz2:/home/awadh/zed_ws/install/zed_depth_to_laserscan:/home/awadh/zed_ws/install/zed_tutorial_video:/home/awadh/zed_ws/install/zed_tutorial_pos_tracking:/home/awadh/zed_ws/install/zed_tutorial_depth:/home/awadh/zed_ws/install/zed_topic_benchmark:/home/awadh/zed_ws/install/zed_topic_benchmark_component:/home/awadh/zed_ws/install/zed_topic_benchmark_interfaces:/home/awadh/zed_ws/install/zed_rgb_convert:/home/awadh/zed_ws/install/zed_aruco_localization:/home/awadh/zed_ws/install/rviz_plugin_zed_od:/home/awadh/ouster_ws/install/ouster_ros:/home/awadh/ouster_ws/install/ouster_sensor_msgs:/home/awadh/ros2_ws/install/my_robot_bringup:/home/awadh/ros2_ws/install/turtlesim_project_cpp:/home/awadh/ros2_ws/install/my_cpp_pkg:/home/awadh/ros2_ws/install/my_robot_interfaces:/home/awadh/gazebo_ws/install/ultralytics_ros2:/home/awadh/depth_ws/install/depth_estimation:/home/awadh/ros2_ws/install/turtlesim_catch_them_all:/home/awadh/ros2_ws/install/my_py_pkg:/opt/ros/humble:/home/awadh/sick_tim_ws/install/sick_tim LD_LIBRARY_PATH=/home/awadh/zed_ws/install/zed_components/lib:/home/awadh/zed_ws/install/zed_interfaces/lib:/home/awadh/gazebo_ws/install/yolov8_msgs/lib:/home/awadh/yolobot/install/yolov8_msgs/lib:/home/awadh/test2_ws/install/pcl_object_detection/lib:/home/awadh/zed_ws/install/zed_topic_benchmark_component/lib:/home/awadh/zed_ws/install/zed_topic_benchmark_interfaces/lib:/home/awadh/zed_ws/install/zed_rgb_convert/lib:/home/awadh/zed_ws/install/zed_aruco_localization/lib:/home/awadh/zed_ws/install/rviz_plugin_zed_od/lib:/home/awadh/ouster_ws/install/ouster_ros/lib:/home/awadh/ouster_ws/install/ouster_sensor_msgs/lib:/home/awadh/ros2_ws/install/my_robot_interfaces/lib:/home/awadh/sick_tim_ws/install/sick_tim/lib:/usr/lib/x86_64-linux-gnu/gazebo-11/plugins:/opt/ros/humble/opt/rviz_ogre_vendor/lib:/opt/ros/humble/lib/x86_64-linux-gnu:/opt/ros/humble/lib:/usr/share/gazebo/../../lib/x86_64-linux-gnu/gazebo-11/plugins /usr/bin/cmake --build /home/awadh/zed_ws/build/zed_multi_camera -- -j16 -l16
[2.826s] DEBUG:colcon.colcon_core.event_handler.log_command:Invoking command in '/home/awadh/zed_ws/build/zed_robot_integration': CMAKE_PREFIX_PATH=/home/awadh/zed_ws/install/zed_wrapper:/home/awadh/zed_ws/install/zed_components:/home/awadh/zed_ws/install/zed_interfaces:/home/awadh/gazebo_ws/install/yolov8_msgs:/home/awadh/gazebo_ws/install/yolobot_recognition:/home/awadh/gazebo_ws/install/yolobot_gazebo:/home/awadh/gazebo_ws/install/yolobot_description:/home/awadh/gazebo_ws/install/yolobot_control:/home/awadh/gazebo_ws/install/my_robot_bringup:/home/awadh/gazebo_ws/install/my_robot_description:/home/awadh/yolobot/install/yolov8_msgs:/home/awadh/yolobot/install/yolobot_recognition:/home/awadh/yolobot/install/yolobot_gazebo:/home/awadh/yolobot/install/yolobot_description:/home/awadh/yolobot/install/yolobot_control:/home/awadh/test2_ws/install/pcl_object_detection:/home/awadh/zed_ws/install/zed_ros2:/home/awadh/zed_ws/install/zed_robot_integration:/home/awadh/zed_ws/install/zed_multi_camera:/home/awadh/zed_ws/install/zed_display_rviz2:/home/awadh/zed_ws/install/zed_depth_to_laserscan:/home/awadh/zed_ws/install/zed_tutorial_video:/home/awadh/zed_ws/install/zed_tutorial_pos_tracking:/home/awadh/zed_ws/install/zed_tutorial_depth:/home/awadh/zed_ws/install/zed_topic_benchmark:/home/awadh/zed_ws/install/zed_topic_benchmark_component:/home/awadh/zed_ws/install/zed_topic_benchmark_interfaces:/home/awadh/zed_ws/install/zed_rgb_convert:/home/awadh/zed_ws/install/zed_aruco_localization:/home/awadh/zed_ws/install/rviz_plugin_zed_od:/home/awadh/ouster_ws/install/ouster_ros:/home/awadh/ouster_ws/install/ouster_sensor_msgs:/home/awadh/ros2_ws/install/my_robot_bringup:/home/awadh/ros2_ws/install/turtlesim_project_cpp:/home/awadh/ros2_ws/install/my_cpp_pkg:/home/awadh/ros2_ws/install/my_robot_interfaces:/home/awadh/gazebo_ws/install/ultralytics_ros2:/home/awadh/depth_ws/install/depth_estimation:/home/awadh/ros2_ws/install/turtlesim_catch_them_all:/home/awadh/ros2_ws/install/my_py_pkg:/opt/ros/humble:/home/awadh/sick_tim_ws/install/sick_tim LD_LIBRARY_PATH=/home/awadh/zed_ws/install/zed_components/lib:/home/awadh/zed_ws/install/zed_interfaces/lib:/home/awadh/gazebo_ws/install/yolov8_msgs/lib:/home/awadh/yolobot/install/yolov8_msgs/lib:/home/awadh/test2_ws/install/pcl_object_detection/lib:/home/awadh/zed_ws/install/zed_topic_benchmark_component/lib:/home/awadh/zed_ws/install/zed_topic_benchmark_interfaces/lib:/home/awadh/zed_ws/install/zed_rgb_convert/lib:/home/awadh/zed_ws/install/zed_aruco_localization/lib:/home/awadh/zed_ws/install/rviz_plugin_zed_od/lib:/home/awadh/ouster_ws/install/ouster_ros/lib:/home/awadh/ouster_ws/install/ouster_sensor_msgs/lib:/home/awadh/ros2_ws/install/my_robot_interfaces/lib:/home/awadh/sick_tim_ws/install/sick_tim/lib:/usr/lib/x86_64-linux-gnu/gazebo-11/plugins:/opt/ros/humble/opt/rviz_ogre_vendor/lib:/opt/ros/humble/lib/x86_64-linux-gnu:/opt/ros/humble/lib:/usr/share/gazebo/../../lib/x86_64-linux-gnu/gazebo-11/plugins /usr/bin/cmake --build /home/awadh/zed_ws/build/zed_robot_integration -- -j16 -l16
[2.828s] DEBUG:colcon.colcon_core.event_handler.log_command:Invoking command in '/home/awadh/zed_ws/build/zed_ros2': CMAKE_PREFIX_PATH=/home/awadh/zed_ws/install/zed_wrapper:/home/awadh/zed_ws/install/zed_components:/home/awadh/zed_ws/install/zed_interfaces:/home/awadh/gazebo_ws/install/yolov8_msgs:/home/awadh/gazebo_ws/install/yolobot_recognition:/home/awadh/gazebo_ws/install/yolobot_gazebo:/home/awadh/gazebo_ws/install/yolobot_description:/home/awadh/gazebo_ws/install/yolobot_control:/home/awadh/gazebo_ws/install/my_robot_bringup:/home/awadh/gazebo_ws/install/my_robot_description:/home/awadh/yolobot/install/yolov8_msgs:/home/awadh/yolobot/install/yolobot_recognition:/home/awadh/yolobot/install/yolobot_gazebo:/home/awadh/yolobot/install/yolobot_description:/home/awadh/yolobot/install/yolobot_control:/home/awadh/test2_ws/install/pcl_object_detection:/home/awadh/zed_ws/install/zed_ros2:/home/awadh/zed_ws/install/zed_robot_integration:/home/awadh/zed_ws/install/zed_multi_camera:/home/awadh/zed_ws/install/zed_display_rviz2:/home/awadh/zed_ws/install/zed_depth_to_laserscan:/home/awadh/zed_ws/install/zed_tutorial_video:/home/awadh/zed_ws/install/zed_tutorial_pos_tracking:/home/awadh/zed_ws/install/zed_tutorial_depth:/home/awadh/zed_ws/install/zed_topic_benchmark:/home/awadh/zed_ws/install/zed_topic_benchmark_component:/home/awadh/zed_ws/install/zed_topic_benchmark_interfaces:/home/awadh/zed_ws/install/zed_rgb_convert:/home/awadh/zed_ws/install/zed_aruco_localization:/home/awadh/zed_ws/install/rviz_plugin_zed_od:/home/awadh/ouster_ws/install/ouster_ros:/home/awadh/ouster_ws/install/ouster_sensor_msgs:/home/awadh/ros2_ws/install/my_robot_bringup:/home/awadh/ros2_ws/install/turtlesim_project_cpp:/home/awadh/ros2_ws/install/my_cpp_pkg:/home/awadh/ros2_ws/install/my_robot_interfaces:/home/awadh/gazebo_ws/install/ultralytics_ros2:/home/awadh/depth_ws/install/depth_estimation:/home/awadh/ros2_ws/install/turtlesim_catch_them_all:/home/awadh/ros2_ws/install/my_py_pkg:/opt/ros/humble:/home/awadh/sick_tim_ws/install/sick_tim LD_LIBRARY_PATH=/home/awadh/zed_ws/install/zed_components/lib:/home/awadh/zed_ws/install/zed_interfaces/lib:/home/awadh/gazebo_ws/install/yolov8_msgs/lib:/home/awadh/yolobot/install/yolov8_msgs/lib:/home/awadh/test2_ws/install/pcl_object_detection/lib:/home/awadh/zed_ws/install/zed_topic_benchmark_component/lib:/home/awadh/zed_ws/install/zed_topic_benchmark_interfaces/lib:/home/awadh/zed_ws/install/zed_rgb_convert/lib:/home/awadh/zed_ws/install/zed_aruco_localization/lib:/home/awadh/zed_ws/install/rviz_plugin_zed_od/lib:/home/awadh/ouster_ws/install/ouster_ros/lib:/home/awadh/ouster_ws/install/ouster_sensor_msgs/lib:/home/awadh/ros2_ws/install/my_robot_interfaces/lib:/home/awadh/sick_tim_ws/install/sick_tim/lib:/usr/lib/x86_64-linux-gnu/gazebo-11/plugins:/opt/ros/humble/opt/rviz_ogre_vendor/lib:/opt/ros/humble/lib/x86_64-linux-gnu:/opt/ros/humble/lib:/usr/share/gazebo/../../lib/x86_64-linux-gnu/gazebo-11/plugins /usr/bin/cmake --build /home/awadh/zed_ws/build/zed_ros2 -- -j16 -l16
[2.850s] DEBUG:colcon.colcon_core.event_handler.log_command:Invoked command in '/home/awadh/zed_ws/build/zed_display_rviz2' returned '0': CMAKE_PREFIX_PATH=/home/awadh/zed_ws/install/zed_wrapper:/home/awadh/zed_ws/install/zed_components:/home/awadh/zed_ws/install/zed_interfaces:/home/awadh/gazebo_ws/install/yolov8_msgs:/home/awadh/gazebo_ws/install/yolobot_recognition:/home/awadh/gazebo_ws/install/yolobot_gazebo:/home/awadh/gazebo_ws/install/yolobot_description:/home/awadh/gazebo_ws/install/yolobot_control:/home/awadh/gazebo_ws/install/my_robot_bringup:/home/awadh/gazebo_ws/install/my_robot_description:/home/awadh/yolobot/install/yolov8_msgs:/home/awadh/yolobot/install/yolobot_recognition:/home/awadh/yolobot/install/yolobot_gazebo:/home/awadh/yolobot/install/yolobot_description:/home/awadh/yolobot/install/yolobot_control:/home/awadh/test2_ws/install/pcl_object_detection:/home/awadh/zed_ws/install/zed_ros2:/home/awadh/zed_ws/install/zed_robot_integration:/home/awadh/zed_ws/install/zed_multi_camera:/home/awadh/zed_ws/install/zed_display_rviz2:/home/awadh/zed_ws/install/zed_depth_to_laserscan:/home/awadh/zed_ws/install/zed_tutorial_video:/home/awadh/zed_ws/install/zed_tutorial_pos_tracking:/home/awadh/zed_ws/install/zed_tutorial_depth:/home/awadh/zed_ws/install/zed_topic_benchmark:/home/awadh/zed_ws/install/zed_topic_benchmark_component:/home/awadh/zed_ws/install/zed_topic_benchmark_interfaces:/home/awadh/zed_ws/install/zed_rgb_convert:/home/awadh/zed_ws/install/zed_aruco_localization:/home/awadh/zed_ws/install/rviz_plugin_zed_od:/home/awadh/ouster_ws/install/ouster_ros:/home/awadh/ouster_ws/install/ouster_sensor_msgs:/home/awadh/ros2_ws/install/my_robot_bringup:/home/awadh/ros2_ws/install/turtlesim_project_cpp:/home/awadh/ros2_ws/install/my_cpp_pkg:/home/awadh/ros2_ws/install/my_robot_interfaces:/home/awadh/gazebo_ws/install/ultralytics_ros2:/home/awadh/depth_ws/install/depth_estimation:/home/awadh/ros2_ws/install/turtlesim_catch_them_all:/home/awadh/ros2_ws/install/my_py_pkg:/opt/ros/humble:/home/awadh/sick_tim_ws/install/sick_tim LD_LIBRARY_PATH=/home/awadh/zed_ws/install/zed_components/lib:/home/awadh/zed_ws/install/zed_interfaces/lib:/home/awadh/gazebo_ws/install/yolov8_msgs/lib:/home/awadh/yolobot/install/yolov8_msgs/lib:/home/awadh/test2_ws/install/pcl_object_detection/lib:/home/awadh/zed_ws/install/zed_topic_benchmark_component/lib:/home/awadh/zed_ws/install/zed_topic_benchmark_interfaces/lib:/home/awadh/zed_ws/install/zed_rgb_convert/lib:/home/awadh/zed_ws/install/zed_aruco_localization/lib:/home/awadh/zed_ws/install/rviz_plugin_zed_od/lib:/home/awadh/ouster_ws/install/ouster_ros/lib:/home/awadh/ouster_ws/install/ouster_sensor_msgs/lib:/home/awadh/ros2_ws/install/my_robot_interfaces/lib:/home/awadh/sick_tim_ws/install/sick_tim/lib:/usr/lib/x86_64-linux-gnu/gazebo-11/plugins:/opt/ros/humble/opt/rviz_ogre_vendor/lib:/opt/ros/humble/lib/x86_64-linux-gnu:/opt/ros/humble/lib:/usr/share/gazebo/../../lib/x86_64-linux-gnu/gazebo-11/plugins /usr/bin/cmake --build /home/awadh/zed_ws/build/zed_display_rviz2 -- -j16 -l16
[2.852s] DEBUG:colcon.colcon_core.event_handler.log_command:Invoked command in '/home/awadh/zed_ws/build/zed_depth_to_laserscan' returned '0': CMAKE_PREFIX_PATH=/home/awadh/zed_ws/install/zed_wrapper:/home/awadh/zed_ws/install/zed_components:/home/awadh/zed_ws/install/zed_interfaces:/home/awadh/gazebo_ws/install/yolov8_msgs:/home/awadh/gazebo_ws/install/yolobot_recognition:/home/awadh/gazebo_ws/install/yolobot_gazebo:/home/awadh/gazebo_ws/install/yolobot_description:/home/awadh/gazebo_ws/install/yolobot_control:/home/awadh/gazebo_ws/install/my_robot_bringup:/home/awadh/gazebo_ws/install/my_robot_description:/home/awadh/yolobot/install/yolov8_msgs:/home/awadh/yolobot/install/yolobot_recognition:/home/awadh/yolobot/install/yolobot_gazebo:/home/awadh/yolobot/install/yolobot_description:/home/awadh/yolobot/install/yolobot_control:/home/awadh/test2_ws/install/pcl_object_detection:/home/awadh/zed_ws/install/zed_ros2:/home/awadh/zed_ws/install/zed_robot_integration:/home/awadh/zed_ws/install/zed_multi_camera:/home/awadh/zed_ws/install/zed_display_rviz2:/home/awadh/zed_ws/install/zed_depth_to_laserscan:/home/awadh/zed_ws/install/zed_tutorial_video:/home/awadh/zed_ws/install/zed_tutorial_pos_tracking:/home/awadh/zed_ws/install/zed_tutorial_depth:/home/awadh/zed_ws/install/zed_topic_benchmark:/home/awadh/zed_ws/install/zed_topic_benchmark_component:/home/awadh/zed_ws/install/zed_topic_benchmark_interfaces:/home/awadh/zed_ws/install/zed_rgb_convert:/home/awadh/zed_ws/install/zed_aruco_localization:/home/awadh/zed_ws/install/rviz_plugin_zed_od:/home/awadh/ouster_ws/install/ouster_ros:/home/awadh/ouster_ws/install/ouster_sensor_msgs:/home/awadh/ros2_ws/install/my_robot_bringup:/home/awadh/ros2_ws/install/turtlesim_project_cpp:/home/awadh/ros2_ws/install/my_cpp_pkg:/home/awadh/ros2_ws/install/my_robot_interfaces:/home/awadh/gazebo_ws/install/ultralytics_ros2:/home/awadh/depth_ws/install/depth_estimation:/home/awadh/ros2_ws/install/turtlesim_catch_them_all:/home/awadh/ros2_ws/install/my_py_pkg:/opt/ros/humble:/home/awadh/sick_tim_ws/install/sick_tim LD_LIBRARY_PATH=/home/awadh/zed_ws/install/zed_components/lib:/home/awadh/zed_ws/install/zed_interfaces/lib:/home/awadh/gazebo_ws/install/yolov8_msgs/lib:/home/awadh/yolobot/install/yolov8_msgs/lib:/home/awadh/test2_ws/install/pcl_object_detection/lib:/home/awadh/zed_ws/install/zed_topic_benchmark_component/lib:/home/awadh/zed_ws/install/zed_topic_benchmark_interfaces/lib:/home/awadh/zed_ws/install/zed_rgb_convert/lib:/home/awadh/zed_ws/install/zed_aruco_localization/lib:/home/awadh/zed_ws/install/rviz_plugin_zed_od/lib:/home/awadh/ouster_ws/install/ouster_ros/lib:/home/awadh/ouster_ws/install/ouster_sensor_msgs/lib:/home/awadh/ros2_ws/install/my_robot_interfaces/lib:/home/awadh/sick_tim_ws/install/sick_tim/lib:/usr/lib/x86_64-linux-gnu/gazebo-11/plugins:/opt/ros/humble/opt/rviz_ogre_vendor/lib:/opt/ros/humble/lib/x86_64-linux-gnu:/opt/ros/humble/lib:/usr/share/gazebo/../../lib/x86_64-linux-gnu/gazebo-11/plugins /usr/bin/cmake --build /home/awadh/zed_ws/build/zed_depth_to_laserscan -- -j16 -l16
[2.853s] DEBUG:colcon.colcon_core.event_handler.log_command:Invoked command in '/home/awadh/zed_ws/build/zed_multi_camera' returned '0': CMAKE_PREFIX_PATH=/home/awadh/zed_ws/install/zed_wrapper:/home/awadh/zed_ws/install/zed_components:/home/awadh/zed_ws/install/zed_interfaces:/home/awadh/gazebo_ws/install/yolov8_msgs:/home/awadh/gazebo_ws/install/yolobot_recognition:/home/awadh/gazebo_ws/install/yolobot_gazebo:/home/awadh/gazebo_ws/install/yolobot_description:/home/awadh/gazebo_ws/install/yolobot_control:/home/awadh/gazebo_ws/install/my_robot_bringup:/home/awadh/gazebo_ws/install/my_robot_description:/home/awadh/yolobot/install/yolov8_msgs:/home/awadh/yolobot/install/yolobot_recognition:/home/awadh/yolobot/install/yolobot_gazebo:/home/awadh/yolobot/install/yolobot_description:/home/awadh/yolobot/install/yolobot_control:/home/awadh/test2_ws/install/pcl_object_detection:/home/awadh/zed_ws/install/zed_ros2:/home/awadh/zed_ws/install/zed_robot_integration:/home/awadh/zed_ws/install/zed_multi_camera:/home/awadh/zed_ws/install/zed_display_rviz2:/home/awadh/zed_ws/install/zed_depth_to_laserscan:/home/awadh/zed_ws/install/zed_tutorial_video:/home/awadh/zed_ws/install/zed_tutorial_pos_tracking:/home/awadh/zed_ws/install/zed_tutorial_depth:/home/awadh/zed_ws/install/zed_topic_benchmark:/home/awadh/zed_ws/install/zed_topic_benchmark_component:/home/awadh/zed_ws/install/zed_topic_benchmark_interfaces:/home/awadh/zed_ws/install/zed_rgb_convert:/home/awadh/zed_ws/install/zed_aruco_localization:/home/awadh/zed_ws/install/rviz_plugin_zed_od:/home/awadh/ouster_ws/install/ouster_ros:/home/awadh/ouster_ws/install/ouster_sensor_msgs:/home/awadh/ros2_ws/install/my_robot_bringup:/home/awadh/ros2_ws/install/turtlesim_project_cpp:/home/awadh/ros2_ws/install/my_cpp_pkg:/home/awadh/ros2_ws/install/my_robot_interfaces:/home/awadh/gazebo_ws/install/ultralytics_ros2:/home/awadh/depth_ws/install/depth_estimation:/home/awadh/ros2_ws/install/turtlesim_catch_them_all:/home/awadh/ros2_ws/install/my_py_pkg:/opt/ros/humble:/home/awadh/sick_tim_ws/install/sick_tim LD_LIBRARY_PATH=/home/awadh/zed_ws/install/zed_components/lib:/home/awadh/zed_ws/install/zed_interfaces/lib:/home/awadh/gazebo_ws/install/yolov8_msgs/lib:/home/awadh/yolobot/install/yolov8_msgs/lib:/home/awadh/test2_ws/install/pcl_object_detection/lib:/home/awadh/zed_ws/install/zed_topic_benchmark_component/lib:/home/awadh/zed_ws/install/zed_topic_benchmark_interfaces/lib:/home/awadh/zed_ws/install/zed_rgb_convert/lib:/home/awadh/zed_ws/install/zed_aruco_localization/lib:/home/awadh/zed_ws/install/rviz_plugin_zed_od/lib:/home/awadh/ouster_ws/install/ouster_ros/lib:/home/awadh/ouster_ws/install/ouster_sensor_msgs/lib:/home/awadh/ros2_ws/install/my_robot_interfaces/lib:/home/awadh/sick_tim_ws/install/sick_tim/lib:/usr/lib/x86_64-linux-gnu/gazebo-11/plugins:/opt/ros/humble/opt/rviz_ogre_vendor/lib:/opt/ros/humble/lib/x86_64-linux-gnu:/opt/ros/humble/lib:/usr/share/gazebo/../../lib/x86_64-linux-gnu/gazebo-11/plugins /usr/bin/cmake --build /home/awadh/zed_ws/build/zed_multi_camera -- -j16 -l16
[2.854s] DEBUG:colcon.colcon_core.event_handler.log_command:Invoked command in '/home/awadh/zed_ws/build/zed_robot_integration' returned '0': CMAKE_PREFIX_PATH=/home/awadh/zed_ws/install/zed_wrapper:/home/awadh/zed_ws/install/zed_components:/home/awadh/zed_ws/install/zed_interfaces:/home/awadh/gazebo_ws/install/yolov8_msgs:/home/awadh/gazebo_ws/install/yolobot_recognition:/home/awadh/gazebo_ws/install/yolobot_gazebo:/home/awadh/gazebo_ws/install/yolobot_description:/home/awadh/gazebo_ws/install/yolobot_control:/home/awadh/gazebo_ws/install/my_robot_bringup:/home/awadh/gazebo_ws/install/my_robot_description:/home/awadh/yolobot/install/yolov8_msgs:/home/awadh/yolobot/install/yolobot_recognition:/home/awadh/yolobot/install/yolobot_gazebo:/home/awadh/yolobot/install/yolobot_description:/home/awadh/yolobot/install/yolobot_control:/home/awadh/test2_ws/install/pcl_object_detection:/home/awadh/zed_ws/install/zed_ros2:/home/awadh/zed_ws/install/zed_robot_integration:/home/awadh/zed_ws/install/zed_multi_camera:/home/awadh/zed_ws/install/zed_display_rviz2:/home/awadh/zed_ws/install/zed_depth_to_laserscan:/home/awadh/zed_ws/install/zed_tutorial_video:/home/awadh/zed_ws/install/zed_tutorial_pos_tracking:/home/awadh/zed_ws/install/zed_tutorial_depth:/home/awadh/zed_ws/install/zed_topic_benchmark:/home/awadh/zed_ws/install/zed_topic_benchmark_component:/home/awadh/zed_ws/install/zed_topic_benchmark_interfaces:/home/awadh/zed_ws/install/zed_rgb_convert:/home/awadh/zed_ws/install/zed_aruco_localization:/home/awadh/zed_ws/install/rviz_plugin_zed_od:/home/awadh/ouster_ws/install/ouster_ros:/home/awadh/ouster_ws/install/ouster_sensor_msgs:/home/awadh/ros2_ws/install/my_robot_bringup:/home/awadh/ros2_ws/install/turtlesim_project_cpp:/home/awadh/ros2_ws/install/my_cpp_pkg:/home/awadh/ros2_ws/install/my_robot_interfaces:/home/awadh/gazebo_ws/install/ultralytics_ros2:/home/awadh/depth_ws/install/depth_estimation:/home/awadh/ros2_ws/install/turtlesim_catch_them_all:/home/awadh/ros2_ws/install/my_py_pkg:/opt/ros/humble:/home/awadh/sick_tim_ws/install/sick_tim LD_LIBRARY_PATH=/home/awadh/zed_ws/install/zed_components/lib:/home/awadh/zed_ws/install/zed_interfaces/lib:/home/awadh/gazebo_ws/install/yolov8_msgs/lib:/home/awadh/yolobot/install/yolov8_msgs/lib:/home/awadh/test2_ws/install/pcl_object_detection/lib:/home/awadh/zed_ws/install/zed_topic_benchmark_component/lib:/home/awadh/zed_ws/install/zed_topic_benchmark_interfaces/lib:/home/awadh/zed_ws/install/zed_rgb_convert/lib:/home/awadh/zed_ws/install/zed_aruco_localization/lib:/home/awadh/zed_ws/install/rviz_plugin_zed_od/lib:/home/awadh/ouster_ws/install/ouster_ros/lib:/home/awadh/ouster_ws/install/ouster_sensor_msgs/lib:/home/awadh/ros2_ws/install/my_robot_interfaces/lib:/home/awadh/sick_tim_ws/install/sick_tim/lib:/usr/lib/x86_64-linux-gnu/gazebo-11/plugins:/opt/ros/humble/opt/rviz_ogre_vendor/lib:/opt/ros/humble/lib/x86_64-linux-gnu:/opt/ros/humble/lib:/usr/share/gazebo/../../lib/x86_64-linux-gnu/gazebo-11/plugins /usr/bin/cmake --build /home/awadh/zed_ws/build/zed_robot_integration -- -j16 -l16
[2.855s] DEBUG:colcon.colcon_core.event_handler.log_command:Invoked command in '/home/awadh/zed_ws/build/zed_ros2' returned '0': CMAKE_PREFIX_PATH=/home/awadh/zed_ws/install/zed_wrapper:/home/awadh/zed_ws/install/zed_components:/home/awadh/zed_ws/install/zed_interfaces:/home/awadh/gazebo_ws/install/yolov8_msgs:/home/awadh/gazebo_ws/install/yolobot_recognition:/home/awadh/gazebo_ws/install/yolobot_gazebo:/home/awadh/gazebo_ws/install/yolobot_description:/home/awadh/gazebo_ws/install/yolobot_control:/home/awadh/gazebo_ws/install/my_robot_bringup:/home/awadh/gazebo_ws/install/my_robot_description:/home/awadh/yolobot/install/yolov8_msgs:/home/awadh/yolobot/install/yolobot_recognition:/home/awadh/yolobot/install/yolobot_gazebo:/home/awadh/yolobot/install/yolobot_description:/home/awadh/yolobot/install/yolobot_control:/home/awadh/test2_ws/install/pcl_object_detection:/home/awadh/zed_ws/install/zed_ros2:/home/awadh/zed_ws/install/zed_robot_integration:/home/awadh/zed_ws/install/zed_multi_camera:/home/awadh/zed_ws/install/zed_display_rviz2:/home/awadh/zed_ws/install/zed_depth_to_laserscan:/home/awadh/zed_ws/install/zed_tutorial_video:/home/awadh/zed_ws/install/zed_tutorial_pos_tracking:/home/awadh/zed_ws/install/zed_tutorial_depth:/home/awadh/zed_ws/install/zed_topic_benchmark:/home/awadh/zed_ws/install/zed_topic_benchmark_component:/home/awadh/zed_ws/install/zed_topic_benchmark_interfaces:/home/awadh/zed_ws/install/zed_rgb_convert:/home/awadh/zed_ws/install/zed_aruco_localization:/home/awadh/zed_ws/install/rviz_plugin_zed_od:/home/awadh/ouster_ws/install/ouster_ros:/home/awadh/ouster_ws/install/ouster_sensor_msgs:/home/awadh/ros2_ws/install/my_robot_bringup:/home/awadh/ros2_ws/install/turtlesim_project_cpp:/home/awadh/ros2_ws/install/my_cpp_pkg:/home/awadh/ros2_ws/install/my_robot_interfaces:/home/awadh/gazebo_ws/install/ultralytics_ros2:/home/awadh/depth_ws/install/depth_estimation:/home/awadh/ros2_ws/install/turtlesim_catch_them_all:/home/awadh/ros2_ws/install/my_py_pkg:/opt/ros/humble:/home/awadh/sick_tim_ws/install/sick_tim LD_LIBRARY_PATH=/home/awadh/zed_ws/install/zed_components/lib:/home/awadh/zed_ws/install/zed_interfaces/lib:/home/awadh/gazebo_ws/install/yolov8_msgs/lib:/home/awadh/yolobot/install/yolov8_msgs/lib:/home/awadh/test2_ws/install/pcl_object_detection/lib:/home/awadh/zed_ws/install/zed_topic_benchmark_component/lib:/home/awadh/zed_ws/install/zed_topic_benchmark_interfaces/lib:/home/awadh/zed_ws/install/zed_rgb_convert/lib:/home/awadh/zed_ws/install/zed_aruco_localization/lib:/home/awadh/zed_ws/install/rviz_plugin_zed_od/lib:/home/awadh/ouster_ws/install/ouster_ros/lib:/home/awadh/ouster_ws/install/ouster_sensor_msgs/lib:/home/awadh/ros2_ws/install/my_robot_interfaces/lib:/home/awadh/sick_tim_ws/install/sick_tim/lib:/usr/lib/x86_64-linux-gnu/gazebo-11/plugins:/opt/ros/humble/opt/rviz_ogre_vendor/lib:/opt/ros/humble/lib/x86_64-linux-gnu:/opt/ros/humble/lib:/usr/share/gazebo/../../lib/x86_64-linux-gnu/gazebo-11/plugins /usr/bin/cmake --build /home/awadh/zed_ws/build/zed_ros2 -- -j16 -l16
[2.872s] DEBUG:colcon.colcon_core.event_handler.log_command:Invoking command in '/home/awadh/zed_ws/build/zed_display_rviz2': CMAKE_PREFIX_PATH=/home/awadh/zed_ws/install/zed_wrapper:/home/awadh/zed_ws/install/zed_components:/home/awadh/zed_ws/install/zed_interfaces:/home/awadh/gazebo_ws/install/yolov8_msgs:/home/awadh/gazebo_ws/install/yolobot_recognition:/home/awadh/gazebo_ws/install/yolobot_gazebo:/home/awadh/gazebo_ws/install/yolobot_description:/home/awadh/gazebo_ws/install/yolobot_control:/home/awadh/gazebo_ws/install/my_robot_bringup:/home/awadh/gazebo_ws/install/my_robot_description:/home/awadh/yolobot/install/yolov8_msgs:/home/awadh/yolobot/install/yolobot_recognition:/home/awadh/yolobot/install/yolobot_gazebo:/home/awadh/yolobot/install/yolobot_description:/home/awadh/yolobot/install/yolobot_control:/home/awadh/test2_ws/install/pcl_object_detection:/home/awadh/zed_ws/install/zed_ros2:/home/awadh/zed_ws/install/zed_robot_integration:/home/awadh/zed_ws/install/zed_multi_camera:/home/awadh/zed_ws/install/zed_display_rviz2:/home/awadh/zed_ws/install/zed_depth_to_laserscan:/home/awadh/zed_ws/install/zed_tutorial_video:/home/awadh/zed_ws/install/zed_tutorial_pos_tracking:/home/awadh/zed_ws/install/zed_tutorial_depth:/home/awadh/zed_ws/install/zed_topic_benchmark:/home/awadh/zed_ws/install/zed_topic_benchmark_component:/home/awadh/zed_ws/install/zed_topic_benchmark_interfaces:/home/awadh/zed_ws/install/zed_rgb_convert:/home/awadh/zed_ws/install/zed_aruco_localization:/home/awadh/zed_ws/install/rviz_plugin_zed_od:/home/awadh/ouster_ws/install/ouster_ros:/home/awadh/ouster_ws/install/ouster_sensor_msgs:/home/awadh/ros2_ws/install/my_robot_bringup:/home/awadh/ros2_ws/install/turtlesim_project_cpp:/home/awadh/ros2_ws/install/my_cpp_pkg:/home/awadh/ros2_ws/install/my_robot_interfaces:/home/awadh/gazebo_ws/install/ultralytics_ros2:/home/awadh/depth_ws/install/depth_estimation:/home/awadh/ros2_ws/install/turtlesim_catch_them_all:/home/awadh/ros2_ws/install/my_py_pkg:/opt/ros/humble:/home/awadh/sick_tim_ws/install/sick_tim LD_LIBRARY_PATH=/home/awadh/zed_ws/install/zed_components/lib:/home/awadh/zed_ws/install/zed_interfaces/lib:/home/awadh/gazebo_ws/install/yolov8_msgs/lib:/home/awadh/yolobot/install/yolov8_msgs/lib:/home/awadh/test2_ws/install/pcl_object_detection/lib:/home/awadh/zed_ws/install/zed_topic_benchmark_component/lib:/home/awadh/zed_ws/install/zed_topic_benchmark_interfaces/lib:/home/awadh/zed_ws/install/zed_rgb_convert/lib:/home/awadh/zed_ws/install/zed_aruco_localization/lib:/home/awadh/zed_ws/install/rviz_plugin_zed_od/lib:/home/awadh/ouster_ws/install/ouster_ros/lib:/home/awadh/ouster_ws/install/ouster_sensor_msgs/lib:/home/awadh/ros2_ws/install/my_robot_interfaces/lib:/home/awadh/sick_tim_ws/install/sick_tim/lib:/usr/lib/x86_64-linux-gnu/gazebo-11/plugins:/opt/ros/humble/opt/rviz_ogre_vendor/lib:/opt/ros/humble/lib/x86_64-linux-gnu:/opt/ros/humble/lib:/usr/share/gazebo/../../lib/x86_64-linux-gnu/gazebo-11/plugins /usr/bin/cmake --install /home/awadh/zed_ws/build/zed_display_rviz2
[2.874s] DEBUG:colcon.colcon_core.event_handler.log_command:Invoking command in '/home/awadh/zed_ws/build/zed_depth_to_laserscan': CMAKE_PREFIX_PATH=/home/awadh/zed_ws/install/zed_wrapper:/home/awadh/zed_ws/install/zed_components:/home/awadh/zed_ws/install/zed_interfaces:/home/awadh/gazebo_ws/install/yolov8_msgs:/home/awadh/gazebo_ws/install/yolobot_recognition:/home/awadh/gazebo_ws/install/yolobot_gazebo:/home/awadh/gazebo_ws/install/yolobot_description:/home/awadh/gazebo_ws/install/yolobot_control:/home/awadh/gazebo_ws/install/my_robot_bringup:/home/awadh/gazebo_ws/install/my_robot_description:/home/awadh/yolobot/install/yolov8_msgs:/home/awadh/yolobot/install/yolobot_recognition:/home/awadh/yolobot/install/yolobot_gazebo:/home/awadh/yolobot/install/yolobot_description:/home/awadh/yolobot/install/yolobot_control:/home/awadh/test2_ws/install/pcl_object_detection:/home/awadh/zed_ws/install/zed_ros2:/home/awadh/zed_ws/install/zed_robot_integration:/home/awadh/zed_ws/install/zed_multi_camera:/home/awadh/zed_ws/install/zed_display_rviz2:/home/awadh/zed_ws/install/zed_depth_to_laserscan:/home/awadh/zed_ws/install/zed_tutorial_video:/home/awadh/zed_ws/install/zed_tutorial_pos_tracking:/home/awadh/zed_ws/install/zed_tutorial_depth:/home/awadh/zed_ws/install/zed_topic_benchmark:/home/awadh/zed_ws/install/zed_topic_benchmark_component:/home/awadh/zed_ws/install/zed_topic_benchmark_interfaces:/home/awadh/zed_ws/install/zed_rgb_convert:/home/awadh/zed_ws/install/zed_aruco_localization:/home/awadh/zed_ws/install/rviz_plugin_zed_od:/home/awadh/ouster_ws/install/ouster_ros:/home/awadh/ouster_ws/install/ouster_sensor_msgs:/home/awadh/ros2_ws/install/my_robot_bringup:/home/awadh/ros2_ws/install/turtlesim_project_cpp:/home/awadh/ros2_ws/install/my_cpp_pkg:/home/awadh/ros2_ws/install/my_robot_interfaces:/home/awadh/gazebo_ws/install/ultralytics_ros2:/home/awadh/depth_ws/install/depth_estimation:/home/awadh/ros2_ws/install/turtlesim_catch_them_all:/home/awadh/ros2_ws/install/my_py_pkg:/opt/ros/humble:/home/awadh/sick_tim_ws/install/sick_tim LD_LIBRARY_PATH=/home/awadh/zed_ws/install/zed_components/lib:/home/awadh/zed_ws/install/zed_interfaces/lib:/home/awadh/gazebo_ws/install/yolov8_msgs/lib:/home/awadh/yolobot/install/yolov8_msgs/lib:/home/awadh/test2_ws/install/pcl_object_detection/lib:/home/awadh/zed_ws/install/zed_topic_benchmark_component/lib:/home/awadh/zed_ws/install/zed_topic_benchmark_interfaces/lib:/home/awadh/zed_ws/install/zed_rgb_convert/lib:/home/awadh/zed_ws/install/zed_aruco_localization/lib:/home/awadh/zed_ws/install/rviz_plugin_zed_od/lib:/home/awadh/ouster_ws/install/ouster_ros/lib:/home/awadh/ouster_ws/install/ouster_sensor_msgs/lib:/home/awadh/ros2_ws/install/my_robot_interfaces/lib:/home/awadh/sick_tim_ws/install/sick_tim/lib:/usr/lib/x86_64-linux-gnu/gazebo-11/plugins:/opt/ros/humble/opt/rviz_ogre_vendor/lib:/opt/ros/humble/lib/x86_64-linux-gnu:/opt/ros/humble/lib:/usr/share/gazebo/../../lib/x86_64-linux-gnu/gazebo-11/plugins /usr/bin/cmake --install /home/awadh/zed_ws/build/zed_depth_to_laserscan
[2.876s] DEBUG:colcon.colcon_core.event_handler.log_command:Invoking command in '/home/awadh/zed_ws/build/zed_robot_integration': CMAKE_PREFIX_PATH=/home/awadh/zed_ws/install/zed_wrapper:/home/awadh/zed_ws/install/zed_components:/home/awadh/zed_ws/install/zed_interfaces:/home/awadh/gazebo_ws/install/yolov8_msgs:/home/awadh/gazebo_ws/install/yolobot_recognition:/home/awadh/gazebo_ws/install/yolobot_gazebo:/home/awadh/gazebo_ws/install/yolobot_description:/home/awadh/gazebo_ws/install/yolobot_control:/home/awadh/gazebo_ws/install/my_robot_bringup:/home/awadh/gazebo_ws/install/my_robot_description:/home/awadh/yolobot/install/yolov8_msgs:/home/awadh/yolobot/install/yolobot_recognition:/home/awadh/yolobot/install/yolobot_gazebo:/home/awadh/yolobot/install/yolobot_description:/home/awadh/yolobot/install/yolobot_control:/home/awadh/test2_ws/install/pcl_object_detection:/home/awadh/zed_ws/install/zed_ros2:/home/awadh/zed_ws/install/zed_robot_integration:/home/awadh/zed_ws/install/zed_multi_camera:/home/awadh/zed_ws/install/zed_display_rviz2:/home/awadh/zed_ws/install/zed_depth_to_laserscan:/home/awadh/zed_ws/install/zed_tutorial_video:/home/awadh/zed_ws/install/zed_tutorial_pos_tracking:/home/awadh/zed_ws/install/zed_tutorial_depth:/home/awadh/zed_ws/install/zed_topic_benchmark:/home/awadh/zed_ws/install/zed_topic_benchmark_component:/home/awadh/zed_ws/install/zed_topic_benchmark_interfaces:/home/awadh/zed_ws/install/zed_rgb_convert:/home/awadh/zed_ws/install/zed_aruco_localization:/home/awadh/zed_ws/install/rviz_plugin_zed_od:/home/awadh/ouster_ws/install/ouster_ros:/home/awadh/ouster_ws/install/ouster_sensor_msgs:/home/awadh/ros2_ws/install/my_robot_bringup:/home/awadh/ros2_ws/install/turtlesim_project_cpp:/home/awadh/ros2_ws/install/my_cpp_pkg:/home/awadh/ros2_ws/install/my_robot_interfaces:/home/awadh/gazebo_ws/install/ultralytics_ros2:/home/awadh/depth_ws/install/depth_estimation:/home/awadh/ros2_ws/install/turtlesim_catch_them_all:/home/awadh/ros2_ws/install/my_py_pkg:/opt/ros/humble:/home/awadh/sick_tim_ws/install/sick_tim LD_LIBRARY_PATH=/home/awadh/zed_ws/install/zed_components/lib:/home/awadh/zed_ws/install/zed_interfaces/lib:/home/awadh/gazebo_ws/install/yolov8_msgs/lib:/home/awadh/yolobot/install/yolov8_msgs/lib:/home/awadh/test2_ws/install/pcl_object_detection/lib:/home/awadh/zed_ws/install/zed_topic_benchmark_component/lib:/home/awadh/zed_ws/install/zed_topic_benchmark_interfaces/lib:/home/awadh/zed_ws/install/zed_rgb_convert/lib:/home/awadh/zed_ws/install/zed_aruco_localization/lib:/home/awadh/zed_ws/install/rviz_plugin_zed_od/lib:/home/awadh/ouster_ws/install/ouster_ros/lib:/home/awadh/ouster_ws/install/ouster_sensor_msgs/lib:/home/awadh/ros2_ws/install/my_robot_interfaces/lib:/home/awadh/sick_tim_ws/install/sick_tim/lib:/usr/lib/x86_64-linux-gnu/gazebo-11/plugins:/opt/ros/humble/opt/rviz_ogre_vendor/lib:/opt/ros/humble/lib/x86_64-linux-gnu:/opt/ros/humble/lib:/usr/share/gazebo/../../lib/x86_64-linux-gnu/gazebo-11/plugins /usr/bin/cmake --install /home/awadh/zed_ws/build/zed_robot_integration
[2.877s] DEBUG:colcon.colcon_core.event_handler.log_command:Invoking command in '/home/awadh/zed_ws/build/zed_ros2': CMAKE_PREFIX_PATH=/home/awadh/zed_ws/install/zed_wrapper:/home/awadh/zed_ws/install/zed_components:/home/awadh/zed_ws/install/zed_interfaces:/home/awadh/gazebo_ws/install/yolov8_msgs:/home/awadh/gazebo_ws/install/yolobot_recognition:/home/awadh/gazebo_ws/install/yolobot_gazebo:/home/awadh/gazebo_ws/install/yolobot_description:/home/awadh/gazebo_ws/install/yolobot_control:/home/awadh/gazebo_ws/install/my_robot_bringup:/home/awadh/gazebo_ws/install/my_robot_description:/home/awadh/yolobot/install/yolov8_msgs:/home/awadh/yolobot/install/yolobot_recognition:/home/awadh/yolobot/install/yolobot_gazebo:/home/awadh/yolobot/install/yolobot_description:/home/awadh/yolobot/install/yolobot_control:/home/awadh/test2_ws/install/pcl_object_detection:/home/awadh/zed_ws/install/zed_ros2:/home/awadh/zed_ws/install/zed_robot_integration:/home/awadh/zed_ws/install/zed_multi_camera:/home/awadh/zed_ws/install/zed_display_rviz2:/home/awadh/zed_ws/install/zed_depth_to_laserscan:/home/awadh/zed_ws/install/zed_tutorial_video:/home/awadh/zed_ws/install/zed_tutorial_pos_tracking:/home/awadh/zed_ws/install/zed_tutorial_depth:/home/awadh/zed_ws/install/zed_topic_benchmark:/home/awadh/zed_ws/install/zed_topic_benchmark_component:/home/awadh/zed_ws/install/zed_topic_benchmark_interfaces:/home/awadh/zed_ws/install/zed_rgb_convert:/home/awadh/zed_ws/install/zed_aruco_localization:/home/awadh/zed_ws/install/rviz_plugin_zed_od:/home/awadh/ouster_ws/install/ouster_ros:/home/awadh/ouster_ws/install/ouster_sensor_msgs:/home/awadh/ros2_ws/install/my_robot_bringup:/home/awadh/ros2_ws/install/turtlesim_project_cpp:/home/awadh/ros2_ws/install/my_cpp_pkg:/home/awadh/ros2_ws/install/my_robot_interfaces:/home/awadh/gazebo_ws/install/ultralytics_ros2:/home/awadh/depth_ws/install/depth_estimation:/home/awadh/ros2_ws/install/turtlesim_catch_them_all:/home/awadh/ros2_ws/install/my_py_pkg:/opt/ros/humble:/home/awadh/sick_tim_ws/install/sick_tim LD_LIBRARY_PATH=/home/awadh/zed_ws/install/zed_components/lib:/home/awadh/zed_ws/install/zed_interfaces/lib:/home/awadh/gazebo_ws/install/yolov8_msgs/lib:/home/awadh/yolobot/install/yolov8_msgs/lib:/home/awadh/test2_ws/install/pcl_object_detection/lib:/home/awadh/zed_ws/install/zed_topic_benchmark_component/lib:/home/awadh/zed_ws/install/zed_topic_benchmark_interfaces/lib:/home/awadh/zed_ws/install/zed_rgb_convert/lib:/home/awadh/zed_ws/install/zed_aruco_localization/lib:/home/awadh/zed_ws/install/rviz_plugin_zed_od/lib:/home/awadh/ouster_ws/install/ouster_ros/lib:/home/awadh/ouster_ws/install/ouster_sensor_msgs/lib:/home/awadh/ros2_ws/install/my_robot_interfaces/lib:/home/awadh/sick_tim_ws/install/sick_tim/lib:/usr/lib/x86_64-linux-gnu/gazebo-11/plugins:/opt/ros/humble/opt/rviz_ogre_vendor/lib:/opt/ros/humble/lib/x86_64-linux-gnu:/opt/ros/humble/lib:/usr/share/gazebo/../../lib/x86_64-linux-gnu/gazebo-11/plugins /usr/bin/cmake --install /home/awadh/zed_ws/build/zed_ros2
[2.878s] DEBUG:colcon.colcon_core.event_handler.log_command:Invoking command in '/home/awadh/zed_ws/build/zed_multi_camera': CMAKE_PREFIX_PATH=/home/awadh/zed_ws/install/zed_wrapper:/home/awadh/zed_ws/install/zed_components:/home/awadh/zed_ws/install/zed_interfaces:/home/awadh/gazebo_ws/install/yolov8_msgs:/home/awadh/gazebo_ws/install/yolobot_recognition:/home/awadh/gazebo_ws/install/yolobot_gazebo:/home/awadh/gazebo_ws/install/yolobot_description:/home/awadh/gazebo_ws/install/yolobot_control:/home/awadh/gazebo_ws/install/my_robot_bringup:/home/awadh/gazebo_ws/install/my_robot_description:/home/awadh/yolobot/install/yolov8_msgs:/home/awadh/yolobot/install/yolobot_recognition:/home/awadh/yolobot/install/yolobot_gazebo:/home/awadh/yolobot/install/yolobot_description:/home/awadh/yolobot/install/yolobot_control:/home/awadh/test2_ws/install/pcl_object_detection:/home/awadh/zed_ws/install/zed_ros2:/home/awadh/zed_ws/install/zed_robot_integration:/home/awadh/zed_ws/install/zed_multi_camera:/home/awadh/zed_ws/install/zed_display_rviz2:/home/awadh/zed_ws/install/zed_depth_to_laserscan:/home/awadh/zed_ws/install/zed_tutorial_video:/home/awadh/zed_ws/install/zed_tutorial_pos_tracking:/home/awadh/zed_ws/install/zed_tutorial_depth:/home/awadh/zed_ws/install/zed_topic_benchmark:/home/awadh/zed_ws/install/zed_topic_benchmark_component:/home/awadh/zed_ws/install/zed_topic_benchmark_interfaces:/home/awadh/zed_ws/install/zed_rgb_convert:/home/awadh/zed_ws/install/zed_aruco_localization:/home/awadh/zed_ws/install/rviz_plugin_zed_od:/home/awadh/ouster_ws/install/ouster_ros:/home/awadh/ouster_ws/install/ouster_sensor_msgs:/home/awadh/ros2_ws/install/my_robot_bringup:/home/awadh/ros2_ws/install/turtlesim_project_cpp:/home/awadh/ros2_ws/install/my_cpp_pkg:/home/awadh/ros2_ws/install/my_robot_interfaces:/home/awadh/gazebo_ws/install/ultralytics_ros2:/home/awadh/depth_ws/install/depth_estimation:/home/awadh/ros2_ws/install/turtlesim_catch_them_all:/home/awadh/ros2_ws/install/my_py_pkg:/opt/ros/humble:/home/awadh/sick_tim_ws/install/sick_tim LD_LIBRARY_PATH=/home/awadh/zed_ws/install/zed_components/lib:/home/awadh/zed_ws/install/zed_interfaces/lib:/home/awadh/gazebo_ws/install/yolov8_msgs/lib:/home/awadh/yolobot/install/yolov8_msgs/lib:/home/awadh/test2_ws/install/pcl_object_detection/lib:/home/awadh/zed_ws/install/zed_topic_benchmark_component/lib:/home/awadh/zed_ws/install/zed_topic_benchmark_interfaces/lib:/home/awadh/zed_ws/install/zed_rgb_convert/lib:/home/awadh/zed_ws/install/zed_aruco_localization/lib:/home/awadh/zed_ws/install/rviz_plugin_zed_od/lib:/home/awadh/ouster_ws/install/ouster_ros/lib:/home/awadh/ouster_ws/install/ouster_sensor_msgs/lib:/home/awadh/ros2_ws/install/my_robot_interfaces/lib:/home/awadh/sick_tim_ws/install/sick_tim/lib:/usr/lib/x86_64-linux-gnu/gazebo-11/plugins:/opt/ros/humble/opt/rviz_ogre_vendor/lib:/opt/ros/humble/lib/x86_64-linux-gnu:/opt/ros/humble/lib:/usr/share/gazebo/../../lib/x86_64-linux-gnu/gazebo-11/plugins /usr/bin/cmake --install /home/awadh/zed_ws/build/zed_multi_camera
[2.881s] Level 1:colcon.colcon_core.environment:create_environment_scripts_only(zed_display_rviz2)
[2.881s] Level 1:colcon.colcon_core.environment:checking '/home/awadh/zed_ws/install/zed_display_rviz2' for CMake module files
[2.882s] DEBUG:colcon.colcon_core.event_handler.log_command:Invoked command in '/home/awadh/zed_ws/build/zed_display_rviz2' returned '0': CMAKE_PREFIX_PATH=/home/awadh/zed_ws/install/zed_wrapper:/home/awadh/zed_ws/install/zed_components:/home/awadh/zed_ws/install/zed_interfaces:/home/awadh/gazebo_ws/install/yolov8_msgs:/home/awadh/gazebo_ws/install/yolobot_recognition:/home/awadh/gazebo_ws/install/yolobot_gazebo:/home/awadh/gazebo_ws/install/yolobot_description:/home/awadh/gazebo_ws/install/yolobot_control:/home/awadh/gazebo_ws/install/my_robot_bringup:/home/awadh/gazebo_ws/install/my_robot_description:/home/awadh/yolobot/install/yolov8_msgs:/home/awadh/yolobot/install/yolobot_recognition:/home/awadh/yolobot/install/yolobot_gazebo:/home/awadh/yolobot/install/yolobot_description:/home/awadh/yolobot/install/yolobot_control:/home/awadh/test2_ws/install/pcl_object_detection:/home/awadh/zed_ws/install/zed_ros2:/home/awadh/zed_ws/install/zed_robot_integration:/home/awadh/zed_ws/install/zed_multi_camera:/home/awadh/zed_ws/install/zed_display_rviz2:/home/awadh/zed_ws/install/zed_depth_to_laserscan:/home/awadh/zed_ws/install/zed_tutorial_video:/home/awadh/zed_ws/install/zed_tutorial_pos_tracking:/home/awadh/zed_ws/install/zed_tutorial_depth:/home/awadh/zed_ws/install/zed_topic_benchmark:/home/awadh/zed_ws/install/zed_topic_benchmark_component:/home/awadh/zed_ws/install/zed_topic_benchmark_interfaces:/home/awadh/zed_ws/install/zed_rgb_convert:/home/awadh/zed_ws/install/zed_aruco_localization:/home/awadh/zed_ws/install/rviz_plugin_zed_od:/home/awadh/ouster_ws/install/ouster_ros:/home/awadh/ouster_ws/install/ouster_sensor_msgs:/home/awadh/ros2_ws/install/my_robot_bringup:/home/awadh/ros2_ws/install/turtlesim_project_cpp:/home/awadh/ros2_ws/install/my_cpp_pkg:/home/awadh/ros2_ws/install/my_robot_interfaces:/home/awadh/gazebo_ws/install/ultralytics_ros2:/home/awadh/depth_ws/install/depth_estimation:/home/awadh/ros2_ws/install/turtlesim_catch_them_all:/home/awadh/ros2_ws/install/my_py_pkg:/opt/ros/humble:/home/awadh/sick_tim_ws/install/sick_tim LD_LIBRARY_PATH=/home/awadh/zed_ws/install/zed_components/lib:/home/awadh/zed_ws/install/zed_interfaces/lib:/home/awadh/gazebo_ws/install/yolov8_msgs/lib:/home/awadh/yolobot/install/yolov8_msgs/lib:/home/awadh/test2_ws/install/pcl_object_detection/lib:/home/awadh/zed_ws/install/zed_topic_benchmark_component/lib:/home/awadh/zed_ws/install/zed_topic_benchmark_interfaces/lib:/home/awadh/zed_ws/install/zed_rgb_convert/lib:/home/awadh/zed_ws/install/zed_aruco_localization/lib:/home/awadh/zed_ws/install/rviz_plugin_zed_od/lib:/home/awadh/ouster_ws/install/ouster_ros/lib:/home/awadh/ouster_ws/install/ouster_sensor_msgs/lib:/home/awadh/ros2_ws/install/my_robot_interfaces/lib:/home/awadh/sick_tim_ws/install/sick_tim/lib:/usr/lib/x86_64-linux-gnu/gazebo-11/plugins:/opt/ros/humble/opt/rviz_ogre_vendor/lib:/opt/ros/humble/lib/x86_64-linux-gnu:/opt/ros/humble/lib:/usr/share/gazebo/../../lib/x86_64-linux-gnu/gazebo-11/plugins /usr/bin/cmake --install /home/awadh/zed_ws/build/zed_display_rviz2
[2.885s] Level 1:colcon.colcon_core.environment:checking '/home/awadh/zed_ws/install/zed_display_rviz2' for CMake config files
[2.885s] Level 1:colcon.colcon_core.shell:create_environment_hook('zed_display_rviz2', 'cmake_prefix_path')
[2.886s] INFO:colcon.colcon_core.shell:Creating environment hook '/home/awadh/zed_ws/install/zed_display_rviz2/share/zed_display_rviz2/hook/cmake_prefix_path.ps1'
[2.886s] INFO:colcon.colcon_core.shell:Creating environment descriptor '/home/awadh/zed_ws/install/zed_display_rviz2/share/zed_display_rviz2/hook/cmake_prefix_path.dsv'
[2.886s] INFO:colcon.colcon_core.shell:Creating environment hook '/home/awadh/zed_ws/install/zed_display_rviz2/share/zed_display_rviz2/hook/cmake_prefix_path.sh'
[2.887s] Level 1:colcon.colcon_core.environment:checking '/home/awadh/zed_ws/install/zed_display_rviz2/bin'
[2.887s] Level 1:colcon.colcon_core.environment:checking '/home/awadh/zed_ws/install/zed_display_rviz2/lib/pkgconfig/zed_display_rviz2.pc'
[2.888s] Level 1:colcon.colcon_core.environment:checking '/home/awadh/zed_ws/install/zed_display_rviz2/lib/python3.10/site-packages'
[2.888s] Level 1:colcon.colcon_core.environment:checking '/home/awadh/zed_ws/install/zed_display_rviz2/bin'
[2.888s] INFO:colcon.colcon_core.shell:Creating package script '/home/awadh/zed_ws/install/zed_display_rviz2/share/zed_display_rviz2/package.ps1'
[2.888s] INFO:colcon.colcon_core.shell:Creating package descriptor '/home/awadh/zed_ws/install/zed_display_rviz2/share/zed_display_rviz2/package.dsv'
[2.888s] INFO:colcon.colcon_core.shell:Creating package script '/home/awadh/zed_ws/install/zed_display_rviz2/share/zed_display_rviz2/package.sh'
[2.889s] INFO:colcon.colcon_core.shell:Creating package script '/home/awadh/zed_ws/install/zed_display_rviz2/share/zed_display_rviz2/package.bash'
[2.889s] INFO:colcon.colcon_core.shell:Creating package script '/home/awadh/zed_ws/install/zed_display_rviz2/share/zed_display_rviz2/package.zsh'
[2.889s] Level 1:colcon.colcon_core.environment:create_file_with_runtime_dependencies(/home/awadh/zed_ws/install/zed_display_rviz2/share/colcon-core/packages/zed_display_rviz2)
[2.890s] Level 1:colcon.colcon_core.environment:create_environment_scripts_only(zed_depth_to_laserscan)
[2.890s] Level 1:colcon.colcon_core.environment:checking '/home/awadh/zed_ws/install/zed_depth_to_laserscan' for CMake module files
[2.891s] Level 1:colcon.colcon_core.environment:checking '/home/awadh/zed_ws/install/zed_depth_to_laserscan' for CMake config files
[2.891s] Level 1:colcon.colcon_core.shell:create_environment_hook('zed_depth_to_laserscan', 'cmake_prefix_path')
[2.891s] INFO:colcon.colcon_core.shell:Creating environment hook '/home/awadh/zed_ws/install/zed_depth_to_laserscan/share/zed_depth_to_laserscan/hook/cmake_prefix_path.ps1'
[2.891s] DEBUG:colcon.colcon_core.event_handler.log_command:Invoked command in '/home/awadh/zed_ws/build/zed_depth_to_laserscan' returned '0': CMAKE_PREFIX_PATH=/home/awadh/zed_ws/install/zed_wrapper:/home/awadh/zed_ws/install/zed_components:/home/awadh/zed_ws/install/zed_interfaces:/home/awadh/gazebo_ws/install/yolov8_msgs:/home/awadh/gazebo_ws/install/yolobot_recognition:/home/awadh/gazebo_ws/install/yolobot_gazebo:/home/awadh/gazebo_ws/install/yolobot_description:/home/awadh/gazebo_ws/install/yolobot_control:/home/awadh/gazebo_ws/install/my_robot_bringup:/home/awadh/gazebo_ws/install/my_robot_description:/home/awadh/yolobot/install/yolov8_msgs:/home/awadh/yolobot/install/yolobot_recognition:/home/awadh/yolobot/install/yolobot_gazebo:/home/awadh/yolobot/install/yolobot_description:/home/awadh/yolobot/install/yolobot_control:/home/awadh/test2_ws/install/pcl_object_detection:/home/awadh/zed_ws/install/zed_ros2:/home/awadh/zed_ws/install/zed_robot_integration:/home/awadh/zed_ws/install/zed_multi_camera:/home/awadh/zed_ws/install/zed_display_rviz2:/home/awadh/zed_ws/install/zed_depth_to_laserscan:/home/awadh/zed_ws/install/zed_tutorial_video:/home/awadh/zed_ws/install/zed_tutorial_pos_tracking:/home/awadh/zed_ws/install/zed_tutorial_depth:/home/awadh/zed_ws/install/zed_topic_benchmark:/home/awadh/zed_ws/install/zed_topic_benchmark_component:/home/awadh/zed_ws/install/zed_topic_benchmark_interfaces:/home/awadh/zed_ws/install/zed_rgb_convert:/home/awadh/zed_ws/install/zed_aruco_localization:/home/awadh/zed_ws/install/rviz_plugin_zed_od:/home/awadh/ouster_ws/install/ouster_ros:/home/awadh/ouster_ws/install/ouster_sensor_msgs:/home/awadh/ros2_ws/install/my_robot_bringup:/home/awadh/ros2_ws/install/turtlesim_project_cpp:/home/awadh/ros2_ws/install/my_cpp_pkg:/home/awadh/ros2_ws/install/my_robot_interfaces:/home/awadh/gazebo_ws/install/ultralytics_ros2:/home/awadh/depth_ws/install/depth_estimation:/home/awadh/ros2_ws/install/turtlesim_catch_them_all:/home/awadh/ros2_ws/install/my_py_pkg:/opt/ros/humble:/home/awadh/sick_tim_ws/install/sick_tim LD_LIBRARY_PATH=/home/awadh/zed_ws/install/zed_components/lib:/home/awadh/zed_ws/install/zed_interfaces/lib:/home/awadh/gazebo_ws/install/yolov8_msgs/lib:/home/awadh/yolobot/install/yolov8_msgs/lib:/home/awadh/test2_ws/install/pcl_object_detection/lib:/home/awadh/zed_ws/install/zed_topic_benchmark_component/lib:/home/awadh/zed_ws/install/zed_topic_benchmark_interfaces/lib:/home/awadh/zed_ws/install/zed_rgb_convert/lib:/home/awadh/zed_ws/install/zed_aruco_localization/lib:/home/awadh/zed_ws/install/rviz_plugin_zed_od/lib:/home/awadh/ouster_ws/install/ouster_ros/lib:/home/awadh/ouster_ws/install/ouster_sensor_msgs/lib:/home/awadh/ros2_ws/install/my_robot_interfaces/lib:/home/awadh/sick_tim_ws/install/sick_tim/lib:/usr/lib/x86_64-linux-gnu/gazebo-11/plugins:/opt/ros/humble/opt/rviz_ogre_vendor/lib:/opt/ros/humble/lib/x86_64-linux-gnu:/opt/ros/humble/lib:/usr/share/gazebo/../../lib/x86_64-linux-gnu/gazebo-11/plugins /usr/bin/cmake --install /home/awadh/zed_ws/build/zed_depth_to_laserscan
[2.891s] INFO:colcon.colcon_core.shell:Creating environment descriptor '/home/awadh/zed_ws/install/zed_depth_to_laserscan/share/zed_depth_to_laserscan/hook/cmake_prefix_path.dsv'
[2.891s] INFO:colcon.colcon_core.shell:Creating environment hook '/home/awadh/zed_ws/install/zed_depth_to_laserscan/share/zed_depth_to_laserscan/hook/cmake_prefix_path.sh'
[2.892s] Level 1:colcon.colcon_core.environment:checking '/home/awadh/zed_ws/install/zed_depth_to_laserscan/bin'
[2.892s] Level 1:colcon.colcon_core.environment:checking '/home/awadh/zed_ws/install/zed_depth_to_laserscan/lib/pkgconfig/zed_depth_to_laserscan.pc'
[2.892s] Level 1:colcon.colcon_core.environment:checking '/home/awadh/zed_ws/install/zed_depth_to_laserscan/lib/python3.10/site-packages'
[2.892s] Level 1:colcon.colcon_core.environment:checking '/home/awadh/zed_ws/install/zed_depth_to_laserscan/bin'
[2.892s] INFO:colcon.colcon_core.shell:Creating package script '/home/awadh/zed_ws/install/zed_depth_to_laserscan/share/zed_depth_to_laserscan/package.ps1'
[2.892s] INFO:colcon.colcon_core.shell:Creating package descriptor '/home/awadh/zed_ws/install/zed_depth_to_laserscan/share/zed_depth_to_laserscan/package.dsv'
[2.893s] INFO:colcon.colcon_core.shell:Creating package script '/home/awadh/zed_ws/install/zed_depth_to_laserscan/share/zed_depth_to_laserscan/package.sh'
[2.893s] INFO:colcon.colcon_core.shell:Creating package script '/home/awadh/zed_ws/install/zed_depth_to_laserscan/share/zed_depth_to_laserscan/package.bash'
[2.893s] INFO:colcon.colcon_core.shell:Creating package script '/home/awadh/zed_ws/install/zed_depth_to_laserscan/share/zed_depth_to_laserscan/package.zsh'
[2.893s] Level 1:colcon.colcon_core.environment:create_file_with_runtime_dependencies(/home/awadh/zed_ws/install/zed_depth_to_laserscan/share/colcon-core/packages/zed_depth_to_laserscan)
[2.894s] Level 1:colcon.colcon_core.environment:create_environment_scripts_only(zed_ros2)
[2.894s] Level 1:colcon.colcon_core.environment:checking '/home/awadh/zed_ws/install/zed_ros2' for CMake module files
[2.894s] DEBUG:colcon.colcon_core.event_handler.log_command:Invoked command in '/home/awadh/zed_ws/build/zed_ros2' returned '0': CMAKE_PREFIX_PATH=/home/awadh/zed_ws/install/zed_wrapper:/home/awadh/zed_ws/install/zed_components:/home/awadh/zed_ws/install/zed_interfaces:/home/awadh/gazebo_ws/install/yolov8_msgs:/home/awadh/gazebo_ws/install/yolobot_recognition:/home/awadh/gazebo_ws/install/yolobot_gazebo:/home/awadh/gazebo_ws/install/yolobot_description:/home/awadh/gazebo_ws/install/yolobot_control:/home/awadh/gazebo_ws/install/my_robot_bringup:/home/awadh/gazebo_ws/install/my_robot_description:/home/awadh/yolobot/install/yolov8_msgs:/home/awadh/yolobot/install/yolobot_recognition:/home/awadh/yolobot/install/yolobot_gazebo:/home/awadh/yolobot/install/yolobot_description:/home/awadh/yolobot/install/yolobot_control:/home/awadh/test2_ws/install/pcl_object_detection:/home/awadh/zed_ws/install/zed_ros2:/home/awadh/zed_ws/install/zed_robot_integration:/home/awadh/zed_ws/install/zed_multi_camera:/home/awadh/zed_ws/install/zed_display_rviz2:/home/awadh/zed_ws/install/zed_depth_to_laserscan:/home/awadh/zed_ws/install/zed_tutorial_video:/home/awadh/zed_ws/install/zed_tutorial_pos_tracking:/home/awadh/zed_ws/install/zed_tutorial_depth:/home/awadh/zed_ws/install/zed_topic_benchmark:/home/awadh/zed_ws/install/zed_topic_benchmark_component:/home/awadh/zed_ws/install/zed_topic_benchmark_interfaces:/home/awadh/zed_ws/install/zed_rgb_convert:/home/awadh/zed_ws/install/zed_aruco_localization:/home/awadh/zed_ws/install/rviz_plugin_zed_od:/home/awadh/ouster_ws/install/ouster_ros:/home/awadh/ouster_ws/install/ouster_sensor_msgs:/home/awadh/ros2_ws/install/my_robot_bringup:/home/awadh/ros2_ws/install/turtlesim_project_cpp:/home/awadh/ros2_ws/install/my_cpp_pkg:/home/awadh/ros2_ws/install/my_robot_interfaces:/home/awadh/gazebo_ws/install/ultralytics_ros2:/home/awadh/depth_ws/install/depth_estimation:/home/awadh/ros2_ws/install/turtlesim_catch_them_all:/home/awadh/ros2_ws/install/my_py_pkg:/opt/ros/humble:/home/awadh/sick_tim_ws/install/sick_tim LD_LIBRARY_PATH=/home/awadh/zed_ws/install/zed_components/lib:/home/awadh/zed_ws/install/zed_interfaces/lib:/home/awadh/gazebo_ws/install/yolov8_msgs/lib:/home/awadh/yolobot/install/yolov8_msgs/lib:/home/awadh/test2_ws/install/pcl_object_detection/lib:/home/awadh/zed_ws/install/zed_topic_benchmark_component/lib:/home/awadh/zed_ws/install/zed_topic_benchmark_interfaces/lib:/home/awadh/zed_ws/install/zed_rgb_convert/lib:/home/awadh/zed_ws/install/zed_aruco_localization/lib:/home/awadh/zed_ws/install/rviz_plugin_zed_od/lib:/home/awadh/ouster_ws/install/ouster_ros/lib:/home/awadh/ouster_ws/install/ouster_sensor_msgs/lib:/home/awadh/ros2_ws/install/my_robot_interfaces/lib:/home/awadh/sick_tim_ws/install/sick_tim/lib:/usr/lib/x86_64-linux-gnu/gazebo-11/plugins:/opt/ros/humble/opt/rviz_ogre_vendor/lib:/opt/ros/humble/lib/x86_64-linux-gnu:/opt/ros/humble/lib:/usr/share/gazebo/../../lib/x86_64-linux-gnu/gazebo-11/plugins /usr/bin/cmake --install /home/awadh/zed_ws/build/zed_ros2
[2.894s] Level 1:colcon.colcon_core.environment:checking '/home/awadh/zed_ws/install/zed_ros2' for CMake config files
[2.894s] Level 1:colcon.colcon_core.shell:create_environment_hook('zed_ros2', 'cmake_prefix_path')
[2.894s] INFO:colcon.colcon_core.shell:Creating environment hook '/home/awadh/zed_ws/install/zed_ros2/share/zed_ros2/hook/cmake_prefix_path.ps1'
[2.895s] INFO:colcon.colcon_core.shell:Creating environment descriptor '/home/awadh/zed_ws/install/zed_ros2/share/zed_ros2/hook/cmake_prefix_path.dsv'
[2.895s] INFO:colcon.colcon_core.shell:Creating environment hook '/home/awadh/zed_ws/install/zed_ros2/share/zed_ros2/hook/cmake_prefix_path.sh'
[2.895s] Level 1:colcon.colcon_core.environment:checking '/home/awadh/zed_ws/install/zed_ros2/bin'
[2.895s] Level 1:colcon.colcon_core.environment:checking '/home/awadh/zed_ws/install/zed_ros2/lib/pkgconfig/zed_ros2.pc'
[2.895s] Level 1:colcon.colcon_core.environment:checking '/home/awadh/zed_ws/install/zed_ros2/lib/python3.10/site-packages'
[2.895s] Level 1:colcon.colcon_core.environment:checking '/home/awadh/zed_ws/install/zed_ros2/bin'
[2.896s] INFO:colcon.colcon_core.shell:Creating package script '/home/awadh/zed_ws/install/zed_ros2/share/zed_ros2/package.ps1'
[2.896s] INFO:colcon.colcon_core.shell:Creating package descriptor '/home/awadh/zed_ws/install/zed_ros2/share/zed_ros2/package.dsv'
[2.896s] INFO:colcon.colcon_core.shell:Creating package script '/home/awadh/zed_ws/install/zed_ros2/share/zed_ros2/package.sh'
[2.896s] INFO:colcon.colcon_core.shell:Creating package script '/home/awadh/zed_ws/install/zed_ros2/share/zed_ros2/package.bash'
[2.896s] INFO:colcon.colcon_core.shell:Creating package script '/home/awadh/zed_ws/install/zed_ros2/share/zed_ros2/package.zsh'
[2.896s] Level 1:colcon.colcon_core.environment:create_file_with_runtime_dependencies(/home/awadh/zed_ws/install/zed_ros2/share/colcon-core/packages/zed_ros2)
[2.897s] Level 1:colcon.colcon_core.environment:create_environment_scripts_only(zed_robot_integration)
[2.897s] Level 1:colcon.colcon_core.environment:checking '/home/awadh/zed_ws/install/zed_robot_integration' for CMake module files
[2.897s] DEBUG:colcon.colcon_core.event_handler.log_command:Invoked command in '/home/awadh/zed_ws/build/zed_robot_integration' returned '0': CMAKE_PREFIX_PATH=/home/awadh/zed_ws/install/zed_wrapper:/home/awadh/zed_ws/install/zed_components:/home/awadh/zed_ws/install/zed_interfaces:/home/awadh/gazebo_ws/install/yolov8_msgs:/home/awadh/gazebo_ws/install/yolobot_recognition:/home/awadh/gazebo_ws/install/yolobot_gazebo:/home/awadh/gazebo_ws/install/yolobot_description:/home/awadh/gazebo_ws/install/yolobot_control:/home/awadh/gazebo_ws/install/my_robot_bringup:/home/awadh/gazebo_ws/install/my_robot_description:/home/awadh/yolobot/install/yolov8_msgs:/home/awadh/yolobot/install/yolobot_recognition:/home/awadh/yolobot/install/yolobot_gazebo:/home/awadh/yolobot/install/yolobot_description:/home/awadh/yolobot/install/yolobot_control:/home/awadh/test2_ws/install/pcl_object_detection:/home/awadh/zed_ws/install/zed_ros2:/home/awadh/zed_ws/install/zed_robot_integration:/home/awadh/zed_ws/install/zed_multi_camera:/home/awadh/zed_ws/install/zed_display_rviz2:/home/awadh/zed_ws/install/zed_depth_to_laserscan:/home/awadh/zed_ws/install/zed_tutorial_video:/home/awadh/zed_ws/install/zed_tutorial_pos_tracking:/home/awadh/zed_ws/install/zed_tutorial_depth:/home/awadh/zed_ws/install/zed_topic_benchmark:/home/awadh/zed_ws/install/zed_topic_benchmark_component:/home/awadh/zed_ws/install/zed_topic_benchmark_interfaces:/home/awadh/zed_ws/install/zed_rgb_convert:/home/awadh/zed_ws/install/zed_aruco_localization:/home/awadh/zed_ws/install/rviz_plugin_zed_od:/home/awadh/ouster_ws/install/ouster_ros:/home/awadh/ouster_ws/install/ouster_sensor_msgs:/home/awadh/ros2_ws/install/my_robot_bringup:/home/awadh/ros2_ws/install/turtlesim_project_cpp:/home/awadh/ros2_ws/install/my_cpp_pkg:/home/awadh/ros2_ws/install/my_robot_interfaces:/home/awadh/gazebo_ws/install/ultralytics_ros2:/home/awadh/depth_ws/install/depth_estimation:/home/awadh/ros2_ws/install/turtlesim_catch_them_all:/home/awadh/ros2_ws/install/my_py_pkg:/opt/ros/humble:/home/awadh/sick_tim_ws/install/sick_tim LD_LIBRARY_PATH=/home/awadh/zed_ws/install/zed_components/lib:/home/awadh/zed_ws/install/zed_interfaces/lib:/home/awadh/gazebo_ws/install/yolov8_msgs/lib:/home/awadh/yolobot/install/yolov8_msgs/lib:/home/awadh/test2_ws/install/pcl_object_detection/lib:/home/awadh/zed_ws/install/zed_topic_benchmark_component/lib:/home/awadh/zed_ws/install/zed_topic_benchmark_interfaces/lib:/home/awadh/zed_ws/install/zed_rgb_convert/lib:/home/awadh/zed_ws/install/zed_aruco_localization/lib:/home/awadh/zed_ws/install/rviz_plugin_zed_od/lib:/home/awadh/ouster_ws/install/ouster_ros/lib:/home/awadh/ouster_ws/install/ouster_sensor_msgs/lib:/home/awadh/ros2_ws/install/my_robot_interfaces/lib:/home/awadh/sick_tim_ws/install/sick_tim/lib:/usr/lib/x86_64-linux-gnu/gazebo-11/plugins:/opt/ros/humble/opt/rviz_ogre_vendor/lib:/opt/ros/humble/lib/x86_64-linux-gnu:/opt/ros/humble/lib:/usr/share/gazebo/../../lib/x86_64-linux-gnu/gazebo-11/plugins /usr/bin/cmake --install /home/awadh/zed_ws/build/zed_robot_integration
[2.898s] Level 1:colcon.colcon_core.environment:checking '/home/awadh/zed_ws/install/zed_robot_integration' for CMake config files
[2.898s] Level 1:colcon.colcon_core.shell:create_environment_hook('zed_robot_integration', 'cmake_prefix_path')
[2.898s] INFO:colcon.colcon_core.shell:Creating environment hook '/home/awadh/zed_ws/install/zed_robot_integration/share/zed_robot_integration/hook/cmake_prefix_path.ps1'
[2.898s] INFO:colcon.colcon_core.shell:Creating environment descriptor '/home/awadh/zed_ws/install/zed_robot_integration/share/zed_robot_integration/hook/cmake_prefix_path.dsv'
[2.898s] INFO:colcon.colcon_core.shell:Creating environment hook '/home/awadh/zed_ws/install/zed_robot_integration/share/zed_robot_integration/hook/cmake_prefix_path.sh'
[2.898s] Level 1:colcon.colcon_core.environment:checking '/home/awadh/zed_ws/install/zed_robot_integration/bin'
[2.898s] Level 1:colcon.colcon_core.environment:checking '/home/awadh/zed_ws/install/zed_robot_integration/lib/pkgconfig/zed_robot_integration.pc'
[2.899s] Level 1:colcon.colcon_core.environment:checking '/home/awadh/zed_ws/install/zed_robot_integration/lib/python3.10/site-packages'
[2.899s] Level 1:colcon.colcon_core.environment:checking '/home/awadh/zed_ws/install/zed_robot_integration/bin'
[2.899s] INFO:colcon.colcon_core.shell:Creating package script '/home/awadh/zed_ws/install/zed_robot_integration/share/zed_robot_integration/package.ps1'
[2.899s] INFO:colcon.colcon_core.shell:Creating package descriptor '/home/awadh/zed_ws/install/zed_robot_integration/share/zed_robot_integration/package.dsv'
[2.899s] INFO:colcon.colcon_core.shell:Creating package script '/home/awadh/zed_ws/install/zed_robot_integration/share/zed_robot_integration/package.sh'
[2.900s] INFO:colcon.colcon_core.shell:Creating package script '/home/awadh/zed_ws/install/zed_robot_integration/share/zed_robot_integration/package.bash'
[2.900s] INFO:colcon.colcon_core.shell:Creating package script '/home/awadh/zed_ws/install/zed_robot_integration/share/zed_robot_integration/package.zsh'
[2.900s] Level 1:colcon.colcon_core.environment:create_file_with_runtime_dependencies(/home/awadh/zed_ws/install/zed_robot_integration/share/colcon-core/packages/zed_robot_integration)
[2.900s] Level 1:colcon.colcon_core.environment:create_environment_scripts_only(zed_multi_camera)
[2.900s] Level 1:colcon.colcon_core.environment:checking '/home/awadh/zed_ws/install/zed_multi_camera' for CMake module files
[2.901s] DEBUG:colcon.colcon_core.event_handler.log_command:Invoked command in '/home/awadh/zed_ws/build/zed_multi_camera' returned '0': CMAKE_PREFIX_PATH=/home/awadh/zed_ws/install/zed_wrapper:/home/awadh/zed_ws/install/zed_components:/home/awadh/zed_ws/install/zed_interfaces:/home/awadh/gazebo_ws/install/yolov8_msgs:/home/awadh/gazebo_ws/install/yolobot_recognition:/home/awadh/gazebo_ws/install/yolobot_gazebo:/home/awadh/gazebo_ws/install/yolobot_description:/home/awadh/gazebo_ws/install/yolobot_control:/home/awadh/gazebo_ws/install/my_robot_bringup:/home/awadh/gazebo_ws/install/my_robot_description:/home/awadh/yolobot/install/yolov8_msgs:/home/awadh/yolobot/install/yolobot_recognition:/home/awadh/yolobot/install/yolobot_gazebo:/home/awadh/yolobot/install/yolobot_description:/home/awadh/yolobot/install/yolobot_control:/home/awadh/test2_ws/install/pcl_object_detection:/home/awadh/zed_ws/install/zed_ros2:/home/awadh/zed_ws/install/zed_robot_integration:/home/awadh/zed_ws/install/zed_multi_camera:/home/awadh/zed_ws/install/zed_display_rviz2:/home/awadh/zed_ws/install/zed_depth_to_laserscan:/home/awadh/zed_ws/install/zed_tutorial_video:/home/awadh/zed_ws/install/zed_tutorial_pos_tracking:/home/awadh/zed_ws/install/zed_tutorial_depth:/home/awadh/zed_ws/install/zed_topic_benchmark:/home/awadh/zed_ws/install/zed_topic_benchmark_component:/home/awadh/zed_ws/install/zed_topic_benchmark_interfaces:/home/awadh/zed_ws/install/zed_rgb_convert:/home/awadh/zed_ws/install/zed_aruco_localization:/home/awadh/zed_ws/install/rviz_plugin_zed_od:/home/awadh/ouster_ws/install/ouster_ros:/home/awadh/ouster_ws/install/ouster_sensor_msgs:/home/awadh/ros2_ws/install/my_robot_bringup:/home/awadh/ros2_ws/install/turtlesim_project_cpp:/home/awadh/ros2_ws/install/my_cpp_pkg:/home/awadh/ros2_ws/install/my_robot_interfaces:/home/awadh/gazebo_ws/install/ultralytics_ros2:/home/awadh/depth_ws/install/depth_estimation:/home/awadh/ros2_ws/install/turtlesim_catch_them_all:/home/awadh/ros2_ws/install/my_py_pkg:/opt/ros/humble:/home/awadh/sick_tim_ws/install/sick_tim LD_LIBRARY_PATH=/home/awadh/zed_ws/install/zed_components/lib:/home/awadh/zed_ws/install/zed_interfaces/lib:/home/awadh/gazebo_ws/install/yolov8_msgs/lib:/home/awadh/yolobot/install/yolov8_msgs/lib:/home/awadh/test2_ws/install/pcl_object_detection/lib:/home/awadh/zed_ws/install/zed_topic_benchmark_component/lib:/home/awadh/zed_ws/install/zed_topic_benchmark_interfaces/lib:/home/awadh/zed_ws/install/zed_rgb_convert/lib:/home/awadh/zed_ws/install/zed_aruco_localization/lib:/home/awadh/zed_ws/install/rviz_plugin_zed_od/lib:/home/awadh/ouster_ws/install/ouster_ros/lib:/home/awadh/ouster_ws/install/ouster_sensor_msgs/lib:/home/awadh/ros2_ws/install/my_robot_interfaces/lib:/home/awadh/sick_tim_ws/install/sick_tim/lib:/usr/lib/x86_64-linux-gnu/gazebo-11/plugins:/opt/ros/humble/opt/rviz_ogre_vendor/lib:/opt/ros/humble/lib/x86_64-linux-gnu:/opt/ros/humble/lib:/usr/share/gazebo/../../lib/x86_64-linux-gnu/gazebo-11/plugins /usr/bin/cmake --install /home/awadh/zed_ws/build/zed_multi_camera
[2.901s] Level 1:colcon.colcon_core.environment:checking '/home/awadh/zed_ws/install/zed_multi_camera' for CMake config files
[2.901s] Level 1:colcon.colcon_core.shell:create_environment_hook('zed_multi_camera', 'cmake_prefix_path')
[2.901s] INFO:colcon.colcon_core.shell:Creating environment hook '/home/awadh/zed_ws/install/zed_multi_camera/share/zed_multi_camera/hook/cmake_prefix_path.ps1'
[2.901s] INFO:colcon.colcon_core.shell:Creating environment descriptor '/home/awadh/zed_ws/install/zed_multi_camera/share/zed_multi_camera/hook/cmake_prefix_path.dsv'
[2.902s] INFO:colcon.colcon_core.shell:Creating environment hook '/home/awadh/zed_ws/install/zed_multi_camera/share/zed_multi_camera/hook/cmake_prefix_path.sh'
[2.902s] Level 1:colcon.colcon_core.environment:checking '/home/awadh/zed_ws/install/zed_multi_camera/bin'
[2.902s] Level 1:colcon.colcon_core.environment:checking '/home/awadh/zed_ws/install/zed_multi_camera/lib/pkgconfig/zed_multi_camera.pc'
[2.902s] Level 1:colcon.colcon_core.environment:checking '/home/awadh/zed_ws/install/zed_multi_camera/lib/python3.10/site-packages'
[2.902s] Level 1:colcon.colcon_core.environment:checking '/home/awadh/zed_ws/install/zed_multi_camera/bin'
[2.902s] INFO:colcon.colcon_core.shell:Creating package script '/home/awadh/zed_ws/install/zed_multi_camera/share/zed_multi_camera/package.ps1'
[2.903s] INFO:colcon.colcon_core.shell:Creating package descriptor '/home/awadh/zed_ws/install/zed_multi_camera/share/zed_multi_camera/package.dsv'
[2.903s] INFO:colcon.colcon_core.shell:Creating package script '/home/awadh/zed_ws/install/zed_multi_camera/share/zed_multi_camera/package.sh'
[2.903s] INFO:colcon.colcon_core.shell:Creating package script '/home/awadh/zed_ws/install/zed_multi_camera/share/zed_multi_camera/package.bash'
[2.903s] INFO:colcon.colcon_core.shell:Creating package script '/home/awadh/zed_ws/install/zed_multi_camera/share/zed_multi_camera/package.zsh'
[2.903s] Level 1:colcon.colcon_core.environment:create_file_with_runtime_dependencies(/home/awadh/zed_ws/install/zed_multi_camera/share/colcon-core/packages/zed_multi_camera)
[2.909s] Level 1:colcon.colcon_core.environment:create_environment_scripts_only(zed_display_rviz2)
[2.909s] Level 1:colcon.colcon_core.environment:checking '/home/awadh/zed_ws/install/zed_display_rviz2' for CMake module files
[2.910s] Level 1:colcon.colcon_core.environment:checking '/home/awadh/zed_ws/install/zed_display_rviz2' for CMake config files
[2.910s] Level 1:colcon.colcon_core.shell:create_environment_hook('zed_display_rviz2', 'cmake_prefix_path')
[2.910s] INFO:colcon.colcon_core.shell:Creating environment hook '/home/awadh/zed_ws/install/zed_display_rviz2/share/zed_display_rviz2/hook/cmake_prefix_path.ps1'
[2.910s] INFO:colcon.colcon_core.shell:Creating environment descriptor '/home/awadh/zed_ws/install/zed_display_rviz2/share/zed_display_rviz2/hook/cmake_prefix_path.dsv'
[2.911s] INFO:colcon.colcon_core.shell:Creating environment hook '/home/awadh/zed_ws/install/zed_display_rviz2/share/zed_display_rviz2/hook/cmake_prefix_path.sh'
[2.911s] Level 1:colcon.colcon_core.environment:checking '/home/awadh/zed_ws/install/zed_display_rviz2/bin'
[2.911s] Level 1:colcon.colcon_core.environment:checking '/home/awadh/zed_ws/install/zed_display_rviz2/lib/pkgconfig/zed_display_rviz2.pc'
[2.911s] Level 1:colcon.colcon_core.environment:checking '/home/awadh/zed_ws/install/zed_display_rviz2/lib/python3.10/site-packages'
[2.911s] Level 1:colcon.colcon_core.environment:checking '/home/awadh/zed_ws/install/zed_display_rviz2/bin'
[2.911s] INFO:colcon.colcon_core.shell:Creating package script '/home/awadh/zed_ws/install/zed_display_rviz2/share/zed_display_rviz2/package.ps1'
[2.912s] INFO:colcon.colcon_core.shell:Creating package descriptor '/home/awadh/zed_ws/install/zed_display_rviz2/share/zed_display_rviz2/package.dsv'
[2.912s] INFO:colcon.colcon_core.shell:Creating package script '/home/awadh/zed_ws/install/zed_display_rviz2/share/zed_display_rviz2/package.sh'
[2.912s] INFO:colcon.colcon_core.shell:Creating package script '/home/awadh/zed_ws/install/zed_display_rviz2/share/zed_display_rviz2/package.bash'
[2.912s] INFO:colcon.colcon_core.shell:Creating package script '/home/awadh/zed_ws/install/zed_display_rviz2/share/zed_display_rviz2/package.zsh'
[2.913s] Level 1:colcon.colcon_core.environment:create_file_with_runtime_dependencies(/home/awadh/zed_ws/install/zed_display_rviz2/share/colcon-core/packages/zed_display_rviz2)
[2.913s] Level 1:colcon.colcon_core.environment:create_environment_scripts_only(zed_depth_to_laserscan)
[2.914s] Level 1:colcon.colcon_core.environment:checking '/home/awadh/zed_ws/install/zed_depth_to_laserscan' for CMake module files
[2.914s] Level 1:colcon.colcon_core.environment:checking '/home/awadh/zed_ws/install/zed_depth_to_laserscan' for CMake config files
[2.914s] Level 1:colcon.colcon_core.shell:create_environment_hook('zed_depth_to_laserscan', 'cmake_prefix_path')
[2.914s] INFO:colcon.colcon_core.shell:Creating environment hook '/home/awadh/zed_ws/install/zed_depth_to_laserscan/share/zed_depth_to_laserscan/hook/cmake_prefix_path.ps1'
[2.914s] INFO:colcon.colcon_core.shell:Creating environment descriptor '/home/awadh/zed_ws/install/zed_depth_to_laserscan/share/zed_depth_to_laserscan/hook/cmake_prefix_path.dsv'
[2.914s] INFO:colcon.colcon_core.shell:Creating environment hook '/home/awadh/zed_ws/install/zed_depth_to_laserscan/share/zed_depth_to_laserscan/hook/cmake_prefix_path.sh'
[2.915s] Level 1:colcon.colcon_core.environment:checking '/home/awadh/zed_ws/install/zed_depth_to_laserscan/bin'
[2.915s] Level 1:colcon.colcon_core.environment:checking '/home/awadh/zed_ws/install/zed_depth_to_laserscan/lib/pkgconfig/zed_depth_to_laserscan.pc'
[2.915s] Level 1:colcon.colcon_core.environment:checking '/home/awadh/zed_ws/install/zed_depth_to_laserscan/lib/python3.10/site-packages'
[2.915s] Level 1:colcon.colcon_core.environment:checking '/home/awadh/zed_ws/install/zed_depth_to_laserscan/bin'
[2.915s] INFO:colcon.colcon_core.shell:Creating package script '/home/awadh/zed_ws/install/zed_depth_to_laserscan/share/zed_depth_to_laserscan/package.ps1'
[2.916s] INFO:colcon.colcon_core.shell:Creating package descriptor '/home/awadh/zed_ws/install/zed_depth_to_laserscan/share/zed_depth_to_laserscan/package.dsv'
[2.916s] INFO:colcon.colcon_core.shell:Creating package script '/home/awadh/zed_ws/install/zed_depth_to_laserscan/share/zed_depth_to_laserscan/package.sh'
[2.916s] INFO:colcon.colcon_core.shell:Creating package script '/home/awadh/zed_ws/install/zed_depth_to_laserscan/share/zed_depth_to_laserscan/package.bash'
[2.916s] INFO:colcon.colcon_core.shell:Creating package script '/home/awadh/zed_ws/install/zed_depth_to_laserscan/share/zed_depth_to_laserscan/package.zsh'
[2.916s] Level 1:colcon.colcon_core.environment:create_file_with_runtime_dependencies(/home/awadh/zed_ws/install/zed_depth_to_laserscan/share/colcon-core/packages/zed_depth_to_laserscan)
[2.917s] Level 1:colcon.colcon_core.environment:create_environment_scripts_only(zed_ros2)
[2.917s] Level 1:colcon.colcon_core.environment:checking '/home/awadh/zed_ws/install/zed_ros2' for CMake module files
[2.917s] Level 1:colcon.colcon_core.environment:checking '/home/awadh/zed_ws/install/zed_ros2' for CMake config files
[2.918s] Level 1:colcon.colcon_core.shell:create_environment_hook('zed_ros2', 'cmake_prefix_path')
[2.918s] INFO:colcon.colcon_core.shell:Creating environment hook '/home/awadh/zed_ws/install/zed_ros2/share/zed_ros2/hook/cmake_prefix_path.ps1'
[2.918s] INFO:colcon.colcon_core.shell:Creating environment descriptor '/home/awadh/zed_ws/install/zed_ros2/share/zed_ros2/hook/cmake_prefix_path.dsv'
[2.918s] INFO:colcon.colcon_core.shell:Creating environment hook '/home/awadh/zed_ws/install/zed_ros2/share/zed_ros2/hook/cmake_prefix_path.sh'
[2.919s] Level 1:colcon.colcon_core.environment:checking '/home/awadh/zed_ws/install/zed_ros2/bin'
[2.919s] Level 1:colcon.colcon_core.environment:checking '/home/awadh/zed_ws/install/zed_ros2/lib/pkgconfig/zed_ros2.pc'
[2.919s] Level 1:colcon.colcon_core.environment:checking '/home/awadh/zed_ws/install/zed_ros2/lib/python3.10/site-packages'
[2.919s] Level 1:colcon.colcon_core.environment:checking '/home/awadh/zed_ws/install/zed_ros2/bin'
[2.919s] INFO:colcon.colcon_core.shell:Creating package script '/home/awadh/zed_ws/install/zed_ros2/share/zed_ros2/package.ps1'
[2.919s] INFO:colcon.colcon_core.shell:Creating package descriptor '/home/awadh/zed_ws/install/zed_ros2/share/zed_ros2/package.dsv'
[2.919s] INFO:colcon.colcon_core.shell:Creating package script '/home/awadh/zed_ws/install/zed_ros2/share/zed_ros2/package.sh'
[2.920s] INFO:colcon.colcon_core.shell:Creating package script '/home/awadh/zed_ws/install/zed_ros2/share/zed_ros2/package.bash'
[2.920s] INFO:colcon.colcon_core.shell:Creating package script '/home/awadh/zed_ws/install/zed_ros2/share/zed_ros2/package.zsh'
[2.920s] Level 1:colcon.colcon_core.environment:create_file_with_runtime_dependencies(/home/awadh/zed_ws/install/zed_ros2/share/colcon-core/packages/zed_ros2)
[2.922s] Level 1:colcon.colcon_core.environment:create_environment_scripts_only(zed_robot_integration)
[2.922s] Level 1:colcon.colcon_core.environment:checking '/home/awadh/zed_ws/install/zed_robot_integration' for CMake module files
[2.922s] Level 1:colcon.colcon_core.environment:checking '/home/awadh/zed_ws/install/zed_robot_integration' for CMake config files
[2.922s] Level 1:colcon.colcon_core.shell:create_environment_hook('zed_robot_integration', 'cmake_prefix_path')
[2.923s] INFO:colcon.colcon_core.shell:Creating environment hook '/home/awadh/zed_ws/install/zed_robot_integration/share/zed_robot_integration/hook/cmake_prefix_path.ps1'
[2.923s] INFO:colcon.colcon_core.shell:Creating environment descriptor '/home/awadh/zed_ws/install/zed_robot_integration/share/zed_robot_integration/hook/cmake_prefix_path.dsv'
[2.923s] INFO:colcon.colcon_core.shell:Creating environment hook '/home/awadh/zed_ws/install/zed_robot_integration/share/zed_robot_integration/hook/cmake_prefix_path.sh'
[2.923s] Level 1:colcon.colcon_core.environment:checking '/home/awadh/zed_ws/install/zed_robot_integration/bin'
[2.923s] Level 1:colcon.colcon_core.environment:checking '/home/awadh/zed_ws/install/zed_robot_integration/lib/pkgconfig/zed_robot_integration.pc'
[2.924s] Level 1:colcon.colcon_core.environment:checking '/home/awadh/zed_ws/install/zed_robot_integration/lib/python3.10/site-packages'
[2.924s] Level 1:colcon.colcon_core.environment:checking '/home/awadh/zed_ws/install/zed_robot_integration/bin'
[2.924s] INFO:colcon.colcon_core.shell:Creating package script '/home/awadh/zed_ws/install/zed_robot_integration/share/zed_robot_integration/package.ps1'
[2.924s] INFO:colcon.colcon_core.shell:Creating package descriptor '/home/awadh/zed_ws/install/zed_robot_integration/share/zed_robot_integration/package.dsv'
[2.925s] INFO:colcon.colcon_core.shell:Creating package script '/home/awadh/zed_ws/install/zed_robot_integration/share/zed_robot_integration/package.sh'
[2.925s] INFO:colcon.colcon_core.shell:Creating package script '/home/awadh/zed_ws/install/zed_robot_integration/share/zed_robot_integration/package.bash'
[2.925s] INFO:colcon.colcon_core.shell:Creating package script '/home/awadh/zed_ws/install/zed_robot_integration/share/zed_robot_integration/package.zsh'
[2.925s] Level 1:colcon.colcon_core.environment:create_file_with_runtime_dependencies(/home/awadh/zed_ws/install/zed_robot_integration/share/colcon-core/packages/zed_robot_integration)
[2.926s] Level 1:colcon.colcon_core.environment:create_environment_scripts_only(zed_multi_camera)
[2.926s] Level 1:colcon.colcon_core.environment:checking '/home/awadh/zed_ws/install/zed_multi_camera' for CMake module files
[2.926s] Level 1:colcon.colcon_core.environment:checking '/home/awadh/zed_ws/install/zed_multi_camera' for CMake config files
[2.926s] Level 1:colcon.colcon_core.shell:create_environment_hook('zed_multi_camera', 'cmake_prefix_path')
[2.926s] INFO:colcon.colcon_core.shell:Creating environment hook '/home/awadh/zed_ws/install/zed_multi_camera/share/zed_multi_camera/hook/cmake_prefix_path.ps1'
[2.927s] INFO:colcon.colcon_core.shell:Creating environment descriptor '/home/awadh/zed_ws/install/zed_multi_camera/share/zed_multi_camera/hook/cmake_prefix_path.dsv'
[2.927s] INFO:colcon.colcon_core.shell:Creating environment hook '/home/awadh/zed_ws/install/zed_multi_camera/share/zed_multi_camera/hook/cmake_prefix_path.sh'
[2.927s] Level 1:colcon.colcon_core.environment:checking '/home/awadh/zed_ws/install/zed_multi_camera/bin'
[2.927s] Level 1:colcon.colcon_core.environment:checking '/home/awadh/zed_ws/install/zed_multi_camera/lib/pkgconfig/zed_multi_camera.pc'
[2.927s] Level 1:colcon.colcon_core.environment:checking '/home/awadh/zed_ws/install/zed_multi_camera/lib/python3.10/site-packages'
[2.927s] Level 1:colcon.colcon_core.environment:checking '/home/awadh/zed_ws/install/zed_multi_camera/bin'
[2.927s] INFO:colcon.colcon_core.shell:Creating package script '/home/awadh/zed_ws/install/zed_multi_camera/share/zed_multi_camera/package.ps1'
[2.928s] INFO:colcon.colcon_core.shell:Creating package descriptor '/home/awadh/zed_ws/install/zed_multi_camera/share/zed_multi_camera/package.dsv'
[2.928s] INFO:colcon.colcon_core.shell:Creating package script '/home/awadh/zed_ws/install/zed_multi_camera/share/zed_multi_camera/package.sh'
[2.928s] INFO:colcon.colcon_core.shell:Creating package script '/home/awadh/zed_ws/install/zed_multi_camera/share/zed_multi_camera/package.bash'
[2.928s] INFO:colcon.colcon_core.shell:Creating package script '/home/awadh/zed_ws/install/zed_multi_camera/share/zed_multi_camera/package.zsh'
[2.928s] Level 1:colcon.colcon_core.environment:create_file_with_runtime_dependencies(/home/awadh/zed_ws/install/zed_multi_camera/share/colcon-core/packages/zed_multi_camera)
[2.929s] DEBUG:colcon.colcon_parallel_executor.executor.parallel:closing loop
[2.929s] DEBUG:colcon.colcon_parallel_executor.executor.parallel:loop closed
[2.929s] DEBUG:colcon.colcon_parallel_executor.executor.parallel:run_until_complete finished with '0'
[2.929s] DEBUG:colcon.colcon_core.event_reactor:joining thread
[2.934s] INFO:colcon.colcon_core.plugin_system:Skipping extension 'colcon_notification.desktop_notification.terminal_notifier': Not used on non-Darwin systems
[2.934s] INFO:colcon.colcon_core.plugin_system:Skipping extension 'colcon_notification.desktop_notification.win32': Not used on non-Windows systems
[2.934s] INFO:colcon.colcon_notification.desktop_notification:Sending desktop notification using 'notify2'
[2.948s] DEBUG:colcon.colcon_core.event_reactor:joined thread
[2.948s] INFO:colcon.colcon_core.shell:Creating prefix script '/home/awadh/zed_ws/install/local_setup.ps1'
[2.949s] INFO:colcon.colcon_core.shell:Creating prefix util module '/home/awadh/zed_ws/install/_local_setup_util_ps1.py'
[2.949s] INFO:colcon.colcon_core.shell:Creating prefix chain script '/home/awadh/zed_ws/install/setup.ps1'
[2.951s] INFO:colcon.colcon_core.shell:Creating prefix script '/home/awadh/zed_ws/install/local_setup.sh'
[2.951s] INFO:colcon.colcon_core.shell:Creating prefix util module '/home/awadh/zed_ws/install/_local_setup_util_sh.py'
[2.952s] INFO:colcon.colcon_core.shell:Creating prefix chain script '/home/awadh/zed_ws/install/setup.sh'
[2.953s] INFO:colcon.colcon_core.shell:Creating prefix script '/home/awadh/zed_ws/install/local_setup.bash'
[2.954s] INFO:colcon.colcon_core.shell:Creating prefix chain script '/home/awadh/zed_ws/install/setup.bash'
[2.955s] INFO:colcon.colcon_core.shell:Creating prefix script '/home/awadh/zed_ws/install/local_setup.zsh'
[2.956s] INFO:colcon.colcon_core.shell:Creating prefix chain script '/home/awadh/zed_ws/install/setup.zsh'
