[0.065s] DEBUG:colcon:Command line arguments: ['/usr/bin/colcon', 'build']
[0.065s] DEBUG:colcon:Parsed command line arguments: Namespace(log_base=None, log_level=None, verb_name='build', build_base='build', install_base='install', merge_install=False, symlink_install=False, test_result_base=None, continue_on_error=False, executor='parallel', parallel_workers=16, event_handlers=None, ignore_user_meta=False, metas=['./colcon.meta'], base_paths=['.'], packages_ignore=None, packages_ignore_regex=None, paths=None, packages_up_to=None, packages_up_to_regex=None, packages_above=None, packages_above_and_dependencies=None, packages_above_depth=None, packages_select_by_dep=None, packages_skip_by_dep=None, packages_skip_up_to=None, packages_select_build_failed=False, packages_skip_build_finished=False, packages_select_test_failures=False, packages_skip_test_passed=False, packages_select=None, packages_skip=None, packages_select_regex=None, packages_skip_regex=None, packages_start=None, packages_end=None, allow_overriding=[], cmake_args=None, cmake_target=None, cmake_target_skip_unavailable=False, cmake_clean_cache=False, cmake_clean_first=False, cmake_force_configure=False, ament_cmake_args=None, catkin_cmake_args=None, catkin_skip_building_tests=False, verb_parser=<colcon_defaults.argument_parser.defaults.DefaultArgumentsDecorator object at 0x71ad26502c50>, verb_extension=<colcon_core.verb.build.BuildVerb object at 0x71ad2662b820>, main=<bound method BuildVerb.main of <colcon_core.verb.build.BuildVerb object at 0x71ad2662b820>>)
[0.192s] Level 1:colcon.colcon_core.package_discovery:discover_packages(colcon_meta) check parameters
[0.192s] Level 1:colcon.colcon_core.package_discovery:discover_packages(recursive) check parameters
[0.192s] Level 1:colcon.colcon_core.package_discovery:discover_packages(ignore) check parameters
[0.192s] Level 1:colcon.colcon_core.package_discovery:discover_packages(path) check parameters
[0.192s] Level 1:colcon.colcon_core.package_discovery:discover_packages(colcon_meta) discover
[0.192s] Level 1:colcon.colcon_core.package_discovery:discover_packages(recursive) discover
[0.192s] INFO:colcon.colcon_core.package_discovery:Crawling recursively for packages in '/home/awadh/zed_ws'
[0.192s] Level 1:colcon.colcon_core.package_identification:_identify(.) by extensions ['ignore', 'ignore_ament_install']
[0.192s] Level 1:colcon.colcon_core.package_identification:_identify(.) by extension 'ignore'
[0.192s] Level 1:colcon.colcon_core.package_identification:_identify(.) by extension 'ignore_ament_install'
[0.192s] Level 1:colcon.colcon_core.package_identification:_identify(.) by extensions ['colcon_pkg']
[0.192s] Level 1:colcon.colcon_core.package_identification:_identify(.) by extension 'colcon_pkg'
[0.192s] Level 1:colcon.colcon_core.package_identification:_identify(.) by extensions ['colcon_meta']
[0.192s] Level 1:colcon.colcon_core.package_identification:_identify(.) by extension 'colcon_meta'
[0.193s] Level 1:colcon.colcon_core.package_identification:_identify(.) by extensions ['ros']
[0.193s] Level 1:colcon.colcon_core.package_identification:_identify(.) by extension 'ros'
[0.205s] Level 1:colcon.colcon_core.package_identification:_identify(.) by extensions ['cmake', 'python']
[0.205s] Level 1:colcon.colcon_core.package_identification:_identify(.) by extension 'cmake'
[0.205s] Level 1:colcon.colcon_core.package_identification:_identify(.) by extension 'python'
[0.205s] Level 1:colcon.colcon_core.package_identification:_identify(.) by extensions ['python_setup_py']
[0.205s] Level 1:colcon.colcon_core.package_identification:_identify(.) by extension 'python_setup_py'
[0.205s] Level 1:colcon.colcon_core.package_identification:_identify(build) by extensions ['ignore', 'ignore_ament_install']
[0.205s] Level 1:colcon.colcon_core.package_identification:_identify(build) by extension 'ignore'
[0.205s] Level 1:colcon.colcon_core.package_identification:_identify(build) ignored
[0.205s] Level 1:colcon.colcon_core.package_identification:_identify(install) by extensions ['ignore', 'ignore_ament_install']
[0.205s] Level 1:colcon.colcon_core.package_identification:_identify(install) by extension 'ignore'
[0.205s] Level 1:colcon.colcon_core.package_identification:_identify(install) ignored
[0.205s] Level 1:colcon.colcon_core.package_identification:_identify(log) by extensions ['ignore', 'ignore_ament_install']
[0.205s] Level 1:colcon.colcon_core.package_identification:_identify(log) by extension 'ignore'
[0.205s] Level 1:colcon.colcon_core.package_identification:_identify(log) ignored
[0.205s] Level 1:colcon.colcon_core.package_identification:_identify(src) by extensions ['ignore', 'ignore_ament_install']
[0.205s] Level 1:colcon.colcon_core.package_identification:_identify(src) by extension 'ignore'
[0.205s] Level 1:colcon.colcon_core.package_identification:_identify(src) by extension 'ignore_ament_install'
[0.205s] Level 1:colcon.colcon_core.package_identification:_identify(src) by extensions ['colcon_pkg']
[0.205s] Level 1:colcon.colcon_core.package_identification:_identify(src) by extension 'colcon_pkg'
[0.205s] Level 1:colcon.colcon_core.package_identification:_identify(src) by extensions ['colcon_meta']
[0.206s] Level 1:colcon.colcon_core.package_identification:_identify(src) by extension 'colcon_meta'
[0.206s] Level 1:colcon.colcon_core.package_identification:_identify(src) by extensions ['ros']
[0.206s] Level 1:colcon.colcon_core.package_identification:_identify(src) by extension 'ros'
[0.206s] Level 1:colcon.colcon_core.package_identification:_identify(src) by extensions ['cmake', 'python']
[0.206s] Level 1:colcon.colcon_core.package_identification:_identify(src) by extension 'cmake'
[0.206s] Level 1:colcon.colcon_core.package_identification:_identify(src) by extension 'python'
[0.206s] Level 1:colcon.colcon_core.package_identification:_identify(src) by extensions ['python_setup_py']
[0.206s] Level 1:colcon.colcon_core.package_identification:_identify(src) by extension 'python_setup_py'
[0.206s] Level 1:colcon.colcon_core.package_identification:_identify(src/zed-ros2-examples) by extensions ['ignore', 'ignore_ament_install']
[0.206s] Level 1:colcon.colcon_core.package_identification:_identify(src/zed-ros2-examples) by extension 'ignore'
[0.206s] Level 1:colcon.colcon_core.package_identification:_identify(src/zed-ros2-examples) by extension 'ignore_ament_install'
[0.206s] Level 1:colcon.colcon_core.package_identification:_identify(src/zed-ros2-examples) by extensions ['colcon_pkg']
[0.206s] Level 1:colcon.colcon_core.package_identification:_identify(src/zed-ros2-examples) by extension 'colcon_pkg'
[0.206s] Level 1:colcon.colcon_core.package_identification:_identify(src/zed-ros2-examples) by extensions ['colcon_meta']
[0.206s] Level 1:colcon.colcon_core.package_identification:_identify(src/zed-ros2-examples) by extension 'colcon_meta'
[0.206s] Level 1:colcon.colcon_core.package_identification:_identify(src/zed-ros2-examples) by extensions ['ros']
[0.206s] Level 1:colcon.colcon_core.package_identification:_identify(src/zed-ros2-examples) by extension 'ros'
[0.206s] Level 1:colcon.colcon_core.package_identification:_identify(src/zed-ros2-examples) by extensions ['cmake', 'python']
[0.206s] Level 1:colcon.colcon_core.package_identification:_identify(src/zed-ros2-examples) by extension 'cmake'
[0.206s] Level 1:colcon.colcon_core.package_identification:_identify(src/zed-ros2-examples) by extension 'python'
[0.206s] Level 1:colcon.colcon_core.package_identification:_identify(src/zed-ros2-examples) by extensions ['python_setup_py']
[0.206s] Level 1:colcon.colcon_core.package_identification:_identify(src/zed-ros2-examples) by extension 'python_setup_py'
[0.206s] Level 1:colcon.colcon_core.package_identification:_identify(src/zed-ros2-examples/examples) by extensions ['ignore', 'ignore_ament_install']
[0.206s] Level 1:colcon.colcon_core.package_identification:_identify(src/zed-ros2-examples/examples) by extension 'ignore'
[0.206s] Level 1:colcon.colcon_core.package_identification:_identify(src/zed-ros2-examples/examples) by extension 'ignore_ament_install'
[0.206s] Level 1:colcon.colcon_core.package_identification:_identify(src/zed-ros2-examples/examples) by extensions ['colcon_pkg']
[0.206s] Level 1:colcon.colcon_core.package_identification:_identify(src/zed-ros2-examples/examples) by extension 'colcon_pkg'
[0.206s] Level 1:colcon.colcon_core.package_identification:_identify(src/zed-ros2-examples/examples) by extensions ['colcon_meta']
[0.206s] Level 1:colcon.colcon_core.package_identification:_identify(src/zed-ros2-examples/examples) by extension 'colcon_meta'
[0.206s] Level 1:colcon.colcon_core.package_identification:_identify(src/zed-ros2-examples/examples) by extensions ['ros']
[0.206s] Level 1:colcon.colcon_core.package_identification:_identify(src/zed-ros2-examples/examples) by extension 'ros'
[0.206s] Level 1:colcon.colcon_core.package_identification:_identify(src/zed-ros2-examples/examples) by extensions ['cmake', 'python']
[0.206s] Level 1:colcon.colcon_core.package_identification:_identify(src/zed-ros2-examples/examples) by extension 'cmake'
[0.206s] Level 1:colcon.colcon_core.package_identification:_identify(src/zed-ros2-examples/examples) by extension 'python'
[0.206s] Level 1:colcon.colcon_core.package_identification:_identify(src/zed-ros2-examples/examples) by extensions ['python_setup_py']
[0.206s] Level 1:colcon.colcon_core.package_identification:_identify(src/zed-ros2-examples/examples) by extension 'python_setup_py'
[0.207s] Level 1:colcon.colcon_core.package_identification:_identify(src/zed-ros2-examples/examples/zed_aruco_localization) by extensions ['ignore', 'ignore_ament_install']
[0.207s] Level 1:colcon.colcon_core.package_identification:_identify(src/zed-ros2-examples/examples/zed_aruco_localization) by extension 'ignore'
[0.207s] Level 1:colcon.colcon_core.package_identification:_identify(src/zed-ros2-examples/examples/zed_aruco_localization) by extension 'ignore_ament_install'
[0.207s] Level 1:colcon.colcon_core.package_identification:_identify(src/zed-ros2-examples/examples/zed_aruco_localization) by extensions ['colcon_pkg']
[0.207s] Level 1:colcon.colcon_core.package_identification:_identify(src/zed-ros2-examples/examples/zed_aruco_localization) by extension 'colcon_pkg'
[0.207s] Level 1:colcon.colcon_core.package_identification:_identify(src/zed-ros2-examples/examples/zed_aruco_localization) by extensions ['colcon_meta']
[0.207s] Level 1:colcon.colcon_core.package_identification:_identify(src/zed-ros2-examples/examples/zed_aruco_localization) by extension 'colcon_meta'
[0.207s] Level 1:colcon.colcon_core.package_identification:_identify(src/zed-ros2-examples/examples/zed_aruco_localization) by extensions ['ros']
[0.207s] Level 1:colcon.colcon_core.package_identification:_identify(src/zed-ros2-examples/examples/zed_aruco_localization) by extension 'ros'
[0.208s] DEBUG:colcon.colcon_core.package_identification:Package 'src/zed-ros2-examples/examples/zed_aruco_localization' with type 'ros.ament_cmake' and name 'zed_aruco_localization'
[0.208s] Level 1:colcon.colcon_core.package_identification:_identify(src/zed-ros2-examples/examples/zed_depth_to_laserscan) by extensions ['ignore', 'ignore_ament_install']
[0.209s] Level 1:colcon.colcon_core.package_identification:_identify(src/zed-ros2-examples/examples/zed_depth_to_laserscan) by extension 'ignore'
[0.209s] Level 1:colcon.colcon_core.package_identification:_identify(src/zed-ros2-examples/examples/zed_depth_to_laserscan) by extension 'ignore_ament_install'
[0.209s] Level 1:colcon.colcon_core.package_identification:_identify(src/zed-ros2-examples/examples/zed_depth_to_laserscan) by extensions ['colcon_pkg']
[0.209s] Level 1:colcon.colcon_core.package_identification:_identify(src/zed-ros2-examples/examples/zed_depth_to_laserscan) by extension 'colcon_pkg'
[0.209s] Level 1:colcon.colcon_core.package_identification:_identify(src/zed-ros2-examples/examples/zed_depth_to_laserscan) by extensions ['colcon_meta']
[0.209s] Level 1:colcon.colcon_core.package_identification:_identify(src/zed-ros2-examples/examples/zed_depth_to_laserscan) by extension 'colcon_meta'
[0.209s] Level 1:colcon.colcon_core.package_identification:_identify(src/zed-ros2-examples/examples/zed_depth_to_laserscan) by extensions ['ros']
[0.209s] Level 1:colcon.colcon_core.package_identification:_identify(src/zed-ros2-examples/examples/zed_depth_to_laserscan) by extension 'ros'
[0.209s] DEBUG:colcon.colcon_core.package_identification:Package 'src/zed-ros2-examples/examples/zed_depth_to_laserscan' with type 'ros.ament_cmake' and name 'zed_depth_to_laserscan'
[0.209s] Level 1:colcon.colcon_core.package_identification:_identify(src/zed-ros2-examples/rviz-plugin-zed-od) by extensions ['ignore', 'ignore_ament_install']
[0.209s] Level 1:colcon.colcon_core.package_identification:_identify(src/zed-ros2-examples/rviz-plugin-zed-od) by extension 'ignore'
[0.209s] Level 1:colcon.colcon_core.package_identification:_identify(src/zed-ros2-examples/rviz-plugin-zed-od) by extension 'ignore_ament_install'
[0.209s] Level 1:colcon.colcon_core.package_identification:_identify(src/zed-ros2-examples/rviz-plugin-zed-od) by extensions ['colcon_pkg']
[0.209s] Level 1:colcon.colcon_core.package_identification:_identify(src/zed-ros2-examples/rviz-plugin-zed-od) by extension 'colcon_pkg'
[0.209s] Level 1:colcon.colcon_core.package_identification:_identify(src/zed-ros2-examples/rviz-plugin-zed-od) by extensions ['colcon_meta']
[0.209s] Level 1:colcon.colcon_core.package_identification:_identify(src/zed-ros2-examples/rviz-plugin-zed-od) by extension 'colcon_meta'
[0.209s] Level 1:colcon.colcon_core.package_identification:_identify(src/zed-ros2-examples/rviz-plugin-zed-od) by extensions ['ros']
[0.209s] Level 1:colcon.colcon_core.package_identification:_identify(src/zed-ros2-examples/rviz-plugin-zed-od) by extension 'ros'
[0.210s] DEBUG:colcon.colcon_core.package_identification:Package 'src/zed-ros2-examples/rviz-plugin-zed-od' with type 'ros.ament_cmake' and name 'rviz_plugin_zed_od'
[0.210s] Level 1:colcon.colcon_core.package_identification:_identify(src/zed-ros2-examples/tools) by extensions ['ignore', 'ignore_ament_install']
[0.210s] Level 1:colcon.colcon_core.package_identification:_identify(src/zed-ros2-examples/tools) by extension 'ignore'
[0.210s] Level 1:colcon.colcon_core.package_identification:_identify(src/zed-ros2-examples/tools) by extension 'ignore_ament_install'
[0.210s] Level 1:colcon.colcon_core.package_identification:_identify(src/zed-ros2-examples/tools) by extensions ['colcon_pkg']
[0.210s] Level 1:colcon.colcon_core.package_identification:_identify(src/zed-ros2-examples/tools) by extension 'colcon_pkg'
[0.210s] Level 1:colcon.colcon_core.package_identification:_identify(src/zed-ros2-examples/tools) by extensions ['colcon_meta']
[0.210s] Level 1:colcon.colcon_core.package_identification:_identify(src/zed-ros2-examples/tools) by extension 'colcon_meta'
[0.210s] Level 1:colcon.colcon_core.package_identification:_identify(src/zed-ros2-examples/tools) by extensions ['ros']
[0.210s] Level 1:colcon.colcon_core.package_identification:_identify(src/zed-ros2-examples/tools) by extension 'ros'
[0.210s] Level 1:colcon.colcon_core.package_identification:_identify(src/zed-ros2-examples/tools) by extensions ['cmake', 'python']
[0.210s] Level 1:colcon.colcon_core.package_identification:_identify(src/zed-ros2-examples/tools) by extension 'cmake'
[0.210s] Level 1:colcon.colcon_core.package_identification:_identify(src/zed-ros2-examples/tools) by extension 'python'
[0.210s] Level 1:colcon.colcon_core.package_identification:_identify(src/zed-ros2-examples/tools) by extensions ['python_setup_py']
[0.210s] Level 1:colcon.colcon_core.package_identification:_identify(src/zed-ros2-examples/tools) by extension 'python_setup_py'
[0.210s] Level 1:colcon.colcon_core.package_identification:_identify(src/zed-ros2-examples/tools/zed_benchmark) by extensions ['ignore', 'ignore_ament_install']
[0.210s] Level 1:colcon.colcon_core.package_identification:_identify(src/zed-ros2-examples/tools/zed_benchmark) by extension 'ignore'
[0.210s] Level 1:colcon.colcon_core.package_identification:_identify(src/zed-ros2-examples/tools/zed_benchmark) by extension 'ignore_ament_install'
[0.210s] Level 1:colcon.colcon_core.package_identification:_identify(src/zed-ros2-examples/tools/zed_benchmark) by extensions ['colcon_pkg']
[0.210s] Level 1:colcon.colcon_core.package_identification:_identify(src/zed-ros2-examples/tools/zed_benchmark) by extension 'colcon_pkg'
[0.210s] Level 1:colcon.colcon_core.package_identification:_identify(src/zed-ros2-examples/tools/zed_benchmark) by extensions ['colcon_meta']
[0.211s] Level 1:colcon.colcon_core.package_identification:_identify(src/zed-ros2-examples/tools/zed_benchmark) by extension 'colcon_meta'
[0.211s] Level 1:colcon.colcon_core.package_identification:_identify(src/zed-ros2-examples/tools/zed_benchmark) by extensions ['ros']
[0.211s] Level 1:colcon.colcon_core.package_identification:_identify(src/zed-ros2-examples/tools/zed_benchmark) by extension 'ros'
[0.211s] DEBUG:colcon.colcon_core.package_identification:Package 'src/zed-ros2-examples/tools/zed_benchmark' with type 'ros.ament_cmake' and name 'zed_topic_benchmark'
[0.211s] Level 1:colcon.colcon_core.package_identification:_identify(src/zed-ros2-examples/tools/zed_benchmark_component) by extensions ['ignore', 'ignore_ament_install']
[0.211s] Level 1:colcon.colcon_core.package_identification:_identify(src/zed-ros2-examples/tools/zed_benchmark_component) by extension 'ignore'
[0.211s] Level 1:colcon.colcon_core.package_identification:_identify(src/zed-ros2-examples/tools/zed_benchmark_component) by extension 'ignore_ament_install'
[0.211s] Level 1:colcon.colcon_core.package_identification:_identify(src/zed-ros2-examples/tools/zed_benchmark_component) by extensions ['colcon_pkg']
[0.211s] Level 1:colcon.colcon_core.package_identification:_identify(src/zed-ros2-examples/tools/zed_benchmark_component) by extension 'colcon_pkg'
[0.211s] Level 1:colcon.colcon_core.package_identification:_identify(src/zed-ros2-examples/tools/zed_benchmark_component) by extensions ['colcon_meta']
[0.211s] Level 1:colcon.colcon_core.package_identification:_identify(src/zed-ros2-examples/tools/zed_benchmark_component) by extension 'colcon_meta'
[0.211s] Level 1:colcon.colcon_core.package_identification:_identify(src/zed-ros2-examples/tools/zed_benchmark_component) by extensions ['ros']
[0.211s] Level 1:colcon.colcon_core.package_identification:_identify(src/zed-ros2-examples/tools/zed_benchmark_component) by extension 'ros'
[0.211s] DEBUG:colcon.colcon_core.package_identification:Package 'src/zed-ros2-examples/tools/zed_benchmark_component' with type 'ros.ament_cmake' and name 'zed_topic_benchmark_component'
[0.212s] Level 1:colcon.colcon_core.package_identification:_identify(src/zed-ros2-examples/tools/zed_benchmark_interfaces) by extensions ['ignore', 'ignore_ament_install']
[0.212s] Level 1:colcon.colcon_core.package_identification:_identify(src/zed-ros2-examples/tools/zed_benchmark_interfaces) by extension 'ignore'
[0.212s] Level 1:colcon.colcon_core.package_identification:_identify(src/zed-ros2-examples/tools/zed_benchmark_interfaces) by extension 'ignore_ament_install'
[0.212s] Level 1:colcon.colcon_core.package_identification:_identify(src/zed-ros2-examples/tools/zed_benchmark_interfaces) by extensions ['colcon_pkg']
[0.212s] Level 1:colcon.colcon_core.package_identification:_identify(src/zed-ros2-examples/tools/zed_benchmark_interfaces) by extension 'colcon_pkg'
[0.212s] Level 1:colcon.colcon_core.package_identification:_identify(src/zed-ros2-examples/tools/zed_benchmark_interfaces) by extensions ['colcon_meta']
[0.212s] Level 1:colcon.colcon_core.package_identification:_identify(src/zed-ros2-examples/tools/zed_benchmark_interfaces) by extension 'colcon_meta'
[0.212s] Level 1:colcon.colcon_core.package_identification:_identify(src/zed-ros2-examples/tools/zed_benchmark_interfaces) by extensions ['ros']
[0.212s] Level 1:colcon.colcon_core.package_identification:_identify(src/zed-ros2-examples/tools/zed_benchmark_interfaces) by extension 'ros'
[0.212s] DEBUG:colcon.colcon_core.package_identification:Package 'src/zed-ros2-examples/tools/zed_benchmark_interfaces' with type 'ros.ament_cmake' and name 'zed_topic_benchmark_interfaces'
[0.212s] Level 1:colcon.colcon_core.package_identification:_identify(src/zed-ros2-examples/tutorials) by extensions ['ignore', 'ignore_ament_install']
[0.212s] Level 1:colcon.colcon_core.package_identification:_identify(src/zed-ros2-examples/tutorials) by extension 'ignore'
[0.212s] Level 1:colcon.colcon_core.package_identification:_identify(src/zed-ros2-examples/tutorials) by extension 'ignore_ament_install'
[0.212s] Level 1:colcon.colcon_core.package_identification:_identify(src/zed-ros2-examples/tutorials) by extensions ['colcon_pkg']
[0.212s] Level 1:colcon.colcon_core.package_identification:_identify(src/zed-ros2-examples/tutorials) by extension 'colcon_pkg'
[0.212s] Level 1:colcon.colcon_core.package_identification:_identify(src/zed-ros2-examples/tutorials) by extensions ['colcon_meta']
[0.212s] Level 1:colcon.colcon_core.package_identification:_identify(src/zed-ros2-examples/tutorials) by extension 'colcon_meta'
[0.212s] Level 1:colcon.colcon_core.package_identification:_identify(src/zed-ros2-examples/tutorials) by extensions ['ros']
[0.212s] Level 1:colcon.colcon_core.package_identification:_identify(src/zed-ros2-examples/tutorials) by extension 'ros'
[0.212s] Level 1:colcon.colcon_core.package_identification:_identify(src/zed-ros2-examples/tutorials) by extensions ['cmake', 'python']
[0.212s] Level 1:colcon.colcon_core.package_identification:_identify(src/zed-ros2-examples/tutorials) by extension 'cmake'
[0.212s] Level 1:colcon.colcon_core.package_identification:_identify(src/zed-ros2-examples/tutorials) by extension 'python'
[0.212s] Level 1:colcon.colcon_core.package_identification:_identify(src/zed-ros2-examples/tutorials) by extensions ['python_setup_py']
[0.212s] Level 1:colcon.colcon_core.package_identification:_identify(src/zed-ros2-examples/tutorials) by extension 'python_setup_py'
[0.213s] Level 1:colcon.colcon_core.package_identification:_identify(src/zed-ros2-examples/tutorials/zed_depth_tutorial) by extensions ['ignore', 'ignore_ament_install']
[0.213s] Level 1:colcon.colcon_core.package_identification:_identify(src/zed-ros2-examples/tutorials/zed_depth_tutorial) by extension 'ignore'
[0.213s] Level 1:colcon.colcon_core.package_identification:_identify(src/zed-ros2-examples/tutorials/zed_depth_tutorial) by extension 'ignore_ament_install'
[0.213s] Level 1:colcon.colcon_core.package_identification:_identify(src/zed-ros2-examples/tutorials/zed_depth_tutorial) by extensions ['colcon_pkg']
[0.213s] Level 1:colcon.colcon_core.package_identification:_identify(src/zed-ros2-examples/tutorials/zed_depth_tutorial) by extension 'colcon_pkg'
[0.213s] Level 1:colcon.colcon_core.package_identification:_identify(src/zed-ros2-examples/tutorials/zed_depth_tutorial) by extensions ['colcon_meta']
[0.213s] Level 1:colcon.colcon_core.package_identification:_identify(src/zed-ros2-examples/tutorials/zed_depth_tutorial) by extension 'colcon_meta'
[0.213s] Level 1:colcon.colcon_core.package_identification:_identify(src/zed-ros2-examples/tutorials/zed_depth_tutorial) by extensions ['ros']
[0.213s] Level 1:colcon.colcon_core.package_identification:_identify(src/zed-ros2-examples/tutorials/zed_depth_tutorial) by extension 'ros'
[0.213s] DEBUG:colcon.colcon_core.package_identification:Package 'src/zed-ros2-examples/tutorials/zed_depth_tutorial' with type 'ros.ament_cmake' and name 'zed_tutorial_depth'
[0.213s] Level 1:colcon.colcon_core.package_identification:_identify(src/zed-ros2-examples/tutorials/zed_multi_camera) by extensions ['ignore', 'ignore_ament_install']
[0.213s] Level 1:colcon.colcon_core.package_identification:_identify(src/zed-ros2-examples/tutorials/zed_multi_camera) by extension 'ignore'
[0.213s] Level 1:colcon.colcon_core.package_identification:_identify(src/zed-ros2-examples/tutorials/zed_multi_camera) by extension 'ignore_ament_install'
[0.213s] Level 1:colcon.colcon_core.package_identification:_identify(src/zed-ros2-examples/tutorials/zed_multi_camera) by extensions ['colcon_pkg']
[0.213s] Level 1:colcon.colcon_core.package_identification:_identify(src/zed-ros2-examples/tutorials/zed_multi_camera) by extension 'colcon_pkg'
[0.213s] Level 1:colcon.colcon_core.package_identification:_identify(src/zed-ros2-examples/tutorials/zed_multi_camera) by extensions ['colcon_meta']
[0.213s] Level 1:colcon.colcon_core.package_identification:_identify(src/zed-ros2-examples/tutorials/zed_multi_camera) by extension 'colcon_meta'
[0.213s] Level 1:colcon.colcon_core.package_identification:_identify(src/zed-ros2-examples/tutorials/zed_multi_camera) by extensions ['ros']
[0.213s] Level 1:colcon.colcon_core.package_identification:_identify(src/zed-ros2-examples/tutorials/zed_multi_camera) by extension 'ros'
[0.214s] DEBUG:colcon.colcon_core.package_identification:Package 'src/zed-ros2-examples/tutorials/zed_multi_camera' with type 'ros.ament_cmake' and name 'zed_multi_camera'
[0.214s] Level 1:colcon.colcon_core.package_identification:_identify(src/zed-ros2-examples/tutorials/zed_pose_tutorial) by extensions ['ignore', 'ignore_ament_install']
[0.214s] Level 1:colcon.colcon_core.package_identification:_identify(src/zed-ros2-examples/tutorials/zed_pose_tutorial) by extension 'ignore'
[0.214s] Level 1:colcon.colcon_core.package_identification:_identify(src/zed-ros2-examples/tutorials/zed_pose_tutorial) by extension 'ignore_ament_install'
[0.214s] Level 1:colcon.colcon_core.package_identification:_identify(src/zed-ros2-examples/tutorials/zed_pose_tutorial) by extensions ['colcon_pkg']
[0.214s] Level 1:colcon.colcon_core.package_identification:_identify(src/zed-ros2-examples/tutorials/zed_pose_tutorial) by extension 'colcon_pkg'
[0.214s] Level 1:colcon.colcon_core.package_identification:_identify(src/zed-ros2-examples/tutorials/zed_pose_tutorial) by extensions ['colcon_meta']
[0.214s] Level 1:colcon.colcon_core.package_identification:_identify(src/zed-ros2-examples/tutorials/zed_pose_tutorial) by extension 'colcon_meta'
[0.214s] Level 1:colcon.colcon_core.package_identification:_identify(src/zed-ros2-examples/tutorials/zed_pose_tutorial) by extensions ['ros']
[0.214s] Level 1:colcon.colcon_core.package_identification:_identify(src/zed-ros2-examples/tutorials/zed_pose_tutorial) by extension 'ros'
[0.215s] DEBUG:colcon.colcon_core.package_identification:Package 'src/zed-ros2-examples/tutorials/zed_pose_tutorial' with type 'ros.ament_cmake' and name 'zed_tutorial_pos_tracking'
[0.215s] Level 1:colcon.colcon_core.package_identification:_identify(src/zed-ros2-examples/tutorials/zed_rgb_convert) by extensions ['ignore', 'ignore_ament_install']
[0.215s] Level 1:colcon.colcon_core.package_identification:_identify(src/zed-ros2-examples/tutorials/zed_rgb_convert) by extension 'ignore'
[0.215s] Level 1:colcon.colcon_core.package_identification:_identify(src/zed-ros2-examples/tutorials/zed_rgb_convert) by extension 'ignore_ament_install'
[0.215s] Level 1:colcon.colcon_core.package_identification:_identify(src/zed-ros2-examples/tutorials/zed_rgb_convert) by extensions ['colcon_pkg']
[0.215s] Level 1:colcon.colcon_core.package_identification:_identify(src/zed-ros2-examples/tutorials/zed_rgb_convert) by extension 'colcon_pkg'
[0.215s] Level 1:colcon.colcon_core.package_identification:_identify(src/zed-ros2-examples/tutorials/zed_rgb_convert) by extensions ['colcon_meta']
[0.215s] Level 1:colcon.colcon_core.package_identification:_identify(src/zed-ros2-examples/tutorials/zed_rgb_convert) by extension 'colcon_meta'
[0.215s] Level 1:colcon.colcon_core.package_identification:_identify(src/zed-ros2-examples/tutorials/zed_rgb_convert) by extensions ['ros']
[0.215s] Level 1:colcon.colcon_core.package_identification:_identify(src/zed-ros2-examples/tutorials/zed_rgb_convert) by extension 'ros'
[0.215s] DEBUG:colcon.colcon_core.package_identification:Package 'src/zed-ros2-examples/tutorials/zed_rgb_convert' with type 'ros.ament_cmake' and name 'zed_rgb_convert'
[0.215s] Level 1:colcon.colcon_core.package_identification:_identify(src/zed-ros2-examples/tutorials/zed_robot_integration) by extensions ['ignore', 'ignore_ament_install']
[0.215s] Level 1:colcon.colcon_core.package_identification:_identify(src/zed-ros2-examples/tutorials/zed_robot_integration) by extension 'ignore'
[0.215s] Level 1:colcon.colcon_core.package_identification:_identify(src/zed-ros2-examples/tutorials/zed_robot_integration) by extension 'ignore_ament_install'
[0.215s] Level 1:colcon.colcon_core.package_identification:_identify(src/zed-ros2-examples/tutorials/zed_robot_integration) by extensions ['colcon_pkg']
[0.215s] Level 1:colcon.colcon_core.package_identification:_identify(src/zed-ros2-examples/tutorials/zed_robot_integration) by extension 'colcon_pkg'
[0.215s] Level 1:colcon.colcon_core.package_identification:_identify(src/zed-ros2-examples/tutorials/zed_robot_integration) by extensions ['colcon_meta']
[0.215s] Level 1:colcon.colcon_core.package_identification:_identify(src/zed-ros2-examples/tutorials/zed_robot_integration) by extension 'colcon_meta'
[0.215s] Level 1:colcon.colcon_core.package_identification:_identify(src/zed-ros2-examples/tutorials/zed_robot_integration) by extensions ['ros']
[0.215s] Level 1:colcon.colcon_core.package_identification:_identify(src/zed-ros2-examples/tutorials/zed_robot_integration) by extension 'ros'
[0.216s] DEBUG:colcon.colcon_core.package_identification:Package 'src/zed-ros2-examples/tutorials/zed_robot_integration' with type 'ros.ament_cmake' and name 'zed_robot_integration'
[0.216s] Level 1:colcon.colcon_core.package_identification:_identify(src/zed-ros2-examples/tutorials/zed_video_tutorial) by extensions ['ignore', 'ignore_ament_install']
[0.216s] Level 1:colcon.colcon_core.package_identification:_identify(src/zed-ros2-examples/tutorials/zed_video_tutorial) by extension 'ignore'
[0.216s] Level 1:colcon.colcon_core.package_identification:_identify(src/zed-ros2-examples/tutorials/zed_video_tutorial) by extension 'ignore_ament_install'
[0.216s] Level 1:colcon.colcon_core.package_identification:_identify(src/zed-ros2-examples/tutorials/zed_video_tutorial) by extensions ['colcon_pkg']
[0.216s] Level 1:colcon.colcon_core.package_identification:_identify(src/zed-ros2-examples/tutorials/zed_video_tutorial) by extension 'colcon_pkg'
[0.216s] Level 1:colcon.colcon_core.package_identification:_identify(src/zed-ros2-examples/tutorials/zed_video_tutorial) by extensions ['colcon_meta']
[0.216s] Level 1:colcon.colcon_core.package_identification:_identify(src/zed-ros2-examples/tutorials/zed_video_tutorial) by extension 'colcon_meta'
[0.216s] Level 1:colcon.colcon_core.package_identification:_identify(src/zed-ros2-examples/tutorials/zed_video_tutorial) by extensions ['ros']
[0.216s] Level 1:colcon.colcon_core.package_identification:_identify(src/zed-ros2-examples/tutorials/zed_video_tutorial) by extension 'ros'
[0.216s] DEBUG:colcon.colcon_core.package_identification:Package 'src/zed-ros2-examples/tutorials/zed_video_tutorial' with type 'ros.ament_cmake' and name 'zed_tutorial_video'
[0.216s] Level 1:colcon.colcon_core.package_identification:_identify(src/zed-ros2-examples/zed_display_rviz2) by extensions ['ignore', 'ignore_ament_install']
[0.216s] Level 1:colcon.colcon_core.package_identification:_identify(src/zed-ros2-examples/zed_display_rviz2) by extension 'ignore'
[0.216s] Level 1:colcon.colcon_core.package_identification:_identify(src/zed-ros2-examples/zed_display_rviz2) by extension 'ignore_ament_install'
[0.216s] Level 1:colcon.colcon_core.package_identification:_identify(src/zed-ros2-examples/zed_display_rviz2) by extensions ['colcon_pkg']
[0.216s] Level 1:colcon.colcon_core.package_identification:_identify(src/zed-ros2-examples/zed_display_rviz2) by extension 'colcon_pkg'
[0.216s] Level 1:colcon.colcon_core.package_identification:_identify(src/zed-ros2-examples/zed_display_rviz2) by extensions ['colcon_meta']
[0.216s] Level 1:colcon.colcon_core.package_identification:_identify(src/zed-ros2-examples/zed_display_rviz2) by extension 'colcon_meta'
[0.217s] Level 1:colcon.colcon_core.package_identification:_identify(src/zed-ros2-examples/zed_display_rviz2) by extensions ['ros']
[0.217s] Level 1:colcon.colcon_core.package_identification:_identify(src/zed-ros2-examples/zed_display_rviz2) by extension 'ros'
[0.217s] DEBUG:colcon.colcon_core.package_identification:Package 'src/zed-ros2-examples/zed_display_rviz2' with type 'ros.ament_cmake' and name 'zed_display_rviz2'
[0.217s] Level 1:colcon.colcon_core.package_identification:_identify(src/zed-ros2-wrapper) by extensions ['ignore', 'ignore_ament_install']
[0.217s] Level 1:colcon.colcon_core.package_identification:_identify(src/zed-ros2-wrapper) by extension 'ignore'
[0.217s] Level 1:colcon.colcon_core.package_identification:_identify(src/zed-ros2-wrapper) by extension 'ignore_ament_install'
[0.217s] Level 1:colcon.colcon_core.package_identification:_identify(src/zed-ros2-wrapper) by extensions ['colcon_pkg']
[0.217s] Level 1:colcon.colcon_core.package_identification:_identify(src/zed-ros2-wrapper) by extension 'colcon_pkg'
[0.217s] Level 1:colcon.colcon_core.package_identification:_identify(src/zed-ros2-wrapper) by extensions ['colcon_meta']
[0.217s] Level 1:colcon.colcon_core.package_identification:_identify(src/zed-ros2-wrapper) by extension 'colcon_meta'
[0.217s] Level 1:colcon.colcon_core.package_identification:_identify(src/zed-ros2-wrapper) by extensions ['ros']
[0.217s] Level 1:colcon.colcon_core.package_identification:_identify(src/zed-ros2-wrapper) by extension 'ros'
[0.217s] Level 1:colcon.colcon_core.package_identification:_identify(src/zed-ros2-wrapper) by extensions ['cmake', 'python']
[0.217s] Level 1:colcon.colcon_core.package_identification:_identify(src/zed-ros2-wrapper) by extension 'cmake'
[0.217s] Level 1:colcon.colcon_core.package_identification:_identify(src/zed-ros2-wrapper) by extension 'python'
[0.217s] Level 1:colcon.colcon_core.package_identification:_identify(src/zed-ros2-wrapper) by extensions ['python_setup_py']
[0.217s] Level 1:colcon.colcon_core.package_identification:_identify(src/zed-ros2-wrapper) by extension 'python_setup_py'
[0.217s] Level 1:colcon.colcon_core.package_identification:_identify(src/zed-ros2-wrapper/docker) by extensions ['ignore', 'ignore_ament_install']
[0.217s] Level 1:colcon.colcon_core.package_identification:_identify(src/zed-ros2-wrapper/docker) by extension 'ignore'
[0.217s] Level 1:colcon.colcon_core.package_identification:_identify(src/zed-ros2-wrapper/docker) by extension 'ignore_ament_install'
[0.217s] Level 1:colcon.colcon_core.package_identification:_identify(src/zed-ros2-wrapper/docker) by extensions ['colcon_pkg']
[0.218s] Level 1:colcon.colcon_core.package_identification:_identify(src/zed-ros2-wrapper/docker) by extension 'colcon_pkg'
[0.218s] Level 1:colcon.colcon_core.package_identification:_identify(src/zed-ros2-wrapper/docker) by extensions ['colcon_meta']
[0.218s] Level 1:colcon.colcon_core.package_identification:_identify(src/zed-ros2-wrapper/docker) by extension 'colcon_meta'
[0.218s] Level 1:colcon.colcon_core.package_identification:_identify(src/zed-ros2-wrapper/docker) by extensions ['ros']
[0.218s] Level 1:colcon.colcon_core.package_identification:_identify(src/zed-ros2-wrapper/docker) by extension 'ros'
[0.218s] Level 1:colcon.colcon_core.package_identification:_identify(src/zed-ros2-wrapper/docker) by extensions ['cmake', 'python']
[0.218s] Level 1:colcon.colcon_core.package_identification:_identify(src/zed-ros2-wrapper/docker) by extension 'cmake'
[0.218s] Level 1:colcon.colcon_core.package_identification:_identify(src/zed-ros2-wrapper/docker) by extension 'python'
[0.218s] Level 1:colcon.colcon_core.package_identification:_identify(src/zed-ros2-wrapper/docker) by extensions ['python_setup_py']
[0.218s] Level 1:colcon.colcon_core.package_identification:_identify(src/zed-ros2-wrapper/docker) by extension 'python_setup_py'
[0.218s] Level 1:colcon.colcon_core.package_identification:_identify(src/zed-ros2-wrapper/images) by extensions ['ignore', 'ignore_ament_install']
[0.218s] Level 1:colcon.colcon_core.package_identification:_identify(src/zed-ros2-wrapper/images) by extension 'ignore'
[0.218s] Level 1:colcon.colcon_core.package_identification:_identify(src/zed-ros2-wrapper/images) by extension 'ignore_ament_install'
[0.218s] Level 1:colcon.colcon_core.package_identification:_identify(src/zed-ros2-wrapper/images) by extensions ['colcon_pkg']
[0.218s] Level 1:colcon.colcon_core.package_identification:_identify(src/zed-ros2-wrapper/images) by extension 'colcon_pkg'
[0.218s] Level 1:colcon.colcon_core.package_identification:_identify(src/zed-ros2-wrapper/images) by extensions ['colcon_meta']
[0.218s] Level 1:colcon.colcon_core.package_identification:_identify(src/zed-ros2-wrapper/images) by extension 'colcon_meta'
[0.218s] Level 1:colcon.colcon_core.package_identification:_identify(src/zed-ros2-wrapper/images) by extensions ['ros']
[0.218s] Level 1:colcon.colcon_core.package_identification:_identify(src/zed-ros2-wrapper/images) by extension 'ros'
[0.218s] Level 1:colcon.colcon_core.package_identification:_identify(src/zed-ros2-wrapper/images) by extensions ['cmake', 'python']
[0.218s] Level 1:colcon.colcon_core.package_identification:_identify(src/zed-ros2-wrapper/images) by extension 'cmake'
[0.218s] Level 1:colcon.colcon_core.package_identification:_identify(src/zed-ros2-wrapper/images) by extension 'python'
[0.218s] Level 1:colcon.colcon_core.package_identification:_identify(src/zed-ros2-wrapper/images) by extensions ['python_setup_py']
[0.218s] Level 1:colcon.colcon_core.package_identification:_identify(src/zed-ros2-wrapper/images) by extension 'python_setup_py'
[0.218s] Level 1:colcon.colcon_core.package_identification:_identify(src/zed-ros2-wrapper/zed-ros2-interfaces) by extensions ['ignore', 'ignore_ament_install']
[0.218s] Level 1:colcon.colcon_core.package_identification:_identify(src/zed-ros2-wrapper/zed-ros2-interfaces) by extension 'ignore'
[0.218s] Level 1:colcon.colcon_core.package_identification:_identify(src/zed-ros2-wrapper/zed-ros2-interfaces) by extension 'ignore_ament_install'
[0.218s] Level 1:colcon.colcon_core.package_identification:_identify(src/zed-ros2-wrapper/zed-ros2-interfaces) by extensions ['colcon_pkg']
[0.218s] Level 1:colcon.colcon_core.package_identification:_identify(src/zed-ros2-wrapper/zed-ros2-interfaces) by extension 'colcon_pkg'
[0.218s] Level 1:colcon.colcon_core.package_identification:_identify(src/zed-ros2-wrapper/zed-ros2-interfaces) by extensions ['colcon_meta']
[0.218s] Level 1:colcon.colcon_core.package_identification:_identify(src/zed-ros2-wrapper/zed-ros2-interfaces) by extension 'colcon_meta'
[0.218s] Level 1:colcon.colcon_core.package_identification:_identify(src/zed-ros2-wrapper/zed-ros2-interfaces) by extensions ['ros']
[0.218s] Level 1:colcon.colcon_core.package_identification:_identify(src/zed-ros2-wrapper/zed-ros2-interfaces) by extension 'ros'
[0.219s] DEBUG:colcon.colcon_core.package_identification:Package 'src/zed-ros2-wrapper/zed-ros2-interfaces' with type 'ros.ament_cmake' and name 'zed_interfaces'
[0.219s] Level 1:colcon.colcon_core.package_identification:_identify(src/zed-ros2-wrapper/zed_components) by extensions ['ignore', 'ignore_ament_install']
[0.219s] Level 1:colcon.colcon_core.package_identification:_identify(src/zed-ros2-wrapper/zed_components) by extension 'ignore'
[0.219s] Level 1:colcon.colcon_core.package_identification:_identify(src/zed-ros2-wrapper/zed_components) by extension 'ignore_ament_install'
[0.219s] Level 1:colcon.colcon_core.package_identification:_identify(src/zed-ros2-wrapper/zed_components) by extensions ['colcon_pkg']
[0.219s] Level 1:colcon.colcon_core.package_identification:_identify(src/zed-ros2-wrapper/zed_components) by extension 'colcon_pkg'
[0.219s] Level 1:colcon.colcon_core.package_identification:_identify(src/zed-ros2-wrapper/zed_components) by extensions ['colcon_meta']
[0.219s] Level 1:colcon.colcon_core.package_identification:_identify(src/zed-ros2-wrapper/zed_components) by extension 'colcon_meta'
[0.219s] Level 1:colcon.colcon_core.package_identification:_identify(src/zed-ros2-wrapper/zed_components) by extensions ['ros']
[0.219s] Level 1:colcon.colcon_core.package_identification:_identify(src/zed-ros2-wrapper/zed_components) by extension 'ros'
[0.220s] DEBUG:colcon.colcon_core.package_identification:Package 'src/zed-ros2-wrapper/zed_components' with type 'ros.ament_cmake' and name 'zed_components'
[0.220s] Level 1:colcon.colcon_core.package_identification:_identify(src/zed-ros2-wrapper/zed_ros2) by extensions ['ignore', 'ignore_ament_install']
[0.220s] Level 1:colcon.colcon_core.package_identification:_identify(src/zed-ros2-wrapper/zed_ros2) by extension 'ignore'
[0.220s] Level 1:colcon.colcon_core.package_identification:_identify(src/zed-ros2-wrapper/zed_ros2) by extension 'ignore_ament_install'
[0.220s] Level 1:colcon.colcon_core.package_identification:_identify(src/zed-ros2-wrapper/zed_ros2) by extensions ['colcon_pkg']
[0.220s] Level 1:colcon.colcon_core.package_identification:_identify(src/zed-ros2-wrapper/zed_ros2) by extension 'colcon_pkg'
[0.220s] Level 1:colcon.colcon_core.package_identification:_identify(src/zed-ros2-wrapper/zed_ros2) by extensions ['colcon_meta']
[0.220s] Level 1:colcon.colcon_core.package_identification:_identify(src/zed-ros2-wrapper/zed_ros2) by extension 'colcon_meta'
[0.220s] Level 1:colcon.colcon_core.package_identification:_identify(src/zed-ros2-wrapper/zed_ros2) by extensions ['ros']
[0.220s] Level 1:colcon.colcon_core.package_identification:_identify(src/zed-ros2-wrapper/zed_ros2) by extension 'ros'
[0.220s] DEBUG:colcon.colcon_core.package_identification:Package 'src/zed-ros2-wrapper/zed_ros2' with type 'ros.ament_cmake' and name 'zed_ros2'
[0.220s] Level 1:colcon.colcon_core.package_identification:_identify(src/zed-ros2-wrapper/zed_wrapper) by extensions ['ignore', 'ignore_ament_install']
[0.220s] Level 1:colcon.colcon_core.package_identification:_identify(src/zed-ros2-wrapper/zed_wrapper) by extension 'ignore'
[0.220s] Level 1:colcon.colcon_core.package_identification:_identify(src/zed-ros2-wrapper/zed_wrapper) by extension 'ignore_ament_install'
[0.220s] Level 1:colcon.colcon_core.package_identification:_identify(src/zed-ros2-wrapper/zed_wrapper) by extensions ['colcon_pkg']
[0.220s] Level 1:colcon.colcon_core.package_identification:_identify(src/zed-ros2-wrapper/zed_wrapper) by extension 'colcon_pkg'
[0.220s] Level 1:colcon.colcon_core.package_identification:_identify(src/zed-ros2-wrapper/zed_wrapper) by extensions ['colcon_meta']
[0.220s] Level 1:colcon.colcon_core.package_identification:_identify(src/zed-ros2-wrapper/zed_wrapper) by extension 'colcon_meta'
[0.221s] Level 1:colcon.colcon_core.package_identification:_identify(src/zed-ros2-wrapper/zed_wrapper) by extensions ['ros']
[0.221s] Level 1:colcon.colcon_core.package_identification:_identify(src/zed-ros2-wrapper/zed_wrapper) by extension 'ros'
[0.221s] DEBUG:colcon.colcon_core.package_identification:Package 'src/zed-ros2-wrapper/zed_wrapper' with type 'ros.ament_cmake' and name 'zed_wrapper'
[0.221s] Level 1:colcon.colcon_core.package_discovery:discover_packages(recursive) using defaults
[0.221s] Level 1:colcon.colcon_core.package_discovery:discover_packages(ignore) discover
[0.221s] Level 1:colcon.colcon_core.package_discovery:discover_packages(ignore) using defaults
[0.221s] Level 1:colcon.colcon_core.package_discovery:discover_packages(path) discover
[0.221s] Level 1:colcon.colcon_core.package_discovery:discover_packages(path) using defaults
[0.236s] Level 1:colcon.colcon_core.package_discovery:discover_packages(prefix_path) check parameters
[0.236s] Level 1:colcon.colcon_core.package_discovery:discover_packages(prefix_path) discover
[0.238s] DEBUG:colcon.colcon_installed_package_information.package_discovery:Found 5 installed packages in /home/awadh/yolobot/install
[0.238s] DEBUG:colcon.colcon_installed_package_information.package_discovery:Found 0 installed packages in /home/awadh/test3_ws/install
[0.238s] DEBUG:colcon.colcon_installed_package_information.package_discovery:Found 1 installed packages in /home/awadh/test2_ws/install
[0.238s] DEBUG:colcon.colcon_installed_package_information.package_discovery:Found 0 installed packages in /home/awadh/test_ws/install
[0.238s] DEBUG:colcon.colcon_installed_package_information.package_discovery:Found 0 installed packages in /home/awadh/obj_det_ws/install
[0.239s] DEBUG:colcon.colcon_installed_package_information.package_discovery:Found 8 installed packages in /home/awadh/zed_ws/install
[0.239s] DEBUG:colcon.colcon_installed_package_information.package_discovery:Found 2 installed packages in /home/awadh/ouster_ws/install
[0.239s] DEBUG:colcon.colcon_installed_package_information.package_discovery:Found 1 installed packages in /home/awadh/sick_tim_ws/install
[0.239s] DEBUG:colcon.colcon_installed_package_information.package_discovery:Found 6 installed packages in /home/awadh/ros2_ws/install
[0.240s] DEBUG:colcon.colcon_installed_package_information.package_discovery:Found 9 installed packages in /home/awadh/gazebo_ws/install
[0.241s] DEBUG:colcon.colcon_installed_package_information.package_discovery:Found 409 installed packages in /opt/ros/humble
[0.242s] Level 1:colcon.colcon_core.package_discovery:discover_packages(prefix_path) using defaults
[0.272s] Level 5:colcon.colcon_core.verb:set package 'zed_interfaces' build argument 'cmake_args' from command line to 'None'
[0.272s] Level 5:colcon.colcon_core.verb:set package 'zed_interfaces' build argument 'cmake_target' from command line to 'None'
[0.272s] Level 5:colcon.colcon_core.verb:set package 'zed_interfaces' build argument 'cmake_target_skip_unavailable' from command line to 'False'
[0.272s] Level 5:colcon.colcon_core.verb:set package 'zed_interfaces' build argument 'cmake_clean_cache' from command line to 'False'
[0.272s] Level 5:colcon.colcon_core.verb:set package 'zed_interfaces' build argument 'cmake_clean_first' from command line to 'False'
[0.272s] Level 5:colcon.colcon_core.verb:set package 'zed_interfaces' build argument 'cmake_force_configure' from command line to 'False'
[0.272s] Level 5:colcon.colcon_core.verb:set package 'zed_interfaces' build argument 'ament_cmake_args' from command line to 'None'
[0.272s] Level 5:colcon.colcon_core.verb:set package 'zed_interfaces' build argument 'catkin_cmake_args' from command line to 'None'
[0.272s] Level 5:colcon.colcon_core.verb:set package 'zed_interfaces' build argument 'catkin_skip_building_tests' from command line to 'False'
[0.272s] DEBUG:colcon.colcon_core.verb:Building package 'zed_interfaces' with the following arguments: {'ament_cmake_args': None, 'build_base': '/home/awadh/zed_ws/build/zed_interfaces', 'catkin_cmake_args': None, 'catkin_skip_building_tests': False, 'cmake_args': None, 'cmake_clean_cache': False, 'cmake_clean_first': False, 'cmake_force_configure': False, 'cmake_target': None, 'cmake_target_skip_unavailable': False, 'install_base': '/home/awadh/zed_ws/install/zed_interfaces', 'merge_install': False, 'path': '/home/awadh/zed_ws/src/zed-ros2-wrapper/zed-ros2-interfaces', 'symlink_install': False, 'test_result_base': None}
[0.273s] Level 5:colcon.colcon_core.verb:set package 'zed_topic_benchmark_interfaces' build argument 'cmake_args' from command line to 'None'
[0.273s] Level 5:colcon.colcon_core.verb:set package 'zed_topic_benchmark_interfaces' build argument 'cmake_target' from command line to 'None'
[0.273s] Level 5:colcon.colcon_core.verb:set package 'zed_topic_benchmark_interfaces' build argument 'cmake_target_skip_unavailable' from command line to 'False'
[0.273s] Level 5:colcon.colcon_core.verb:set package 'zed_topic_benchmark_interfaces' build argument 'cmake_clean_cache' from command line to 'False'
[0.273s] Level 5:colcon.colcon_core.verb:set package 'zed_topic_benchmark_interfaces' build argument 'cmake_clean_first' from command line to 'False'
[0.273s] Level 5:colcon.colcon_core.verb:set package 'zed_topic_benchmark_interfaces' build argument 'cmake_force_configure' from command line to 'False'
[0.273s] Level 5:colcon.colcon_core.verb:set package 'zed_topic_benchmark_interfaces' build argument 'ament_cmake_args' from command line to 'None'
[0.273s] Level 5:colcon.colcon_core.verb:set package 'zed_topic_benchmark_interfaces' build argument 'catkin_cmake_args' from command line to 'None'
[0.273s] Level 5:colcon.colcon_core.verb:set package 'zed_topic_benchmark_interfaces' build argument 'catkin_skip_building_tests' from command line to 'False'
[0.273s] DEBUG:colcon.colcon_core.verb:Building package 'zed_topic_benchmark_interfaces' with the following arguments: {'ament_cmake_args': None, 'build_base': '/home/awadh/zed_ws/build/zed_topic_benchmark_interfaces', 'catkin_cmake_args': None, 'catkin_skip_building_tests': False, 'cmake_args': None, 'cmake_clean_cache': False, 'cmake_clean_first': False, 'cmake_force_configure': False, 'cmake_target': None, 'cmake_target_skip_unavailable': False, 'install_base': '/home/awadh/zed_ws/install/zed_topic_benchmark_interfaces', 'merge_install': False, 'path': '/home/awadh/zed_ws/src/zed-ros2-examples/tools/zed_benchmark_interfaces', 'symlink_install': False, 'test_result_base': None}
[0.273s] Level 5:colcon.colcon_core.verb:set package 'zed_tutorial_depth' build argument 'cmake_args' from command line to 'None'
[0.273s] Level 5:colcon.colcon_core.verb:set package 'zed_tutorial_depth' build argument 'cmake_target' from command line to 'None'
[0.273s] Level 5:colcon.colcon_core.verb:set package 'zed_tutorial_depth' build argument 'cmake_target_skip_unavailable' from command line to 'False'
[0.273s] Level 5:colcon.colcon_core.verb:set package 'zed_tutorial_depth' build argument 'cmake_clean_cache' from command line to 'False'
[0.273s] Level 5:colcon.colcon_core.verb:set package 'zed_tutorial_depth' build argument 'cmake_clean_first' from command line to 'False'
[0.273s] Level 5:colcon.colcon_core.verb:set package 'zed_tutorial_depth' build argument 'cmake_force_configure' from command line to 'False'
[0.273s] Level 5:colcon.colcon_core.verb:set package 'zed_tutorial_depth' build argument 'ament_cmake_args' from command line to 'None'
[0.273s] Level 5:colcon.colcon_core.verb:set package 'zed_tutorial_depth' build argument 'catkin_cmake_args' from command line to 'None'
[0.273s] Level 5:colcon.colcon_core.verb:set package 'zed_tutorial_depth' build argument 'catkin_skip_building_tests' from command line to 'False'
[0.273s] DEBUG:colcon.colcon_core.verb:Building package 'zed_tutorial_depth' with the following arguments: {'ament_cmake_args': None, 'build_base': '/home/awadh/zed_ws/build/zed_tutorial_depth', 'catkin_cmake_args': None, 'catkin_skip_building_tests': False, 'cmake_args': None, 'cmake_clean_cache': False, 'cmake_clean_first': False, 'cmake_force_configure': False, 'cmake_target': None, 'cmake_target_skip_unavailable': False, 'install_base': '/home/awadh/zed_ws/install/zed_tutorial_depth', 'merge_install': False, 'path': '/home/awadh/zed_ws/src/zed-ros2-examples/tutorials/zed_depth_tutorial', 'symlink_install': False, 'test_result_base': None}
[0.273s] Level 5:colcon.colcon_core.verb:set package 'zed_tutorial_pos_tracking' build argument 'cmake_args' from command line to 'None'
[0.273s] Level 5:colcon.colcon_core.verb:set package 'zed_tutorial_pos_tracking' build argument 'cmake_target' from command line to 'None'
[0.273s] Level 5:colcon.colcon_core.verb:set package 'zed_tutorial_pos_tracking' build argument 'cmake_target_skip_unavailable' from command line to 'False'
[0.273s] Level 5:colcon.colcon_core.verb:set package 'zed_tutorial_pos_tracking' build argument 'cmake_clean_cache' from command line to 'False'
[0.273s] Level 5:colcon.colcon_core.verb:set package 'zed_tutorial_pos_tracking' build argument 'cmake_clean_first' from command line to 'False'
[0.273s] Level 5:colcon.colcon_core.verb:set package 'zed_tutorial_pos_tracking' build argument 'cmake_force_configure' from command line to 'False'
[0.273s] Level 5:colcon.colcon_core.verb:set package 'zed_tutorial_pos_tracking' build argument 'ament_cmake_args' from command line to 'None'
[0.273s] Level 5:colcon.colcon_core.verb:set package 'zed_tutorial_pos_tracking' build argument 'catkin_cmake_args' from command line to 'None'
[0.273s] Level 5:colcon.colcon_core.verb:set package 'zed_tutorial_pos_tracking' build argument 'catkin_skip_building_tests' from command line to 'False'
[0.273s] DEBUG:colcon.colcon_core.verb:Building package 'zed_tutorial_pos_tracking' with the following arguments: {'ament_cmake_args': None, 'build_base': '/home/awadh/zed_ws/build/zed_tutorial_pos_tracking', 'catkin_cmake_args': None, 'catkin_skip_building_tests': False, 'cmake_args': None, 'cmake_clean_cache': False, 'cmake_clean_first': False, 'cmake_force_configure': False, 'cmake_target': None, 'cmake_target_skip_unavailable': False, 'install_base': '/home/awadh/zed_ws/install/zed_tutorial_pos_tracking', 'merge_install': False, 'path': '/home/awadh/zed_ws/src/zed-ros2-examples/tutorials/zed_pose_tutorial', 'symlink_install': False, 'test_result_base': None}
[0.274s] Level 5:colcon.colcon_core.verb:set package 'zed_tutorial_video' build argument 'cmake_args' from command line to 'None'
[0.274s] Level 5:colcon.colcon_core.verb:set package 'zed_tutorial_video' build argument 'cmake_target' from command line to 'None'
[0.274s] Level 5:colcon.colcon_core.verb:set package 'zed_tutorial_video' build argument 'cmake_target_skip_unavailable' from command line to 'False'
[0.274s] Level 5:colcon.colcon_core.verb:set package 'zed_tutorial_video' build argument 'cmake_clean_cache' from command line to 'False'
[0.274s] Level 5:colcon.colcon_core.verb:set package 'zed_tutorial_video' build argument 'cmake_clean_first' from command line to 'False'
[0.274s] Level 5:colcon.colcon_core.verb:set package 'zed_tutorial_video' build argument 'cmake_force_configure' from command line to 'False'
[0.274s] Level 5:colcon.colcon_core.verb:set package 'zed_tutorial_video' build argument 'ament_cmake_args' from command line to 'None'
[0.274s] Level 5:colcon.colcon_core.verb:set package 'zed_tutorial_video' build argument 'catkin_cmake_args' from command line to 'None'
[0.274s] Level 5:colcon.colcon_core.verb:set package 'zed_tutorial_video' build argument 'catkin_skip_building_tests' from command line to 'False'
[0.274s] DEBUG:colcon.colcon_core.verb:Building package 'zed_tutorial_video' with the following arguments: {'ament_cmake_args': None, 'build_base': '/home/awadh/zed_ws/build/zed_tutorial_video', 'catkin_cmake_args': None, 'catkin_skip_building_tests': False, 'cmake_args': None, 'cmake_clean_cache': False, 'cmake_clean_first': False, 'cmake_force_configure': False, 'cmake_target': None, 'cmake_target_skip_unavailable': False, 'install_base': '/home/awadh/zed_ws/install/zed_tutorial_video', 'merge_install': False, 'path': '/home/awadh/zed_ws/src/zed-ros2-examples/tutorials/zed_video_tutorial', 'symlink_install': False, 'test_result_base': None}
[0.274s] Level 5:colcon.colcon_core.verb:set package 'rviz_plugin_zed_od' build argument 'cmake_args' from command line to 'None'
[0.274s] Level 5:colcon.colcon_core.verb:set package 'rviz_plugin_zed_od' build argument 'cmake_target' from command line to 'None'
[0.274s] Level 5:colcon.colcon_core.verb:set package 'rviz_plugin_zed_od' build argument 'cmake_target_skip_unavailable' from command line to 'False'
[0.274s] Level 5:colcon.colcon_core.verb:set package 'rviz_plugin_zed_od' build argument 'cmake_clean_cache' from command line to 'False'
[0.274s] Level 5:colcon.colcon_core.verb:set package 'rviz_plugin_zed_od' build argument 'cmake_clean_first' from command line to 'False'
[0.274s] Level 5:colcon.colcon_core.verb:set package 'rviz_plugin_zed_od' build argument 'cmake_force_configure' from command line to 'False'
[0.274s] Level 5:colcon.colcon_core.verb:set package 'rviz_plugin_zed_od' build argument 'ament_cmake_args' from command line to 'None'
[0.274s] Level 5:colcon.colcon_core.verb:set package 'rviz_plugin_zed_od' build argument 'catkin_cmake_args' from command line to 'None'
[0.274s] Level 5:colcon.colcon_core.verb:set package 'rviz_plugin_zed_od' build argument 'catkin_skip_building_tests' from command line to 'False'
[0.274s] DEBUG:colcon.colcon_core.verb:Building package 'rviz_plugin_zed_od' with the following arguments: {'ament_cmake_args': None, 'build_base': '/home/awadh/zed_ws/build/rviz_plugin_zed_od', 'catkin_cmake_args': None, 'catkin_skip_building_tests': False, 'cmake_args': None, 'cmake_clean_cache': False, 'cmake_clean_first': False, 'cmake_force_configure': False, 'cmake_target': None, 'cmake_target_skip_unavailable': False, 'install_base': '/home/awadh/zed_ws/install/rviz_plugin_zed_od', 'merge_install': False, 'path': '/home/awadh/zed_ws/src/zed-ros2-examples/rviz-plugin-zed-od', 'symlink_install': False, 'test_result_base': None}
[0.274s] Level 5:colcon.colcon_core.verb:set package 'zed_components' build argument 'cmake_args' from command line to 'None'
[0.274s] Level 5:colcon.colcon_core.verb:set package 'zed_components' build argument 'cmake_target' from command line to 'None'
[0.274s] Level 5:colcon.colcon_core.verb:set package 'zed_components' build argument 'cmake_target_skip_unavailable' from command line to 'False'
[0.274s] Level 5:colcon.colcon_core.verb:set package 'zed_components' build argument 'cmake_clean_cache' from command line to 'False'
[0.274s] Level 5:colcon.colcon_core.verb:set package 'zed_components' build argument 'cmake_clean_first' from command line to 'False'
[0.274s] Level 5:colcon.colcon_core.verb:set package 'zed_components' build argument 'cmake_force_configure' from command line to 'False'
[0.274s] Level 5:colcon.colcon_core.verb:set package 'zed_components' build argument 'ament_cmake_args' from command line to 'None'
[0.274s] Level 5:colcon.colcon_core.verb:set package 'zed_components' build argument 'catkin_cmake_args' from command line to 'None'
[0.274s] Level 5:colcon.colcon_core.verb:set package 'zed_components' build argument 'catkin_skip_building_tests' from command line to 'False'
[0.274s] DEBUG:colcon.colcon_core.verb:Building package 'zed_components' with the following arguments: {'ament_cmake_args': None, 'build_base': '/home/awadh/zed_ws/build/zed_components', 'catkin_cmake_args': None, 'catkin_skip_building_tests': False, 'cmake_args': None, 'cmake_clean_cache': False, 'cmake_clean_first': False, 'cmake_force_configure': False, 'cmake_target': None, 'cmake_target_skip_unavailable': False, 'install_base': '/home/awadh/zed_ws/install/zed_components', 'merge_install': False, 'path': '/home/awadh/zed_ws/src/zed-ros2-wrapper/zed_components', 'symlink_install': False, 'test_result_base': None}
[0.275s] Level 5:colcon.colcon_core.verb:set package 'zed_topic_benchmark_component' build argument 'cmake_args' from command line to 'None'
[0.275s] Level 5:colcon.colcon_core.verb:set package 'zed_topic_benchmark_component' build argument 'cmake_target' from command line to 'None'
[0.275s] Level 5:colcon.colcon_core.verb:set package 'zed_topic_benchmark_component' build argument 'cmake_target_skip_unavailable' from command line to 'False'
[0.275s] Level 5:colcon.colcon_core.verb:set package 'zed_topic_benchmark_component' build argument 'cmake_clean_cache' from command line to 'False'
[0.275s] Level 5:colcon.colcon_core.verb:set package 'zed_topic_benchmark_component' build argument 'cmake_clean_first' from command line to 'False'
[0.275s] Level 5:colcon.colcon_core.verb:set package 'zed_topic_benchmark_component' build argument 'cmake_force_configure' from command line to 'False'
[0.275s] Level 5:colcon.colcon_core.verb:set package 'zed_topic_benchmark_component' build argument 'ament_cmake_args' from command line to 'None'
[0.275s] Level 5:colcon.colcon_core.verb:set package 'zed_topic_benchmark_component' build argument 'catkin_cmake_args' from command line to 'None'
[0.275s] Level 5:colcon.colcon_core.verb:set package 'zed_topic_benchmark_component' build argument 'catkin_skip_building_tests' from command line to 'False'
[0.275s] DEBUG:colcon.colcon_core.verb:Building package 'zed_topic_benchmark_component' with the following arguments: {'ament_cmake_args': None, 'build_base': '/home/awadh/zed_ws/build/zed_topic_benchmark_component', 'catkin_cmake_args': None, 'catkin_skip_building_tests': False, 'cmake_args': None, 'cmake_clean_cache': False, 'cmake_clean_first': False, 'cmake_force_configure': False, 'cmake_target': None, 'cmake_target_skip_unavailable': False, 'install_base': '/home/awadh/zed_ws/install/zed_topic_benchmark_component', 'merge_install': False, 'path': '/home/awadh/zed_ws/src/zed-ros2-examples/tools/zed_benchmark_component', 'symlink_install': False, 'test_result_base': None}
[0.275s] Level 5:colcon.colcon_core.verb:set package 'zed_aruco_localization' build argument 'cmake_args' from command line to 'None'
[0.275s] Level 5:colcon.colcon_core.verb:set package 'zed_aruco_localization' build argument 'cmake_target' from command line to 'None'
[0.275s] Level 5:colcon.colcon_core.verb:set package 'zed_aruco_localization' build argument 'cmake_target_skip_unavailable' from command line to 'False'
[0.275s] Level 5:colcon.colcon_core.verb:set package 'zed_aruco_localization' build argument 'cmake_clean_cache' from command line to 'False'
[0.275s] Level 5:colcon.colcon_core.verb:set package 'zed_aruco_localization' build argument 'cmake_clean_first' from command line to 'False'
[0.275s] Level 5:colcon.colcon_core.verb:set package 'zed_aruco_localization' build argument 'cmake_force_configure' from command line to 'False'
[0.275s] Level 5:colcon.colcon_core.verb:set package 'zed_aruco_localization' build argument 'ament_cmake_args' from command line to 'None'
[0.275s] Level 5:colcon.colcon_core.verb:set package 'zed_aruco_localization' build argument 'catkin_cmake_args' from command line to 'None'
[0.275s] Level 5:colcon.colcon_core.verb:set package 'zed_aruco_localization' build argument 'catkin_skip_building_tests' from command line to 'False'
[0.275s] DEBUG:colcon.colcon_core.verb:Building package 'zed_aruco_localization' with the following arguments: {'ament_cmake_args': None, 'build_base': '/home/awadh/zed_ws/build/zed_aruco_localization', 'catkin_cmake_args': None, 'catkin_skip_building_tests': False, 'cmake_args': None, 'cmake_clean_cache': False, 'cmake_clean_first': False, 'cmake_force_configure': False, 'cmake_target': None, 'cmake_target_skip_unavailable': False, 'install_base': '/home/awadh/zed_ws/install/zed_aruco_localization', 'merge_install': False, 'path': '/home/awadh/zed_ws/src/zed-ros2-examples/examples/zed_aruco_localization', 'symlink_install': False, 'test_result_base': None}
[0.275s] Level 5:colcon.colcon_core.verb:set package 'zed_rgb_convert' build argument 'cmake_args' from command line to 'None'
[0.275s] Level 5:colcon.colcon_core.verb:set package 'zed_rgb_convert' build argument 'cmake_target' from command line to 'None'
[0.275s] Level 5:colcon.colcon_core.verb:set package 'zed_rgb_convert' build argument 'cmake_target_skip_unavailable' from command line to 'False'
[0.275s] Level 5:colcon.colcon_core.verb:set package 'zed_rgb_convert' build argument 'cmake_clean_cache' from command line to 'False'
[0.275s] Level 5:colcon.colcon_core.verb:set package 'zed_rgb_convert' build argument 'cmake_clean_first' from command line to 'False'
[0.275s] Level 5:colcon.colcon_core.verb:set package 'zed_rgb_convert' build argument 'cmake_force_configure' from command line to 'False'
[0.275s] Level 5:colcon.colcon_core.verb:set package 'zed_rgb_convert' build argument 'ament_cmake_args' from command line to 'None'
[0.275s] Level 5:colcon.colcon_core.verb:set package 'zed_rgb_convert' build argument 'catkin_cmake_args' from command line to 'None'
[0.275s] Level 5:colcon.colcon_core.verb:set package 'zed_rgb_convert' build argument 'catkin_skip_building_tests' from command line to 'False'
[0.275s] DEBUG:colcon.colcon_core.verb:Building package 'zed_rgb_convert' with the following arguments: {'ament_cmake_args': None, 'build_base': '/home/awadh/zed_ws/build/zed_rgb_convert', 'catkin_cmake_args': None, 'catkin_skip_building_tests': False, 'cmake_args': None, 'cmake_clean_cache': False, 'cmake_clean_first': False, 'cmake_force_configure': False, 'cmake_target': None, 'cmake_target_skip_unavailable': False, 'install_base': '/home/awadh/zed_ws/install/zed_rgb_convert', 'merge_install': False, 'path': '/home/awadh/zed_ws/src/zed-ros2-examples/tutorials/zed_rgb_convert', 'symlink_install': False, 'test_result_base': None}
[0.275s] Level 5:colcon.colcon_core.verb:set package 'zed_topic_benchmark' build argument 'cmake_args' from command line to 'None'
[0.275s] Level 5:colcon.colcon_core.verb:set package 'zed_topic_benchmark' build argument 'cmake_target' from command line to 'None'
[0.275s] Level 5:colcon.colcon_core.verb:set package 'zed_topic_benchmark' build argument 'cmake_target_skip_unavailable' from command line to 'False'
[0.275s] Level 5:colcon.colcon_core.verb:set package 'zed_topic_benchmark' build argument 'cmake_clean_cache' from command line to 'False'
[0.275s] Level 5:colcon.colcon_core.verb:set package 'zed_topic_benchmark' build argument 'cmake_clean_first' from command line to 'False'
[0.275s] Level 5:colcon.colcon_core.verb:set package 'zed_topic_benchmark' build argument 'cmake_force_configure' from command line to 'False'
[0.276s] Level 5:colcon.colcon_core.verb:set package 'zed_topic_benchmark' build argument 'ament_cmake_args' from command line to 'None'
[0.276s] Level 5:colcon.colcon_core.verb:set package 'zed_topic_benchmark' build argument 'catkin_cmake_args' from command line to 'None'
[0.276s] Level 5:colcon.colcon_core.verb:set package 'zed_topic_benchmark' build argument 'catkin_skip_building_tests' from command line to 'False'
[0.276s] DEBUG:colcon.colcon_core.verb:Building package 'zed_topic_benchmark' with the following arguments: {'ament_cmake_args': None, 'build_base': '/home/awadh/zed_ws/build/zed_topic_benchmark', 'catkin_cmake_args': None, 'catkin_skip_building_tests': False, 'cmake_args': None, 'cmake_clean_cache': False, 'cmake_clean_first': False, 'cmake_force_configure': False, 'cmake_target': None, 'cmake_target_skip_unavailable': False, 'install_base': '/home/awadh/zed_ws/install/zed_topic_benchmark', 'merge_install': False, 'path': '/home/awadh/zed_ws/src/zed-ros2-examples/tools/zed_benchmark', 'symlink_install': False, 'test_result_base': None}
[0.276s] Level 5:colcon.colcon_core.verb:set package 'zed_wrapper' build argument 'cmake_args' from command line to 'None'
[0.276s] Level 5:colcon.colcon_core.verb:set package 'zed_wrapper' build argument 'cmake_target' from command line to 'None'
[0.276s] Level 5:colcon.colcon_core.verb:set package 'zed_wrapper' build argument 'cmake_target_skip_unavailable' from command line to 'False'
[0.276s] Level 5:colcon.colcon_core.verb:set package 'zed_wrapper' build argument 'cmake_clean_cache' from command line to 'False'
[0.276s] Level 5:colcon.colcon_core.verb:set package 'zed_wrapper' build argument 'cmake_clean_first' from command line to 'False'
[0.276s] Level 5:colcon.colcon_core.verb:set package 'zed_wrapper' build argument 'cmake_force_configure' from command line to 'False'
[0.276s] Level 5:colcon.colcon_core.verb:set package 'zed_wrapper' build argument 'ament_cmake_args' from command line to 'None'
[0.276s] Level 5:colcon.colcon_core.verb:set package 'zed_wrapper' build argument 'catkin_cmake_args' from command line to 'None'
[0.276s] Level 5:colcon.colcon_core.verb:set package 'zed_wrapper' build argument 'catkin_skip_building_tests' from command line to 'False'
[0.276s] DEBUG:colcon.colcon_core.verb:Building package 'zed_wrapper' with the following arguments: {'ament_cmake_args': None, 'build_base': '/home/awadh/zed_ws/build/zed_wrapper', 'catkin_cmake_args': None, 'catkin_skip_building_tests': False, 'cmake_args': None, 'cmake_clean_cache': False, 'cmake_clean_first': False, 'cmake_force_configure': False, 'cmake_target': None, 'cmake_target_skip_unavailable': False, 'install_base': '/home/awadh/zed_ws/install/zed_wrapper', 'merge_install': False, 'path': '/home/awadh/zed_ws/src/zed-ros2-wrapper/zed_wrapper', 'symlink_install': False, 'test_result_base': None}
[0.276s] Level 5:colcon.colcon_core.verb:set package 'zed_depth_to_laserscan' build argument 'cmake_args' from command line to 'None'
[0.276s] Level 5:colcon.colcon_core.verb:set package 'zed_depth_to_laserscan' build argument 'cmake_target' from command line to 'None'
[0.276s] Level 5:colcon.colcon_core.verb:set package 'zed_depth_to_laserscan' build argument 'cmake_target_skip_unavailable' from command line to 'False'
[0.276s] Level 5:colcon.colcon_core.verb:set package 'zed_depth_to_laserscan' build argument 'cmake_clean_cache' from command line to 'False'
[0.276s] Level 5:colcon.colcon_core.verb:set package 'zed_depth_to_laserscan' build argument 'cmake_clean_first' from command line to 'False'
[0.276s] Level 5:colcon.colcon_core.verb:set package 'zed_depth_to_laserscan' build argument 'cmake_force_configure' from command line to 'False'
[0.276s] Level 5:colcon.colcon_core.verb:set package 'zed_depth_to_laserscan' build argument 'ament_cmake_args' from command line to 'None'
[0.276s] Level 5:colcon.colcon_core.verb:set package 'zed_depth_to_laserscan' build argument 'catkin_cmake_args' from command line to 'None'
[0.276s] Level 5:colcon.colcon_core.verb:set package 'zed_depth_to_laserscan' build argument 'catkin_skip_building_tests' from command line to 'False'
[0.276s] DEBUG:colcon.colcon_core.verb:Building package 'zed_depth_to_laserscan' with the following arguments: {'ament_cmake_args': None, 'build_base': '/home/awadh/zed_ws/build/zed_depth_to_laserscan', 'catkin_cmake_args': None, 'catkin_skip_building_tests': False, 'cmake_args': None, 'cmake_clean_cache': False, 'cmake_clean_first': False, 'cmake_force_configure': False, 'cmake_target': None, 'cmake_target_skip_unavailable': False, 'install_base': '/home/awadh/zed_ws/install/zed_depth_to_laserscan', 'merge_install': False, 'path': '/home/awadh/zed_ws/src/zed-ros2-examples/examples/zed_depth_to_laserscan', 'symlink_install': False, 'test_result_base': None}
[0.276s] Level 5:colcon.colcon_core.verb:set package 'zed_display_rviz2' build argument 'cmake_args' from command line to 'None'
[0.276s] Level 5:colcon.colcon_core.verb:set package 'zed_display_rviz2' build argument 'cmake_target' from command line to 'None'
[0.276s] Level 5:colcon.colcon_core.verb:set package 'zed_display_rviz2' build argument 'cmake_target_skip_unavailable' from command line to 'False'
[0.276s] Level 5:colcon.colcon_core.verb:set package 'zed_display_rviz2' build argument 'cmake_clean_cache' from command line to 'False'
[0.276s] Level 5:colcon.colcon_core.verb:set package 'zed_display_rviz2' build argument 'cmake_clean_first' from command line to 'False'
[0.276s] Level 5:colcon.colcon_core.verb:set package 'zed_display_rviz2' build argument 'cmake_force_configure' from command line to 'False'
[0.276s] Level 5:colcon.colcon_core.verb:set package 'zed_display_rviz2' build argument 'ament_cmake_args' from command line to 'None'
[0.276s] Level 5:colcon.colcon_core.verb:set package 'zed_display_rviz2' build argument 'catkin_cmake_args' from command line to 'None'
[0.276s] Level 5:colcon.colcon_core.verb:set package 'zed_display_rviz2' build argument 'catkin_skip_building_tests' from command line to 'False'
[0.276s] DEBUG:colcon.colcon_core.verb:Building package 'zed_display_rviz2' with the following arguments: {'ament_cmake_args': None, 'build_base': '/home/awadh/zed_ws/build/zed_display_rviz2', 'catkin_cmake_args': None, 'catkin_skip_building_tests': False, 'cmake_args': None, 'cmake_clean_cache': False, 'cmake_clean_first': False, 'cmake_force_configure': False, 'cmake_target': None, 'cmake_target_skip_unavailable': False, 'install_base': '/home/awadh/zed_ws/install/zed_display_rviz2', 'merge_install': False, 'path': '/home/awadh/zed_ws/src/zed-ros2-examples/zed_display_rviz2', 'symlink_install': False, 'test_result_base': None}
[0.277s] Level 5:colcon.colcon_core.verb:set package 'zed_multi_camera' build argument 'cmake_args' from command line to 'None'
[0.277s] Level 5:colcon.colcon_core.verb:set package 'zed_multi_camera' build argument 'cmake_target' from command line to 'None'
[0.277s] Level 5:colcon.colcon_core.verb:set package 'zed_multi_camera' build argument 'cmake_target_skip_unavailable' from command line to 'False'
[0.277s] Level 5:colcon.colcon_core.verb:set package 'zed_multi_camera' build argument 'cmake_clean_cache' from command line to 'False'
[0.277s] Level 5:colcon.colcon_core.verb:set package 'zed_multi_camera' build argument 'cmake_clean_first' from command line to 'False'
[0.277s] Level 5:colcon.colcon_core.verb:set package 'zed_multi_camera' build argument 'cmake_force_configure' from command line to 'False'
[0.277s] Level 5:colcon.colcon_core.verb:set package 'zed_multi_camera' build argument 'ament_cmake_args' from command line to 'None'
[0.277s] Level 5:colcon.colcon_core.verb:set package 'zed_multi_camera' build argument 'catkin_cmake_args' from command line to 'None'
[0.277s] Level 5:colcon.colcon_core.verb:set package 'zed_multi_camera' build argument 'catkin_skip_building_tests' from command line to 'False'
[0.277s] DEBUG:colcon.colcon_core.verb:Building package 'zed_multi_camera' with the following arguments: {'ament_cmake_args': None, 'build_base': '/home/awadh/zed_ws/build/zed_multi_camera', 'catkin_cmake_args': None, 'catkin_skip_building_tests': False, 'cmake_args': None, 'cmake_clean_cache': False, 'cmake_clean_first': False, 'cmake_force_configure': False, 'cmake_target': None, 'cmake_target_skip_unavailable': False, 'install_base': '/home/awadh/zed_ws/install/zed_multi_camera', 'merge_install': False, 'path': '/home/awadh/zed_ws/src/zed-ros2-examples/tutorials/zed_multi_camera', 'symlink_install': False, 'test_result_base': None}
[0.277s] Level 5:colcon.colcon_core.verb:set package 'zed_robot_integration' build argument 'cmake_args' from command line to 'None'
[0.277s] Level 5:colcon.colcon_core.verb:set package 'zed_robot_integration' build argument 'cmake_target' from command line to 'None'
[0.277s] Level 5:colcon.colcon_core.verb:set package 'zed_robot_integration' build argument 'cmake_target_skip_unavailable' from command line to 'False'
[0.277s] Level 5:colcon.colcon_core.verb:set package 'zed_robot_integration' build argument 'cmake_clean_cache' from command line to 'False'
[0.277s] Level 5:colcon.colcon_core.verb:set package 'zed_robot_integration' build argument 'cmake_clean_first' from command line to 'False'
[0.277s] Level 5:colcon.colcon_core.verb:set package 'zed_robot_integration' build argument 'cmake_force_configure' from command line to 'False'
[0.277s] Level 5:colcon.colcon_core.verb:set package 'zed_robot_integration' build argument 'ament_cmake_args' from command line to 'None'
[0.277s] Level 5:colcon.colcon_core.verb:set package 'zed_robot_integration' build argument 'catkin_cmake_args' from command line to 'None'
[0.277s] Level 5:colcon.colcon_core.verb:set package 'zed_robot_integration' build argument 'catkin_skip_building_tests' from command line to 'False'
[0.277s] DEBUG:colcon.colcon_core.verb:Building package 'zed_robot_integration' with the following arguments: {'ament_cmake_args': None, 'build_base': '/home/awadh/zed_ws/build/zed_robot_integration', 'catkin_cmake_args': None, 'catkin_skip_building_tests': False, 'cmake_args': None, 'cmake_clean_cache': False, 'cmake_clean_first': False, 'cmake_force_configure': False, 'cmake_target': None, 'cmake_target_skip_unavailable': False, 'install_base': '/home/awadh/zed_ws/install/zed_robot_integration', 'merge_install': False, 'path': '/home/awadh/zed_ws/src/zed-ros2-examples/tutorials/zed_robot_integration', 'symlink_install': False, 'test_result_base': None}
[0.277s] Level 5:colcon.colcon_core.verb:set package 'zed_ros2' build argument 'cmake_args' from command line to 'None'
[0.277s] Level 5:colcon.colcon_core.verb:set package 'zed_ros2' build argument 'cmake_target' from command line to 'None'
[0.277s] Level 5:colcon.colcon_core.verb:set package 'zed_ros2' build argument 'cmake_target_skip_unavailable' from command line to 'False'
[0.277s] Level 5:colcon.colcon_core.verb:set package 'zed_ros2' build argument 'cmake_clean_cache' from command line to 'False'
[0.277s] Level 5:colcon.colcon_core.verb:set package 'zed_ros2' build argument 'cmake_clean_first' from command line to 'False'
[0.277s] Level 5:colcon.colcon_core.verb:set package 'zed_ros2' build argument 'cmake_force_configure' from command line to 'False'
[0.277s] Level 5:colcon.colcon_core.verb:set package 'zed_ros2' build argument 'ament_cmake_args' from command line to 'None'
[0.277s] Level 5:colcon.colcon_core.verb:set package 'zed_ros2' build argument 'catkin_cmake_args' from command line to 'None'
[0.277s] Level 5:colcon.colcon_core.verb:set package 'zed_ros2' build argument 'catkin_skip_building_tests' from command line to 'False'
[0.277s] DEBUG:colcon.colcon_core.verb:Building package 'zed_ros2' with the following arguments: {'ament_cmake_args': None, 'build_base': '/home/awadh/zed_ws/build/zed_ros2', 'catkin_cmake_args': None, 'catkin_skip_building_tests': False, 'cmake_args': None, 'cmake_clean_cache': False, 'cmake_clean_first': False, 'cmake_force_configure': False, 'cmake_target': None, 'cmake_target_skip_unavailable': False, 'install_base': '/home/awadh/zed_ws/install/zed_ros2', 'merge_install': False, 'path': '/home/awadh/zed_ws/src/zed-ros2-wrapper/zed_ros2', 'symlink_install': False, 'test_result_base': None}
[0.277s] INFO:colcon.colcon_core.executor:Executing jobs using 'parallel' executor
[0.278s] DEBUG:colcon.colcon_parallel_executor.executor.parallel:run_until_complete
[0.278s] INFO:colcon.colcon_ros.task.ament_cmake.build:Building ROS package in '/home/awadh/zed_ws/src/zed-ros2-wrapper/zed-ros2-interfaces' with build type 'ament_cmake'
[0.278s] INFO:colcon.colcon_cmake.task.cmake.build:Building CMake package in '/home/awadh/zed_ws/src/zed-ros2-wrapper/zed-ros2-interfaces'
[0.280s] INFO:colcon.colcon_core.plugin_system:Skipping extension 'colcon_core.shell.bat': Not used on non-Windows systems
[0.280s] INFO:colcon.colcon_core.shell:Skip shell extension 'powershell' for command environment: Not usable outside of PowerShell
[0.280s] DEBUG:colcon.colcon_core.shell:Skip shell extension 'dsv' for command environment
[0.285s] INFO:colcon.colcon_ros.task.ament_cmake.build:Building ROS package in '/home/awadh/zed_ws/src/zed-ros2-examples/tools/zed_benchmark_interfaces' with build type 'ament_cmake'
[0.285s] INFO:colcon.colcon_cmake.task.cmake.build:Building CMake package in '/home/awadh/zed_ws/src/zed-ros2-examples/tools/zed_benchmark_interfaces'
[0.285s] INFO:colcon.colcon_core.shell:Skip shell extension 'powershell' for command environment: Not usable outside of PowerShell
[0.285s] DEBUG:colcon.colcon_core.shell:Skip shell extension 'dsv' for command environment
[0.289s] INFO:colcon.colcon_ros.task.ament_cmake.build:Building ROS package in '/home/awadh/zed_ws/src/zed-ros2-examples/tutorials/zed_depth_tutorial' with build type 'ament_cmake'
[0.289s] INFO:colcon.colcon_cmake.task.cmake.build:Building CMake package in '/home/awadh/zed_ws/src/zed-ros2-examples/tutorials/zed_depth_tutorial'
[0.289s] INFO:colcon.colcon_core.shell:Skip shell extension 'powershell' for command environment: Not usable outside of PowerShell
[0.289s] DEBUG:colcon.colcon_core.shell:Skip shell extension 'dsv' for command environment
[0.293s] INFO:colcon.colcon_ros.task.ament_cmake.build:Building ROS package in '/home/awadh/zed_ws/src/zed-ros2-examples/tutorials/zed_pose_tutorial' with build type 'ament_cmake'
[0.293s] INFO:colcon.colcon_cmake.task.cmake.build:Building CMake package in '/home/awadh/zed_ws/src/zed-ros2-examples/tutorials/zed_pose_tutorial'
[0.294s] INFO:colcon.colcon_core.shell:Skip shell extension 'powershell' for command environment: Not usable outside of PowerShell
[0.294s] DEBUG:colcon.colcon_core.shell:Skip shell extension 'dsv' for command environment
[0.298s] INFO:colcon.colcon_ros.task.ament_cmake.build:Building ROS package in '/home/awadh/zed_ws/src/zed-ros2-examples/tutorials/zed_video_tutorial' with build type 'ament_cmake'
[0.298s] INFO:colcon.colcon_cmake.task.cmake.build:Building CMake package in '/home/awadh/zed_ws/src/zed-ros2-examples/tutorials/zed_video_tutorial'
[0.298s] INFO:colcon.colcon_core.shell:Skip shell extension 'powershell' for command environment: Not usable outside of PowerShell
[0.298s] DEBUG:colcon.colcon_core.shell:Skip shell extension 'dsv' for command environment
[0.305s] DEBUG:colcon.colcon_core.event_handler.log_command:Invoking command in '/home/awadh/zed_ws/build/zed_interfaces': CMAKE_PREFIX_PATH=/home/awadh/gazebo_ws/install/yolov8_msgs:/home/awadh/gazebo_ws/install/yolobot_recognition:/home/awadh/gazebo_ws/install/yolobot_gazebo:/home/awadh/gazebo_ws/install/yolobot_description:/home/awadh/gazebo_ws/install/yolobot_control:/home/awadh/gazebo_ws/install/my_robot_bringup:/home/awadh/gazebo_ws/install/my_robot_description:/home/awadh/yolobot/install/yolov8_msgs:/home/awadh/yolobot/install/yolobot_recognition:/home/awadh/yolobot/install/yolobot_gazebo:/home/awadh/yolobot/install/yolobot_description:/home/awadh/yolobot/install/yolobot_control:/home/awadh/test2_ws/install/pcl_object_detection:/home/awadh/zed_ws/install/zed_tutorial_video:/home/awadh/zed_ws/install/zed_tutorial_pos_tracking:/home/awadh/zed_ws/install/zed_tutorial_depth:/home/awadh/zed_ws/install/zed_robot_integration:/home/awadh/zed_ws/install/zed_multi_camera:/home/awadh/zed_ws/install/zed_display_rviz2:/home/awadh/ouster_ws/install/ouster_ros:/home/awadh/ouster_ws/install/ouster_sensor_msgs:/home/awadh/ros2_ws/install/my_robot_bringup:/home/awadh/ros2_ws/install/turtlesim_project_cpp:/home/awadh/ros2_ws/install/my_cpp_pkg:/home/awadh/ros2_ws/install/my_robot_interfaces:/home/awadh/gazebo_ws/install/ultralytics_ros2:/home/awadh/ros2_ws/install/turtlesim_catch_them_all:/home/awadh/ros2_ws/install/my_py_pkg:/opt/ros/humble:/home/awadh/sick_tim_ws/install/sick_tim /usr/bin/cmake /home/awadh/zed_ws/src/zed-ros2-wrapper/zed-ros2-interfaces -DCMAKE_INSTALL_PREFIX=/home/awadh/zed_ws/install/zed_interfaces
[0.307s] DEBUG:colcon.colcon_core.event_handler.log_command:Invoking command in '/home/awadh/zed_ws/build/zed_topic_benchmark_interfaces': CMAKE_PREFIX_PATH=/home/awadh/gazebo_ws/install/yolov8_msgs:/home/awadh/gazebo_ws/install/yolobot_recognition:/home/awadh/gazebo_ws/install/yolobot_gazebo:/home/awadh/gazebo_ws/install/yolobot_description:/home/awadh/gazebo_ws/install/yolobot_control:/home/awadh/gazebo_ws/install/my_robot_bringup:/home/awadh/gazebo_ws/install/my_robot_description:/home/awadh/yolobot/install/yolov8_msgs:/home/awadh/yolobot/install/yolobot_recognition:/home/awadh/yolobot/install/yolobot_gazebo:/home/awadh/yolobot/install/yolobot_description:/home/awadh/yolobot/install/yolobot_control:/home/awadh/test2_ws/install/pcl_object_detection:/home/awadh/zed_ws/install/zed_tutorial_video:/home/awadh/zed_ws/install/zed_tutorial_pos_tracking:/home/awadh/zed_ws/install/zed_tutorial_depth:/home/awadh/zed_ws/install/zed_robot_integration:/home/awadh/zed_ws/install/zed_multi_camera:/home/awadh/zed_ws/install/zed_display_rviz2:/home/awadh/ouster_ws/install/ouster_ros:/home/awadh/ouster_ws/install/ouster_sensor_msgs:/home/awadh/ros2_ws/install/my_robot_bringup:/home/awadh/ros2_ws/install/turtlesim_project_cpp:/home/awadh/ros2_ws/install/my_cpp_pkg:/home/awadh/ros2_ws/install/my_robot_interfaces:/home/awadh/gazebo_ws/install/ultralytics_ros2:/home/awadh/ros2_ws/install/turtlesim_catch_them_all:/home/awadh/ros2_ws/install/my_py_pkg:/opt/ros/humble:/home/awadh/sick_tim_ws/install/sick_tim /usr/bin/cmake /home/awadh/zed_ws/src/zed-ros2-examples/tools/zed_benchmark_interfaces -DCMAKE_INSTALL_PREFIX=/home/awadh/zed_ws/install/zed_topic_benchmark_interfaces
[0.308s] DEBUG:colcon.colcon_core.event_handler.log_command:Invoking command in '/home/awadh/zed_ws/build/zed_tutorial_depth': CMAKE_PREFIX_PATH=/home/awadh/gazebo_ws/install/yolov8_msgs:/home/awadh/gazebo_ws/install/yolobot_recognition:/home/awadh/gazebo_ws/install/yolobot_gazebo:/home/awadh/gazebo_ws/install/yolobot_description:/home/awadh/gazebo_ws/install/yolobot_control:/home/awadh/gazebo_ws/install/my_robot_bringup:/home/awadh/gazebo_ws/install/my_robot_description:/home/awadh/yolobot/install/yolov8_msgs:/home/awadh/yolobot/install/yolobot_recognition:/home/awadh/yolobot/install/yolobot_gazebo:/home/awadh/yolobot/install/yolobot_description:/home/awadh/yolobot/install/yolobot_control:/home/awadh/test2_ws/install/pcl_object_detection:/home/awadh/zed_ws/install/zed_tutorial_video:/home/awadh/zed_ws/install/zed_tutorial_pos_tracking:/home/awadh/zed_ws/install/zed_tutorial_depth:/home/awadh/zed_ws/install/zed_robot_integration:/home/awadh/zed_ws/install/zed_multi_camera:/home/awadh/zed_ws/install/zed_display_rviz2:/home/awadh/ouster_ws/install/ouster_ros:/home/awadh/ouster_ws/install/ouster_sensor_msgs:/home/awadh/ros2_ws/install/my_robot_bringup:/home/awadh/ros2_ws/install/turtlesim_project_cpp:/home/awadh/ros2_ws/install/my_cpp_pkg:/home/awadh/ros2_ws/install/my_robot_interfaces:/home/awadh/gazebo_ws/install/ultralytics_ros2:/home/awadh/ros2_ws/install/turtlesim_catch_them_all:/home/awadh/ros2_ws/install/my_py_pkg:/opt/ros/humble:/home/awadh/sick_tim_ws/install/sick_tim /usr/bin/cmake /home/awadh/zed_ws/src/zed-ros2-examples/tutorials/zed_depth_tutorial -DCMAKE_INSTALL_PREFIX=/home/awadh/zed_ws/install/zed_tutorial_depth
[0.310s] DEBUG:colcon.colcon_core.event_handler.log_command:Invoking command in '/home/awadh/zed_ws/build/zed_tutorial_pos_tracking': CMAKE_PREFIX_PATH=/home/awadh/gazebo_ws/install/yolov8_msgs:/home/awadh/gazebo_ws/install/yolobot_recognition:/home/awadh/gazebo_ws/install/yolobot_gazebo:/home/awadh/gazebo_ws/install/yolobot_description:/home/awadh/gazebo_ws/install/yolobot_control:/home/awadh/gazebo_ws/install/my_robot_bringup:/home/awadh/gazebo_ws/install/my_robot_description:/home/awadh/yolobot/install/yolov8_msgs:/home/awadh/yolobot/install/yolobot_recognition:/home/awadh/yolobot/install/yolobot_gazebo:/home/awadh/yolobot/install/yolobot_description:/home/awadh/yolobot/install/yolobot_control:/home/awadh/test2_ws/install/pcl_object_detection:/home/awadh/zed_ws/install/zed_tutorial_video:/home/awadh/zed_ws/install/zed_tutorial_pos_tracking:/home/awadh/zed_ws/install/zed_tutorial_depth:/home/awadh/zed_ws/install/zed_robot_integration:/home/awadh/zed_ws/install/zed_multi_camera:/home/awadh/zed_ws/install/zed_display_rviz2:/home/awadh/ouster_ws/install/ouster_ros:/home/awadh/ouster_ws/install/ouster_sensor_msgs:/home/awadh/ros2_ws/install/my_robot_bringup:/home/awadh/ros2_ws/install/turtlesim_project_cpp:/home/awadh/ros2_ws/install/my_cpp_pkg:/home/awadh/ros2_ws/install/my_robot_interfaces:/home/awadh/gazebo_ws/install/ultralytics_ros2:/home/awadh/ros2_ws/install/turtlesim_catch_them_all:/home/awadh/ros2_ws/install/my_py_pkg:/opt/ros/humble:/home/awadh/sick_tim_ws/install/sick_tim /usr/bin/cmake /home/awadh/zed_ws/src/zed-ros2-examples/tutorials/zed_pose_tutorial -DCMAKE_INSTALL_PREFIX=/home/awadh/zed_ws/install/zed_tutorial_pos_tracking
[0.313s] DEBUG:colcon.colcon_core.event_handler.log_command:Invoking command in '/home/awadh/zed_ws/build/zed_tutorial_video': CMAKE_PREFIX_PATH=/home/awadh/gazebo_ws/install/yolov8_msgs:/home/awadh/gazebo_ws/install/yolobot_recognition:/home/awadh/gazebo_ws/install/yolobot_gazebo:/home/awadh/gazebo_ws/install/yolobot_description:/home/awadh/gazebo_ws/install/yolobot_control:/home/awadh/gazebo_ws/install/my_robot_bringup:/home/awadh/gazebo_ws/install/my_robot_description:/home/awadh/yolobot/install/yolov8_msgs:/home/awadh/yolobot/install/yolobot_recognition:/home/awadh/yolobot/install/yolobot_gazebo:/home/awadh/yolobot/install/yolobot_description:/home/awadh/yolobot/install/yolobot_control:/home/awadh/test2_ws/install/pcl_object_detection:/home/awadh/zed_ws/install/zed_tutorial_video:/home/awadh/zed_ws/install/zed_tutorial_pos_tracking:/home/awadh/zed_ws/install/zed_tutorial_depth:/home/awadh/zed_ws/install/zed_robot_integration:/home/awadh/zed_ws/install/zed_multi_camera:/home/awadh/zed_ws/install/zed_display_rviz2:/home/awadh/ouster_ws/install/ouster_ros:/home/awadh/ouster_ws/install/ouster_sensor_msgs:/home/awadh/ros2_ws/install/my_robot_bringup:/home/awadh/ros2_ws/install/turtlesim_project_cpp:/home/awadh/ros2_ws/install/my_cpp_pkg:/home/awadh/ros2_ws/install/my_robot_interfaces:/home/awadh/gazebo_ws/install/ultralytics_ros2:/home/awadh/ros2_ws/install/turtlesim_catch_them_all:/home/awadh/ros2_ws/install/my_py_pkg:/opt/ros/humble:/home/awadh/sick_tim_ws/install/sick_tim /usr/bin/cmake /home/awadh/zed_ws/src/zed-ros2-examples/tutorials/zed_video_tutorial -DCMAKE_INSTALL_PREFIX=/home/awadh/zed_ws/install/zed_tutorial_video
[0.741s] DEBUG:colcon.colcon_core.event_handler.log_command:Invoked command in '/home/awadh/zed_ws/build/zed_tutorial_video' returned '0': CMAKE_PREFIX_PATH=/home/awadh/gazebo_ws/install/yolov8_msgs:/home/awadh/gazebo_ws/install/yolobot_recognition:/home/awadh/gazebo_ws/install/yolobot_gazebo:/home/awadh/gazebo_ws/install/yolobot_description:/home/awadh/gazebo_ws/install/yolobot_control:/home/awadh/gazebo_ws/install/my_robot_bringup:/home/awadh/gazebo_ws/install/my_robot_description:/home/awadh/yolobot/install/yolov8_msgs:/home/awadh/yolobot/install/yolobot_recognition:/home/awadh/yolobot/install/yolobot_gazebo:/home/awadh/yolobot/install/yolobot_description:/home/awadh/yolobot/install/yolobot_control:/home/awadh/test2_ws/install/pcl_object_detection:/home/awadh/zed_ws/install/zed_tutorial_video:/home/awadh/zed_ws/install/zed_tutorial_pos_tracking:/home/awadh/zed_ws/install/zed_tutorial_depth:/home/awadh/zed_ws/install/zed_robot_integration:/home/awadh/zed_ws/install/zed_multi_camera:/home/awadh/zed_ws/install/zed_display_rviz2:/home/awadh/ouster_ws/install/ouster_ros:/home/awadh/ouster_ws/install/ouster_sensor_msgs:/home/awadh/ros2_ws/install/my_robot_bringup:/home/awadh/ros2_ws/install/turtlesim_project_cpp:/home/awadh/ros2_ws/install/my_cpp_pkg:/home/awadh/ros2_ws/install/my_robot_interfaces:/home/awadh/gazebo_ws/install/ultralytics_ros2:/home/awadh/ros2_ws/install/turtlesim_catch_them_all:/home/awadh/ros2_ws/install/my_py_pkg:/opt/ros/humble:/home/awadh/sick_tim_ws/install/sick_tim /usr/bin/cmake /home/awadh/zed_ws/src/zed-ros2-examples/tutorials/zed_video_tutorial -DCMAKE_INSTALL_PREFIX=/home/awadh/zed_ws/install/zed_tutorial_video
[0.742s] DEBUG:colcon.colcon_core.event_handler.log_command:Invoking command in '/home/awadh/zed_ws/build/zed_tutorial_video': CMAKE_PREFIX_PATH=/home/awadh/gazebo_ws/install/yolov8_msgs:/home/awadh/gazebo_ws/install/yolobot_recognition:/home/awadh/gazebo_ws/install/yolobot_gazebo:/home/awadh/gazebo_ws/install/yolobot_description:/home/awadh/gazebo_ws/install/yolobot_control:/home/awadh/gazebo_ws/install/my_robot_bringup:/home/awadh/gazebo_ws/install/my_robot_description:/home/awadh/yolobot/install/yolov8_msgs:/home/awadh/yolobot/install/yolobot_recognition:/home/awadh/yolobot/install/yolobot_gazebo:/home/awadh/yolobot/install/yolobot_description:/home/awadh/yolobot/install/yolobot_control:/home/awadh/test2_ws/install/pcl_object_detection:/home/awadh/zed_ws/install/zed_tutorial_video:/home/awadh/zed_ws/install/zed_tutorial_pos_tracking:/home/awadh/zed_ws/install/zed_tutorial_depth:/home/awadh/zed_ws/install/zed_robot_integration:/home/awadh/zed_ws/install/zed_multi_camera:/home/awadh/zed_ws/install/zed_display_rviz2:/home/awadh/ouster_ws/install/ouster_ros:/home/awadh/ouster_ws/install/ouster_sensor_msgs:/home/awadh/ros2_ws/install/my_robot_bringup:/home/awadh/ros2_ws/install/turtlesim_project_cpp:/home/awadh/ros2_ws/install/my_cpp_pkg:/home/awadh/ros2_ws/install/my_robot_interfaces:/home/awadh/gazebo_ws/install/ultralytics_ros2:/home/awadh/ros2_ws/install/turtlesim_catch_them_all:/home/awadh/ros2_ws/install/my_py_pkg:/opt/ros/humble:/home/awadh/sick_tim_ws/install/sick_tim /usr/bin/cmake --build /home/awadh/zed_ws/build/zed_tutorial_video -- -j16 -l16
[0.747s] DEBUG:colcon.colcon_core.event_handler.log_command:Invoked command in '/home/awadh/zed_ws/build/zed_tutorial_depth' returned '0': CMAKE_PREFIX_PATH=/home/awadh/gazebo_ws/install/yolov8_msgs:/home/awadh/gazebo_ws/install/yolobot_recognition:/home/awadh/gazebo_ws/install/yolobot_gazebo:/home/awadh/gazebo_ws/install/yolobot_description:/home/awadh/gazebo_ws/install/yolobot_control:/home/awadh/gazebo_ws/install/my_robot_bringup:/home/awadh/gazebo_ws/install/my_robot_description:/home/awadh/yolobot/install/yolov8_msgs:/home/awadh/yolobot/install/yolobot_recognition:/home/awadh/yolobot/install/yolobot_gazebo:/home/awadh/yolobot/install/yolobot_description:/home/awadh/yolobot/install/yolobot_control:/home/awadh/test2_ws/install/pcl_object_detection:/home/awadh/zed_ws/install/zed_tutorial_video:/home/awadh/zed_ws/install/zed_tutorial_pos_tracking:/home/awadh/zed_ws/install/zed_tutorial_depth:/home/awadh/zed_ws/install/zed_robot_integration:/home/awadh/zed_ws/install/zed_multi_camera:/home/awadh/zed_ws/install/zed_display_rviz2:/home/awadh/ouster_ws/install/ouster_ros:/home/awadh/ouster_ws/install/ouster_sensor_msgs:/home/awadh/ros2_ws/install/my_robot_bringup:/home/awadh/ros2_ws/install/turtlesim_project_cpp:/home/awadh/ros2_ws/install/my_cpp_pkg:/home/awadh/ros2_ws/install/my_robot_interfaces:/home/awadh/gazebo_ws/install/ultralytics_ros2:/home/awadh/ros2_ws/install/turtlesim_catch_them_all:/home/awadh/ros2_ws/install/my_py_pkg:/opt/ros/humble:/home/awadh/sick_tim_ws/install/sick_tim /usr/bin/cmake /home/awadh/zed_ws/src/zed-ros2-examples/tutorials/zed_depth_tutorial -DCMAKE_INSTALL_PREFIX=/home/awadh/zed_ws/install/zed_tutorial_depth
[0.747s] DEBUG:colcon.colcon_core.event_handler.log_command:Invoking command in '/home/awadh/zed_ws/build/zed_tutorial_depth': CMAKE_PREFIX_PATH=/home/awadh/gazebo_ws/install/yolov8_msgs:/home/awadh/gazebo_ws/install/yolobot_recognition:/home/awadh/gazebo_ws/install/yolobot_gazebo:/home/awadh/gazebo_ws/install/yolobot_description:/home/awadh/gazebo_ws/install/yolobot_control:/home/awadh/gazebo_ws/install/my_robot_bringup:/home/awadh/gazebo_ws/install/my_robot_description:/home/awadh/yolobot/install/yolov8_msgs:/home/awadh/yolobot/install/yolobot_recognition:/home/awadh/yolobot/install/yolobot_gazebo:/home/awadh/yolobot/install/yolobot_description:/home/awadh/yolobot/install/yolobot_control:/home/awadh/test2_ws/install/pcl_object_detection:/home/awadh/zed_ws/install/zed_tutorial_video:/home/awadh/zed_ws/install/zed_tutorial_pos_tracking:/home/awadh/zed_ws/install/zed_tutorial_depth:/home/awadh/zed_ws/install/zed_robot_integration:/home/awadh/zed_ws/install/zed_multi_camera:/home/awadh/zed_ws/install/zed_display_rviz2:/home/awadh/ouster_ws/install/ouster_ros:/home/awadh/ouster_ws/install/ouster_sensor_msgs:/home/awadh/ros2_ws/install/my_robot_bringup:/home/awadh/ros2_ws/install/turtlesim_project_cpp:/home/awadh/ros2_ws/install/my_cpp_pkg:/home/awadh/ros2_ws/install/my_robot_interfaces:/home/awadh/gazebo_ws/install/ultralytics_ros2:/home/awadh/ros2_ws/install/turtlesim_catch_them_all:/home/awadh/ros2_ws/install/my_py_pkg:/opt/ros/humble:/home/awadh/sick_tim_ws/install/sick_tim /usr/bin/cmake --build /home/awadh/zed_ws/build/zed_tutorial_depth -- -j16 -l16
[0.797s] DEBUG:colcon.colcon_core.event_handler.log_command:Invoked command in '/home/awadh/zed_ws/build/zed_tutorial_video' returned '0': CMAKE_PREFIX_PATH=/home/awadh/gazebo_ws/install/yolov8_msgs:/home/awadh/gazebo_ws/install/yolobot_recognition:/home/awadh/gazebo_ws/install/yolobot_gazebo:/home/awadh/gazebo_ws/install/yolobot_description:/home/awadh/gazebo_ws/install/yolobot_control:/home/awadh/gazebo_ws/install/my_robot_bringup:/home/awadh/gazebo_ws/install/my_robot_description:/home/awadh/yolobot/install/yolov8_msgs:/home/awadh/yolobot/install/yolobot_recognition:/home/awadh/yolobot/install/yolobot_gazebo:/home/awadh/yolobot/install/yolobot_description:/home/awadh/yolobot/install/yolobot_control:/home/awadh/test2_ws/install/pcl_object_detection:/home/awadh/zed_ws/install/zed_tutorial_video:/home/awadh/zed_ws/install/zed_tutorial_pos_tracking:/home/awadh/zed_ws/install/zed_tutorial_depth:/home/awadh/zed_ws/install/zed_robot_integration:/home/awadh/zed_ws/install/zed_multi_camera:/home/awadh/zed_ws/install/zed_display_rviz2:/home/awadh/ouster_ws/install/ouster_ros:/home/awadh/ouster_ws/install/ouster_sensor_msgs:/home/awadh/ros2_ws/install/my_robot_bringup:/home/awadh/ros2_ws/install/turtlesim_project_cpp:/home/awadh/ros2_ws/install/my_cpp_pkg:/home/awadh/ros2_ws/install/my_robot_interfaces:/home/awadh/gazebo_ws/install/ultralytics_ros2:/home/awadh/ros2_ws/install/turtlesim_catch_them_all:/home/awadh/ros2_ws/install/my_py_pkg:/opt/ros/humble:/home/awadh/sick_tim_ws/install/sick_tim /usr/bin/cmake --build /home/awadh/zed_ws/build/zed_tutorial_video -- -j16 -l16
[0.798s] DEBUG:colcon.colcon_core.event_handler.log_command:Invoked command in '/home/awadh/zed_ws/build/zed_tutorial_depth' returned '0': CMAKE_PREFIX_PATH=/home/awadh/gazebo_ws/install/yolov8_msgs:/home/awadh/gazebo_ws/install/yolobot_recognition:/home/awadh/gazebo_ws/install/yolobot_gazebo:/home/awadh/gazebo_ws/install/yolobot_description:/home/awadh/gazebo_ws/install/yolobot_control:/home/awadh/gazebo_ws/install/my_robot_bringup:/home/awadh/gazebo_ws/install/my_robot_description:/home/awadh/yolobot/install/yolov8_msgs:/home/awadh/yolobot/install/yolobot_recognition:/home/awadh/yolobot/install/yolobot_gazebo:/home/awadh/yolobot/install/yolobot_description:/home/awadh/yolobot/install/yolobot_control:/home/awadh/test2_ws/install/pcl_object_detection:/home/awadh/zed_ws/install/zed_tutorial_video:/home/awadh/zed_ws/install/zed_tutorial_pos_tracking:/home/awadh/zed_ws/install/zed_tutorial_depth:/home/awadh/zed_ws/install/zed_robot_integration:/home/awadh/zed_ws/install/zed_multi_camera:/home/awadh/zed_ws/install/zed_display_rviz2:/home/awadh/ouster_ws/install/ouster_ros:/home/awadh/ouster_ws/install/ouster_sensor_msgs:/home/awadh/ros2_ws/install/my_robot_bringup:/home/awadh/ros2_ws/install/turtlesim_project_cpp:/home/awadh/ros2_ws/install/my_cpp_pkg:/home/awadh/ros2_ws/install/my_robot_interfaces:/home/awadh/gazebo_ws/install/ultralytics_ros2:/home/awadh/ros2_ws/install/turtlesim_catch_them_all:/home/awadh/ros2_ws/install/my_py_pkg:/opt/ros/humble:/home/awadh/sick_tim_ws/install/sick_tim /usr/bin/cmake --build /home/awadh/zed_ws/build/zed_tutorial_depth -- -j16 -l16
[0.827s] DEBUG:colcon.colcon_core.event_handler.log_command:Invoking command in '/home/awadh/zed_ws/build/zed_tutorial_video': CMAKE_PREFIX_PATH=/home/awadh/gazebo_ws/install/yolov8_msgs:/home/awadh/gazebo_ws/install/yolobot_recognition:/home/awadh/gazebo_ws/install/yolobot_gazebo:/home/awadh/gazebo_ws/install/yolobot_description:/home/awadh/gazebo_ws/install/yolobot_control:/home/awadh/gazebo_ws/install/my_robot_bringup:/home/awadh/gazebo_ws/install/my_robot_description:/home/awadh/yolobot/install/yolov8_msgs:/home/awadh/yolobot/install/yolobot_recognition:/home/awadh/yolobot/install/yolobot_gazebo:/home/awadh/yolobot/install/yolobot_description:/home/awadh/yolobot/install/yolobot_control:/home/awadh/test2_ws/install/pcl_object_detection:/home/awadh/zed_ws/install/zed_tutorial_video:/home/awadh/zed_ws/install/zed_tutorial_pos_tracking:/home/awadh/zed_ws/install/zed_tutorial_depth:/home/awadh/zed_ws/install/zed_robot_integration:/home/awadh/zed_ws/install/zed_multi_camera:/home/awadh/zed_ws/install/zed_display_rviz2:/home/awadh/ouster_ws/install/ouster_ros:/home/awadh/ouster_ws/install/ouster_sensor_msgs:/home/awadh/ros2_ws/install/my_robot_bringup:/home/awadh/ros2_ws/install/turtlesim_project_cpp:/home/awadh/ros2_ws/install/my_cpp_pkg:/home/awadh/ros2_ws/install/my_robot_interfaces:/home/awadh/gazebo_ws/install/ultralytics_ros2:/home/awadh/ros2_ws/install/turtlesim_catch_them_all:/home/awadh/ros2_ws/install/my_py_pkg:/opt/ros/humble:/home/awadh/sick_tim_ws/install/sick_tim /usr/bin/cmake --install /home/awadh/zed_ws/build/zed_tutorial_video
[0.829s] DEBUG:colcon.colcon_core.event_handler.log_command:Invoking command in '/home/awadh/zed_ws/build/zed_tutorial_depth': CMAKE_PREFIX_PATH=/home/awadh/gazebo_ws/install/yolov8_msgs:/home/awadh/gazebo_ws/install/yolobot_recognition:/home/awadh/gazebo_ws/install/yolobot_gazebo:/home/awadh/gazebo_ws/install/yolobot_description:/home/awadh/gazebo_ws/install/yolobot_control:/home/awadh/gazebo_ws/install/my_robot_bringup:/home/awadh/gazebo_ws/install/my_robot_description:/home/awadh/yolobot/install/yolov8_msgs:/home/awadh/yolobot/install/yolobot_recognition:/home/awadh/yolobot/install/yolobot_gazebo:/home/awadh/yolobot/install/yolobot_description:/home/awadh/yolobot/install/yolobot_control:/home/awadh/test2_ws/install/pcl_object_detection:/home/awadh/zed_ws/install/zed_tutorial_video:/home/awadh/zed_ws/install/zed_tutorial_pos_tracking:/home/awadh/zed_ws/install/zed_tutorial_depth:/home/awadh/zed_ws/install/zed_robot_integration:/home/awadh/zed_ws/install/zed_multi_camera:/home/awadh/zed_ws/install/zed_display_rviz2:/home/awadh/ouster_ws/install/ouster_ros:/home/awadh/ouster_ws/install/ouster_sensor_msgs:/home/awadh/ros2_ws/install/my_robot_bringup:/home/awadh/ros2_ws/install/turtlesim_project_cpp:/home/awadh/ros2_ws/install/my_cpp_pkg:/home/awadh/ros2_ws/install/my_robot_interfaces:/home/awadh/gazebo_ws/install/ultralytics_ros2:/home/awadh/ros2_ws/install/turtlesim_catch_them_all:/home/awadh/ros2_ws/install/my_py_pkg:/opt/ros/humble:/home/awadh/sick_tim_ws/install/sick_tim /usr/bin/cmake --install /home/awadh/zed_ws/build/zed_tutorial_depth
[0.843s] Level 1:colcon.colcon_core.environment:create_environment_scripts_only(zed_tutorial_video)
[0.843s] DEBUG:colcon.colcon_core.event_handler.log_command:Invoked command in '/home/awadh/zed_ws/build/zed_tutorial_video' returned '0': CMAKE_PREFIX_PATH=/home/awadh/gazebo_ws/install/yolov8_msgs:/home/awadh/gazebo_ws/install/yolobot_recognition:/home/awadh/gazebo_ws/install/yolobot_gazebo:/home/awadh/gazebo_ws/install/yolobot_description:/home/awadh/gazebo_ws/install/yolobot_control:/home/awadh/gazebo_ws/install/my_robot_bringup:/home/awadh/gazebo_ws/install/my_robot_description:/home/awadh/yolobot/install/yolov8_msgs:/home/awadh/yolobot/install/yolobot_recognition:/home/awadh/yolobot/install/yolobot_gazebo:/home/awadh/yolobot/install/yolobot_description:/home/awadh/yolobot/install/yolobot_control:/home/awadh/test2_ws/install/pcl_object_detection:/home/awadh/zed_ws/install/zed_tutorial_video:/home/awadh/zed_ws/install/zed_tutorial_pos_tracking:/home/awadh/zed_ws/install/zed_tutorial_depth:/home/awadh/zed_ws/install/zed_robot_integration:/home/awadh/zed_ws/install/zed_multi_camera:/home/awadh/zed_ws/install/zed_display_rviz2:/home/awadh/ouster_ws/install/ouster_ros:/home/awadh/ouster_ws/install/ouster_sensor_msgs:/home/awadh/ros2_ws/install/my_robot_bringup:/home/awadh/ros2_ws/install/turtlesim_project_cpp:/home/awadh/ros2_ws/install/my_cpp_pkg:/home/awadh/ros2_ws/install/my_robot_interfaces:/home/awadh/gazebo_ws/install/ultralytics_ros2:/home/awadh/ros2_ws/install/turtlesim_catch_them_all:/home/awadh/ros2_ws/install/my_py_pkg:/opt/ros/humble:/home/awadh/sick_tim_ws/install/sick_tim /usr/bin/cmake --install /home/awadh/zed_ws/build/zed_tutorial_video
[0.845s] Level 1:colcon.colcon_core.environment:checking '/home/awadh/zed_ws/install/zed_tutorial_video' for CMake module files
[0.845s] Level 1:colcon.colcon_core.environment:checking '/home/awadh/zed_ws/install/zed_tutorial_video' for CMake config files
[0.845s] Level 1:colcon.colcon_core.shell:create_environment_hook('zed_tutorial_video', 'cmake_prefix_path')
[0.845s] INFO:colcon.colcon_core.shell:Creating environment hook '/home/awadh/zed_ws/install/zed_tutorial_video/share/zed_tutorial_video/hook/cmake_prefix_path.ps1'
[0.846s] INFO:colcon.colcon_core.shell:Creating environment descriptor '/home/awadh/zed_ws/install/zed_tutorial_video/share/zed_tutorial_video/hook/cmake_prefix_path.dsv'
[0.846s] INFO:colcon.colcon_core.shell:Creating environment hook '/home/awadh/zed_ws/install/zed_tutorial_video/share/zed_tutorial_video/hook/cmake_prefix_path.sh'
[0.847s] Level 1:colcon.colcon_core.environment:checking '/home/awadh/zed_ws/install/zed_tutorial_video/lib'
[0.847s] Level 1:colcon.colcon_core.environment:checking '/home/awadh/zed_ws/install/zed_tutorial_video/bin'
[0.847s] Level 1:colcon.colcon_core.environment:checking '/home/awadh/zed_ws/install/zed_tutorial_video/lib/pkgconfig/zed_tutorial_video.pc'
[0.847s] Level 1:colcon.colcon_core.environment:checking '/home/awadh/zed_ws/install/zed_tutorial_video/lib/python3.10/site-packages'
[0.847s] Level 1:colcon.colcon_core.environment:checking '/home/awadh/zed_ws/install/zed_tutorial_video/bin'
[0.847s] INFO:colcon.colcon_core.shell:Creating package script '/home/awadh/zed_ws/install/zed_tutorial_video/share/zed_tutorial_video/package.ps1'
[0.848s] INFO:colcon.colcon_core.shell:Creating package descriptor '/home/awadh/zed_ws/install/zed_tutorial_video/share/zed_tutorial_video/package.dsv'
[0.848s] INFO:colcon.colcon_core.shell:Creating package script '/home/awadh/zed_ws/install/zed_tutorial_video/share/zed_tutorial_video/package.sh'
[0.848s] INFO:colcon.colcon_core.shell:Creating package script '/home/awadh/zed_ws/install/zed_tutorial_video/share/zed_tutorial_video/package.bash'
[0.849s] INFO:colcon.colcon_core.shell:Creating package script '/home/awadh/zed_ws/install/zed_tutorial_video/share/zed_tutorial_video/package.zsh'
[0.849s] Level 1:colcon.colcon_core.environment:create_file_with_runtime_dependencies(/home/awadh/zed_ws/install/zed_tutorial_video/share/colcon-core/packages/zed_tutorial_video)
[0.851s] Level 1:colcon.colcon_core.environment:create_environment_scripts_only(zed_tutorial_depth)
[0.851s] Level 1:colcon.colcon_core.environment:checking '/home/awadh/zed_ws/install/zed_tutorial_depth' for CMake module files
[0.851s] DEBUG:colcon.colcon_core.event_handler.log_command:Invoked command in '/home/awadh/zed_ws/build/zed_tutorial_depth' returned '0': CMAKE_PREFIX_PATH=/home/awadh/gazebo_ws/install/yolov8_msgs:/home/awadh/gazebo_ws/install/yolobot_recognition:/home/awadh/gazebo_ws/install/yolobot_gazebo:/home/awadh/gazebo_ws/install/yolobot_description:/home/awadh/gazebo_ws/install/yolobot_control:/home/awadh/gazebo_ws/install/my_robot_bringup:/home/awadh/gazebo_ws/install/my_robot_description:/home/awadh/yolobot/install/yolov8_msgs:/home/awadh/yolobot/install/yolobot_recognition:/home/awadh/yolobot/install/yolobot_gazebo:/home/awadh/yolobot/install/yolobot_description:/home/awadh/yolobot/install/yolobot_control:/home/awadh/test2_ws/install/pcl_object_detection:/home/awadh/zed_ws/install/zed_tutorial_video:/home/awadh/zed_ws/install/zed_tutorial_pos_tracking:/home/awadh/zed_ws/install/zed_tutorial_depth:/home/awadh/zed_ws/install/zed_robot_integration:/home/awadh/zed_ws/install/zed_multi_camera:/home/awadh/zed_ws/install/zed_display_rviz2:/home/awadh/ouster_ws/install/ouster_ros:/home/awadh/ouster_ws/install/ouster_sensor_msgs:/home/awadh/ros2_ws/install/my_robot_bringup:/home/awadh/ros2_ws/install/turtlesim_project_cpp:/home/awadh/ros2_ws/install/my_cpp_pkg:/home/awadh/ros2_ws/install/my_robot_interfaces:/home/awadh/gazebo_ws/install/ultralytics_ros2:/home/awadh/ros2_ws/install/turtlesim_catch_them_all:/home/awadh/ros2_ws/install/my_py_pkg:/opt/ros/humble:/home/awadh/sick_tim_ws/install/sick_tim /usr/bin/cmake --install /home/awadh/zed_ws/build/zed_tutorial_depth
[0.852s] Level 1:colcon.colcon_core.environment:checking '/home/awadh/zed_ws/install/zed_tutorial_depth' for CMake config files
[0.852s] Level 1:colcon.colcon_core.shell:create_environment_hook('zed_tutorial_depth', 'cmake_prefix_path')
[0.852s] INFO:colcon.colcon_core.shell:Creating environment hook '/home/awadh/zed_ws/install/zed_tutorial_depth/share/zed_tutorial_depth/hook/cmake_prefix_path.ps1'
[0.852s] INFO:colcon.colcon_core.shell:Creating environment descriptor '/home/awadh/zed_ws/install/zed_tutorial_depth/share/zed_tutorial_depth/hook/cmake_prefix_path.dsv'
[0.852s] INFO:colcon.colcon_core.shell:Creating environment hook '/home/awadh/zed_ws/install/zed_tutorial_depth/share/zed_tutorial_depth/hook/cmake_prefix_path.sh'
[0.853s] Level 1:colcon.colcon_core.environment:checking '/home/awadh/zed_ws/install/zed_tutorial_depth/lib'
[0.853s] Level 1:colcon.colcon_core.environment:checking '/home/awadh/zed_ws/install/zed_tutorial_depth/bin'
[0.853s] Level 1:colcon.colcon_core.environment:checking '/home/awadh/zed_ws/install/zed_tutorial_depth/lib/pkgconfig/zed_tutorial_depth.pc'
[0.853s] Level 1:colcon.colcon_core.environment:checking '/home/awadh/zed_ws/install/zed_tutorial_depth/lib/python3.10/site-packages'
[0.853s] Level 1:colcon.colcon_core.environment:checking '/home/awadh/zed_ws/install/zed_tutorial_depth/bin'
[0.853s] INFO:colcon.colcon_core.shell:Creating package script '/home/awadh/zed_ws/install/zed_tutorial_depth/share/zed_tutorial_depth/package.ps1'
[0.853s] INFO:colcon.colcon_core.shell:Creating package descriptor '/home/awadh/zed_ws/install/zed_tutorial_depth/share/zed_tutorial_depth/package.dsv'
[0.854s] INFO:colcon.colcon_core.shell:Creating package script '/home/awadh/zed_ws/install/zed_tutorial_depth/share/zed_tutorial_depth/package.sh'
[0.854s] INFO:colcon.colcon_core.shell:Creating package script '/home/awadh/zed_ws/install/zed_tutorial_depth/share/zed_tutorial_depth/package.bash'
[0.854s] INFO:colcon.colcon_core.shell:Creating package script '/home/awadh/zed_ws/install/zed_tutorial_depth/share/zed_tutorial_depth/package.zsh'
[0.854s] Level 1:colcon.colcon_core.environment:create_file_with_runtime_dependencies(/home/awadh/zed_ws/install/zed_tutorial_depth/share/colcon-core/packages/zed_tutorial_depth)
[0.872s] Level 1:colcon.colcon_core.environment:create_environment_scripts_only(zed_tutorial_video)
[0.872s] Level 1:colcon.colcon_core.environment:checking '/home/awadh/zed_ws/install/zed_tutorial_video' for CMake module files
[0.872s] Level 1:colcon.colcon_core.environment:checking '/home/awadh/zed_ws/install/zed_tutorial_video' for CMake config files
[0.872s] Level 1:colcon.colcon_core.shell:create_environment_hook('zed_tutorial_video', 'cmake_prefix_path')
[0.873s] INFO:colcon.colcon_core.shell:Creating environment hook '/home/awadh/zed_ws/install/zed_tutorial_video/share/zed_tutorial_video/hook/cmake_prefix_path.ps1'
[0.873s] INFO:colcon.colcon_core.shell:Creating environment descriptor '/home/awadh/zed_ws/install/zed_tutorial_video/share/zed_tutorial_video/hook/cmake_prefix_path.dsv'
[0.873s] INFO:colcon.colcon_core.shell:Creating environment hook '/home/awadh/zed_ws/install/zed_tutorial_video/share/zed_tutorial_video/hook/cmake_prefix_path.sh'
[0.873s] Level 1:colcon.colcon_core.environment:checking '/home/awadh/zed_ws/install/zed_tutorial_video/lib'
[0.873s] Level 1:colcon.colcon_core.environment:checking '/home/awadh/zed_ws/install/zed_tutorial_video/bin'
[0.874s] Level 1:colcon.colcon_core.environment:checking '/home/awadh/zed_ws/install/zed_tutorial_video/lib/pkgconfig/zed_tutorial_video.pc'
[0.874s] Level 1:colcon.colcon_core.environment:checking '/home/awadh/zed_ws/install/zed_tutorial_video/lib/python3.10/site-packages'
[0.874s] Level 1:colcon.colcon_core.environment:checking '/home/awadh/zed_ws/install/zed_tutorial_video/bin'
[0.874s] INFO:colcon.colcon_core.shell:Creating package script '/home/awadh/zed_ws/install/zed_tutorial_video/share/zed_tutorial_video/package.ps1'
[0.874s] INFO:colcon.colcon_core.shell:Creating package descriptor '/home/awadh/zed_ws/install/zed_tutorial_video/share/zed_tutorial_video/package.dsv'
[0.874s] INFO:colcon.colcon_core.shell:Creating package script '/home/awadh/zed_ws/install/zed_tutorial_video/share/zed_tutorial_video/package.sh'
[0.875s] INFO:colcon.colcon_core.shell:Creating package script '/home/awadh/zed_ws/install/zed_tutorial_video/share/zed_tutorial_video/package.bash'
[0.875s] INFO:colcon.colcon_core.shell:Creating package script '/home/awadh/zed_ws/install/zed_tutorial_video/share/zed_tutorial_video/package.zsh'
[0.875s] Level 1:colcon.colcon_core.environment:create_file_with_runtime_dependencies(/home/awadh/zed_ws/install/zed_tutorial_video/share/colcon-core/packages/zed_tutorial_video)
[0.876s] Level 1:colcon.colcon_core.environment:create_environment_scripts_only(zed_tutorial_depth)
[0.876s] Level 1:colcon.colcon_core.environment:checking '/home/awadh/zed_ws/install/zed_tutorial_depth' for CMake module files
[0.876s] Level 1:colcon.colcon_core.environment:checking '/home/awadh/zed_ws/install/zed_tutorial_depth' for CMake config files
[0.877s] Level 1:colcon.colcon_core.shell:create_environment_hook('zed_tutorial_depth', 'cmake_prefix_path')
[0.877s] INFO:colcon.colcon_core.shell:Creating environment hook '/home/awadh/zed_ws/install/zed_tutorial_depth/share/zed_tutorial_depth/hook/cmake_prefix_path.ps1'
[0.877s] INFO:colcon.colcon_core.shell:Creating environment descriptor '/home/awadh/zed_ws/install/zed_tutorial_depth/share/zed_tutorial_depth/hook/cmake_prefix_path.dsv'
[0.877s] INFO:colcon.colcon_core.shell:Creating environment hook '/home/awadh/zed_ws/install/zed_tutorial_depth/share/zed_tutorial_depth/hook/cmake_prefix_path.sh'
[0.877s] Level 1:colcon.colcon_core.environment:checking '/home/awadh/zed_ws/install/zed_tutorial_depth/lib'
[0.877s] Level 1:colcon.colcon_core.environment:checking '/home/awadh/zed_ws/install/zed_tutorial_depth/bin'
[0.877s] Level 1:colcon.colcon_core.environment:checking '/home/awadh/zed_ws/install/zed_tutorial_depth/lib/pkgconfig/zed_tutorial_depth.pc'
[0.878s] Level 1:colcon.colcon_core.environment:checking '/home/awadh/zed_ws/install/zed_tutorial_depth/lib/python3.10/site-packages'
[0.878s] Level 1:colcon.colcon_core.environment:checking '/home/awadh/zed_ws/install/zed_tutorial_depth/bin'
[0.878s] INFO:colcon.colcon_core.shell:Creating package script '/home/awadh/zed_ws/install/zed_tutorial_depth/share/zed_tutorial_depth/package.ps1'
[0.878s] INFO:colcon.colcon_core.shell:Creating package descriptor '/home/awadh/zed_ws/install/zed_tutorial_depth/share/zed_tutorial_depth/package.dsv'
[0.879s] INFO:colcon.colcon_core.shell:Creating package script '/home/awadh/zed_ws/install/zed_tutorial_depth/share/zed_tutorial_depth/package.sh'
[0.879s] INFO:colcon.colcon_core.shell:Creating package script '/home/awadh/zed_ws/install/zed_tutorial_depth/share/zed_tutorial_depth/package.bash'
[0.879s] INFO:colcon.colcon_core.shell:Creating package script '/home/awadh/zed_ws/install/zed_tutorial_depth/share/zed_tutorial_depth/package.zsh'
[0.879s] Level 1:colcon.colcon_core.environment:create_file_with_runtime_dependencies(/home/awadh/zed_ws/install/zed_tutorial_depth/share/colcon-core/packages/zed_tutorial_depth)
[0.958s] DEBUG:colcon.colcon_core.event_handler.log_command:Invoked command in '/home/awadh/zed_ws/build/zed_tutorial_pos_tracking' returned '0': CMAKE_PREFIX_PATH=/home/awadh/gazebo_ws/install/yolov8_msgs:/home/awadh/gazebo_ws/install/yolobot_recognition:/home/awadh/gazebo_ws/install/yolobot_gazebo:/home/awadh/gazebo_ws/install/yolobot_description:/home/awadh/gazebo_ws/install/yolobot_control:/home/awadh/gazebo_ws/install/my_robot_bringup:/home/awadh/gazebo_ws/install/my_robot_description:/home/awadh/yolobot/install/yolov8_msgs:/home/awadh/yolobot/install/yolobot_recognition:/home/awadh/yolobot/install/yolobot_gazebo:/home/awadh/yolobot/install/yolobot_description:/home/awadh/yolobot/install/yolobot_control:/home/awadh/test2_ws/install/pcl_object_detection:/home/awadh/zed_ws/install/zed_tutorial_video:/home/awadh/zed_ws/install/zed_tutorial_pos_tracking:/home/awadh/zed_ws/install/zed_tutorial_depth:/home/awadh/zed_ws/install/zed_robot_integration:/home/awadh/zed_ws/install/zed_multi_camera:/home/awadh/zed_ws/install/zed_display_rviz2:/home/awadh/ouster_ws/install/ouster_ros:/home/awadh/ouster_ws/install/ouster_sensor_msgs:/home/awadh/ros2_ws/install/my_robot_bringup:/home/awadh/ros2_ws/install/turtlesim_project_cpp:/home/awadh/ros2_ws/install/my_cpp_pkg:/home/awadh/ros2_ws/install/my_robot_interfaces:/home/awadh/gazebo_ws/install/ultralytics_ros2:/home/awadh/ros2_ws/install/turtlesim_catch_them_all:/home/awadh/ros2_ws/install/my_py_pkg:/opt/ros/humble:/home/awadh/sick_tim_ws/install/sick_tim /usr/bin/cmake /home/awadh/zed_ws/src/zed-ros2-examples/tutorials/zed_pose_tutorial -DCMAKE_INSTALL_PREFIX=/home/awadh/zed_ws/install/zed_tutorial_pos_tracking
[0.959s] DEBUG:colcon.colcon_core.event_handler.log_command:Invoking command in '/home/awadh/zed_ws/build/zed_tutorial_pos_tracking': CMAKE_PREFIX_PATH=/home/awadh/gazebo_ws/install/yolov8_msgs:/home/awadh/gazebo_ws/install/yolobot_recognition:/home/awadh/gazebo_ws/install/yolobot_gazebo:/home/awadh/gazebo_ws/install/yolobot_description:/home/awadh/gazebo_ws/install/yolobot_control:/home/awadh/gazebo_ws/install/my_robot_bringup:/home/awadh/gazebo_ws/install/my_robot_description:/home/awadh/yolobot/install/yolov8_msgs:/home/awadh/yolobot/install/yolobot_recognition:/home/awadh/yolobot/install/yolobot_gazebo:/home/awadh/yolobot/install/yolobot_description:/home/awadh/yolobot/install/yolobot_control:/home/awadh/test2_ws/install/pcl_object_detection:/home/awadh/zed_ws/install/zed_tutorial_video:/home/awadh/zed_ws/install/zed_tutorial_pos_tracking:/home/awadh/zed_ws/install/zed_tutorial_depth:/home/awadh/zed_ws/install/zed_robot_integration:/home/awadh/zed_ws/install/zed_multi_camera:/home/awadh/zed_ws/install/zed_display_rviz2:/home/awadh/ouster_ws/install/ouster_ros:/home/awadh/ouster_ws/install/ouster_sensor_msgs:/home/awadh/ros2_ws/install/my_robot_bringup:/home/awadh/ros2_ws/install/turtlesim_project_cpp:/home/awadh/ros2_ws/install/my_cpp_pkg:/home/awadh/ros2_ws/install/my_robot_interfaces:/home/awadh/gazebo_ws/install/ultralytics_ros2:/home/awadh/ros2_ws/install/turtlesim_catch_them_all:/home/awadh/ros2_ws/install/my_py_pkg:/opt/ros/humble:/home/awadh/sick_tim_ws/install/sick_tim /usr/bin/cmake --build /home/awadh/zed_ws/build/zed_tutorial_pos_tracking -- -j16 -l16
[1.013s] DEBUG:colcon.colcon_core.event_handler.log_command:Invoked command in '/home/awadh/zed_ws/build/zed_tutorial_pos_tracking' returned '0': CMAKE_PREFIX_PATH=/home/awadh/gazebo_ws/install/yolov8_msgs:/home/awadh/gazebo_ws/install/yolobot_recognition:/home/awadh/gazebo_ws/install/yolobot_gazebo:/home/awadh/gazebo_ws/install/yolobot_description:/home/awadh/gazebo_ws/install/yolobot_control:/home/awadh/gazebo_ws/install/my_robot_bringup:/home/awadh/gazebo_ws/install/my_robot_description:/home/awadh/yolobot/install/yolov8_msgs:/home/awadh/yolobot/install/yolobot_recognition:/home/awadh/yolobot/install/yolobot_gazebo:/home/awadh/yolobot/install/yolobot_description:/home/awadh/yolobot/install/yolobot_control:/home/awadh/test2_ws/install/pcl_object_detection:/home/awadh/zed_ws/install/zed_tutorial_video:/home/awadh/zed_ws/install/zed_tutorial_pos_tracking:/home/awadh/zed_ws/install/zed_tutorial_depth:/home/awadh/zed_ws/install/zed_robot_integration:/home/awadh/zed_ws/install/zed_multi_camera:/home/awadh/zed_ws/install/zed_display_rviz2:/home/awadh/ouster_ws/install/ouster_ros:/home/awadh/ouster_ws/install/ouster_sensor_msgs:/home/awadh/ros2_ws/install/my_robot_bringup:/home/awadh/ros2_ws/install/turtlesim_project_cpp:/home/awadh/ros2_ws/install/my_cpp_pkg:/home/awadh/ros2_ws/install/my_robot_interfaces:/home/awadh/gazebo_ws/install/ultralytics_ros2:/home/awadh/ros2_ws/install/turtlesim_catch_them_all:/home/awadh/ros2_ws/install/my_py_pkg:/opt/ros/humble:/home/awadh/sick_tim_ws/install/sick_tim /usr/bin/cmake --build /home/awadh/zed_ws/build/zed_tutorial_pos_tracking -- -j16 -l16
[1.036s] DEBUG:colcon.colcon_core.event_handler.log_command:Invoking command in '/home/awadh/zed_ws/build/zed_tutorial_pos_tracking': CMAKE_PREFIX_PATH=/home/awadh/gazebo_ws/install/yolov8_msgs:/home/awadh/gazebo_ws/install/yolobot_recognition:/home/awadh/gazebo_ws/install/yolobot_gazebo:/home/awadh/gazebo_ws/install/yolobot_description:/home/awadh/gazebo_ws/install/yolobot_control:/home/awadh/gazebo_ws/install/my_robot_bringup:/home/awadh/gazebo_ws/install/my_robot_description:/home/awadh/yolobot/install/yolov8_msgs:/home/awadh/yolobot/install/yolobot_recognition:/home/awadh/yolobot/install/yolobot_gazebo:/home/awadh/yolobot/install/yolobot_description:/home/awadh/yolobot/install/yolobot_control:/home/awadh/test2_ws/install/pcl_object_detection:/home/awadh/zed_ws/install/zed_tutorial_video:/home/awadh/zed_ws/install/zed_tutorial_pos_tracking:/home/awadh/zed_ws/install/zed_tutorial_depth:/home/awadh/zed_ws/install/zed_robot_integration:/home/awadh/zed_ws/install/zed_multi_camera:/home/awadh/zed_ws/install/zed_display_rviz2:/home/awadh/ouster_ws/install/ouster_ros:/home/awadh/ouster_ws/install/ouster_sensor_msgs:/home/awadh/ros2_ws/install/my_robot_bringup:/home/awadh/ros2_ws/install/turtlesim_project_cpp:/home/awadh/ros2_ws/install/my_cpp_pkg:/home/awadh/ros2_ws/install/my_robot_interfaces:/home/awadh/gazebo_ws/install/ultralytics_ros2:/home/awadh/ros2_ws/install/turtlesim_catch_them_all:/home/awadh/ros2_ws/install/my_py_pkg:/opt/ros/humble:/home/awadh/sick_tim_ws/install/sick_tim /usr/bin/cmake --install /home/awadh/zed_ws/build/zed_tutorial_pos_tracking
[1.052s] Level 1:colcon.colcon_core.environment:create_environment_scripts_only(zed_tutorial_pos_tracking)
[1.052s] Level 1:colcon.colcon_core.environment:checking '/home/awadh/zed_ws/install/zed_tutorial_pos_tracking' for CMake module files
[1.053s] DEBUG:colcon.colcon_core.event_handler.log_command:Invoked command in '/home/awadh/zed_ws/build/zed_tutorial_pos_tracking' returned '0': CMAKE_PREFIX_PATH=/home/awadh/gazebo_ws/install/yolov8_msgs:/home/awadh/gazebo_ws/install/yolobot_recognition:/home/awadh/gazebo_ws/install/yolobot_gazebo:/home/awadh/gazebo_ws/install/yolobot_description:/home/awadh/gazebo_ws/install/yolobot_control:/home/awadh/gazebo_ws/install/my_robot_bringup:/home/awadh/gazebo_ws/install/my_robot_description:/home/awadh/yolobot/install/yolov8_msgs:/home/awadh/yolobot/install/yolobot_recognition:/home/awadh/yolobot/install/yolobot_gazebo:/home/awadh/yolobot/install/yolobot_description:/home/awadh/yolobot/install/yolobot_control:/home/awadh/test2_ws/install/pcl_object_detection:/home/awadh/zed_ws/install/zed_tutorial_video:/home/awadh/zed_ws/install/zed_tutorial_pos_tracking:/home/awadh/zed_ws/install/zed_tutorial_depth:/home/awadh/zed_ws/install/zed_robot_integration:/home/awadh/zed_ws/install/zed_multi_camera:/home/awadh/zed_ws/install/zed_display_rviz2:/home/awadh/ouster_ws/install/ouster_ros:/home/awadh/ouster_ws/install/ouster_sensor_msgs:/home/awadh/ros2_ws/install/my_robot_bringup:/home/awadh/ros2_ws/install/turtlesim_project_cpp:/home/awadh/ros2_ws/install/my_cpp_pkg:/home/awadh/ros2_ws/install/my_robot_interfaces:/home/awadh/gazebo_ws/install/ultralytics_ros2:/home/awadh/ros2_ws/install/turtlesim_catch_them_all:/home/awadh/ros2_ws/install/my_py_pkg:/opt/ros/humble:/home/awadh/sick_tim_ws/install/sick_tim /usr/bin/cmake --install /home/awadh/zed_ws/build/zed_tutorial_pos_tracking
[1.053s] Level 1:colcon.colcon_core.environment:checking '/home/awadh/zed_ws/install/zed_tutorial_pos_tracking' for CMake config files
[1.053s] Level 1:colcon.colcon_core.shell:create_environment_hook('zed_tutorial_pos_tracking', 'cmake_prefix_path')
[1.054s] INFO:colcon.colcon_core.shell:Creating environment hook '/home/awadh/zed_ws/install/zed_tutorial_pos_tracking/share/zed_tutorial_pos_tracking/hook/cmake_prefix_path.ps1'
[1.054s] INFO:colcon.colcon_core.shell:Creating environment descriptor '/home/awadh/zed_ws/install/zed_tutorial_pos_tracking/share/zed_tutorial_pos_tracking/hook/cmake_prefix_path.dsv'
[1.054s] INFO:colcon.colcon_core.shell:Creating environment hook '/home/awadh/zed_ws/install/zed_tutorial_pos_tracking/share/zed_tutorial_pos_tracking/hook/cmake_prefix_path.sh'
[1.055s] Level 1:colcon.colcon_core.environment:checking '/home/awadh/zed_ws/install/zed_tutorial_pos_tracking/lib'
[1.055s] Level 1:colcon.colcon_core.environment:checking '/home/awadh/zed_ws/install/zed_tutorial_pos_tracking/bin'
[1.055s] Level 1:colcon.colcon_core.environment:checking '/home/awadh/zed_ws/install/zed_tutorial_pos_tracking/lib/pkgconfig/zed_tutorial_pos_tracking.pc'
[1.055s] Level 1:colcon.colcon_core.environment:checking '/home/awadh/zed_ws/install/zed_tutorial_pos_tracking/lib/python3.10/site-packages'
[1.055s] Level 1:colcon.colcon_core.environment:checking '/home/awadh/zed_ws/install/zed_tutorial_pos_tracking/bin'
[1.056s] INFO:colcon.colcon_core.shell:Creating package script '/home/awadh/zed_ws/install/zed_tutorial_pos_tracking/share/zed_tutorial_pos_tracking/package.ps1'
[1.056s] INFO:colcon.colcon_core.shell:Creating package descriptor '/home/awadh/zed_ws/install/zed_tutorial_pos_tracking/share/zed_tutorial_pos_tracking/package.dsv'
[1.056s] INFO:colcon.colcon_core.shell:Creating package script '/home/awadh/zed_ws/install/zed_tutorial_pos_tracking/share/zed_tutorial_pos_tracking/package.sh'
[1.057s] INFO:colcon.colcon_core.shell:Creating package script '/home/awadh/zed_ws/install/zed_tutorial_pos_tracking/share/zed_tutorial_pos_tracking/package.bash'
[1.057s] INFO:colcon.colcon_core.shell:Creating package script '/home/awadh/zed_ws/install/zed_tutorial_pos_tracking/share/zed_tutorial_pos_tracking/package.zsh'
[1.057s] Level 1:colcon.colcon_core.environment:create_file_with_runtime_dependencies(/home/awadh/zed_ws/install/zed_tutorial_pos_tracking/share/colcon-core/packages/zed_tutorial_pos_tracking)
[1.079s] Level 1:colcon.colcon_core.environment:create_environment_scripts_only(zed_tutorial_pos_tracking)
[1.079s] Level 1:colcon.colcon_core.environment:checking '/home/awadh/zed_ws/install/zed_tutorial_pos_tracking' for CMake module files
[1.080s] Level 1:colcon.colcon_core.environment:checking '/home/awadh/zed_ws/install/zed_tutorial_pos_tracking' for CMake config files
[1.080s] Level 1:colcon.colcon_core.shell:create_environment_hook('zed_tutorial_pos_tracking', 'cmake_prefix_path')
[1.080s] INFO:colcon.colcon_core.shell:Creating environment hook '/home/awadh/zed_ws/install/zed_tutorial_pos_tracking/share/zed_tutorial_pos_tracking/hook/cmake_prefix_path.ps1'
[1.080s] INFO:colcon.colcon_core.shell:Creating environment descriptor '/home/awadh/zed_ws/install/zed_tutorial_pos_tracking/share/zed_tutorial_pos_tracking/hook/cmake_prefix_path.dsv'
[1.081s] INFO:colcon.colcon_core.shell:Creating environment hook '/home/awadh/zed_ws/install/zed_tutorial_pos_tracking/share/zed_tutorial_pos_tracking/hook/cmake_prefix_path.sh'
[1.081s] Level 1:colcon.colcon_core.environment:checking '/home/awadh/zed_ws/install/zed_tutorial_pos_tracking/lib'
[1.081s] Level 1:colcon.colcon_core.environment:checking '/home/awadh/zed_ws/install/zed_tutorial_pos_tracking/bin'
[1.081s] Level 1:colcon.colcon_core.environment:checking '/home/awadh/zed_ws/install/zed_tutorial_pos_tracking/lib/pkgconfig/zed_tutorial_pos_tracking.pc'
[1.081s] Level 1:colcon.colcon_core.environment:checking '/home/awadh/zed_ws/install/zed_tutorial_pos_tracking/lib/python3.10/site-packages'
[1.081s] Level 1:colcon.colcon_core.environment:checking '/home/awadh/zed_ws/install/zed_tutorial_pos_tracking/bin'
[1.082s] INFO:colcon.colcon_core.shell:Creating package script '/home/awadh/zed_ws/install/zed_tutorial_pos_tracking/share/zed_tutorial_pos_tracking/package.ps1'
[1.082s] INFO:colcon.colcon_core.shell:Creating package descriptor '/home/awadh/zed_ws/install/zed_tutorial_pos_tracking/share/zed_tutorial_pos_tracking/package.dsv'
[1.082s] INFO:colcon.colcon_core.shell:Creating package script '/home/awadh/zed_ws/install/zed_tutorial_pos_tracking/share/zed_tutorial_pos_tracking/package.sh'
[1.082s] INFO:colcon.colcon_core.shell:Creating package script '/home/awadh/zed_ws/install/zed_tutorial_pos_tracking/share/zed_tutorial_pos_tracking/package.bash'
[1.083s] INFO:colcon.colcon_core.shell:Creating package script '/home/awadh/zed_ws/install/zed_tutorial_pos_tracking/share/zed_tutorial_pos_tracking/package.zsh'
[1.083s] Level 1:colcon.colcon_core.environment:create_file_with_runtime_dependencies(/home/awadh/zed_ws/install/zed_tutorial_pos_tracking/share/colcon-core/packages/zed_tutorial_pos_tracking)
[1.106s] DEBUG:colcon.colcon_core.event_handler.log_command:Invoked command in '/home/awadh/zed_ws/build/zed_topic_benchmark_interfaces' returned '0': CMAKE_PREFIX_PATH=/home/awadh/gazebo_ws/install/yolov8_msgs:/home/awadh/gazebo_ws/install/yolobot_recognition:/home/awadh/gazebo_ws/install/yolobot_gazebo:/home/awadh/gazebo_ws/install/yolobot_description:/home/awadh/gazebo_ws/install/yolobot_control:/home/awadh/gazebo_ws/install/my_robot_bringup:/home/awadh/gazebo_ws/install/my_robot_description:/home/awadh/yolobot/install/yolov8_msgs:/home/awadh/yolobot/install/yolobot_recognition:/home/awadh/yolobot/install/yolobot_gazebo:/home/awadh/yolobot/install/yolobot_description:/home/awadh/yolobot/install/yolobot_control:/home/awadh/test2_ws/install/pcl_object_detection:/home/awadh/zed_ws/install/zed_tutorial_video:/home/awadh/zed_ws/install/zed_tutorial_pos_tracking:/home/awadh/zed_ws/install/zed_tutorial_depth:/home/awadh/zed_ws/install/zed_robot_integration:/home/awadh/zed_ws/install/zed_multi_camera:/home/awadh/zed_ws/install/zed_display_rviz2:/home/awadh/ouster_ws/install/ouster_ros:/home/awadh/ouster_ws/install/ouster_sensor_msgs:/home/awadh/ros2_ws/install/my_robot_bringup:/home/awadh/ros2_ws/install/turtlesim_project_cpp:/home/awadh/ros2_ws/install/my_cpp_pkg:/home/awadh/ros2_ws/install/my_robot_interfaces:/home/awadh/gazebo_ws/install/ultralytics_ros2:/home/awadh/ros2_ws/install/turtlesim_catch_them_all:/home/awadh/ros2_ws/install/my_py_pkg:/opt/ros/humble:/home/awadh/sick_tim_ws/install/sick_tim /usr/bin/cmake /home/awadh/zed_ws/src/zed-ros2-examples/tools/zed_benchmark_interfaces -DCMAKE_INSTALL_PREFIX=/home/awadh/zed_ws/install/zed_topic_benchmark_interfaces
[1.107s] DEBUG:colcon.colcon_core.event_handler.log_command:Invoking command in '/home/awadh/zed_ws/build/zed_topic_benchmark_interfaces': CMAKE_PREFIX_PATH=/home/awadh/gazebo_ws/install/yolov8_msgs:/home/awadh/gazebo_ws/install/yolobot_recognition:/home/awadh/gazebo_ws/install/yolobot_gazebo:/home/awadh/gazebo_ws/install/yolobot_description:/home/awadh/gazebo_ws/install/yolobot_control:/home/awadh/gazebo_ws/install/my_robot_bringup:/home/awadh/gazebo_ws/install/my_robot_description:/home/awadh/yolobot/install/yolov8_msgs:/home/awadh/yolobot/install/yolobot_recognition:/home/awadh/yolobot/install/yolobot_gazebo:/home/awadh/yolobot/install/yolobot_description:/home/awadh/yolobot/install/yolobot_control:/home/awadh/test2_ws/install/pcl_object_detection:/home/awadh/zed_ws/install/zed_tutorial_video:/home/awadh/zed_ws/install/zed_tutorial_pos_tracking:/home/awadh/zed_ws/install/zed_tutorial_depth:/home/awadh/zed_ws/install/zed_robot_integration:/home/awadh/zed_ws/install/zed_multi_camera:/home/awadh/zed_ws/install/zed_display_rviz2:/home/awadh/ouster_ws/install/ouster_ros:/home/awadh/ouster_ws/install/ouster_sensor_msgs:/home/awadh/ros2_ws/install/my_robot_bringup:/home/awadh/ros2_ws/install/turtlesim_project_cpp:/home/awadh/ros2_ws/install/my_cpp_pkg:/home/awadh/ros2_ws/install/my_robot_interfaces:/home/awadh/gazebo_ws/install/ultralytics_ros2:/home/awadh/ros2_ws/install/turtlesim_catch_them_all:/home/awadh/ros2_ws/install/my_py_pkg:/opt/ros/humble:/home/awadh/sick_tim_ws/install/sick_tim /usr/bin/cmake --build /home/awadh/zed_ws/build/zed_topic_benchmark_interfaces -- -j16 -l16
[1.149s] DEBUG:colcon.colcon_core.event_handler.log_command:Invoked command in '/home/awadh/zed_ws/build/zed_topic_benchmark_interfaces' returned '2': CMAKE_PREFIX_PATH=/home/awadh/gazebo_ws/install/yolov8_msgs:/home/awadh/gazebo_ws/install/yolobot_recognition:/home/awadh/gazebo_ws/install/yolobot_gazebo:/home/awadh/gazebo_ws/install/yolobot_description:/home/awadh/gazebo_ws/install/yolobot_control:/home/awadh/gazebo_ws/install/my_robot_bringup:/home/awadh/gazebo_ws/install/my_robot_description:/home/awadh/yolobot/install/yolov8_msgs:/home/awadh/yolobot/install/yolobot_recognition:/home/awadh/yolobot/install/yolobot_gazebo:/home/awadh/yolobot/install/yolobot_description:/home/awadh/yolobot/install/yolobot_control:/home/awadh/test2_ws/install/pcl_object_detection:/home/awadh/zed_ws/install/zed_tutorial_video:/home/awadh/zed_ws/install/zed_tutorial_pos_tracking:/home/awadh/zed_ws/install/zed_tutorial_depth:/home/awadh/zed_ws/install/zed_robot_integration:/home/awadh/zed_ws/install/zed_multi_camera:/home/awadh/zed_ws/install/zed_display_rviz2:/home/awadh/ouster_ws/install/ouster_ros:/home/awadh/ouster_ws/install/ouster_sensor_msgs:/home/awadh/ros2_ws/install/my_robot_bringup:/home/awadh/ros2_ws/install/turtlesim_project_cpp:/home/awadh/ros2_ws/install/my_cpp_pkg:/home/awadh/ros2_ws/install/my_robot_interfaces:/home/awadh/gazebo_ws/install/ultralytics_ros2:/home/awadh/ros2_ws/install/turtlesim_catch_them_all:/home/awadh/ros2_ws/install/my_py_pkg:/opt/ros/humble:/home/awadh/sick_tim_ws/install/sick_tim /usr/bin/cmake --build /home/awadh/zed_ws/build/zed_topic_benchmark_interfaces -- -j16 -l16
[1.201s] Level 1:colcon.colcon_core.environment:create_environment_scripts_only(zed_topic_benchmark_interfaces)
[1.201s] Level 1:colcon.colcon_core.environment:checking '/home/awadh/zed_ws/install/zed_topic_benchmark_interfaces' for CMake module files
[1.201s] Level 1:colcon.colcon_core.environment:checking '/home/awadh/zed_ws/install/zed_topic_benchmark_interfaces' for CMake config files
[1.201s] Level 1:colcon.colcon_core.environment:checking '/home/awadh/zed_ws/install/zed_topic_benchmark_interfaces/bin'
[1.202s] Level 1:colcon.colcon_core.environment:checking '/home/awadh/zed_ws/install/zed_topic_benchmark_interfaces/lib/pkgconfig/zed_topic_benchmark_interfaces.pc'
[1.202s] Level 1:colcon.colcon_core.environment:checking '/home/awadh/zed_ws/install/zed_topic_benchmark_interfaces/lib/python3.10/site-packages'
[1.202s] Level 1:colcon.colcon_core.environment:checking '/home/awadh/zed_ws/install/zed_topic_benchmark_interfaces/bin'
[1.202s] INFO:colcon.colcon_core.shell:Creating package script '/home/awadh/zed_ws/install/zed_topic_benchmark_interfaces/share/zed_topic_benchmark_interfaces/package.ps1'
[1.202s] INFO:colcon.colcon_core.shell:Creating package descriptor '/home/awadh/zed_ws/install/zed_topic_benchmark_interfaces/share/zed_topic_benchmark_interfaces/package.dsv'
[1.203s] INFO:colcon.colcon_core.shell:Creating package script '/home/awadh/zed_ws/install/zed_topic_benchmark_interfaces/share/zed_topic_benchmark_interfaces/package.sh'
[1.203s] INFO:colcon.colcon_core.shell:Creating package script '/home/awadh/zed_ws/install/zed_topic_benchmark_interfaces/share/zed_topic_benchmark_interfaces/package.bash'
[1.203s] INFO:colcon.colcon_core.shell:Creating package script '/home/awadh/zed_ws/install/zed_topic_benchmark_interfaces/share/zed_topic_benchmark_interfaces/package.zsh'
[1.203s] Level 1:colcon.colcon_core.environment:create_file_with_runtime_dependencies(/home/awadh/zed_ws/install/zed_topic_benchmark_interfaces/share/colcon-core/packages/zed_topic_benchmark_interfaces)
[1.358s] DEBUG:colcon.colcon_parallel_executor.executor.parallel:closing loop
[1.358s] DEBUG:colcon.colcon_parallel_executor.executor.parallel:loop closed
[1.358s] DEBUG:colcon.colcon_parallel_executor.executor.parallel:run_until_complete finished with '2'
[1.359s] DEBUG:colcon.colcon_core.event_reactor:joining thread
[1.363s] INFO:colcon.colcon_core.plugin_system:Skipping extension 'colcon_notification.desktop_notification.terminal_notifier': Not used on non-Darwin systems
[1.363s] INFO:colcon.colcon_core.plugin_system:Skipping extension 'colcon_notification.desktop_notification.win32': Not used on non-Windows systems
[1.363s] INFO:colcon.colcon_notification.desktop_notification:Sending desktop notification using 'notify2'
[1.373s] DEBUG:colcon.colcon_core.event_reactor:joined thread
[1.374s] INFO:colcon.colcon_core.shell:Creating prefix script '/home/awadh/zed_ws/install/local_setup.ps1'
[1.375s] INFO:colcon.colcon_core.shell:Creating prefix util module '/home/awadh/zed_ws/install/_local_setup_util_ps1.py'
[1.376s] INFO:colcon.colcon_core.shell:Creating prefix chain script '/home/awadh/zed_ws/install/setup.ps1'
[1.378s] INFO:colcon.colcon_core.shell:Creating prefix script '/home/awadh/zed_ws/install/local_setup.sh'
[1.379s] INFO:colcon.colcon_core.shell:Creating prefix util module '/home/awadh/zed_ws/install/_local_setup_util_sh.py'
[1.379s] INFO:colcon.colcon_core.shell:Creating prefix chain script '/home/awadh/zed_ws/install/setup.sh'
[1.381s] INFO:colcon.colcon_core.shell:Creating prefix script '/home/awadh/zed_ws/install/local_setup.bash'
[1.381s] INFO:colcon.colcon_core.shell:Creating prefix chain script '/home/awadh/zed_ws/install/setup.bash'
[1.383s] INFO:colcon.colcon_core.shell:Creating prefix script '/home/awadh/zed_ws/install/local_setup.zsh'
[1.384s] INFO:colcon.colcon_core.shell:Creating prefix chain script '/home/awadh/zed_ws/install/setup.zsh'
