[0.065s] DEBUG:colcon:Command line arguments: ['/usr/bin/colcon', 'build']
[0.065s] DEBUG:colcon:Parsed command line arguments: Namespace(log_base=None, log_level=None, verb_name='build', build_base='build', install_base='install', merge_install=False, symlink_install=False, test_result_base=None, continue_on_error=False, executor='parallel', parallel_workers=16, event_handlers=None, ignore_user_meta=False, metas=['./colcon.meta'], base_paths=['.'], packages_ignore=None, packages_ignore_regex=None, paths=None, packages_up_to=None, packages_up_to_regex=None, packages_above=None, packages_above_and_dependencies=None, packages_above_depth=None, packages_select_by_dep=None, packages_skip_by_dep=None, packages_skip_up_to=None, packages_select_build_failed=False, packages_skip_build_finished=False, packages_select_test_failures=False, packages_skip_test_passed=False, packages_select=None, packages_skip=None, packages_select_regex=None, packages_skip_regex=None, packages_start=None, packages_end=None, allow_overriding=[], cmake_args=None, cmake_target=None, cmake_target_skip_unavailable=False, cmake_clean_cache=False, cmake_clean_first=False, cmake_force_configure=False, ament_cmake_args=None, catkin_cmake_args=None, catkin_skip_building_tests=False, verb_parser=<colcon_defaults.argument_parser.defaults.DefaultArgumentsDecorator object at 0x74f0bbbaec50>, verb_extension=<colcon_core.verb.build.BuildVerb object at 0x74f0bbd23820>, main=<bound method BuildVerb.main of <colcon_core.verb.build.BuildVerb object at 0x74f0bbd23820>>)
[0.193s] Level 1:colcon.colcon_core.package_discovery:discover_packages(colcon_meta) check parameters
[0.193s] Level 1:colcon.colcon_core.package_discovery:discover_packages(recursive) check parameters
[0.193s] Level 1:colcon.colcon_core.package_discovery:discover_packages(ignore) check parameters
[0.193s] Level 1:colcon.colcon_core.package_discovery:discover_packages(path) check parameters
[0.193s] Level 1:colcon.colcon_core.package_discovery:discover_packages(colcon_meta) discover
[0.193s] Level 1:colcon.colcon_core.package_discovery:discover_packages(recursive) discover
[0.193s] INFO:colcon.colcon_core.package_discovery:Crawling recursively for packages in '/home/awadh/zed_ws'
[0.193s] Level 1:colcon.colcon_core.package_identification:_identify(.) by extensions ['ignore', 'ignore_ament_install']
[0.193s] Level 1:colcon.colcon_core.package_identification:_identify(.) by extension 'ignore'
[0.193s] Level 1:colcon.colcon_core.package_identification:_identify(.) by extension 'ignore_ament_install'
[0.193s] Level 1:colcon.colcon_core.package_identification:_identify(.) by extensions ['colcon_pkg']
[0.193s] Level 1:colcon.colcon_core.package_identification:_identify(.) by extension 'colcon_pkg'
[0.193s] Level 1:colcon.colcon_core.package_identification:_identify(.) by extensions ['colcon_meta']
[0.193s] Level 1:colcon.colcon_core.package_identification:_identify(.) by extension 'colcon_meta'
[0.193s] Level 1:colcon.colcon_core.package_identification:_identify(.) by extensions ['ros']
[0.193s] Level 1:colcon.colcon_core.package_identification:_identify(.) by extension 'ros'
[0.206s] Level 1:colcon.colcon_core.package_identification:_identify(.) by extensions ['cmake', 'python']
[0.206s] Level 1:colcon.colcon_core.package_identification:_identify(.) by extension 'cmake'
[0.206s] Level 1:colcon.colcon_core.package_identification:_identify(.) by extension 'python'
[0.206s] Level 1:colcon.colcon_core.package_identification:_identify(.) by extensions ['python_setup_py']
[0.206s] Level 1:colcon.colcon_core.package_identification:_identify(.) by extension 'python_setup_py'
[0.206s] Level 1:colcon.colcon_core.package_identification:_identify(build) by extensions ['ignore', 'ignore_ament_install']
[0.206s] Level 1:colcon.colcon_core.package_identification:_identify(build) by extension 'ignore'
[0.206s] Level 1:colcon.colcon_core.package_identification:_identify(build) ignored
[0.206s] Level 1:colcon.colcon_core.package_identification:_identify(install) by extensions ['ignore', 'ignore_ament_install']
[0.206s] Level 1:colcon.colcon_core.package_identification:_identify(install) by extension 'ignore'
[0.206s] Level 1:colcon.colcon_core.package_identification:_identify(install) ignored
[0.206s] Level 1:colcon.colcon_core.package_identification:_identify(log) by extensions ['ignore', 'ignore_ament_install']
[0.206s] Level 1:colcon.colcon_core.package_identification:_identify(log) by extension 'ignore'
[0.206s] Level 1:colcon.colcon_core.package_identification:_identify(log) ignored
[0.206s] Level 1:colcon.colcon_core.package_identification:_identify(src) by extensions ['ignore', 'ignore_ament_install']
[0.207s] Level 1:colcon.colcon_core.package_identification:_identify(src) by extension 'ignore'
[0.207s] Level 1:colcon.colcon_core.package_identification:_identify(src) by extension 'ignore_ament_install'
[0.207s] Level 1:colcon.colcon_core.package_identification:_identify(src) by extensions ['colcon_pkg']
[0.207s] Level 1:colcon.colcon_core.package_identification:_identify(src) by extension 'colcon_pkg'
[0.207s] Level 1:colcon.colcon_core.package_identification:_identify(src) by extensions ['colcon_meta']
[0.207s] Level 1:colcon.colcon_core.package_identification:_identify(src) by extension 'colcon_meta'
[0.207s] Level 1:colcon.colcon_core.package_identification:_identify(src) by extensions ['ros']
[0.207s] Level 1:colcon.colcon_core.package_identification:_identify(src) by extension 'ros'
[0.207s] Level 1:colcon.colcon_core.package_identification:_identify(src) by extensions ['cmake', 'python']
[0.207s] Level 1:colcon.colcon_core.package_identification:_identify(src) by extension 'cmake'
[0.207s] Level 1:colcon.colcon_core.package_identification:_identify(src) by extension 'python'
[0.207s] Level 1:colcon.colcon_core.package_identification:_identify(src) by extensions ['python_setup_py']
[0.207s] Level 1:colcon.colcon_core.package_identification:_identify(src) by extension 'python_setup_py'
[0.207s] Level 1:colcon.colcon_core.package_identification:_identify(src/zed-ros2-examples) by extensions ['ignore', 'ignore_ament_install']
[0.207s] Level 1:colcon.colcon_core.package_identification:_identify(src/zed-ros2-examples) by extension 'ignore'
[0.207s] Level 1:colcon.colcon_core.package_identification:_identify(src/zed-ros2-examples) by extension 'ignore_ament_install'
[0.207s] Level 1:colcon.colcon_core.package_identification:_identify(src/zed-ros2-examples) by extensions ['colcon_pkg']
[0.207s] Level 1:colcon.colcon_core.package_identification:_identify(src/zed-ros2-examples) by extension 'colcon_pkg'
[0.207s] Level 1:colcon.colcon_core.package_identification:_identify(src/zed-ros2-examples) by extensions ['colcon_meta']
[0.207s] Level 1:colcon.colcon_core.package_identification:_identify(src/zed-ros2-examples) by extension 'colcon_meta'
[0.207s] Level 1:colcon.colcon_core.package_identification:_identify(src/zed-ros2-examples) by extensions ['ros']
[0.207s] Level 1:colcon.colcon_core.package_identification:_identify(src/zed-ros2-examples) by extension 'ros'
[0.207s] Level 1:colcon.colcon_core.package_identification:_identify(src/zed-ros2-examples) by extensions ['cmake', 'python']
[0.207s] Level 1:colcon.colcon_core.package_identification:_identify(src/zed-ros2-examples) by extension 'cmake'
[0.207s] Level 1:colcon.colcon_core.package_identification:_identify(src/zed-ros2-examples) by extension 'python'
[0.207s] Level 1:colcon.colcon_core.package_identification:_identify(src/zed-ros2-examples) by extensions ['python_setup_py']
[0.207s] Level 1:colcon.colcon_core.package_identification:_identify(src/zed-ros2-examples) by extension 'python_setup_py'
[0.207s] Level 1:colcon.colcon_core.package_identification:_identify(src/zed-ros2-examples/examples) by extensions ['ignore', 'ignore_ament_install']
[0.207s] Level 1:colcon.colcon_core.package_identification:_identify(src/zed-ros2-examples/examples) by extension 'ignore'
[0.207s] Level 1:colcon.colcon_core.package_identification:_identify(src/zed-ros2-examples/examples) by extension 'ignore_ament_install'
[0.207s] Level 1:colcon.colcon_core.package_identification:_identify(src/zed-ros2-examples/examples) by extensions ['colcon_pkg']
[0.207s] Level 1:colcon.colcon_core.package_identification:_identify(src/zed-ros2-examples/examples) by extension 'colcon_pkg'
[0.207s] Level 1:colcon.colcon_core.package_identification:_identify(src/zed-ros2-examples/examples) by extensions ['colcon_meta']
[0.207s] Level 1:colcon.colcon_core.package_identification:_identify(src/zed-ros2-examples/examples) by extension 'colcon_meta'
[0.207s] Level 1:colcon.colcon_core.package_identification:_identify(src/zed-ros2-examples/examples) by extensions ['ros']
[0.207s] Level 1:colcon.colcon_core.package_identification:_identify(src/zed-ros2-examples/examples) by extension 'ros'
[0.207s] Level 1:colcon.colcon_core.package_identification:_identify(src/zed-ros2-examples/examples) by extensions ['cmake', 'python']
[0.207s] Level 1:colcon.colcon_core.package_identification:_identify(src/zed-ros2-examples/examples) by extension 'cmake'
[0.208s] Level 1:colcon.colcon_core.package_identification:_identify(src/zed-ros2-examples/examples) by extension 'python'
[0.208s] Level 1:colcon.colcon_core.package_identification:_identify(src/zed-ros2-examples/examples) by extensions ['python_setup_py']
[0.208s] Level 1:colcon.colcon_core.package_identification:_identify(src/zed-ros2-examples/examples) by extension 'python_setup_py'
[0.208s] Level 1:colcon.colcon_core.package_identification:_identify(src/zed-ros2-examples/examples/zed_aruco_localization) by extensions ['ignore', 'ignore_ament_install']
[0.208s] Level 1:colcon.colcon_core.package_identification:_identify(src/zed-ros2-examples/examples/zed_aruco_localization) by extension 'ignore'
[0.208s] Level 1:colcon.colcon_core.package_identification:_identify(src/zed-ros2-examples/examples/zed_aruco_localization) by extension 'ignore_ament_install'
[0.208s] Level 1:colcon.colcon_core.package_identification:_identify(src/zed-ros2-examples/examples/zed_aruco_localization) by extensions ['colcon_pkg']
[0.208s] Level 1:colcon.colcon_core.package_identification:_identify(src/zed-ros2-examples/examples/zed_aruco_localization) by extension 'colcon_pkg'
[0.208s] Level 1:colcon.colcon_core.package_identification:_identify(src/zed-ros2-examples/examples/zed_aruco_localization) by extensions ['colcon_meta']
[0.208s] Level 1:colcon.colcon_core.package_identification:_identify(src/zed-ros2-examples/examples/zed_aruco_localization) by extension 'colcon_meta'
[0.208s] Level 1:colcon.colcon_core.package_identification:_identify(src/zed-ros2-examples/examples/zed_aruco_localization) by extensions ['ros']
[0.208s] Level 1:colcon.colcon_core.package_identification:_identify(src/zed-ros2-examples/examples/zed_aruco_localization) by extension 'ros'
[0.209s] DEBUG:colcon.colcon_core.package_identification:Package 'src/zed-ros2-examples/examples/zed_aruco_localization' with type 'ros.ament_cmake' and name 'zed_aruco_localization'
[0.210s] Level 1:colcon.colcon_core.package_identification:_identify(src/zed-ros2-examples/examples/zed_depth_to_laserscan) by extensions ['ignore', 'ignore_ament_install']
[0.210s] Level 1:colcon.colcon_core.package_identification:_identify(src/zed-ros2-examples/examples/zed_depth_to_laserscan) by extension 'ignore'
[0.210s] Level 1:colcon.colcon_core.package_identification:_identify(src/zed-ros2-examples/examples/zed_depth_to_laserscan) by extension 'ignore_ament_install'
[0.210s] Level 1:colcon.colcon_core.package_identification:_identify(src/zed-ros2-examples/examples/zed_depth_to_laserscan) by extensions ['colcon_pkg']
[0.210s] Level 1:colcon.colcon_core.package_identification:_identify(src/zed-ros2-examples/examples/zed_depth_to_laserscan) by extension 'colcon_pkg'
[0.210s] Level 1:colcon.colcon_core.package_identification:_identify(src/zed-ros2-examples/examples/zed_depth_to_laserscan) by extensions ['colcon_meta']
[0.210s] Level 1:colcon.colcon_core.package_identification:_identify(src/zed-ros2-examples/examples/zed_depth_to_laserscan) by extension 'colcon_meta'
[0.210s] Level 1:colcon.colcon_core.package_identification:_identify(src/zed-ros2-examples/examples/zed_depth_to_laserscan) by extensions ['ros']
[0.210s] Level 1:colcon.colcon_core.package_identification:_identify(src/zed-ros2-examples/examples/zed_depth_to_laserscan) by extension 'ros'
[0.210s] DEBUG:colcon.colcon_core.package_identification:Package 'src/zed-ros2-examples/examples/zed_depth_to_laserscan' with type 'ros.ament_cmake' and name 'zed_depth_to_laserscan'
[0.210s] Level 1:colcon.colcon_core.package_identification:_identify(src/zed-ros2-examples/rviz-plugin-zed-od) by extensions ['ignore', 'ignore_ament_install']
[0.210s] Level 1:colcon.colcon_core.package_identification:_identify(src/zed-ros2-examples/rviz-plugin-zed-od) by extension 'ignore'
[0.210s] Level 1:colcon.colcon_core.package_identification:_identify(src/zed-ros2-examples/rviz-plugin-zed-od) by extension 'ignore_ament_install'
[0.210s] Level 1:colcon.colcon_core.package_identification:_identify(src/zed-ros2-examples/rviz-plugin-zed-od) by extensions ['colcon_pkg']
[0.210s] Level 1:colcon.colcon_core.package_identification:_identify(src/zed-ros2-examples/rviz-plugin-zed-od) by extension 'colcon_pkg'
[0.211s] Level 1:colcon.colcon_core.package_identification:_identify(src/zed-ros2-examples/rviz-plugin-zed-od) by extensions ['colcon_meta']
[0.211s] Level 1:colcon.colcon_core.package_identification:_identify(src/zed-ros2-examples/rviz-plugin-zed-od) by extension 'colcon_meta'
[0.211s] Level 1:colcon.colcon_core.package_identification:_identify(src/zed-ros2-examples/rviz-plugin-zed-od) by extensions ['ros']
[0.211s] Level 1:colcon.colcon_core.package_identification:_identify(src/zed-ros2-examples/rviz-plugin-zed-od) by extension 'ros'
[0.211s] DEBUG:colcon.colcon_core.package_identification:Package 'src/zed-ros2-examples/rviz-plugin-zed-od' with type 'ros.ament_cmake' and name 'rviz_plugin_zed_od'
[0.211s] Level 1:colcon.colcon_core.package_identification:_identify(src/zed-ros2-examples/tools) by extensions ['ignore', 'ignore_ament_install']
[0.211s] Level 1:colcon.colcon_core.package_identification:_identify(src/zed-ros2-examples/tools) by extension 'ignore'
[0.211s] Level 1:colcon.colcon_core.package_identification:_identify(src/zed-ros2-examples/tools) by extension 'ignore_ament_install'
[0.211s] Level 1:colcon.colcon_core.package_identification:_identify(src/zed-ros2-examples/tools) by extensions ['colcon_pkg']
[0.211s] Level 1:colcon.colcon_core.package_identification:_identify(src/zed-ros2-examples/tools) by extension 'colcon_pkg'
[0.211s] Level 1:colcon.colcon_core.package_identification:_identify(src/zed-ros2-examples/tools) by extensions ['colcon_meta']
[0.211s] Level 1:colcon.colcon_core.package_identification:_identify(src/zed-ros2-examples/tools) by extension 'colcon_meta'
[0.211s] Level 1:colcon.colcon_core.package_identification:_identify(src/zed-ros2-examples/tools) by extensions ['ros']
[0.211s] Level 1:colcon.colcon_core.package_identification:_identify(src/zed-ros2-examples/tools) by extension 'ros'
[0.211s] Level 1:colcon.colcon_core.package_identification:_identify(src/zed-ros2-examples/tools) by extensions ['cmake', 'python']
[0.211s] Level 1:colcon.colcon_core.package_identification:_identify(src/zed-ros2-examples/tools) by extension 'cmake'
[0.211s] Level 1:colcon.colcon_core.package_identification:_identify(src/zed-ros2-examples/tools) by extension 'python'
[0.211s] Level 1:colcon.colcon_core.package_identification:_identify(src/zed-ros2-examples/tools) by extensions ['python_setup_py']
[0.211s] Level 1:colcon.colcon_core.package_identification:_identify(src/zed-ros2-examples/tools) by extension 'python_setup_py'
[0.211s] Level 1:colcon.colcon_core.package_identification:_identify(src/zed-ros2-examples/tools/zed_benchmark) by extensions ['ignore', 'ignore_ament_install']
[0.211s] Level 1:colcon.colcon_core.package_identification:_identify(src/zed-ros2-examples/tools/zed_benchmark) by extension 'ignore'
[0.212s] Level 1:colcon.colcon_core.package_identification:_identify(src/zed-ros2-examples/tools/zed_benchmark) by extension 'ignore_ament_install'
[0.212s] Level 1:colcon.colcon_core.package_identification:_identify(src/zed-ros2-examples/tools/zed_benchmark) by extensions ['colcon_pkg']
[0.212s] Level 1:colcon.colcon_core.package_identification:_identify(src/zed-ros2-examples/tools/zed_benchmark) by extension 'colcon_pkg'
[0.212s] Level 1:colcon.colcon_core.package_identification:_identify(src/zed-ros2-examples/tools/zed_benchmark) by extensions ['colcon_meta']
[0.212s] Level 1:colcon.colcon_core.package_identification:_identify(src/zed-ros2-examples/tools/zed_benchmark) by extension 'colcon_meta'
[0.212s] Level 1:colcon.colcon_core.package_identification:_identify(src/zed-ros2-examples/tools/zed_benchmark) by extensions ['ros']
[0.212s] Level 1:colcon.colcon_core.package_identification:_identify(src/zed-ros2-examples/tools/zed_benchmark) by extension 'ros'
[0.212s] DEBUG:colcon.colcon_core.package_identification:Package 'src/zed-ros2-examples/tools/zed_benchmark' with type 'ros.ament_cmake' and name 'zed_topic_benchmark'
[0.212s] Level 1:colcon.colcon_core.package_identification:_identify(src/zed-ros2-examples/tools/zed_benchmark_component) by extensions ['ignore', 'ignore_ament_install']
[0.212s] Level 1:colcon.colcon_core.package_identification:_identify(src/zed-ros2-examples/tools/zed_benchmark_component) by extension 'ignore'
[0.212s] Level 1:colcon.colcon_core.package_identification:_identify(src/zed-ros2-examples/tools/zed_benchmark_component) by extension 'ignore_ament_install'
[0.212s] Level 1:colcon.colcon_core.package_identification:_identify(src/zed-ros2-examples/tools/zed_benchmark_component) by extensions ['colcon_pkg']
[0.212s] Level 1:colcon.colcon_core.package_identification:_identify(src/zed-ros2-examples/tools/zed_benchmark_component) by extension 'colcon_pkg'
[0.212s] Level 1:colcon.colcon_core.package_identification:_identify(src/zed-ros2-examples/tools/zed_benchmark_component) by extensions ['colcon_meta']
[0.212s] Level 1:colcon.colcon_core.package_identification:_identify(src/zed-ros2-examples/tools/zed_benchmark_component) by extension 'colcon_meta'
[0.212s] Level 1:colcon.colcon_core.package_identification:_identify(src/zed-ros2-examples/tools/zed_benchmark_component) by extensions ['ros']
[0.212s] Level 1:colcon.colcon_core.package_identification:_identify(src/zed-ros2-examples/tools/zed_benchmark_component) by extension 'ros'
[0.213s] DEBUG:colcon.colcon_core.package_identification:Package 'src/zed-ros2-examples/tools/zed_benchmark_component' with type 'ros.ament_cmake' and name 'zed_topic_benchmark_component'
[0.213s] Level 1:colcon.colcon_core.package_identification:_identify(src/zed-ros2-examples/tools/zed_benchmark_interfaces) by extensions ['ignore', 'ignore_ament_install']
[0.213s] Level 1:colcon.colcon_core.package_identification:_identify(src/zed-ros2-examples/tools/zed_benchmark_interfaces) by extension 'ignore'
[0.213s] Level 1:colcon.colcon_core.package_identification:_identify(src/zed-ros2-examples/tools/zed_benchmark_interfaces) by extension 'ignore_ament_install'
[0.213s] Level 1:colcon.colcon_core.package_identification:_identify(src/zed-ros2-examples/tools/zed_benchmark_interfaces) by extensions ['colcon_pkg']
[0.213s] Level 1:colcon.colcon_core.package_identification:_identify(src/zed-ros2-examples/tools/zed_benchmark_interfaces) by extension 'colcon_pkg'
[0.213s] Level 1:colcon.colcon_core.package_identification:_identify(src/zed-ros2-examples/tools/zed_benchmark_interfaces) by extensions ['colcon_meta']
[0.213s] Level 1:colcon.colcon_core.package_identification:_identify(src/zed-ros2-examples/tools/zed_benchmark_interfaces) by extension 'colcon_meta'
[0.213s] Level 1:colcon.colcon_core.package_identification:_identify(src/zed-ros2-examples/tools/zed_benchmark_interfaces) by extensions ['ros']
[0.213s] Level 1:colcon.colcon_core.package_identification:_identify(src/zed-ros2-examples/tools/zed_benchmark_interfaces) by extension 'ros'
[0.213s] DEBUG:colcon.colcon_core.package_identification:Package 'src/zed-ros2-examples/tools/zed_benchmark_interfaces' with type 'ros.ament_cmake' and name 'zed_topic_benchmark_interfaces'
[0.213s] Level 1:colcon.colcon_core.package_identification:_identify(src/zed-ros2-examples/tutorials) by extensions ['ignore', 'ignore_ament_install']
[0.213s] Level 1:colcon.colcon_core.package_identification:_identify(src/zed-ros2-examples/tutorials) by extension 'ignore'
[0.213s] Level 1:colcon.colcon_core.package_identification:_identify(src/zed-ros2-examples/tutorials) by extension 'ignore_ament_install'
[0.213s] Level 1:colcon.colcon_core.package_identification:_identify(src/zed-ros2-examples/tutorials) by extensions ['colcon_pkg']
[0.213s] Level 1:colcon.colcon_core.package_identification:_identify(src/zed-ros2-examples/tutorials) by extension 'colcon_pkg'
[0.213s] Level 1:colcon.colcon_core.package_identification:_identify(src/zed-ros2-examples/tutorials) by extensions ['colcon_meta']
[0.213s] Level 1:colcon.colcon_core.package_identification:_identify(src/zed-ros2-examples/tutorials) by extension 'colcon_meta'
[0.213s] Level 1:colcon.colcon_core.package_identification:_identify(src/zed-ros2-examples/tutorials) by extensions ['ros']
[0.213s] Level 1:colcon.colcon_core.package_identification:_identify(src/zed-ros2-examples/tutorials) by extension 'ros'
[0.214s] Level 1:colcon.colcon_core.package_identification:_identify(src/zed-ros2-examples/tutorials) by extensions ['cmake', 'python']
[0.214s] Level 1:colcon.colcon_core.package_identification:_identify(src/zed-ros2-examples/tutorials) by extension 'cmake'
[0.214s] Level 1:colcon.colcon_core.package_identification:_identify(src/zed-ros2-examples/tutorials) by extension 'python'
[0.214s] Level 1:colcon.colcon_core.package_identification:_identify(src/zed-ros2-examples/tutorials) by extensions ['python_setup_py']
[0.214s] Level 1:colcon.colcon_core.package_identification:_identify(src/zed-ros2-examples/tutorials) by extension 'python_setup_py'
[0.214s] Level 1:colcon.colcon_core.package_identification:_identify(src/zed-ros2-examples/tutorials/zed_depth_tutorial) by extensions ['ignore', 'ignore_ament_install']
[0.214s] Level 1:colcon.colcon_core.package_identification:_identify(src/zed-ros2-examples/tutorials/zed_depth_tutorial) by extension 'ignore'
[0.214s] Level 1:colcon.colcon_core.package_identification:_identify(src/zed-ros2-examples/tutorials/zed_depth_tutorial) by extension 'ignore_ament_install'
[0.214s] Level 1:colcon.colcon_core.package_identification:_identify(src/zed-ros2-examples/tutorials/zed_depth_tutorial) by extensions ['colcon_pkg']
[0.214s] Level 1:colcon.colcon_core.package_identification:_identify(src/zed-ros2-examples/tutorials/zed_depth_tutorial) by extension 'colcon_pkg'
[0.214s] Level 1:colcon.colcon_core.package_identification:_identify(src/zed-ros2-examples/tutorials/zed_depth_tutorial) by extensions ['colcon_meta']
[0.214s] Level 1:colcon.colcon_core.package_identification:_identify(src/zed-ros2-examples/tutorials/zed_depth_tutorial) by extension 'colcon_meta'
[0.214s] Level 1:colcon.colcon_core.package_identification:_identify(src/zed-ros2-examples/tutorials/zed_depth_tutorial) by extensions ['ros']
[0.214s] Level 1:colcon.colcon_core.package_identification:_identify(src/zed-ros2-examples/tutorials/zed_depth_tutorial) by extension 'ros'
[0.214s] DEBUG:colcon.colcon_core.package_identification:Package 'src/zed-ros2-examples/tutorials/zed_depth_tutorial' with type 'ros.ament_cmake' and name 'zed_tutorial_depth'
[0.214s] Level 1:colcon.colcon_core.package_identification:_identify(src/zed-ros2-examples/tutorials/zed_multi_camera) by extensions ['ignore', 'ignore_ament_install']
[0.214s] Level 1:colcon.colcon_core.package_identification:_identify(src/zed-ros2-examples/tutorials/zed_multi_camera) by extension 'ignore'
[0.214s] Level 1:colcon.colcon_core.package_identification:_identify(src/zed-ros2-examples/tutorials/zed_multi_camera) by extension 'ignore_ament_install'
[0.214s] Level 1:colcon.colcon_core.package_identification:_identify(src/zed-ros2-examples/tutorials/zed_multi_camera) by extensions ['colcon_pkg']
[0.214s] Level 1:colcon.colcon_core.package_identification:_identify(src/zed-ros2-examples/tutorials/zed_multi_camera) by extension 'colcon_pkg'
[0.214s] Level 1:colcon.colcon_core.package_identification:_identify(src/zed-ros2-examples/tutorials/zed_multi_camera) by extensions ['colcon_meta']
[0.214s] Level 1:colcon.colcon_core.package_identification:_identify(src/zed-ros2-examples/tutorials/zed_multi_camera) by extension 'colcon_meta'
[0.214s] Level 1:colcon.colcon_core.package_identification:_identify(src/zed-ros2-examples/tutorials/zed_multi_camera) by extensions ['ros']
[0.214s] Level 1:colcon.colcon_core.package_identification:_identify(src/zed-ros2-examples/tutorials/zed_multi_camera) by extension 'ros'
[0.215s] DEBUG:colcon.colcon_core.package_identification:Package 'src/zed-ros2-examples/tutorials/zed_multi_camera' with type 'ros.ament_cmake' and name 'zed_multi_camera'
[0.215s] Level 1:colcon.colcon_core.package_identification:_identify(src/zed-ros2-examples/tutorials/zed_pose_tutorial) by extensions ['ignore', 'ignore_ament_install']
[0.215s] Level 1:colcon.colcon_core.package_identification:_identify(src/zed-ros2-examples/tutorials/zed_pose_tutorial) by extension 'ignore'
[0.215s] Level 1:colcon.colcon_core.package_identification:_identify(src/zed-ros2-examples/tutorials/zed_pose_tutorial) by extension 'ignore_ament_install'
[0.215s] Level 1:colcon.colcon_core.package_identification:_identify(src/zed-ros2-examples/tutorials/zed_pose_tutorial) by extensions ['colcon_pkg']
[0.215s] Level 1:colcon.colcon_core.package_identification:_identify(src/zed-ros2-examples/tutorials/zed_pose_tutorial) by extension 'colcon_pkg'
[0.215s] Level 1:colcon.colcon_core.package_identification:_identify(src/zed-ros2-examples/tutorials/zed_pose_tutorial) by extensions ['colcon_meta']
[0.215s] Level 1:colcon.colcon_core.package_identification:_identify(src/zed-ros2-examples/tutorials/zed_pose_tutorial) by extension 'colcon_meta'
[0.215s] Level 1:colcon.colcon_core.package_identification:_identify(src/zed-ros2-examples/tutorials/zed_pose_tutorial) by extensions ['ros']
[0.215s] Level 1:colcon.colcon_core.package_identification:_identify(src/zed-ros2-examples/tutorials/zed_pose_tutorial) by extension 'ros'
[0.216s] DEBUG:colcon.colcon_core.package_identification:Package 'src/zed-ros2-examples/tutorials/zed_pose_tutorial' with type 'ros.ament_cmake' and name 'zed_tutorial_pos_tracking'
[0.216s] Level 1:colcon.colcon_core.package_identification:_identify(src/zed-ros2-examples/tutorials/zed_rgb_convert) by extensions ['ignore', 'ignore_ament_install']
[0.216s] Level 1:colcon.colcon_core.package_identification:_identify(src/zed-ros2-examples/tutorials/zed_rgb_convert) by extension 'ignore'
[0.216s] Level 1:colcon.colcon_core.package_identification:_identify(src/zed-ros2-examples/tutorials/zed_rgb_convert) by extension 'ignore_ament_install'
[0.216s] Level 1:colcon.colcon_core.package_identification:_identify(src/zed-ros2-examples/tutorials/zed_rgb_convert) by extensions ['colcon_pkg']
[0.216s] Level 1:colcon.colcon_core.package_identification:_identify(src/zed-ros2-examples/tutorials/zed_rgb_convert) by extension 'colcon_pkg'
[0.216s] Level 1:colcon.colcon_core.package_identification:_identify(src/zed-ros2-examples/tutorials/zed_rgb_convert) by extensions ['colcon_meta']
[0.216s] Level 1:colcon.colcon_core.package_identification:_identify(src/zed-ros2-examples/tutorials/zed_rgb_convert) by extension 'colcon_meta'
[0.216s] Level 1:colcon.colcon_core.package_identification:_identify(src/zed-ros2-examples/tutorials/zed_rgb_convert) by extensions ['ros']
[0.216s] Level 1:colcon.colcon_core.package_identification:_identify(src/zed-ros2-examples/tutorials/zed_rgb_convert) by extension 'ros'
[0.216s] DEBUG:colcon.colcon_core.package_identification:Package 'src/zed-ros2-examples/tutorials/zed_rgb_convert' with type 'ros.ament_cmake' and name 'zed_rgb_convert'
[0.216s] Level 1:colcon.colcon_core.package_identification:_identify(src/zed-ros2-examples/tutorials/zed_robot_integration) by extensions ['ignore', 'ignore_ament_install']
[0.216s] Level 1:colcon.colcon_core.package_identification:_identify(src/zed-ros2-examples/tutorials/zed_robot_integration) by extension 'ignore'
[0.216s] Level 1:colcon.colcon_core.package_identification:_identify(src/zed-ros2-examples/tutorials/zed_robot_integration) by extension 'ignore_ament_install'
[0.216s] Level 1:colcon.colcon_core.package_identification:_identify(src/zed-ros2-examples/tutorials/zed_robot_integration) by extensions ['colcon_pkg']
[0.216s] Level 1:colcon.colcon_core.package_identification:_identify(src/zed-ros2-examples/tutorials/zed_robot_integration) by extension 'colcon_pkg'
[0.217s] Level 1:colcon.colcon_core.package_identification:_identify(src/zed-ros2-examples/tutorials/zed_robot_integration) by extensions ['colcon_meta']
[0.217s] Level 1:colcon.colcon_core.package_identification:_identify(src/zed-ros2-examples/tutorials/zed_robot_integration) by extension 'colcon_meta'
[0.217s] Level 1:colcon.colcon_core.package_identification:_identify(src/zed-ros2-examples/tutorials/zed_robot_integration) by extensions ['ros']
[0.217s] Level 1:colcon.colcon_core.package_identification:_identify(src/zed-ros2-examples/tutorials/zed_robot_integration) by extension 'ros'
[0.217s] DEBUG:colcon.colcon_core.package_identification:Package 'src/zed-ros2-examples/tutorials/zed_robot_integration' with type 'ros.ament_cmake' and name 'zed_robot_integration'
[0.217s] Level 1:colcon.colcon_core.package_identification:_identify(src/zed-ros2-examples/tutorials/zed_video_tutorial) by extensions ['ignore', 'ignore_ament_install']
[0.217s] Level 1:colcon.colcon_core.package_identification:_identify(src/zed-ros2-examples/tutorials/zed_video_tutorial) by extension 'ignore'
[0.217s] Level 1:colcon.colcon_core.package_identification:_identify(src/zed-ros2-examples/tutorials/zed_video_tutorial) by extension 'ignore_ament_install'
[0.217s] Level 1:colcon.colcon_core.package_identification:_identify(src/zed-ros2-examples/tutorials/zed_video_tutorial) by extensions ['colcon_pkg']
[0.217s] Level 1:colcon.colcon_core.package_identification:_identify(src/zed-ros2-examples/tutorials/zed_video_tutorial) by extension 'colcon_pkg'
[0.217s] Level 1:colcon.colcon_core.package_identification:_identify(src/zed-ros2-examples/tutorials/zed_video_tutorial) by extensions ['colcon_meta']
[0.217s] Level 1:colcon.colcon_core.package_identification:_identify(src/zed-ros2-examples/tutorials/zed_video_tutorial) by extension 'colcon_meta'
[0.217s] Level 1:colcon.colcon_core.package_identification:_identify(src/zed-ros2-examples/tutorials/zed_video_tutorial) by extensions ['ros']
[0.217s] Level 1:colcon.colcon_core.package_identification:_identify(src/zed-ros2-examples/tutorials/zed_video_tutorial) by extension 'ros'
[0.217s] DEBUG:colcon.colcon_core.package_identification:Package 'src/zed-ros2-examples/tutorials/zed_video_tutorial' with type 'ros.ament_cmake' and name 'zed_tutorial_video'
[0.217s] Level 1:colcon.colcon_core.package_identification:_identify(src/zed-ros2-examples/zed_display_rviz2) by extensions ['ignore', 'ignore_ament_install']
[0.218s] Level 1:colcon.colcon_core.package_identification:_identify(src/zed-ros2-examples/zed_display_rviz2) by extension 'ignore'
[0.218s] Level 1:colcon.colcon_core.package_identification:_identify(src/zed-ros2-examples/zed_display_rviz2) by extension 'ignore_ament_install'
[0.218s] Level 1:colcon.colcon_core.package_identification:_identify(src/zed-ros2-examples/zed_display_rviz2) by extensions ['colcon_pkg']
[0.218s] Level 1:colcon.colcon_core.package_identification:_identify(src/zed-ros2-examples/zed_display_rviz2) by extension 'colcon_pkg'
[0.218s] Level 1:colcon.colcon_core.package_identification:_identify(src/zed-ros2-examples/zed_display_rviz2) by extensions ['colcon_meta']
[0.218s] Level 1:colcon.colcon_core.package_identification:_identify(src/zed-ros2-examples/zed_display_rviz2) by extension 'colcon_meta'
[0.218s] Level 1:colcon.colcon_core.package_identification:_identify(src/zed-ros2-examples/zed_display_rviz2) by extensions ['ros']
[0.218s] Level 1:colcon.colcon_core.package_identification:_identify(src/zed-ros2-examples/zed_display_rviz2) by extension 'ros'
[0.218s] DEBUG:colcon.colcon_core.package_identification:Package 'src/zed-ros2-examples/zed_display_rviz2' with type 'ros.ament_cmake' and name 'zed_display_rviz2'
[0.218s] Level 1:colcon.colcon_core.package_identification:_identify(src/zed-ros2-wrapper) by extensions ['ignore', 'ignore_ament_install']
[0.218s] Level 1:colcon.colcon_core.package_identification:_identify(src/zed-ros2-wrapper) by extension 'ignore'
[0.218s] Level 1:colcon.colcon_core.package_identification:_identify(src/zed-ros2-wrapper) by extension 'ignore_ament_install'
[0.218s] Level 1:colcon.colcon_core.package_identification:_identify(src/zed-ros2-wrapper) by extensions ['colcon_pkg']
[0.218s] Level 1:colcon.colcon_core.package_identification:_identify(src/zed-ros2-wrapper) by extension 'colcon_pkg'
[0.218s] Level 1:colcon.colcon_core.package_identification:_identify(src/zed-ros2-wrapper) by extensions ['colcon_meta']
[0.218s] Level 1:colcon.colcon_core.package_identification:_identify(src/zed-ros2-wrapper) by extension 'colcon_meta'
[0.218s] Level 1:colcon.colcon_core.package_identification:_identify(src/zed-ros2-wrapper) by extensions ['ros']
[0.218s] Level 1:colcon.colcon_core.package_identification:_identify(src/zed-ros2-wrapper) by extension 'ros'
[0.218s] Level 1:colcon.colcon_core.package_identification:_identify(src/zed-ros2-wrapper) by extensions ['cmake', 'python']
[0.218s] Level 1:colcon.colcon_core.package_identification:_identify(src/zed-ros2-wrapper) by extension 'cmake'
[0.218s] Level 1:colcon.colcon_core.package_identification:_identify(src/zed-ros2-wrapper) by extension 'python'
[0.218s] Level 1:colcon.colcon_core.package_identification:_identify(src/zed-ros2-wrapper) by extensions ['python_setup_py']
[0.218s] Level 1:colcon.colcon_core.package_identification:_identify(src/zed-ros2-wrapper) by extension 'python_setup_py'
[0.219s] Level 1:colcon.colcon_core.package_identification:_identify(src/zed-ros2-wrapper/docker) by extensions ['ignore', 'ignore_ament_install']
[0.219s] Level 1:colcon.colcon_core.package_identification:_identify(src/zed-ros2-wrapper/docker) by extension 'ignore'
[0.219s] Level 1:colcon.colcon_core.package_identification:_identify(src/zed-ros2-wrapper/docker) by extension 'ignore_ament_install'
[0.219s] Level 1:colcon.colcon_core.package_identification:_identify(src/zed-ros2-wrapper/docker) by extensions ['colcon_pkg']
[0.219s] Level 1:colcon.colcon_core.package_identification:_identify(src/zed-ros2-wrapper/docker) by extension 'colcon_pkg'
[0.219s] Level 1:colcon.colcon_core.package_identification:_identify(src/zed-ros2-wrapper/docker) by extensions ['colcon_meta']
[0.219s] Level 1:colcon.colcon_core.package_identification:_identify(src/zed-ros2-wrapper/docker) by extension 'colcon_meta'
[0.219s] Level 1:colcon.colcon_core.package_identification:_identify(src/zed-ros2-wrapper/docker) by extensions ['ros']
[0.219s] Level 1:colcon.colcon_core.package_identification:_identify(src/zed-ros2-wrapper/docker) by extension 'ros'
[0.219s] Level 1:colcon.colcon_core.package_identification:_identify(src/zed-ros2-wrapper/docker) by extensions ['cmake', 'python']
[0.219s] Level 1:colcon.colcon_core.package_identification:_identify(src/zed-ros2-wrapper/docker) by extension 'cmake'
[0.219s] Level 1:colcon.colcon_core.package_identification:_identify(src/zed-ros2-wrapper/docker) by extension 'python'
[0.219s] Level 1:colcon.colcon_core.package_identification:_identify(src/zed-ros2-wrapper/docker) by extensions ['python_setup_py']
[0.219s] Level 1:colcon.colcon_core.package_identification:_identify(src/zed-ros2-wrapper/docker) by extension 'python_setup_py'
[0.219s] Level 1:colcon.colcon_core.package_identification:_identify(src/zed-ros2-wrapper/images) by extensions ['ignore', 'ignore_ament_install']
[0.219s] Level 1:colcon.colcon_core.package_identification:_identify(src/zed-ros2-wrapper/images) by extension 'ignore'
[0.219s] Level 1:colcon.colcon_core.package_identification:_identify(src/zed-ros2-wrapper/images) by extension 'ignore_ament_install'
[0.219s] Level 1:colcon.colcon_core.package_identification:_identify(src/zed-ros2-wrapper/images) by extensions ['colcon_pkg']
[0.219s] Level 1:colcon.colcon_core.package_identification:_identify(src/zed-ros2-wrapper/images) by extension 'colcon_pkg'
[0.219s] Level 1:colcon.colcon_core.package_identification:_identify(src/zed-ros2-wrapper/images) by extensions ['colcon_meta']
[0.219s] Level 1:colcon.colcon_core.package_identification:_identify(src/zed-ros2-wrapper/images) by extension 'colcon_meta'
[0.219s] Level 1:colcon.colcon_core.package_identification:_identify(src/zed-ros2-wrapper/images) by extensions ['ros']
[0.219s] Level 1:colcon.colcon_core.package_identification:_identify(src/zed-ros2-wrapper/images) by extension 'ros'
[0.219s] Level 1:colcon.colcon_core.package_identification:_identify(src/zed-ros2-wrapper/images) by extensions ['cmake', 'python']
[0.219s] Level 1:colcon.colcon_core.package_identification:_identify(src/zed-ros2-wrapper/images) by extension 'cmake'
[0.219s] Level 1:colcon.colcon_core.package_identification:_identify(src/zed-ros2-wrapper/images) by extension 'python'
[0.219s] Level 1:colcon.colcon_core.package_identification:_identify(src/zed-ros2-wrapper/images) by extensions ['python_setup_py']
[0.219s] Level 1:colcon.colcon_core.package_identification:_identify(src/zed-ros2-wrapper/images) by extension 'python_setup_py'
[0.219s] Level 1:colcon.colcon_core.package_identification:_identify(src/zed-ros2-wrapper/zed-ros2-interfaces) by extensions ['ignore', 'ignore_ament_install']
[0.219s] Level 1:colcon.colcon_core.package_identification:_identify(src/zed-ros2-wrapper/zed-ros2-interfaces) by extension 'ignore'
[0.219s] Level 1:colcon.colcon_core.package_identification:_identify(src/zed-ros2-wrapper/zed-ros2-interfaces) by extension 'ignore_ament_install'
[0.219s] Level 1:colcon.colcon_core.package_identification:_identify(src/zed-ros2-wrapper/zed-ros2-interfaces) by extensions ['colcon_pkg']
[0.219s] Level 1:colcon.colcon_core.package_identification:_identify(src/zed-ros2-wrapper/zed-ros2-interfaces) by extension 'colcon_pkg'
[0.219s] Level 1:colcon.colcon_core.package_identification:_identify(src/zed-ros2-wrapper/zed-ros2-interfaces) by extensions ['colcon_meta']
[0.219s] Level 1:colcon.colcon_core.package_identification:_identify(src/zed-ros2-wrapper/zed-ros2-interfaces) by extension 'colcon_meta'
[0.220s] Level 1:colcon.colcon_core.package_identification:_identify(src/zed-ros2-wrapper/zed-ros2-interfaces) by extensions ['ros']
[0.220s] Level 1:colcon.colcon_core.package_identification:_identify(src/zed-ros2-wrapper/zed-ros2-interfaces) by extension 'ros'
[0.220s] DEBUG:colcon.colcon_core.package_identification:Package 'src/zed-ros2-wrapper/zed-ros2-interfaces' with type 'ros.ament_cmake' and name 'zed_interfaces'
[0.220s] Level 1:colcon.colcon_core.package_identification:_identify(src/zed-ros2-wrapper/zed_components) by extensions ['ignore', 'ignore_ament_install']
[0.220s] Level 1:colcon.colcon_core.package_identification:_identify(src/zed-ros2-wrapper/zed_components) by extension 'ignore'
[0.220s] Level 1:colcon.colcon_core.package_identification:_identify(src/zed-ros2-wrapper/zed_components) by extension 'ignore_ament_install'
[0.220s] Level 1:colcon.colcon_core.package_identification:_identify(src/zed-ros2-wrapper/zed_components) by extensions ['colcon_pkg']
[0.220s] Level 1:colcon.colcon_core.package_identification:_identify(src/zed-ros2-wrapper/zed_components) by extension 'colcon_pkg'
[0.220s] Level 1:colcon.colcon_core.package_identification:_identify(src/zed-ros2-wrapper/zed_components) by extensions ['colcon_meta']
[0.220s] Level 1:colcon.colcon_core.package_identification:_identify(src/zed-ros2-wrapper/zed_components) by extension 'colcon_meta'
[0.220s] Level 1:colcon.colcon_core.package_identification:_identify(src/zed-ros2-wrapper/zed_components) by extensions ['ros']
[0.220s] Level 1:colcon.colcon_core.package_identification:_identify(src/zed-ros2-wrapper/zed_components) by extension 'ros'
[0.221s] DEBUG:colcon.colcon_core.package_identification:Package 'src/zed-ros2-wrapper/zed_components' with type 'ros.ament_cmake' and name 'zed_components'
[0.221s] Level 1:colcon.colcon_core.package_identification:_identify(src/zed-ros2-wrapper/zed_ros2) by extensions ['ignore', 'ignore_ament_install']
[0.221s] Level 1:colcon.colcon_core.package_identification:_identify(src/zed-ros2-wrapper/zed_ros2) by extension 'ignore'
[0.221s] Level 1:colcon.colcon_core.package_identification:_identify(src/zed-ros2-wrapper/zed_ros2) by extension 'ignore_ament_install'
[0.221s] Level 1:colcon.colcon_core.package_identification:_identify(src/zed-ros2-wrapper/zed_ros2) by extensions ['colcon_pkg']
[0.221s] Level 1:colcon.colcon_core.package_identification:_identify(src/zed-ros2-wrapper/zed_ros2) by extension 'colcon_pkg'
[0.221s] Level 1:colcon.colcon_core.package_identification:_identify(src/zed-ros2-wrapper/zed_ros2) by extensions ['colcon_meta']
[0.221s] Level 1:colcon.colcon_core.package_identification:_identify(src/zed-ros2-wrapper/zed_ros2) by extension 'colcon_meta'
[0.221s] Level 1:colcon.colcon_core.package_identification:_identify(src/zed-ros2-wrapper/zed_ros2) by extensions ['ros']
[0.221s] Level 1:colcon.colcon_core.package_identification:_identify(src/zed-ros2-wrapper/zed_ros2) by extension 'ros'
[0.221s] DEBUG:colcon.colcon_core.package_identification:Package 'src/zed-ros2-wrapper/zed_ros2' with type 'ros.ament_cmake' and name 'zed_ros2'
[0.222s] Level 1:colcon.colcon_core.package_identification:_identify(src/zed-ros2-wrapper/zed_wrapper) by extensions ['ignore', 'ignore_ament_install']
[0.222s] Level 1:colcon.colcon_core.package_identification:_identify(src/zed-ros2-wrapper/zed_wrapper) by extension 'ignore'
[0.222s] Level 1:colcon.colcon_core.package_identification:_identify(src/zed-ros2-wrapper/zed_wrapper) by extension 'ignore_ament_install'
[0.222s] Level 1:colcon.colcon_core.package_identification:_identify(src/zed-ros2-wrapper/zed_wrapper) by extensions ['colcon_pkg']
[0.222s] Level 1:colcon.colcon_core.package_identification:_identify(src/zed-ros2-wrapper/zed_wrapper) by extension 'colcon_pkg'
[0.222s] Level 1:colcon.colcon_core.package_identification:_identify(src/zed-ros2-wrapper/zed_wrapper) by extensions ['colcon_meta']
[0.222s] Level 1:colcon.colcon_core.package_identification:_identify(src/zed-ros2-wrapper/zed_wrapper) by extension 'colcon_meta'
[0.222s] Level 1:colcon.colcon_core.package_identification:_identify(src/zed-ros2-wrapper/zed_wrapper) by extensions ['ros']
[0.222s] Level 1:colcon.colcon_core.package_identification:_identify(src/zed-ros2-wrapper/zed_wrapper) by extension 'ros'
[0.222s] DEBUG:colcon.colcon_core.package_identification:Package 'src/zed-ros2-wrapper/zed_wrapper' with type 'ros.ament_cmake' and name 'zed_wrapper'
[0.222s] Level 1:colcon.colcon_core.package_discovery:discover_packages(recursive) using defaults
[0.222s] Level 1:colcon.colcon_core.package_discovery:discover_packages(ignore) discover
[0.222s] Level 1:colcon.colcon_core.package_discovery:discover_packages(ignore) using defaults
[0.222s] Level 1:colcon.colcon_core.package_discovery:discover_packages(path) discover
[0.222s] Level 1:colcon.colcon_core.package_discovery:discover_packages(path) using defaults
[0.237s] Level 1:colcon.colcon_core.package_discovery:discover_packages(prefix_path) check parameters
[0.237s] Level 1:colcon.colcon_core.package_discovery:discover_packages(prefix_path) discover
[0.239s] DEBUG:colcon.colcon_installed_package_information.package_discovery:Found 5 installed packages in /home/awadh/yolobot/install
[0.239s] DEBUG:colcon.colcon_installed_package_information.package_discovery:Found 0 installed packages in /home/awadh/test3_ws/install
[0.239s] DEBUG:colcon.colcon_installed_package_information.package_discovery:Found 1 installed packages in /home/awadh/test2_ws/install
[0.240s] DEBUG:colcon.colcon_installed_package_information.package_discovery:Found 0 installed packages in /home/awadh/test_ws/install
[0.240s] DEBUG:colcon.colcon_installed_package_information.package_discovery:Found 0 installed packages in /home/awadh/obj_det_ws/install
[0.240s] DEBUG:colcon.colcon_installed_package_information.package_discovery:Found 17 installed packages in /home/awadh/zed_ws/install
[0.240s] DEBUG:colcon.colcon_installed_package_information.package_discovery:Found 2 installed packages in /home/awadh/ouster_ws/install
[0.241s] DEBUG:colcon.colcon_installed_package_information.package_discovery:Found 1 installed packages in /home/awadh/sick_tim_ws/install
[0.241s] DEBUG:colcon.colcon_installed_package_information.package_discovery:Found 6 installed packages in /home/awadh/ros2_ws/install
[0.241s] DEBUG:colcon.colcon_installed_package_information.package_discovery:Found 9 installed packages in /home/awadh/gazebo_ws/install
[0.242s] DEBUG:colcon.colcon_installed_package_information.package_discovery:Found 409 installed packages in /opt/ros/humble
[0.244s] Level 1:colcon.colcon_core.package_discovery:discover_packages(prefix_path) using defaults
[0.274s] Level 5:colcon.colcon_core.verb:set package 'zed_interfaces' build argument 'cmake_args' from command line to 'None'
[0.274s] Level 5:colcon.colcon_core.verb:set package 'zed_interfaces' build argument 'cmake_target' from command line to 'None'
[0.274s] Level 5:colcon.colcon_core.verb:set package 'zed_interfaces' build argument 'cmake_target_skip_unavailable' from command line to 'False'
[0.274s] Level 5:colcon.colcon_core.verb:set package 'zed_interfaces' build argument 'cmake_clean_cache' from command line to 'False'
[0.274s] Level 5:colcon.colcon_core.verb:set package 'zed_interfaces' build argument 'cmake_clean_first' from command line to 'False'
[0.274s] Level 5:colcon.colcon_core.verb:set package 'zed_interfaces' build argument 'cmake_force_configure' from command line to 'False'
[0.274s] Level 5:colcon.colcon_core.verb:set package 'zed_interfaces' build argument 'ament_cmake_args' from command line to 'None'
[0.274s] Level 5:colcon.colcon_core.verb:set package 'zed_interfaces' build argument 'catkin_cmake_args' from command line to 'None'
[0.274s] Level 5:colcon.colcon_core.verb:set package 'zed_interfaces' build argument 'catkin_skip_building_tests' from command line to 'False'
[0.274s] DEBUG:colcon.colcon_core.verb:Building package 'zed_interfaces' with the following arguments: {'ament_cmake_args': None, 'build_base': '/home/awadh/zed_ws/build/zed_interfaces', 'catkin_cmake_args': None, 'catkin_skip_building_tests': False, 'cmake_args': None, 'cmake_clean_cache': False, 'cmake_clean_first': False, 'cmake_force_configure': False, 'cmake_target': None, 'cmake_target_skip_unavailable': False, 'install_base': '/home/awadh/zed_ws/install/zed_interfaces', 'merge_install': False, 'path': '/home/awadh/zed_ws/src/zed-ros2-wrapper/zed-ros2-interfaces', 'symlink_install': False, 'test_result_base': None}
[0.274s] Level 5:colcon.colcon_core.verb:set package 'zed_topic_benchmark_interfaces' build argument 'cmake_args' from command line to 'None'
[0.274s] Level 5:colcon.colcon_core.verb:set package 'zed_topic_benchmark_interfaces' build argument 'cmake_target' from command line to 'None'
[0.274s] Level 5:colcon.colcon_core.verb:set package 'zed_topic_benchmark_interfaces' build argument 'cmake_target_skip_unavailable' from command line to 'False'
[0.274s] Level 5:colcon.colcon_core.verb:set package 'zed_topic_benchmark_interfaces' build argument 'cmake_clean_cache' from command line to 'False'
[0.274s] Level 5:colcon.colcon_core.verb:set package 'zed_topic_benchmark_interfaces' build argument 'cmake_clean_first' from command line to 'False'
[0.274s] Level 5:colcon.colcon_core.verb:set package 'zed_topic_benchmark_interfaces' build argument 'cmake_force_configure' from command line to 'False'
[0.274s] Level 5:colcon.colcon_core.verb:set package 'zed_topic_benchmark_interfaces' build argument 'ament_cmake_args' from command line to 'None'
[0.274s] Level 5:colcon.colcon_core.verb:set package 'zed_topic_benchmark_interfaces' build argument 'catkin_cmake_args' from command line to 'None'
[0.274s] Level 5:colcon.colcon_core.verb:set package 'zed_topic_benchmark_interfaces' build argument 'catkin_skip_building_tests' from command line to 'False'
[0.274s] DEBUG:colcon.colcon_core.verb:Building package 'zed_topic_benchmark_interfaces' with the following arguments: {'ament_cmake_args': None, 'build_base': '/home/awadh/zed_ws/build/zed_topic_benchmark_interfaces', 'catkin_cmake_args': None, 'catkin_skip_building_tests': False, 'cmake_args': None, 'cmake_clean_cache': False, 'cmake_clean_first': False, 'cmake_force_configure': False, 'cmake_target': None, 'cmake_target_skip_unavailable': False, 'install_base': '/home/awadh/zed_ws/install/zed_topic_benchmark_interfaces', 'merge_install': False, 'path': '/home/awadh/zed_ws/src/zed-ros2-examples/tools/zed_benchmark_interfaces', 'symlink_install': False, 'test_result_base': None}
[0.274s] Level 5:colcon.colcon_core.verb:set package 'zed_tutorial_depth' build argument 'cmake_args' from command line to 'None'
[0.275s] Level 5:colcon.colcon_core.verb:set package 'zed_tutorial_depth' build argument 'cmake_target' from command line to 'None'
[0.275s] Level 5:colcon.colcon_core.verb:set package 'zed_tutorial_depth' build argument 'cmake_target_skip_unavailable' from command line to 'False'
[0.275s] Level 5:colcon.colcon_core.verb:set package 'zed_tutorial_depth' build argument 'cmake_clean_cache' from command line to 'False'
[0.275s] Level 5:colcon.colcon_core.verb:set package 'zed_tutorial_depth' build argument 'cmake_clean_first' from command line to 'False'
[0.275s] Level 5:colcon.colcon_core.verb:set package 'zed_tutorial_depth' build argument 'cmake_force_configure' from command line to 'False'
[0.275s] Level 5:colcon.colcon_core.verb:set package 'zed_tutorial_depth' build argument 'ament_cmake_args' from command line to 'None'
[0.275s] Level 5:colcon.colcon_core.verb:set package 'zed_tutorial_depth' build argument 'catkin_cmake_args' from command line to 'None'
[0.275s] Level 5:colcon.colcon_core.verb:set package 'zed_tutorial_depth' build argument 'catkin_skip_building_tests' from command line to 'False'
[0.275s] DEBUG:colcon.colcon_core.verb:Building package 'zed_tutorial_depth' with the following arguments: {'ament_cmake_args': None, 'build_base': '/home/awadh/zed_ws/build/zed_tutorial_depth', 'catkin_cmake_args': None, 'catkin_skip_building_tests': False, 'cmake_args': None, 'cmake_clean_cache': False, 'cmake_clean_first': False, 'cmake_force_configure': False, 'cmake_target': None, 'cmake_target_skip_unavailable': False, 'install_base': '/home/awadh/zed_ws/install/zed_tutorial_depth', 'merge_install': False, 'path': '/home/awadh/zed_ws/src/zed-ros2-examples/tutorials/zed_depth_tutorial', 'symlink_install': False, 'test_result_base': None}
[0.275s] Level 5:colcon.colcon_core.verb:set package 'zed_tutorial_pos_tracking' build argument 'cmake_args' from command line to 'None'
[0.275s] Level 5:colcon.colcon_core.verb:set package 'zed_tutorial_pos_tracking' build argument 'cmake_target' from command line to 'None'
[0.275s] Level 5:colcon.colcon_core.verb:set package 'zed_tutorial_pos_tracking' build argument 'cmake_target_skip_unavailable' from command line to 'False'
[0.275s] Level 5:colcon.colcon_core.verb:set package 'zed_tutorial_pos_tracking' build argument 'cmake_clean_cache' from command line to 'False'
[0.275s] Level 5:colcon.colcon_core.verb:set package 'zed_tutorial_pos_tracking' build argument 'cmake_clean_first' from command line to 'False'
[0.275s] Level 5:colcon.colcon_core.verb:set package 'zed_tutorial_pos_tracking' build argument 'cmake_force_configure' from command line to 'False'
[0.275s] Level 5:colcon.colcon_core.verb:set package 'zed_tutorial_pos_tracking' build argument 'ament_cmake_args' from command line to 'None'
[0.275s] Level 5:colcon.colcon_core.verb:set package 'zed_tutorial_pos_tracking' build argument 'catkin_cmake_args' from command line to 'None'
[0.275s] Level 5:colcon.colcon_core.verb:set package 'zed_tutorial_pos_tracking' build argument 'catkin_skip_building_tests' from command line to 'False'
[0.275s] DEBUG:colcon.colcon_core.verb:Building package 'zed_tutorial_pos_tracking' with the following arguments: {'ament_cmake_args': None, 'build_base': '/home/awadh/zed_ws/build/zed_tutorial_pos_tracking', 'catkin_cmake_args': None, 'catkin_skip_building_tests': False, 'cmake_args': None, 'cmake_clean_cache': False, 'cmake_clean_first': False, 'cmake_force_configure': False, 'cmake_target': None, 'cmake_target_skip_unavailable': False, 'install_base': '/home/awadh/zed_ws/install/zed_tutorial_pos_tracking', 'merge_install': False, 'path': '/home/awadh/zed_ws/src/zed-ros2-examples/tutorials/zed_pose_tutorial', 'symlink_install': False, 'test_result_base': None}
[0.275s] Level 5:colcon.colcon_core.verb:set package 'zed_tutorial_video' build argument 'cmake_args' from command line to 'None'
[0.275s] Level 5:colcon.colcon_core.verb:set package 'zed_tutorial_video' build argument 'cmake_target' from command line to 'None'
[0.275s] Level 5:colcon.colcon_core.verb:set package 'zed_tutorial_video' build argument 'cmake_target_skip_unavailable' from command line to 'False'
[0.275s] Level 5:colcon.colcon_core.verb:set package 'zed_tutorial_video' build argument 'cmake_clean_cache' from command line to 'False'
[0.275s] Level 5:colcon.colcon_core.verb:set package 'zed_tutorial_video' build argument 'cmake_clean_first' from command line to 'False'
[0.275s] Level 5:colcon.colcon_core.verb:set package 'zed_tutorial_video' build argument 'cmake_force_configure' from command line to 'False'
[0.275s] Level 5:colcon.colcon_core.verb:set package 'zed_tutorial_video' build argument 'ament_cmake_args' from command line to 'None'
[0.275s] Level 5:colcon.colcon_core.verb:set package 'zed_tutorial_video' build argument 'catkin_cmake_args' from command line to 'None'
[0.275s] Level 5:colcon.colcon_core.verb:set package 'zed_tutorial_video' build argument 'catkin_skip_building_tests' from command line to 'False'
[0.275s] DEBUG:colcon.colcon_core.verb:Building package 'zed_tutorial_video' with the following arguments: {'ament_cmake_args': None, 'build_base': '/home/awadh/zed_ws/build/zed_tutorial_video', 'catkin_cmake_args': None, 'catkin_skip_building_tests': False, 'cmake_args': None, 'cmake_clean_cache': False, 'cmake_clean_first': False, 'cmake_force_configure': False, 'cmake_target': None, 'cmake_target_skip_unavailable': False, 'install_base': '/home/awadh/zed_ws/install/zed_tutorial_video', 'merge_install': False, 'path': '/home/awadh/zed_ws/src/zed-ros2-examples/tutorials/zed_video_tutorial', 'symlink_install': False, 'test_result_base': None}
[0.275s] Level 5:colcon.colcon_core.verb:set package 'rviz_plugin_zed_od' build argument 'cmake_args' from command line to 'None'
[0.275s] Level 5:colcon.colcon_core.verb:set package 'rviz_plugin_zed_od' build argument 'cmake_target' from command line to 'None'
[0.275s] Level 5:colcon.colcon_core.verb:set package 'rviz_plugin_zed_od' build argument 'cmake_target_skip_unavailable' from command line to 'False'
[0.275s] Level 5:colcon.colcon_core.verb:set package 'rviz_plugin_zed_od' build argument 'cmake_clean_cache' from command line to 'False'
[0.275s] Level 5:colcon.colcon_core.verb:set package 'rviz_plugin_zed_od' build argument 'cmake_clean_first' from command line to 'False'
[0.276s] Level 5:colcon.colcon_core.verb:set package 'rviz_plugin_zed_od' build argument 'cmake_force_configure' from command line to 'False'
[0.276s] Level 5:colcon.colcon_core.verb:set package 'rviz_plugin_zed_od' build argument 'ament_cmake_args' from command line to 'None'
[0.276s] Level 5:colcon.colcon_core.verb:set package 'rviz_plugin_zed_od' build argument 'catkin_cmake_args' from command line to 'None'
[0.276s] Level 5:colcon.colcon_core.verb:set package 'rviz_plugin_zed_od' build argument 'catkin_skip_building_tests' from command line to 'False'
[0.276s] DEBUG:colcon.colcon_core.verb:Building package 'rviz_plugin_zed_od' with the following arguments: {'ament_cmake_args': None, 'build_base': '/home/awadh/zed_ws/build/rviz_plugin_zed_od', 'catkin_cmake_args': None, 'catkin_skip_building_tests': False, 'cmake_args': None, 'cmake_clean_cache': False, 'cmake_clean_first': False, 'cmake_force_configure': False, 'cmake_target': None, 'cmake_target_skip_unavailable': False, 'install_base': '/home/awadh/zed_ws/install/rviz_plugin_zed_od', 'merge_install': False, 'path': '/home/awadh/zed_ws/src/zed-ros2-examples/rviz-plugin-zed-od', 'symlink_install': False, 'test_result_base': None}
[0.276s] Level 5:colcon.colcon_core.verb:set package 'zed_components' build argument 'cmake_args' from command line to 'None'
[0.276s] Level 5:colcon.colcon_core.verb:set package 'zed_components' build argument 'cmake_target' from command line to 'None'
[0.276s] Level 5:colcon.colcon_core.verb:set package 'zed_components' build argument 'cmake_target_skip_unavailable' from command line to 'False'
[0.276s] Level 5:colcon.colcon_core.verb:set package 'zed_components' build argument 'cmake_clean_cache' from command line to 'False'
[0.276s] Level 5:colcon.colcon_core.verb:set package 'zed_components' build argument 'cmake_clean_first' from command line to 'False'
[0.276s] Level 5:colcon.colcon_core.verb:set package 'zed_components' build argument 'cmake_force_configure' from command line to 'False'
[0.276s] Level 5:colcon.colcon_core.verb:set package 'zed_components' build argument 'ament_cmake_args' from command line to 'None'
[0.276s] Level 5:colcon.colcon_core.verb:set package 'zed_components' build argument 'catkin_cmake_args' from command line to 'None'
[0.276s] Level 5:colcon.colcon_core.verb:set package 'zed_components' build argument 'catkin_skip_building_tests' from command line to 'False'
[0.276s] DEBUG:colcon.colcon_core.verb:Building package 'zed_components' with the following arguments: {'ament_cmake_args': None, 'build_base': '/home/awadh/zed_ws/build/zed_components', 'catkin_cmake_args': None, 'catkin_skip_building_tests': False, 'cmake_args': None, 'cmake_clean_cache': False, 'cmake_clean_first': False, 'cmake_force_configure': False, 'cmake_target': None, 'cmake_target_skip_unavailable': False, 'install_base': '/home/awadh/zed_ws/install/zed_components', 'merge_install': False, 'path': '/home/awadh/zed_ws/src/zed-ros2-wrapper/zed_components', 'symlink_install': False, 'test_result_base': None}
[0.276s] Level 5:colcon.colcon_core.verb:set package 'zed_topic_benchmark_component' build argument 'cmake_args' from command line to 'None'
[0.276s] Level 5:colcon.colcon_core.verb:set package 'zed_topic_benchmark_component' build argument 'cmake_target' from command line to 'None'
[0.276s] Level 5:colcon.colcon_core.verb:set package 'zed_topic_benchmark_component' build argument 'cmake_target_skip_unavailable' from command line to 'False'
[0.276s] Level 5:colcon.colcon_core.verb:set package 'zed_topic_benchmark_component' build argument 'cmake_clean_cache' from command line to 'False'
[0.276s] Level 5:colcon.colcon_core.verb:set package 'zed_topic_benchmark_component' build argument 'cmake_clean_first' from command line to 'False'
[0.276s] Level 5:colcon.colcon_core.verb:set package 'zed_topic_benchmark_component' build argument 'cmake_force_configure' from command line to 'False'
[0.276s] Level 5:colcon.colcon_core.verb:set package 'zed_topic_benchmark_component' build argument 'ament_cmake_args' from command line to 'None'
[0.276s] Level 5:colcon.colcon_core.verb:set package 'zed_topic_benchmark_component' build argument 'catkin_cmake_args' from command line to 'None'
[0.276s] Level 5:colcon.colcon_core.verb:set package 'zed_topic_benchmark_component' build argument 'catkin_skip_building_tests' from command line to 'False'
[0.276s] DEBUG:colcon.colcon_core.verb:Building package 'zed_topic_benchmark_component' with the following arguments: {'ament_cmake_args': None, 'build_base': '/home/awadh/zed_ws/build/zed_topic_benchmark_component', 'catkin_cmake_args': None, 'catkin_skip_building_tests': False, 'cmake_args': None, 'cmake_clean_cache': False, 'cmake_clean_first': False, 'cmake_force_configure': False, 'cmake_target': None, 'cmake_target_skip_unavailable': False, 'install_base': '/home/awadh/zed_ws/install/zed_topic_benchmark_component', 'merge_install': False, 'path': '/home/awadh/zed_ws/src/zed-ros2-examples/tools/zed_benchmark_component', 'symlink_install': False, 'test_result_base': None}
[0.276s] Level 5:colcon.colcon_core.verb:set package 'zed_aruco_localization' build argument 'cmake_args' from command line to 'None'
[0.276s] Level 5:colcon.colcon_core.verb:set package 'zed_aruco_localization' build argument 'cmake_target' from command line to 'None'
[0.276s] Level 5:colcon.colcon_core.verb:set package 'zed_aruco_localization' build argument 'cmake_target_skip_unavailable' from command line to 'False'
[0.276s] Level 5:colcon.colcon_core.verb:set package 'zed_aruco_localization' build argument 'cmake_clean_cache' from command line to 'False'
[0.276s] Level 5:colcon.colcon_core.verb:set package 'zed_aruco_localization' build argument 'cmake_clean_first' from command line to 'False'
[0.276s] Level 5:colcon.colcon_core.verb:set package 'zed_aruco_localization' build argument 'cmake_force_configure' from command line to 'False'
[0.276s] Level 5:colcon.colcon_core.verb:set package 'zed_aruco_localization' build argument 'ament_cmake_args' from command line to 'None'
[0.276s] Level 5:colcon.colcon_core.verb:set package 'zed_aruco_localization' build argument 'catkin_cmake_args' from command line to 'None'
[0.276s] Level 5:colcon.colcon_core.verb:set package 'zed_aruco_localization' build argument 'catkin_skip_building_tests' from command line to 'False'
[0.276s] DEBUG:colcon.colcon_core.verb:Building package 'zed_aruco_localization' with the following arguments: {'ament_cmake_args': None, 'build_base': '/home/awadh/zed_ws/build/zed_aruco_localization', 'catkin_cmake_args': None, 'catkin_skip_building_tests': False, 'cmake_args': None, 'cmake_clean_cache': False, 'cmake_clean_first': False, 'cmake_force_configure': False, 'cmake_target': None, 'cmake_target_skip_unavailable': False, 'install_base': '/home/awadh/zed_ws/install/zed_aruco_localization', 'merge_install': False, 'path': '/home/awadh/zed_ws/src/zed-ros2-examples/examples/zed_aruco_localization', 'symlink_install': False, 'test_result_base': None}
[0.277s] Level 5:colcon.colcon_core.verb:set package 'zed_rgb_convert' build argument 'cmake_args' from command line to 'None'
[0.277s] Level 5:colcon.colcon_core.verb:set package 'zed_rgb_convert' build argument 'cmake_target' from command line to 'None'
[0.277s] Level 5:colcon.colcon_core.verb:set package 'zed_rgb_convert' build argument 'cmake_target_skip_unavailable' from command line to 'False'
[0.277s] Level 5:colcon.colcon_core.verb:set package 'zed_rgb_convert' build argument 'cmake_clean_cache' from command line to 'False'
[0.277s] Level 5:colcon.colcon_core.verb:set package 'zed_rgb_convert' build argument 'cmake_clean_first' from command line to 'False'
[0.277s] Level 5:colcon.colcon_core.verb:set package 'zed_rgb_convert' build argument 'cmake_force_configure' from command line to 'False'
[0.277s] Level 5:colcon.colcon_core.verb:set package 'zed_rgb_convert' build argument 'ament_cmake_args' from command line to 'None'
[0.277s] Level 5:colcon.colcon_core.verb:set package 'zed_rgb_convert' build argument 'catkin_cmake_args' from command line to 'None'
[0.277s] Level 5:colcon.colcon_core.verb:set package 'zed_rgb_convert' build argument 'catkin_skip_building_tests' from command line to 'False'
[0.277s] DEBUG:colcon.colcon_core.verb:Building package 'zed_rgb_convert' with the following arguments: {'ament_cmake_args': None, 'build_base': '/home/awadh/zed_ws/build/zed_rgb_convert', 'catkin_cmake_args': None, 'catkin_skip_building_tests': False, 'cmake_args': None, 'cmake_clean_cache': False, 'cmake_clean_first': False, 'cmake_force_configure': False, 'cmake_target': None, 'cmake_target_skip_unavailable': False, 'install_base': '/home/awadh/zed_ws/install/zed_rgb_convert', 'merge_install': False, 'path': '/home/awadh/zed_ws/src/zed-ros2-examples/tutorials/zed_rgb_convert', 'symlink_install': False, 'test_result_base': None}
[0.277s] Level 5:colcon.colcon_core.verb:set package 'zed_topic_benchmark' build argument 'cmake_args' from command line to 'None'
[0.277s] Level 5:colcon.colcon_core.verb:set package 'zed_topic_benchmark' build argument 'cmake_target' from command line to 'None'
[0.277s] Level 5:colcon.colcon_core.verb:set package 'zed_topic_benchmark' build argument 'cmake_target_skip_unavailable' from command line to 'False'
[0.277s] Level 5:colcon.colcon_core.verb:set package 'zed_topic_benchmark' build argument 'cmake_clean_cache' from command line to 'False'
[0.277s] Level 5:colcon.colcon_core.verb:set package 'zed_topic_benchmark' build argument 'cmake_clean_first' from command line to 'False'
[0.277s] Level 5:colcon.colcon_core.verb:set package 'zed_topic_benchmark' build argument 'cmake_force_configure' from command line to 'False'
[0.277s] Level 5:colcon.colcon_core.verb:set package 'zed_topic_benchmark' build argument 'ament_cmake_args' from command line to 'None'
[0.277s] Level 5:colcon.colcon_core.verb:set package 'zed_topic_benchmark' build argument 'catkin_cmake_args' from command line to 'None'
[0.277s] Level 5:colcon.colcon_core.verb:set package 'zed_topic_benchmark' build argument 'catkin_skip_building_tests' from command line to 'False'
[0.277s] DEBUG:colcon.colcon_core.verb:Building package 'zed_topic_benchmark' with the following arguments: {'ament_cmake_args': None, 'build_base': '/home/awadh/zed_ws/build/zed_topic_benchmark', 'catkin_cmake_args': None, 'catkin_skip_building_tests': False, 'cmake_args': None, 'cmake_clean_cache': False, 'cmake_clean_first': False, 'cmake_force_configure': False, 'cmake_target': None, 'cmake_target_skip_unavailable': False, 'install_base': '/home/awadh/zed_ws/install/zed_topic_benchmark', 'merge_install': False, 'path': '/home/awadh/zed_ws/src/zed-ros2-examples/tools/zed_benchmark', 'symlink_install': False, 'test_result_base': None}
[0.277s] Level 5:colcon.colcon_core.verb:set package 'zed_wrapper' build argument 'cmake_args' from command line to 'None'
[0.277s] Level 5:colcon.colcon_core.verb:set package 'zed_wrapper' build argument 'cmake_target' from command line to 'None'
[0.277s] Level 5:colcon.colcon_core.verb:set package 'zed_wrapper' build argument 'cmake_target_skip_unavailable' from command line to 'False'
[0.277s] Level 5:colcon.colcon_core.verb:set package 'zed_wrapper' build argument 'cmake_clean_cache' from command line to 'False'
[0.277s] Level 5:colcon.colcon_core.verb:set package 'zed_wrapper' build argument 'cmake_clean_first' from command line to 'False'
[0.277s] Level 5:colcon.colcon_core.verb:set package 'zed_wrapper' build argument 'cmake_force_configure' from command line to 'False'
[0.277s] Level 5:colcon.colcon_core.verb:set package 'zed_wrapper' build argument 'ament_cmake_args' from command line to 'None'
[0.277s] Level 5:colcon.colcon_core.verb:set package 'zed_wrapper' build argument 'catkin_cmake_args' from command line to 'None'
[0.277s] Level 5:colcon.colcon_core.verb:set package 'zed_wrapper' build argument 'catkin_skip_building_tests' from command line to 'False'
[0.277s] DEBUG:colcon.colcon_core.verb:Building package 'zed_wrapper' with the following arguments: {'ament_cmake_args': None, 'build_base': '/home/awadh/zed_ws/build/zed_wrapper', 'catkin_cmake_args': None, 'catkin_skip_building_tests': False, 'cmake_args': None, 'cmake_clean_cache': False, 'cmake_clean_first': False, 'cmake_force_configure': False, 'cmake_target': None, 'cmake_target_skip_unavailable': False, 'install_base': '/home/awadh/zed_ws/install/zed_wrapper', 'merge_install': False, 'path': '/home/awadh/zed_ws/src/zed-ros2-wrapper/zed_wrapper', 'symlink_install': False, 'test_result_base': None}
[0.278s] Level 5:colcon.colcon_core.verb:set package 'zed_depth_to_laserscan' build argument 'cmake_args' from command line to 'None'
[0.278s] Level 5:colcon.colcon_core.verb:set package 'zed_depth_to_laserscan' build argument 'cmake_target' from command line to 'None'
[0.278s] Level 5:colcon.colcon_core.verb:set package 'zed_depth_to_laserscan' build argument 'cmake_target_skip_unavailable' from command line to 'False'
[0.278s] Level 5:colcon.colcon_core.verb:set package 'zed_depth_to_laserscan' build argument 'cmake_clean_cache' from command line to 'False'
[0.278s] Level 5:colcon.colcon_core.verb:set package 'zed_depth_to_laserscan' build argument 'cmake_clean_first' from command line to 'False'
[0.278s] Level 5:colcon.colcon_core.verb:set package 'zed_depth_to_laserscan' build argument 'cmake_force_configure' from command line to 'False'
[0.278s] Level 5:colcon.colcon_core.verb:set package 'zed_depth_to_laserscan' build argument 'ament_cmake_args' from command line to 'None'
[0.278s] Level 5:colcon.colcon_core.verb:set package 'zed_depth_to_laserscan' build argument 'catkin_cmake_args' from command line to 'None'
[0.278s] Level 5:colcon.colcon_core.verb:set package 'zed_depth_to_laserscan' build argument 'catkin_skip_building_tests' from command line to 'False'
[0.278s] DEBUG:colcon.colcon_core.verb:Building package 'zed_depth_to_laserscan' with the following arguments: {'ament_cmake_args': None, 'build_base': '/home/awadh/zed_ws/build/zed_depth_to_laserscan', 'catkin_cmake_args': None, 'catkin_skip_building_tests': False, 'cmake_args': None, 'cmake_clean_cache': False, 'cmake_clean_first': False, 'cmake_force_configure': False, 'cmake_target': None, 'cmake_target_skip_unavailable': False, 'install_base': '/home/awadh/zed_ws/install/zed_depth_to_laserscan', 'merge_install': False, 'path': '/home/awadh/zed_ws/src/zed-ros2-examples/examples/zed_depth_to_laserscan', 'symlink_install': False, 'test_result_base': None}
[0.278s] Level 5:colcon.colcon_core.verb:set package 'zed_display_rviz2' build argument 'cmake_args' from command line to 'None'
[0.278s] Level 5:colcon.colcon_core.verb:set package 'zed_display_rviz2' build argument 'cmake_target' from command line to 'None'
[0.278s] Level 5:colcon.colcon_core.verb:set package 'zed_display_rviz2' build argument 'cmake_target_skip_unavailable' from command line to 'False'
[0.278s] Level 5:colcon.colcon_core.verb:set package 'zed_display_rviz2' build argument 'cmake_clean_cache' from command line to 'False'
[0.278s] Level 5:colcon.colcon_core.verb:set package 'zed_display_rviz2' build argument 'cmake_clean_first' from command line to 'False'
[0.278s] Level 5:colcon.colcon_core.verb:set package 'zed_display_rviz2' build argument 'cmake_force_configure' from command line to 'False'
[0.278s] Level 5:colcon.colcon_core.verb:set package 'zed_display_rviz2' build argument 'ament_cmake_args' from command line to 'None'
[0.278s] Level 5:colcon.colcon_core.verb:set package 'zed_display_rviz2' build argument 'catkin_cmake_args' from command line to 'None'
[0.278s] Level 5:colcon.colcon_core.verb:set package 'zed_display_rviz2' build argument 'catkin_skip_building_tests' from command line to 'False'
[0.278s] DEBUG:colcon.colcon_core.verb:Building package 'zed_display_rviz2' with the following arguments: {'ament_cmake_args': None, 'build_base': '/home/awadh/zed_ws/build/zed_display_rviz2', 'catkin_cmake_args': None, 'catkin_skip_building_tests': False, 'cmake_args': None, 'cmake_clean_cache': False, 'cmake_clean_first': False, 'cmake_force_configure': False, 'cmake_target': None, 'cmake_target_skip_unavailable': False, 'install_base': '/home/awadh/zed_ws/install/zed_display_rviz2', 'merge_install': False, 'path': '/home/awadh/zed_ws/src/zed-ros2-examples/zed_display_rviz2', 'symlink_install': False, 'test_result_base': None}
[0.278s] Level 5:colcon.colcon_core.verb:set package 'zed_multi_camera' build argument 'cmake_args' from command line to 'None'
[0.278s] Level 5:colcon.colcon_core.verb:set package 'zed_multi_camera' build argument 'cmake_target' from command line to 'None'
[0.278s] Level 5:colcon.colcon_core.verb:set package 'zed_multi_camera' build argument 'cmake_target_skip_unavailable' from command line to 'False'
[0.278s] Level 5:colcon.colcon_core.verb:set package 'zed_multi_camera' build argument 'cmake_clean_cache' from command line to 'False'
[0.278s] Level 5:colcon.colcon_core.verb:set package 'zed_multi_camera' build argument 'cmake_clean_first' from command line to 'False'
[0.278s] Level 5:colcon.colcon_core.verb:set package 'zed_multi_camera' build argument 'cmake_force_configure' from command line to 'False'
[0.278s] Level 5:colcon.colcon_core.verb:set package 'zed_multi_camera' build argument 'ament_cmake_args' from command line to 'None'
[0.278s] Level 5:colcon.colcon_core.verb:set package 'zed_multi_camera' build argument 'catkin_cmake_args' from command line to 'None'
[0.278s] Level 5:colcon.colcon_core.verb:set package 'zed_multi_camera' build argument 'catkin_skip_building_tests' from command line to 'False'
[0.278s] DEBUG:colcon.colcon_core.verb:Building package 'zed_multi_camera' with the following arguments: {'ament_cmake_args': None, 'build_base': '/home/awadh/zed_ws/build/zed_multi_camera', 'catkin_cmake_args': None, 'catkin_skip_building_tests': False, 'cmake_args': None, 'cmake_clean_cache': False, 'cmake_clean_first': False, 'cmake_force_configure': False, 'cmake_target': None, 'cmake_target_skip_unavailable': False, 'install_base': '/home/awadh/zed_ws/install/zed_multi_camera', 'merge_install': False, 'path': '/home/awadh/zed_ws/src/zed-ros2-examples/tutorials/zed_multi_camera', 'symlink_install': False, 'test_result_base': None}
[0.278s] Level 5:colcon.colcon_core.verb:set package 'zed_robot_integration' build argument 'cmake_args' from command line to 'None'
[0.278s] Level 5:colcon.colcon_core.verb:set package 'zed_robot_integration' build argument 'cmake_target' from command line to 'None'
[0.278s] Level 5:colcon.colcon_core.verb:set package 'zed_robot_integration' build argument 'cmake_target_skip_unavailable' from command line to 'False'
[0.279s] Level 5:colcon.colcon_core.verb:set package 'zed_robot_integration' build argument 'cmake_clean_cache' from command line to 'False'
[0.279s] Level 5:colcon.colcon_core.verb:set package 'zed_robot_integration' build argument 'cmake_clean_first' from command line to 'False'
[0.279s] Level 5:colcon.colcon_core.verb:set package 'zed_robot_integration' build argument 'cmake_force_configure' from command line to 'False'
[0.279s] Level 5:colcon.colcon_core.verb:set package 'zed_robot_integration' build argument 'ament_cmake_args' from command line to 'None'
[0.279s] Level 5:colcon.colcon_core.verb:set package 'zed_robot_integration' build argument 'catkin_cmake_args' from command line to 'None'
[0.279s] Level 5:colcon.colcon_core.verb:set package 'zed_robot_integration' build argument 'catkin_skip_building_tests' from command line to 'False'
[0.279s] DEBUG:colcon.colcon_core.verb:Building package 'zed_robot_integration' with the following arguments: {'ament_cmake_args': None, 'build_base': '/home/awadh/zed_ws/build/zed_robot_integration', 'catkin_cmake_args': None, 'catkin_skip_building_tests': False, 'cmake_args': None, 'cmake_clean_cache': False, 'cmake_clean_first': False, 'cmake_force_configure': False, 'cmake_target': None, 'cmake_target_skip_unavailable': False, 'install_base': '/home/awadh/zed_ws/install/zed_robot_integration', 'merge_install': False, 'path': '/home/awadh/zed_ws/src/zed-ros2-examples/tutorials/zed_robot_integration', 'symlink_install': False, 'test_result_base': None}
[0.279s] Level 5:colcon.colcon_core.verb:set package 'zed_ros2' build argument 'cmake_args' from command line to 'None'
[0.279s] Level 5:colcon.colcon_core.verb:set package 'zed_ros2' build argument 'cmake_target' from command line to 'None'
[0.279s] Level 5:colcon.colcon_core.verb:set package 'zed_ros2' build argument 'cmake_target_skip_unavailable' from command line to 'False'
[0.279s] Level 5:colcon.colcon_core.verb:set package 'zed_ros2' build argument 'cmake_clean_cache' from command line to 'False'
[0.279s] Level 5:colcon.colcon_core.verb:set package 'zed_ros2' build argument 'cmake_clean_first' from command line to 'False'
[0.279s] Level 5:colcon.colcon_core.verb:set package 'zed_ros2' build argument 'cmake_force_configure' from command line to 'False'
[0.279s] Level 5:colcon.colcon_core.verb:set package 'zed_ros2' build argument 'ament_cmake_args' from command line to 'None'
[0.279s] Level 5:colcon.colcon_core.verb:set package 'zed_ros2' build argument 'catkin_cmake_args' from command line to 'None'
[0.279s] Level 5:colcon.colcon_core.verb:set package 'zed_ros2' build argument 'catkin_skip_building_tests' from command line to 'False'
[0.279s] DEBUG:colcon.colcon_core.verb:Building package 'zed_ros2' with the following arguments: {'ament_cmake_args': None, 'build_base': '/home/awadh/zed_ws/build/zed_ros2', 'catkin_cmake_args': None, 'catkin_skip_building_tests': False, 'cmake_args': None, 'cmake_clean_cache': False, 'cmake_clean_first': False, 'cmake_force_configure': False, 'cmake_target': None, 'cmake_target_skip_unavailable': False, 'install_base': '/home/awadh/zed_ws/install/zed_ros2', 'merge_install': False, 'path': '/home/awadh/zed_ws/src/zed-ros2-wrapper/zed_ros2', 'symlink_install': False, 'test_result_base': None}
[0.279s] INFO:colcon.colcon_core.executor:Executing jobs using 'parallel' executor
[0.280s] DEBUG:colcon.colcon_parallel_executor.executor.parallel:run_until_complete
[0.280s] INFO:colcon.colcon_ros.task.ament_cmake.build:Building ROS package in '/home/awadh/zed_ws/src/zed-ros2-wrapper/zed-ros2-interfaces' with build type 'ament_cmake'
[0.280s] INFO:colcon.colcon_cmake.task.cmake.build:Building CMake package in '/home/awadh/zed_ws/src/zed-ros2-wrapper/zed-ros2-interfaces'
[0.281s] INFO:colcon.colcon_core.plugin_system:Skipping extension 'colcon_core.shell.bat': Not used on non-Windows systems
[0.281s] INFO:colcon.colcon_core.shell:Skip shell extension 'powershell' for command environment: Not usable outside of PowerShell
[0.282s] DEBUG:colcon.colcon_core.shell:Skip shell extension 'dsv' for command environment
[0.286s] INFO:colcon.colcon_ros.task.ament_cmake.build:Building ROS package in '/home/awadh/zed_ws/src/zed-ros2-examples/tools/zed_benchmark_interfaces' with build type 'ament_cmake'
[0.286s] INFO:colcon.colcon_cmake.task.cmake.build:Building CMake package in '/home/awadh/zed_ws/src/zed-ros2-examples/tools/zed_benchmark_interfaces'
[0.286s] INFO:colcon.colcon_core.shell:Skip shell extension 'powershell' for command environment: Not usable outside of PowerShell
[0.286s] DEBUG:colcon.colcon_core.shell:Skip shell extension 'dsv' for command environment
[0.291s] INFO:colcon.colcon_ros.task.ament_cmake.build:Building ROS package in '/home/awadh/zed_ws/src/zed-ros2-examples/tutorials/zed_depth_tutorial' with build type 'ament_cmake'
[0.291s] INFO:colcon.colcon_cmake.task.cmake.build:Building CMake package in '/home/awadh/zed_ws/src/zed-ros2-examples/tutorials/zed_depth_tutorial'
[0.291s] INFO:colcon.colcon_core.shell:Skip shell extension 'powershell' for command environment: Not usable outside of PowerShell
[0.291s] DEBUG:colcon.colcon_core.shell:Skip shell extension 'dsv' for command environment
[0.295s] INFO:colcon.colcon_ros.task.ament_cmake.build:Building ROS package in '/home/awadh/zed_ws/src/zed-ros2-examples/tutorials/zed_pose_tutorial' with build type 'ament_cmake'
[0.295s] INFO:colcon.colcon_cmake.task.cmake.build:Building CMake package in '/home/awadh/zed_ws/src/zed-ros2-examples/tutorials/zed_pose_tutorial'
[0.295s] INFO:colcon.colcon_core.shell:Skip shell extension 'powershell' for command environment: Not usable outside of PowerShell
[0.295s] DEBUG:colcon.colcon_core.shell:Skip shell extension 'dsv' for command environment
[0.299s] INFO:colcon.colcon_ros.task.ament_cmake.build:Building ROS package in '/home/awadh/zed_ws/src/zed-ros2-examples/tutorials/zed_video_tutorial' with build type 'ament_cmake'
[0.299s] INFO:colcon.colcon_cmake.task.cmake.build:Building CMake package in '/home/awadh/zed_ws/src/zed-ros2-examples/tutorials/zed_video_tutorial'
[0.300s] INFO:colcon.colcon_core.shell:Skip shell extension 'powershell' for command environment: Not usable outside of PowerShell
[0.300s] DEBUG:colcon.colcon_core.shell:Skip shell extension 'dsv' for command environment
[0.307s] DEBUG:colcon.colcon_core.event_handler.log_command:Invoking command in '/home/awadh/zed_ws/build/zed_interfaces': CMAKE_PREFIX_PATH=/home/awadh/gazebo_ws/install/yolov8_msgs:/home/awadh/gazebo_ws/install/yolobot_recognition:/home/awadh/gazebo_ws/install/yolobot_gazebo:/home/awadh/gazebo_ws/install/yolobot_description:/home/awadh/gazebo_ws/install/yolobot_control:/home/awadh/gazebo_ws/install/my_robot_bringup:/home/awadh/gazebo_ws/install/my_robot_description:/home/awadh/yolobot/install/yolov8_msgs:/home/awadh/yolobot/install/yolobot_recognition:/home/awadh/yolobot/install/yolobot_gazebo:/home/awadh/yolobot/install/yolobot_description:/home/awadh/yolobot/install/yolobot_control:/home/awadh/test2_ws/install/pcl_object_detection:/home/awadh/zed_ws/install/zed_tutorial_video:/home/awadh/zed_ws/install/zed_tutorial_pos_tracking:/home/awadh/zed_ws/install/zed_tutorial_depth:/home/awadh/zed_ws/install/zed_robot_integration:/home/awadh/zed_ws/install/zed_multi_camera:/home/awadh/zed_ws/install/zed_display_rviz2:/home/awadh/ouster_ws/install/ouster_ros:/home/awadh/ouster_ws/install/ouster_sensor_msgs:/home/awadh/ros2_ws/install/my_robot_bringup:/home/awadh/ros2_ws/install/turtlesim_project_cpp:/home/awadh/ros2_ws/install/my_cpp_pkg:/home/awadh/ros2_ws/install/my_robot_interfaces:/home/awadh/gazebo_ws/install/ultralytics_ros2:/home/awadh/ros2_ws/install/turtlesim_catch_them_all:/home/awadh/ros2_ws/install/my_py_pkg:/opt/ros/humble:/home/awadh/sick_tim_ws/install/sick_tim /usr/bin/cmake --build /home/awadh/zed_ws/build/zed_interfaces -- -j16 -l16
[0.309s] DEBUG:colcon.colcon_core.event_handler.log_command:Invoking command in '/home/awadh/zed_ws/build/zed_topic_benchmark_interfaces': CMAKE_PREFIX_PATH=/home/awadh/gazebo_ws/install/yolov8_msgs:/home/awadh/gazebo_ws/install/yolobot_recognition:/home/awadh/gazebo_ws/install/yolobot_gazebo:/home/awadh/gazebo_ws/install/yolobot_description:/home/awadh/gazebo_ws/install/yolobot_control:/home/awadh/gazebo_ws/install/my_robot_bringup:/home/awadh/gazebo_ws/install/my_robot_description:/home/awadh/yolobot/install/yolov8_msgs:/home/awadh/yolobot/install/yolobot_recognition:/home/awadh/yolobot/install/yolobot_gazebo:/home/awadh/yolobot/install/yolobot_description:/home/awadh/yolobot/install/yolobot_control:/home/awadh/test2_ws/install/pcl_object_detection:/home/awadh/zed_ws/install/zed_tutorial_video:/home/awadh/zed_ws/install/zed_tutorial_pos_tracking:/home/awadh/zed_ws/install/zed_tutorial_depth:/home/awadh/zed_ws/install/zed_robot_integration:/home/awadh/zed_ws/install/zed_multi_camera:/home/awadh/zed_ws/install/zed_display_rviz2:/home/awadh/ouster_ws/install/ouster_ros:/home/awadh/ouster_ws/install/ouster_sensor_msgs:/home/awadh/ros2_ws/install/my_robot_bringup:/home/awadh/ros2_ws/install/turtlesim_project_cpp:/home/awadh/ros2_ws/install/my_cpp_pkg:/home/awadh/ros2_ws/install/my_robot_interfaces:/home/awadh/gazebo_ws/install/ultralytics_ros2:/home/awadh/ros2_ws/install/turtlesim_catch_them_all:/home/awadh/ros2_ws/install/my_py_pkg:/opt/ros/humble:/home/awadh/sick_tim_ws/install/sick_tim /usr/bin/cmake --build /home/awadh/zed_ws/build/zed_topic_benchmark_interfaces -- -j16 -l16
[0.311s] DEBUG:colcon.colcon_core.event_handler.log_command:Invoking command in '/home/awadh/zed_ws/build/zed_tutorial_depth': CMAKE_PREFIX_PATH=/home/awadh/gazebo_ws/install/yolov8_msgs:/home/awadh/gazebo_ws/install/yolobot_recognition:/home/awadh/gazebo_ws/install/yolobot_gazebo:/home/awadh/gazebo_ws/install/yolobot_description:/home/awadh/gazebo_ws/install/yolobot_control:/home/awadh/gazebo_ws/install/my_robot_bringup:/home/awadh/gazebo_ws/install/my_robot_description:/home/awadh/yolobot/install/yolov8_msgs:/home/awadh/yolobot/install/yolobot_recognition:/home/awadh/yolobot/install/yolobot_gazebo:/home/awadh/yolobot/install/yolobot_description:/home/awadh/yolobot/install/yolobot_control:/home/awadh/test2_ws/install/pcl_object_detection:/home/awadh/zed_ws/install/zed_tutorial_video:/home/awadh/zed_ws/install/zed_tutorial_pos_tracking:/home/awadh/zed_ws/install/zed_tutorial_depth:/home/awadh/zed_ws/install/zed_robot_integration:/home/awadh/zed_ws/install/zed_multi_camera:/home/awadh/zed_ws/install/zed_display_rviz2:/home/awadh/ouster_ws/install/ouster_ros:/home/awadh/ouster_ws/install/ouster_sensor_msgs:/home/awadh/ros2_ws/install/my_robot_bringup:/home/awadh/ros2_ws/install/turtlesim_project_cpp:/home/awadh/ros2_ws/install/my_cpp_pkg:/home/awadh/ros2_ws/install/my_robot_interfaces:/home/awadh/gazebo_ws/install/ultralytics_ros2:/home/awadh/ros2_ws/install/turtlesim_catch_them_all:/home/awadh/ros2_ws/install/my_py_pkg:/opt/ros/humble:/home/awadh/sick_tim_ws/install/sick_tim /usr/bin/cmake --build /home/awadh/zed_ws/build/zed_tutorial_depth -- -j16 -l16
[0.313s] DEBUG:colcon.colcon_core.event_handler.log_command:Invoking command in '/home/awadh/zed_ws/build/zed_tutorial_pos_tracking': CMAKE_PREFIX_PATH=/home/awadh/gazebo_ws/install/yolov8_msgs:/home/awadh/gazebo_ws/install/yolobot_recognition:/home/awadh/gazebo_ws/install/yolobot_gazebo:/home/awadh/gazebo_ws/install/yolobot_description:/home/awadh/gazebo_ws/install/yolobot_control:/home/awadh/gazebo_ws/install/my_robot_bringup:/home/awadh/gazebo_ws/install/my_robot_description:/home/awadh/yolobot/install/yolov8_msgs:/home/awadh/yolobot/install/yolobot_recognition:/home/awadh/yolobot/install/yolobot_gazebo:/home/awadh/yolobot/install/yolobot_description:/home/awadh/yolobot/install/yolobot_control:/home/awadh/test2_ws/install/pcl_object_detection:/home/awadh/zed_ws/install/zed_tutorial_video:/home/awadh/zed_ws/install/zed_tutorial_pos_tracking:/home/awadh/zed_ws/install/zed_tutorial_depth:/home/awadh/zed_ws/install/zed_robot_integration:/home/awadh/zed_ws/install/zed_multi_camera:/home/awadh/zed_ws/install/zed_display_rviz2:/home/awadh/ouster_ws/install/ouster_ros:/home/awadh/ouster_ws/install/ouster_sensor_msgs:/home/awadh/ros2_ws/install/my_robot_bringup:/home/awadh/ros2_ws/install/turtlesim_project_cpp:/home/awadh/ros2_ws/install/my_cpp_pkg:/home/awadh/ros2_ws/install/my_robot_interfaces:/home/awadh/gazebo_ws/install/ultralytics_ros2:/home/awadh/ros2_ws/install/turtlesim_catch_them_all:/home/awadh/ros2_ws/install/my_py_pkg:/opt/ros/humble:/home/awadh/sick_tim_ws/install/sick_tim /usr/bin/cmake --build /home/awadh/zed_ws/build/zed_tutorial_pos_tracking -- -j16 -l16
[0.316s] DEBUG:colcon.colcon_core.event_handler.log_command:Invoking command in '/home/awadh/zed_ws/build/zed_tutorial_video': CMAKE_PREFIX_PATH=/home/awadh/gazebo_ws/install/yolov8_msgs:/home/awadh/gazebo_ws/install/yolobot_recognition:/home/awadh/gazebo_ws/install/yolobot_gazebo:/home/awadh/gazebo_ws/install/yolobot_description:/home/awadh/gazebo_ws/install/yolobot_control:/home/awadh/gazebo_ws/install/my_robot_bringup:/home/awadh/gazebo_ws/install/my_robot_description:/home/awadh/yolobot/install/yolov8_msgs:/home/awadh/yolobot/install/yolobot_recognition:/home/awadh/yolobot/install/yolobot_gazebo:/home/awadh/yolobot/install/yolobot_description:/home/awadh/yolobot/install/yolobot_control:/home/awadh/test2_ws/install/pcl_object_detection:/home/awadh/zed_ws/install/zed_tutorial_video:/home/awadh/zed_ws/install/zed_tutorial_pos_tracking:/home/awadh/zed_ws/install/zed_tutorial_depth:/home/awadh/zed_ws/install/zed_robot_integration:/home/awadh/zed_ws/install/zed_multi_camera:/home/awadh/zed_ws/install/zed_display_rviz2:/home/awadh/ouster_ws/install/ouster_ros:/home/awadh/ouster_ws/install/ouster_sensor_msgs:/home/awadh/ros2_ws/install/my_robot_bringup:/home/awadh/ros2_ws/install/turtlesim_project_cpp:/home/awadh/ros2_ws/install/my_cpp_pkg:/home/awadh/ros2_ws/install/my_robot_interfaces:/home/awadh/gazebo_ws/install/ultralytics_ros2:/home/awadh/ros2_ws/install/turtlesim_catch_them_all:/home/awadh/ros2_ws/install/my_py_pkg:/opt/ros/humble:/home/awadh/sick_tim_ws/install/sick_tim /usr/bin/cmake --build /home/awadh/zed_ws/build/zed_tutorial_video -- -j16 -l16
[0.365s] DEBUG:colcon.colcon_core.event_handler.log_command:Invoked command in '/home/awadh/zed_ws/build/zed_tutorial_depth' returned '0': CMAKE_PREFIX_PATH=/home/awadh/gazebo_ws/install/yolov8_msgs:/home/awadh/gazebo_ws/install/yolobot_recognition:/home/awadh/gazebo_ws/install/yolobot_gazebo:/home/awadh/gazebo_ws/install/yolobot_description:/home/awadh/gazebo_ws/install/yolobot_control:/home/awadh/gazebo_ws/install/my_robot_bringup:/home/awadh/gazebo_ws/install/my_robot_description:/home/awadh/yolobot/install/yolov8_msgs:/home/awadh/yolobot/install/yolobot_recognition:/home/awadh/yolobot/install/yolobot_gazebo:/home/awadh/yolobot/install/yolobot_description:/home/awadh/yolobot/install/yolobot_control:/home/awadh/test2_ws/install/pcl_object_detection:/home/awadh/zed_ws/install/zed_tutorial_video:/home/awadh/zed_ws/install/zed_tutorial_pos_tracking:/home/awadh/zed_ws/install/zed_tutorial_depth:/home/awadh/zed_ws/install/zed_robot_integration:/home/awadh/zed_ws/install/zed_multi_camera:/home/awadh/zed_ws/install/zed_display_rviz2:/home/awadh/ouster_ws/install/ouster_ros:/home/awadh/ouster_ws/install/ouster_sensor_msgs:/home/awadh/ros2_ws/install/my_robot_bringup:/home/awadh/ros2_ws/install/turtlesim_project_cpp:/home/awadh/ros2_ws/install/my_cpp_pkg:/home/awadh/ros2_ws/install/my_robot_interfaces:/home/awadh/gazebo_ws/install/ultralytics_ros2:/home/awadh/ros2_ws/install/turtlesim_catch_them_all:/home/awadh/ros2_ws/install/my_py_pkg:/opt/ros/humble:/home/awadh/sick_tim_ws/install/sick_tim /usr/bin/cmake --build /home/awadh/zed_ws/build/zed_tutorial_depth -- -j16 -l16
[0.367s] DEBUG:colcon.colcon_core.event_handler.log_command:Invoked command in '/home/awadh/zed_ws/build/zed_tutorial_pos_tracking' returned '0': CMAKE_PREFIX_PATH=/home/awadh/gazebo_ws/install/yolov8_msgs:/home/awadh/gazebo_ws/install/yolobot_recognition:/home/awadh/gazebo_ws/install/yolobot_gazebo:/home/awadh/gazebo_ws/install/yolobot_description:/home/awadh/gazebo_ws/install/yolobot_control:/home/awadh/gazebo_ws/install/my_robot_bringup:/home/awadh/gazebo_ws/install/my_robot_description:/home/awadh/yolobot/install/yolov8_msgs:/home/awadh/yolobot/install/yolobot_recognition:/home/awadh/yolobot/install/yolobot_gazebo:/home/awadh/yolobot/install/yolobot_description:/home/awadh/yolobot/install/yolobot_control:/home/awadh/test2_ws/install/pcl_object_detection:/home/awadh/zed_ws/install/zed_tutorial_video:/home/awadh/zed_ws/install/zed_tutorial_pos_tracking:/home/awadh/zed_ws/install/zed_tutorial_depth:/home/awadh/zed_ws/install/zed_robot_integration:/home/awadh/zed_ws/install/zed_multi_camera:/home/awadh/zed_ws/install/zed_display_rviz2:/home/awadh/ouster_ws/install/ouster_ros:/home/awadh/ouster_ws/install/ouster_sensor_msgs:/home/awadh/ros2_ws/install/my_robot_bringup:/home/awadh/ros2_ws/install/turtlesim_project_cpp:/home/awadh/ros2_ws/install/my_cpp_pkg:/home/awadh/ros2_ws/install/my_robot_interfaces:/home/awadh/gazebo_ws/install/ultralytics_ros2:/home/awadh/ros2_ws/install/turtlesim_catch_them_all:/home/awadh/ros2_ws/install/my_py_pkg:/opt/ros/humble:/home/awadh/sick_tim_ws/install/sick_tim /usr/bin/cmake --build /home/awadh/zed_ws/build/zed_tutorial_pos_tracking -- -j16 -l16
[0.370s] DEBUG:colcon.colcon_core.event_handler.log_command:Invoked command in '/home/awadh/zed_ws/build/zed_tutorial_video' returned '0': CMAKE_PREFIX_PATH=/home/awadh/gazebo_ws/install/yolov8_msgs:/home/awadh/gazebo_ws/install/yolobot_recognition:/home/awadh/gazebo_ws/install/yolobot_gazebo:/home/awadh/gazebo_ws/install/yolobot_description:/home/awadh/gazebo_ws/install/yolobot_control:/home/awadh/gazebo_ws/install/my_robot_bringup:/home/awadh/gazebo_ws/install/my_robot_description:/home/awadh/yolobot/install/yolov8_msgs:/home/awadh/yolobot/install/yolobot_recognition:/home/awadh/yolobot/install/yolobot_gazebo:/home/awadh/yolobot/install/yolobot_description:/home/awadh/yolobot/install/yolobot_control:/home/awadh/test2_ws/install/pcl_object_detection:/home/awadh/zed_ws/install/zed_tutorial_video:/home/awadh/zed_ws/install/zed_tutorial_pos_tracking:/home/awadh/zed_ws/install/zed_tutorial_depth:/home/awadh/zed_ws/install/zed_robot_integration:/home/awadh/zed_ws/install/zed_multi_camera:/home/awadh/zed_ws/install/zed_display_rviz2:/home/awadh/ouster_ws/install/ouster_ros:/home/awadh/ouster_ws/install/ouster_sensor_msgs:/home/awadh/ros2_ws/install/my_robot_bringup:/home/awadh/ros2_ws/install/turtlesim_project_cpp:/home/awadh/ros2_ws/install/my_cpp_pkg:/home/awadh/ros2_ws/install/my_robot_interfaces:/home/awadh/gazebo_ws/install/ultralytics_ros2:/home/awadh/ros2_ws/install/turtlesim_catch_them_all:/home/awadh/ros2_ws/install/my_py_pkg:/opt/ros/humble:/home/awadh/sick_tim_ws/install/sick_tim /usr/bin/cmake --build /home/awadh/zed_ws/build/zed_tutorial_video -- -j16 -l16
[0.399s] DEBUG:colcon.colcon_core.event_handler.log_command:Invoking command in '/home/awadh/zed_ws/build/zed_tutorial_depth': CMAKE_PREFIX_PATH=/home/awadh/gazebo_ws/install/yolov8_msgs:/home/awadh/gazebo_ws/install/yolobot_recognition:/home/awadh/gazebo_ws/install/yolobot_gazebo:/home/awadh/gazebo_ws/install/yolobot_description:/home/awadh/gazebo_ws/install/yolobot_control:/home/awadh/gazebo_ws/install/my_robot_bringup:/home/awadh/gazebo_ws/install/my_robot_description:/home/awadh/yolobot/install/yolov8_msgs:/home/awadh/yolobot/install/yolobot_recognition:/home/awadh/yolobot/install/yolobot_gazebo:/home/awadh/yolobot/install/yolobot_description:/home/awadh/yolobot/install/yolobot_control:/home/awadh/test2_ws/install/pcl_object_detection:/home/awadh/zed_ws/install/zed_tutorial_video:/home/awadh/zed_ws/install/zed_tutorial_pos_tracking:/home/awadh/zed_ws/install/zed_tutorial_depth:/home/awadh/zed_ws/install/zed_robot_integration:/home/awadh/zed_ws/install/zed_multi_camera:/home/awadh/zed_ws/install/zed_display_rviz2:/home/awadh/ouster_ws/install/ouster_ros:/home/awadh/ouster_ws/install/ouster_sensor_msgs:/home/awadh/ros2_ws/install/my_robot_bringup:/home/awadh/ros2_ws/install/turtlesim_project_cpp:/home/awadh/ros2_ws/install/my_cpp_pkg:/home/awadh/ros2_ws/install/my_robot_interfaces:/home/awadh/gazebo_ws/install/ultralytics_ros2:/home/awadh/ros2_ws/install/turtlesim_catch_them_all:/home/awadh/ros2_ws/install/my_py_pkg:/opt/ros/humble:/home/awadh/sick_tim_ws/install/sick_tim /usr/bin/cmake --install /home/awadh/zed_ws/build/zed_tutorial_depth
[0.402s] DEBUG:colcon.colcon_core.event_handler.log_command:Invoking command in '/home/awadh/zed_ws/build/zed_tutorial_video': CMAKE_PREFIX_PATH=/home/awadh/gazebo_ws/install/yolov8_msgs:/home/awadh/gazebo_ws/install/yolobot_recognition:/home/awadh/gazebo_ws/install/yolobot_gazebo:/home/awadh/gazebo_ws/install/yolobot_description:/home/awadh/gazebo_ws/install/yolobot_control:/home/awadh/gazebo_ws/install/my_robot_bringup:/home/awadh/gazebo_ws/install/my_robot_description:/home/awadh/yolobot/install/yolov8_msgs:/home/awadh/yolobot/install/yolobot_recognition:/home/awadh/yolobot/install/yolobot_gazebo:/home/awadh/yolobot/install/yolobot_description:/home/awadh/yolobot/install/yolobot_control:/home/awadh/test2_ws/install/pcl_object_detection:/home/awadh/zed_ws/install/zed_tutorial_video:/home/awadh/zed_ws/install/zed_tutorial_pos_tracking:/home/awadh/zed_ws/install/zed_tutorial_depth:/home/awadh/zed_ws/install/zed_robot_integration:/home/awadh/zed_ws/install/zed_multi_camera:/home/awadh/zed_ws/install/zed_display_rviz2:/home/awadh/ouster_ws/install/ouster_ros:/home/awadh/ouster_ws/install/ouster_sensor_msgs:/home/awadh/ros2_ws/install/my_robot_bringup:/home/awadh/ros2_ws/install/turtlesim_project_cpp:/home/awadh/ros2_ws/install/my_cpp_pkg:/home/awadh/ros2_ws/install/my_robot_interfaces:/home/awadh/gazebo_ws/install/ultralytics_ros2:/home/awadh/ros2_ws/install/turtlesim_catch_them_all:/home/awadh/ros2_ws/install/my_py_pkg:/opt/ros/humble:/home/awadh/sick_tim_ws/install/sick_tim /usr/bin/cmake --install /home/awadh/zed_ws/build/zed_tutorial_video
[0.403s] DEBUG:colcon.colcon_core.event_handler.log_command:Invoking command in '/home/awadh/zed_ws/build/zed_tutorial_pos_tracking': CMAKE_PREFIX_PATH=/home/awadh/gazebo_ws/install/yolov8_msgs:/home/awadh/gazebo_ws/install/yolobot_recognition:/home/awadh/gazebo_ws/install/yolobot_gazebo:/home/awadh/gazebo_ws/install/yolobot_description:/home/awadh/gazebo_ws/install/yolobot_control:/home/awadh/gazebo_ws/install/my_robot_bringup:/home/awadh/gazebo_ws/install/my_robot_description:/home/awadh/yolobot/install/yolov8_msgs:/home/awadh/yolobot/install/yolobot_recognition:/home/awadh/yolobot/install/yolobot_gazebo:/home/awadh/yolobot/install/yolobot_description:/home/awadh/yolobot/install/yolobot_control:/home/awadh/test2_ws/install/pcl_object_detection:/home/awadh/zed_ws/install/zed_tutorial_video:/home/awadh/zed_ws/install/zed_tutorial_pos_tracking:/home/awadh/zed_ws/install/zed_tutorial_depth:/home/awadh/zed_ws/install/zed_robot_integration:/home/awadh/zed_ws/install/zed_multi_camera:/home/awadh/zed_ws/install/zed_display_rviz2:/home/awadh/ouster_ws/install/ouster_ros:/home/awadh/ouster_ws/install/ouster_sensor_msgs:/home/awadh/ros2_ws/install/my_robot_bringup:/home/awadh/ros2_ws/install/turtlesim_project_cpp:/home/awadh/ros2_ws/install/my_cpp_pkg:/home/awadh/ros2_ws/install/my_robot_interfaces:/home/awadh/gazebo_ws/install/ultralytics_ros2:/home/awadh/ros2_ws/install/turtlesim_catch_them_all:/home/awadh/ros2_ws/install/my_py_pkg:/opt/ros/humble:/home/awadh/sick_tim_ws/install/sick_tim /usr/bin/cmake --install /home/awadh/zed_ws/build/zed_tutorial_pos_tracking
[0.416s] Level 1:colcon.colcon_core.environment:create_environment_scripts_only(zed_tutorial_depth)
[0.417s] DEBUG:colcon.colcon_core.event_handler.log_command:Invoked command in '/home/awadh/zed_ws/build/zed_tutorial_depth' returned '0': CMAKE_PREFIX_PATH=/home/awadh/gazebo_ws/install/yolov8_msgs:/home/awadh/gazebo_ws/install/yolobot_recognition:/home/awadh/gazebo_ws/install/yolobot_gazebo:/home/awadh/gazebo_ws/install/yolobot_description:/home/awadh/gazebo_ws/install/yolobot_control:/home/awadh/gazebo_ws/install/my_robot_bringup:/home/awadh/gazebo_ws/install/my_robot_description:/home/awadh/yolobot/install/yolov8_msgs:/home/awadh/yolobot/install/yolobot_recognition:/home/awadh/yolobot/install/yolobot_gazebo:/home/awadh/yolobot/install/yolobot_description:/home/awadh/yolobot/install/yolobot_control:/home/awadh/test2_ws/install/pcl_object_detection:/home/awadh/zed_ws/install/zed_tutorial_video:/home/awadh/zed_ws/install/zed_tutorial_pos_tracking:/home/awadh/zed_ws/install/zed_tutorial_depth:/home/awadh/zed_ws/install/zed_robot_integration:/home/awadh/zed_ws/install/zed_multi_camera:/home/awadh/zed_ws/install/zed_display_rviz2:/home/awadh/ouster_ws/install/ouster_ros:/home/awadh/ouster_ws/install/ouster_sensor_msgs:/home/awadh/ros2_ws/install/my_robot_bringup:/home/awadh/ros2_ws/install/turtlesim_project_cpp:/home/awadh/ros2_ws/install/my_cpp_pkg:/home/awadh/ros2_ws/install/my_robot_interfaces:/home/awadh/gazebo_ws/install/ultralytics_ros2:/home/awadh/ros2_ws/install/turtlesim_catch_them_all:/home/awadh/ros2_ws/install/my_py_pkg:/opt/ros/humble:/home/awadh/sick_tim_ws/install/sick_tim /usr/bin/cmake --install /home/awadh/zed_ws/build/zed_tutorial_depth
[0.419s] Level 1:colcon.colcon_core.environment:checking '/home/awadh/zed_ws/install/zed_tutorial_depth' for CMake module files
[0.419s] Level 1:colcon.colcon_core.environment:checking '/home/awadh/zed_ws/install/zed_tutorial_depth' for CMake config files
[0.420s] Level 1:colcon.colcon_core.shell:create_environment_hook('zed_tutorial_depth', 'cmake_prefix_path')
[0.420s] INFO:colcon.colcon_core.shell:Creating environment hook '/home/awadh/zed_ws/install/zed_tutorial_depth/share/zed_tutorial_depth/hook/cmake_prefix_path.ps1'
[0.421s] INFO:colcon.colcon_core.shell:Creating environment descriptor '/home/awadh/zed_ws/install/zed_tutorial_depth/share/zed_tutorial_depth/hook/cmake_prefix_path.dsv'
[0.421s] INFO:colcon.colcon_core.shell:Creating environment hook '/home/awadh/zed_ws/install/zed_tutorial_depth/share/zed_tutorial_depth/hook/cmake_prefix_path.sh'
[0.422s] Level 1:colcon.colcon_core.environment:checking '/home/awadh/zed_ws/install/zed_tutorial_depth/lib'
[0.422s] Level 1:colcon.colcon_core.environment:checking '/home/awadh/zed_ws/install/zed_tutorial_depth/bin'
[0.422s] Level 1:colcon.colcon_core.environment:checking '/home/awadh/zed_ws/install/zed_tutorial_depth/lib/pkgconfig/zed_tutorial_depth.pc'
[0.422s] Level 1:colcon.colcon_core.environment:checking '/home/awadh/zed_ws/install/zed_tutorial_depth/lib/python3.10/site-packages'
[0.422s] Level 1:colcon.colcon_core.environment:checking '/home/awadh/zed_ws/install/zed_tutorial_depth/bin'
[0.423s] INFO:colcon.colcon_core.shell:Creating package script '/home/awadh/zed_ws/install/zed_tutorial_depth/share/zed_tutorial_depth/package.ps1'
[0.423s] INFO:colcon.colcon_core.shell:Creating package descriptor '/home/awadh/zed_ws/install/zed_tutorial_depth/share/zed_tutorial_depth/package.dsv'
[0.424s] INFO:colcon.colcon_core.shell:Creating package script '/home/awadh/zed_ws/install/zed_tutorial_depth/share/zed_tutorial_depth/package.sh'
[0.424s] INFO:colcon.colcon_core.shell:Creating package script '/home/awadh/zed_ws/install/zed_tutorial_depth/share/zed_tutorial_depth/package.bash'
[0.425s] INFO:colcon.colcon_core.shell:Creating package script '/home/awadh/zed_ws/install/zed_tutorial_depth/share/zed_tutorial_depth/package.zsh'
[0.425s] Level 1:colcon.colcon_core.environment:create_file_with_runtime_dependencies(/home/awadh/zed_ws/install/zed_tutorial_depth/share/colcon-core/packages/zed_tutorial_depth)
[0.427s] Level 1:colcon.colcon_core.environment:create_environment_scripts_only(zed_tutorial_pos_tracking)
[0.427s] Level 1:colcon.colcon_core.environment:checking '/home/awadh/zed_ws/install/zed_tutorial_pos_tracking' for CMake module files
[0.427s] DEBUG:colcon.colcon_core.event_handler.log_command:Invoked command in '/home/awadh/zed_ws/build/zed_tutorial_pos_tracking' returned '0': CMAKE_PREFIX_PATH=/home/awadh/gazebo_ws/install/yolov8_msgs:/home/awadh/gazebo_ws/install/yolobot_recognition:/home/awadh/gazebo_ws/install/yolobot_gazebo:/home/awadh/gazebo_ws/install/yolobot_description:/home/awadh/gazebo_ws/install/yolobot_control:/home/awadh/gazebo_ws/install/my_robot_bringup:/home/awadh/gazebo_ws/install/my_robot_description:/home/awadh/yolobot/install/yolov8_msgs:/home/awadh/yolobot/install/yolobot_recognition:/home/awadh/yolobot/install/yolobot_gazebo:/home/awadh/yolobot/install/yolobot_description:/home/awadh/yolobot/install/yolobot_control:/home/awadh/test2_ws/install/pcl_object_detection:/home/awadh/zed_ws/install/zed_tutorial_video:/home/awadh/zed_ws/install/zed_tutorial_pos_tracking:/home/awadh/zed_ws/install/zed_tutorial_depth:/home/awadh/zed_ws/install/zed_robot_integration:/home/awadh/zed_ws/install/zed_multi_camera:/home/awadh/zed_ws/install/zed_display_rviz2:/home/awadh/ouster_ws/install/ouster_ros:/home/awadh/ouster_ws/install/ouster_sensor_msgs:/home/awadh/ros2_ws/install/my_robot_bringup:/home/awadh/ros2_ws/install/turtlesim_project_cpp:/home/awadh/ros2_ws/install/my_cpp_pkg:/home/awadh/ros2_ws/install/my_robot_interfaces:/home/awadh/gazebo_ws/install/ultralytics_ros2:/home/awadh/ros2_ws/install/turtlesim_catch_them_all:/home/awadh/ros2_ws/install/my_py_pkg:/opt/ros/humble:/home/awadh/sick_tim_ws/install/sick_tim /usr/bin/cmake --install /home/awadh/zed_ws/build/zed_tutorial_pos_tracking
[0.427s] Level 1:colcon.colcon_core.environment:checking '/home/awadh/zed_ws/install/zed_tutorial_pos_tracking' for CMake config files
[0.428s] Level 1:colcon.colcon_core.shell:create_environment_hook('zed_tutorial_pos_tracking', 'cmake_prefix_path')
[0.428s] INFO:colcon.colcon_core.shell:Creating environment hook '/home/awadh/zed_ws/install/zed_tutorial_pos_tracking/share/zed_tutorial_pos_tracking/hook/cmake_prefix_path.ps1'
[0.428s] INFO:colcon.colcon_core.shell:Creating environment descriptor '/home/awadh/zed_ws/install/zed_tutorial_pos_tracking/share/zed_tutorial_pos_tracking/hook/cmake_prefix_path.dsv'
[0.428s] INFO:colcon.colcon_core.shell:Creating environment hook '/home/awadh/zed_ws/install/zed_tutorial_pos_tracking/share/zed_tutorial_pos_tracking/hook/cmake_prefix_path.sh'
[0.429s] Level 1:colcon.colcon_core.environment:checking '/home/awadh/zed_ws/install/zed_tutorial_pos_tracking/lib'
[0.429s] Level 1:colcon.colcon_core.environment:checking '/home/awadh/zed_ws/install/zed_tutorial_pos_tracking/bin'
[0.429s] Level 1:colcon.colcon_core.environment:checking '/home/awadh/zed_ws/install/zed_tutorial_pos_tracking/lib/pkgconfig/zed_tutorial_pos_tracking.pc'
[0.429s] Level 1:colcon.colcon_core.environment:checking '/home/awadh/zed_ws/install/zed_tutorial_pos_tracking/lib/python3.10/site-packages'
[0.429s] Level 1:colcon.colcon_core.environment:checking '/home/awadh/zed_ws/install/zed_tutorial_pos_tracking/bin'
[0.429s] INFO:colcon.colcon_core.shell:Creating package script '/home/awadh/zed_ws/install/zed_tutorial_pos_tracking/share/zed_tutorial_pos_tracking/package.ps1'
[0.429s] INFO:colcon.colcon_core.shell:Creating package descriptor '/home/awadh/zed_ws/install/zed_tutorial_pos_tracking/share/zed_tutorial_pos_tracking/package.dsv'
[0.430s] INFO:colcon.colcon_core.shell:Creating package script '/home/awadh/zed_ws/install/zed_tutorial_pos_tracking/share/zed_tutorial_pos_tracking/package.sh'
[0.430s] INFO:colcon.colcon_core.shell:Creating package script '/home/awadh/zed_ws/install/zed_tutorial_pos_tracking/share/zed_tutorial_pos_tracking/package.bash'
[0.430s] INFO:colcon.colcon_core.shell:Creating package script '/home/awadh/zed_ws/install/zed_tutorial_pos_tracking/share/zed_tutorial_pos_tracking/package.zsh'
[0.430s] Level 1:colcon.colcon_core.environment:create_file_with_runtime_dependencies(/home/awadh/zed_ws/install/zed_tutorial_pos_tracking/share/colcon-core/packages/zed_tutorial_pos_tracking)
[0.431s] Level 1:colcon.colcon_core.environment:create_environment_scripts_only(zed_tutorial_video)
[0.432s] Level 1:colcon.colcon_core.environment:checking '/home/awadh/zed_ws/install/zed_tutorial_video' for CMake module files
[0.432s] DEBUG:colcon.colcon_core.event_handler.log_command:Invoked command in '/home/awadh/zed_ws/build/zed_tutorial_video' returned '0': CMAKE_PREFIX_PATH=/home/awadh/gazebo_ws/install/yolov8_msgs:/home/awadh/gazebo_ws/install/yolobot_recognition:/home/awadh/gazebo_ws/install/yolobot_gazebo:/home/awadh/gazebo_ws/install/yolobot_description:/home/awadh/gazebo_ws/install/yolobot_control:/home/awadh/gazebo_ws/install/my_robot_bringup:/home/awadh/gazebo_ws/install/my_robot_description:/home/awadh/yolobot/install/yolov8_msgs:/home/awadh/yolobot/install/yolobot_recognition:/home/awadh/yolobot/install/yolobot_gazebo:/home/awadh/yolobot/install/yolobot_description:/home/awadh/yolobot/install/yolobot_control:/home/awadh/test2_ws/install/pcl_object_detection:/home/awadh/zed_ws/install/zed_tutorial_video:/home/awadh/zed_ws/install/zed_tutorial_pos_tracking:/home/awadh/zed_ws/install/zed_tutorial_depth:/home/awadh/zed_ws/install/zed_robot_integration:/home/awadh/zed_ws/install/zed_multi_camera:/home/awadh/zed_ws/install/zed_display_rviz2:/home/awadh/ouster_ws/install/ouster_ros:/home/awadh/ouster_ws/install/ouster_sensor_msgs:/home/awadh/ros2_ws/install/my_robot_bringup:/home/awadh/ros2_ws/install/turtlesim_project_cpp:/home/awadh/ros2_ws/install/my_cpp_pkg:/home/awadh/ros2_ws/install/my_robot_interfaces:/home/awadh/gazebo_ws/install/ultralytics_ros2:/home/awadh/ros2_ws/install/turtlesim_catch_them_all:/home/awadh/ros2_ws/install/my_py_pkg:/opt/ros/humble:/home/awadh/sick_tim_ws/install/sick_tim /usr/bin/cmake --install /home/awadh/zed_ws/build/zed_tutorial_video
[0.432s] Level 1:colcon.colcon_core.environment:checking '/home/awadh/zed_ws/install/zed_tutorial_video' for CMake config files
[0.433s] Level 1:colcon.colcon_core.shell:create_environment_hook('zed_tutorial_video', 'cmake_prefix_path')
[0.433s] INFO:colcon.colcon_core.shell:Creating environment hook '/home/awadh/zed_ws/install/zed_tutorial_video/share/zed_tutorial_video/hook/cmake_prefix_path.ps1'
[0.433s] INFO:colcon.colcon_core.shell:Creating environment descriptor '/home/awadh/zed_ws/install/zed_tutorial_video/share/zed_tutorial_video/hook/cmake_prefix_path.dsv'
[0.433s] INFO:colcon.colcon_core.shell:Creating environment hook '/home/awadh/zed_ws/install/zed_tutorial_video/share/zed_tutorial_video/hook/cmake_prefix_path.sh'
[0.434s] Level 1:colcon.colcon_core.environment:checking '/home/awadh/zed_ws/install/zed_tutorial_video/lib'
[0.434s] Level 1:colcon.colcon_core.environment:checking '/home/awadh/zed_ws/install/zed_tutorial_video/bin'
[0.434s] Level 1:colcon.colcon_core.environment:checking '/home/awadh/zed_ws/install/zed_tutorial_video/lib/pkgconfig/zed_tutorial_video.pc'
[0.434s] Level 1:colcon.colcon_core.environment:checking '/home/awadh/zed_ws/install/zed_tutorial_video/lib/python3.10/site-packages'
[0.434s] Level 1:colcon.colcon_core.environment:checking '/home/awadh/zed_ws/install/zed_tutorial_video/bin'
[0.434s] INFO:colcon.colcon_core.shell:Creating package script '/home/awadh/zed_ws/install/zed_tutorial_video/share/zed_tutorial_video/package.ps1'
[0.434s] INFO:colcon.colcon_core.shell:Creating package descriptor '/home/awadh/zed_ws/install/zed_tutorial_video/share/zed_tutorial_video/package.dsv'
[0.435s] INFO:colcon.colcon_core.shell:Creating package script '/home/awadh/zed_ws/install/zed_tutorial_video/share/zed_tutorial_video/package.sh'
[0.435s] INFO:colcon.colcon_core.shell:Creating package script '/home/awadh/zed_ws/install/zed_tutorial_video/share/zed_tutorial_video/package.bash'
[0.435s] INFO:colcon.colcon_core.shell:Creating package script '/home/awadh/zed_ws/install/zed_tutorial_video/share/zed_tutorial_video/package.zsh'
[0.435s] Level 1:colcon.colcon_core.environment:create_file_with_runtime_dependencies(/home/awadh/zed_ws/install/zed_tutorial_video/share/colcon-core/packages/zed_tutorial_video)
[0.448s] Level 1:colcon.colcon_core.environment:create_environment_scripts_only(zed_tutorial_depth)
[0.448s] Level 1:colcon.colcon_core.environment:checking '/home/awadh/zed_ws/install/zed_tutorial_depth' for CMake module files
[0.449s] Level 1:colcon.colcon_core.environment:checking '/home/awadh/zed_ws/install/zed_tutorial_depth' for CMake config files
[0.449s] Level 1:colcon.colcon_core.shell:create_environment_hook('zed_tutorial_depth', 'cmake_prefix_path')
[0.449s] INFO:colcon.colcon_core.shell:Creating environment hook '/home/awadh/zed_ws/install/zed_tutorial_depth/share/zed_tutorial_depth/hook/cmake_prefix_path.ps1'
[0.450s] INFO:colcon.colcon_core.shell:Creating environment descriptor '/home/awadh/zed_ws/install/zed_tutorial_depth/share/zed_tutorial_depth/hook/cmake_prefix_path.dsv'
[0.450s] INFO:colcon.colcon_core.shell:Creating environment hook '/home/awadh/zed_ws/install/zed_tutorial_depth/share/zed_tutorial_depth/hook/cmake_prefix_path.sh'
[0.450s] Level 1:colcon.colcon_core.environment:checking '/home/awadh/zed_ws/install/zed_tutorial_depth/lib'
[0.450s] Level 1:colcon.colcon_core.environment:checking '/home/awadh/zed_ws/install/zed_tutorial_depth/bin'
[0.450s] Level 1:colcon.colcon_core.environment:checking '/home/awadh/zed_ws/install/zed_tutorial_depth/lib/pkgconfig/zed_tutorial_depth.pc'
[0.450s] Level 1:colcon.colcon_core.environment:checking '/home/awadh/zed_ws/install/zed_tutorial_depth/lib/python3.10/site-packages'
[0.451s] Level 1:colcon.colcon_core.environment:checking '/home/awadh/zed_ws/install/zed_tutorial_depth/bin'
[0.451s] INFO:colcon.colcon_core.shell:Creating package script '/home/awadh/zed_ws/install/zed_tutorial_depth/share/zed_tutorial_depth/package.ps1'
[0.451s] INFO:colcon.colcon_core.shell:Creating package descriptor '/home/awadh/zed_ws/install/zed_tutorial_depth/share/zed_tutorial_depth/package.dsv'
[0.451s] INFO:colcon.colcon_core.shell:Creating package script '/home/awadh/zed_ws/install/zed_tutorial_depth/share/zed_tutorial_depth/package.sh'
[0.452s] INFO:colcon.colcon_core.shell:Creating package script '/home/awadh/zed_ws/install/zed_tutorial_depth/share/zed_tutorial_depth/package.bash'
[0.452s] INFO:colcon.colcon_core.shell:Creating package script '/home/awadh/zed_ws/install/zed_tutorial_depth/share/zed_tutorial_depth/package.zsh'
[0.453s] Level 1:colcon.colcon_core.environment:create_file_with_runtime_dependencies(/home/awadh/zed_ws/install/zed_tutorial_depth/share/colcon-core/packages/zed_tutorial_depth)
[0.454s] Level 1:colcon.colcon_core.environment:create_environment_scripts_only(zed_tutorial_pos_tracking)
[0.454s] Level 1:colcon.colcon_core.environment:checking '/home/awadh/zed_ws/install/zed_tutorial_pos_tracking' for CMake module files
[0.455s] Level 1:colcon.colcon_core.environment:checking '/home/awadh/zed_ws/install/zed_tutorial_pos_tracking' for CMake config files
[0.455s] Level 1:colcon.colcon_core.shell:create_environment_hook('zed_tutorial_pos_tracking', 'cmake_prefix_path')
[0.455s] INFO:colcon.colcon_core.shell:Creating environment hook '/home/awadh/zed_ws/install/zed_tutorial_pos_tracking/share/zed_tutorial_pos_tracking/hook/cmake_prefix_path.ps1'
[0.456s] INFO:colcon.colcon_core.shell:Creating environment descriptor '/home/awadh/zed_ws/install/zed_tutorial_pos_tracking/share/zed_tutorial_pos_tracking/hook/cmake_prefix_path.dsv'
[0.456s] INFO:colcon.colcon_core.shell:Creating environment hook '/home/awadh/zed_ws/install/zed_tutorial_pos_tracking/share/zed_tutorial_pos_tracking/hook/cmake_prefix_path.sh'
[0.456s] Level 1:colcon.colcon_core.environment:checking '/home/awadh/zed_ws/install/zed_tutorial_pos_tracking/lib'
[0.456s] Level 1:colcon.colcon_core.environment:checking '/home/awadh/zed_ws/install/zed_tutorial_pos_tracking/bin'
[0.456s] Level 1:colcon.colcon_core.environment:checking '/home/awadh/zed_ws/install/zed_tutorial_pos_tracking/lib/pkgconfig/zed_tutorial_pos_tracking.pc'
[0.457s] Level 1:colcon.colcon_core.environment:checking '/home/awadh/zed_ws/install/zed_tutorial_pos_tracking/lib/python3.10/site-packages'
[0.457s] Level 1:colcon.colcon_core.environment:checking '/home/awadh/zed_ws/install/zed_tutorial_pos_tracking/bin'
[0.457s] INFO:colcon.colcon_core.shell:Creating package script '/home/awadh/zed_ws/install/zed_tutorial_pos_tracking/share/zed_tutorial_pos_tracking/package.ps1'
[0.458s] INFO:colcon.colcon_core.shell:Creating package descriptor '/home/awadh/zed_ws/install/zed_tutorial_pos_tracking/share/zed_tutorial_pos_tracking/package.dsv'
[0.458s] INFO:colcon.colcon_core.shell:Creating package script '/home/awadh/zed_ws/install/zed_tutorial_pos_tracking/share/zed_tutorial_pos_tracking/package.sh'
[0.459s] INFO:colcon.colcon_core.shell:Creating package script '/home/awadh/zed_ws/install/zed_tutorial_pos_tracking/share/zed_tutorial_pos_tracking/package.bash'
[0.459s] INFO:colcon.colcon_core.shell:Creating package script '/home/awadh/zed_ws/install/zed_tutorial_pos_tracking/share/zed_tutorial_pos_tracking/package.zsh'
[0.459s] Level 1:colcon.colcon_core.environment:create_file_with_runtime_dependencies(/home/awadh/zed_ws/install/zed_tutorial_pos_tracking/share/colcon-core/packages/zed_tutorial_pos_tracking)
[0.461s] Level 1:colcon.colcon_core.environment:create_environment_scripts_only(zed_tutorial_video)
[0.461s] Level 1:colcon.colcon_core.environment:checking '/home/awadh/zed_ws/install/zed_tutorial_video' for CMake module files
[0.461s] Level 1:colcon.colcon_core.environment:checking '/home/awadh/zed_ws/install/zed_tutorial_video' for CMake config files
[0.461s] Level 1:colcon.colcon_core.shell:create_environment_hook('zed_tutorial_video', 'cmake_prefix_path')
[0.462s] INFO:colcon.colcon_core.shell:Creating environment hook '/home/awadh/zed_ws/install/zed_tutorial_video/share/zed_tutorial_video/hook/cmake_prefix_path.ps1'
[0.462s] INFO:colcon.colcon_core.shell:Creating environment descriptor '/home/awadh/zed_ws/install/zed_tutorial_video/share/zed_tutorial_video/hook/cmake_prefix_path.dsv'
[0.462s] INFO:colcon.colcon_core.shell:Creating environment hook '/home/awadh/zed_ws/install/zed_tutorial_video/share/zed_tutorial_video/hook/cmake_prefix_path.sh'
[0.462s] Level 1:colcon.colcon_core.environment:checking '/home/awadh/zed_ws/install/zed_tutorial_video/lib'
[0.462s] Level 1:colcon.colcon_core.environment:checking '/home/awadh/zed_ws/install/zed_tutorial_video/bin'
[0.462s] Level 1:colcon.colcon_core.environment:checking '/home/awadh/zed_ws/install/zed_tutorial_video/lib/pkgconfig/zed_tutorial_video.pc'
[0.462s] Level 1:colcon.colcon_core.environment:checking '/home/awadh/zed_ws/install/zed_tutorial_video/lib/python3.10/site-packages'
[0.463s] Level 1:colcon.colcon_core.environment:checking '/home/awadh/zed_ws/install/zed_tutorial_video/bin'
[0.463s] INFO:colcon.colcon_core.shell:Creating package script '/home/awadh/zed_ws/install/zed_tutorial_video/share/zed_tutorial_video/package.ps1'
[0.463s] INFO:colcon.colcon_core.shell:Creating package descriptor '/home/awadh/zed_ws/install/zed_tutorial_video/share/zed_tutorial_video/package.dsv'
[0.463s] INFO:colcon.colcon_core.shell:Creating package script '/home/awadh/zed_ws/install/zed_tutorial_video/share/zed_tutorial_video/package.sh'
[0.464s] INFO:colcon.colcon_core.shell:Creating package script '/home/awadh/zed_ws/install/zed_tutorial_video/share/zed_tutorial_video/package.bash'
[0.464s] INFO:colcon.colcon_core.shell:Creating package script '/home/awadh/zed_ws/install/zed_tutorial_video/share/zed_tutorial_video/package.zsh'
[0.464s] Level 1:colcon.colcon_core.environment:create_file_with_runtime_dependencies(/home/awadh/zed_ws/install/zed_tutorial_video/share/colcon-core/packages/zed_tutorial_video)
[0.602s] DEBUG:colcon.colcon_core.event_handler.log_command:Invoked command in '/home/awadh/zed_ws/build/zed_interfaces' returned '0': CMAKE_PREFIX_PATH=/home/awadh/gazebo_ws/install/yolov8_msgs:/home/awadh/gazebo_ws/install/yolobot_recognition:/home/awadh/gazebo_ws/install/yolobot_gazebo:/home/awadh/gazebo_ws/install/yolobot_description:/home/awadh/gazebo_ws/install/yolobot_control:/home/awadh/gazebo_ws/install/my_robot_bringup:/home/awadh/gazebo_ws/install/my_robot_description:/home/awadh/yolobot/install/yolov8_msgs:/home/awadh/yolobot/install/yolobot_recognition:/home/awadh/yolobot/install/yolobot_gazebo:/home/awadh/yolobot/install/yolobot_description:/home/awadh/yolobot/install/yolobot_control:/home/awadh/test2_ws/install/pcl_object_detection:/home/awadh/zed_ws/install/zed_tutorial_video:/home/awadh/zed_ws/install/zed_tutorial_pos_tracking:/home/awadh/zed_ws/install/zed_tutorial_depth:/home/awadh/zed_ws/install/zed_robot_integration:/home/awadh/zed_ws/install/zed_multi_camera:/home/awadh/zed_ws/install/zed_display_rviz2:/home/awadh/ouster_ws/install/ouster_ros:/home/awadh/ouster_ws/install/ouster_sensor_msgs:/home/awadh/ros2_ws/install/my_robot_bringup:/home/awadh/ros2_ws/install/turtlesim_project_cpp:/home/awadh/ros2_ws/install/my_cpp_pkg:/home/awadh/ros2_ws/install/my_robot_interfaces:/home/awadh/gazebo_ws/install/ultralytics_ros2:/home/awadh/ros2_ws/install/turtlesim_catch_them_all:/home/awadh/ros2_ws/install/my_py_pkg:/opt/ros/humble:/home/awadh/sick_tim_ws/install/sick_tim /usr/bin/cmake --build /home/awadh/zed_ws/build/zed_interfaces -- -j16 -l16
[0.603s] DEBUG:colcon.colcon_core.event_handler.log_command:Invoked command in '/home/awadh/zed_ws/build/zed_topic_benchmark_interfaces' returned '0': CMAKE_PREFIX_PATH=/home/awadh/gazebo_ws/install/yolov8_msgs:/home/awadh/gazebo_ws/install/yolobot_recognition:/home/awadh/gazebo_ws/install/yolobot_gazebo:/home/awadh/gazebo_ws/install/yolobot_description:/home/awadh/gazebo_ws/install/yolobot_control:/home/awadh/gazebo_ws/install/my_robot_bringup:/home/awadh/gazebo_ws/install/my_robot_description:/home/awadh/yolobot/install/yolov8_msgs:/home/awadh/yolobot/install/yolobot_recognition:/home/awadh/yolobot/install/yolobot_gazebo:/home/awadh/yolobot/install/yolobot_description:/home/awadh/yolobot/install/yolobot_control:/home/awadh/test2_ws/install/pcl_object_detection:/home/awadh/zed_ws/install/zed_tutorial_video:/home/awadh/zed_ws/install/zed_tutorial_pos_tracking:/home/awadh/zed_ws/install/zed_tutorial_depth:/home/awadh/zed_ws/install/zed_robot_integration:/home/awadh/zed_ws/install/zed_multi_camera:/home/awadh/zed_ws/install/zed_display_rviz2:/home/awadh/ouster_ws/install/ouster_ros:/home/awadh/ouster_ws/install/ouster_sensor_msgs:/home/awadh/ros2_ws/install/my_robot_bringup:/home/awadh/ros2_ws/install/turtlesim_project_cpp:/home/awadh/ros2_ws/install/my_cpp_pkg:/home/awadh/ros2_ws/install/my_robot_interfaces:/home/awadh/gazebo_ws/install/ultralytics_ros2:/home/awadh/ros2_ws/install/turtlesim_catch_them_all:/home/awadh/ros2_ws/install/my_py_pkg:/opt/ros/humble:/home/awadh/sick_tim_ws/install/sick_tim /usr/bin/cmake --build /home/awadh/zed_ws/build/zed_topic_benchmark_interfaces -- -j16 -l16
[0.656s] DEBUG:colcon.colcon_core.event_handler.log_command:Invoking command in '/home/awadh/zed_ws/build/zed_topic_benchmark_interfaces': CMAKE_PREFIX_PATH=/home/awadh/gazebo_ws/install/yolov8_msgs:/home/awadh/gazebo_ws/install/yolobot_recognition:/home/awadh/gazebo_ws/install/yolobot_gazebo:/home/awadh/gazebo_ws/install/yolobot_description:/home/awadh/gazebo_ws/install/yolobot_control:/home/awadh/gazebo_ws/install/my_robot_bringup:/home/awadh/gazebo_ws/install/my_robot_description:/home/awadh/yolobot/install/yolov8_msgs:/home/awadh/yolobot/install/yolobot_recognition:/home/awadh/yolobot/install/yolobot_gazebo:/home/awadh/yolobot/install/yolobot_description:/home/awadh/yolobot/install/yolobot_control:/home/awadh/test2_ws/install/pcl_object_detection:/home/awadh/zed_ws/install/zed_tutorial_video:/home/awadh/zed_ws/install/zed_tutorial_pos_tracking:/home/awadh/zed_ws/install/zed_tutorial_depth:/home/awadh/zed_ws/install/zed_robot_integration:/home/awadh/zed_ws/install/zed_multi_camera:/home/awadh/zed_ws/install/zed_display_rviz2:/home/awadh/ouster_ws/install/ouster_ros:/home/awadh/ouster_ws/install/ouster_sensor_msgs:/home/awadh/ros2_ws/install/my_robot_bringup:/home/awadh/ros2_ws/install/turtlesim_project_cpp:/home/awadh/ros2_ws/install/my_cpp_pkg:/home/awadh/ros2_ws/install/my_robot_interfaces:/home/awadh/gazebo_ws/install/ultralytics_ros2:/home/awadh/ros2_ws/install/turtlesim_catch_them_all:/home/awadh/ros2_ws/install/my_py_pkg:/opt/ros/humble:/home/awadh/sick_tim_ws/install/sick_tim /usr/bin/cmake --install /home/awadh/zed_ws/build/zed_topic_benchmark_interfaces
[0.703s] Level 1:colcon.colcon_core.environment:create_environment_scripts_only(zed_topic_benchmark_interfaces)
[0.703s] Level 1:colcon.colcon_core.environment:checking '/home/awadh/zed_ws/install/zed_topic_benchmark_interfaces' for CMake module files
[0.704s] DEBUG:colcon.colcon_core.event_handler.log_command:Invoked command in '/home/awadh/zed_ws/build/zed_topic_benchmark_interfaces' returned '0': CMAKE_PREFIX_PATH=/home/awadh/gazebo_ws/install/yolov8_msgs:/home/awadh/gazebo_ws/install/yolobot_recognition:/home/awadh/gazebo_ws/install/yolobot_gazebo:/home/awadh/gazebo_ws/install/yolobot_description:/home/awadh/gazebo_ws/install/yolobot_control:/home/awadh/gazebo_ws/install/my_robot_bringup:/home/awadh/gazebo_ws/install/my_robot_description:/home/awadh/yolobot/install/yolov8_msgs:/home/awadh/yolobot/install/yolobot_recognition:/home/awadh/yolobot/install/yolobot_gazebo:/home/awadh/yolobot/install/yolobot_description:/home/awadh/yolobot/install/yolobot_control:/home/awadh/test2_ws/install/pcl_object_detection:/home/awadh/zed_ws/install/zed_tutorial_video:/home/awadh/zed_ws/install/zed_tutorial_pos_tracking:/home/awadh/zed_ws/install/zed_tutorial_depth:/home/awadh/zed_ws/install/zed_robot_integration:/home/awadh/zed_ws/install/zed_multi_camera:/home/awadh/zed_ws/install/zed_display_rviz2:/home/awadh/ouster_ws/install/ouster_ros:/home/awadh/ouster_ws/install/ouster_sensor_msgs:/home/awadh/ros2_ws/install/my_robot_bringup:/home/awadh/ros2_ws/install/turtlesim_project_cpp:/home/awadh/ros2_ws/install/my_cpp_pkg:/home/awadh/ros2_ws/install/my_robot_interfaces:/home/awadh/gazebo_ws/install/ultralytics_ros2:/home/awadh/ros2_ws/install/turtlesim_catch_them_all:/home/awadh/ros2_ws/install/my_py_pkg:/opt/ros/humble:/home/awadh/sick_tim_ws/install/sick_tim /usr/bin/cmake --install /home/awadh/zed_ws/build/zed_topic_benchmark_interfaces
[0.704s] Level 1:colcon.colcon_core.environment:checking '/home/awadh/zed_ws/install/zed_topic_benchmark_interfaces' for CMake config files
[0.704s] Level 1:colcon.colcon_core.shell:create_environment_hook('zed_topic_benchmark_interfaces', 'cmake_prefix_path')
[0.704s] INFO:colcon.colcon_core.shell:Creating environment hook '/home/awadh/zed_ws/install/zed_topic_benchmark_interfaces/share/zed_topic_benchmark_interfaces/hook/cmake_prefix_path.ps1'
[0.705s] INFO:colcon.colcon_core.shell:Creating environment descriptor '/home/awadh/zed_ws/install/zed_topic_benchmark_interfaces/share/zed_topic_benchmark_interfaces/hook/cmake_prefix_path.dsv'
[0.705s] INFO:colcon.colcon_core.shell:Creating environment hook '/home/awadh/zed_ws/install/zed_topic_benchmark_interfaces/share/zed_topic_benchmark_interfaces/hook/cmake_prefix_path.sh'
[0.705s] Level 1:colcon.colcon_core.environment:checking '/home/awadh/zed_ws/install/zed_topic_benchmark_interfaces/lib'
[0.705s] Level 1:colcon.colcon_core.shell:create_environment_hook('zed_topic_benchmark_interfaces', 'ld_library_path_lib')
[0.705s] INFO:colcon.colcon_core.shell:Creating environment hook '/home/awadh/zed_ws/install/zed_topic_benchmark_interfaces/share/zed_topic_benchmark_interfaces/hook/ld_library_path_lib.ps1'
[0.706s] INFO:colcon.colcon_core.shell:Creating environment descriptor '/home/awadh/zed_ws/install/zed_topic_benchmark_interfaces/share/zed_topic_benchmark_interfaces/hook/ld_library_path_lib.dsv'
[0.706s] INFO:colcon.colcon_core.shell:Creating environment hook '/home/awadh/zed_ws/install/zed_topic_benchmark_interfaces/share/zed_topic_benchmark_interfaces/hook/ld_library_path_lib.sh'
[0.706s] Level 1:colcon.colcon_core.environment:checking '/home/awadh/zed_ws/install/zed_topic_benchmark_interfaces/bin'
[0.706s] Level 1:colcon.colcon_core.environment:checking '/home/awadh/zed_ws/install/zed_topic_benchmark_interfaces/lib/pkgconfig/zed_topic_benchmark_interfaces.pc'
[0.706s] Level 1:colcon.colcon_core.environment:checking '/home/awadh/zed_ws/install/zed_topic_benchmark_interfaces/lib/python3.10/site-packages'
[0.706s] Level 1:colcon.colcon_core.environment:checking '/home/awadh/zed_ws/install/zed_topic_benchmark_interfaces/bin'
[0.707s] INFO:colcon.colcon_core.shell:Creating package script '/home/awadh/zed_ws/install/zed_topic_benchmark_interfaces/share/zed_topic_benchmark_interfaces/package.ps1'
[0.707s] INFO:colcon.colcon_core.shell:Creating package descriptor '/home/awadh/zed_ws/install/zed_topic_benchmark_interfaces/share/zed_topic_benchmark_interfaces/package.dsv'
[0.707s] INFO:colcon.colcon_core.shell:Creating package script '/home/awadh/zed_ws/install/zed_topic_benchmark_interfaces/share/zed_topic_benchmark_interfaces/package.sh'
[0.707s] INFO:colcon.colcon_core.shell:Creating package script '/home/awadh/zed_ws/install/zed_topic_benchmark_interfaces/share/zed_topic_benchmark_interfaces/package.bash'
[0.708s] INFO:colcon.colcon_core.shell:Creating package script '/home/awadh/zed_ws/install/zed_topic_benchmark_interfaces/share/zed_topic_benchmark_interfaces/package.zsh'
[0.708s] Level 1:colcon.colcon_core.environment:create_file_with_runtime_dependencies(/home/awadh/zed_ws/install/zed_topic_benchmark_interfaces/share/colcon-core/packages/zed_topic_benchmark_interfaces)
[0.759s] Level 1:colcon.colcon_core.environment:create_environment_scripts_only(zed_topic_benchmark_interfaces)
[0.759s] Level 1:colcon.colcon_core.environment:checking '/home/awadh/zed_ws/install/zed_topic_benchmark_interfaces' for CMake module files
[0.760s] Level 1:colcon.colcon_core.environment:checking '/home/awadh/zed_ws/install/zed_topic_benchmark_interfaces' for CMake config files
[0.760s] Level 1:colcon.colcon_core.shell:create_environment_hook('zed_topic_benchmark_interfaces', 'cmake_prefix_path')
[0.760s] INFO:colcon.colcon_core.shell:Creating environment hook '/home/awadh/zed_ws/install/zed_topic_benchmark_interfaces/share/zed_topic_benchmark_interfaces/hook/cmake_prefix_path.ps1'
[0.760s] INFO:colcon.colcon_core.shell:Creating environment descriptor '/home/awadh/zed_ws/install/zed_topic_benchmark_interfaces/share/zed_topic_benchmark_interfaces/hook/cmake_prefix_path.dsv'
[0.761s] INFO:colcon.colcon_core.shell:Creating environment hook '/home/awadh/zed_ws/install/zed_topic_benchmark_interfaces/share/zed_topic_benchmark_interfaces/hook/cmake_prefix_path.sh'
[0.761s] Level 1:colcon.colcon_core.environment:checking '/home/awadh/zed_ws/install/zed_topic_benchmark_interfaces/lib'
[0.761s] Level 1:colcon.colcon_core.shell:create_environment_hook('zed_topic_benchmark_interfaces', 'ld_library_path_lib')
[0.761s] INFO:colcon.colcon_core.shell:Creating environment hook '/home/awadh/zed_ws/install/zed_topic_benchmark_interfaces/share/zed_topic_benchmark_interfaces/hook/ld_library_path_lib.ps1'
[0.761s] INFO:colcon.colcon_core.shell:Creating environment descriptor '/home/awadh/zed_ws/install/zed_topic_benchmark_interfaces/share/zed_topic_benchmark_interfaces/hook/ld_library_path_lib.dsv'
[0.761s] INFO:colcon.colcon_core.shell:Creating environment hook '/home/awadh/zed_ws/install/zed_topic_benchmark_interfaces/share/zed_topic_benchmark_interfaces/hook/ld_library_path_lib.sh'
[0.762s] Level 1:colcon.colcon_core.environment:checking '/home/awadh/zed_ws/install/zed_topic_benchmark_interfaces/bin'
[0.762s] Level 1:colcon.colcon_core.environment:checking '/home/awadh/zed_ws/install/zed_topic_benchmark_interfaces/lib/pkgconfig/zed_topic_benchmark_interfaces.pc'
[0.762s] Level 1:colcon.colcon_core.environment:checking '/home/awadh/zed_ws/install/zed_topic_benchmark_interfaces/lib/python3.10/site-packages'
[0.762s] Level 1:colcon.colcon_core.environment:checking '/home/awadh/zed_ws/install/zed_topic_benchmark_interfaces/bin'
[0.762s] INFO:colcon.colcon_core.shell:Creating package script '/home/awadh/zed_ws/install/zed_topic_benchmark_interfaces/share/zed_topic_benchmark_interfaces/package.ps1'
[0.762s] INFO:colcon.colcon_core.shell:Creating package descriptor '/home/awadh/zed_ws/install/zed_topic_benchmark_interfaces/share/zed_topic_benchmark_interfaces/package.dsv'
[0.763s] INFO:colcon.colcon_core.shell:Creating package script '/home/awadh/zed_ws/install/zed_topic_benchmark_interfaces/share/zed_topic_benchmark_interfaces/package.sh'
[0.763s] INFO:colcon.colcon_core.shell:Creating package script '/home/awadh/zed_ws/install/zed_topic_benchmark_interfaces/share/zed_topic_benchmark_interfaces/package.bash'
[0.763s] INFO:colcon.colcon_core.shell:Creating package script '/home/awadh/zed_ws/install/zed_topic_benchmark_interfaces/share/zed_topic_benchmark_interfaces/package.zsh'
[0.763s] Level 1:colcon.colcon_core.environment:create_file_with_runtime_dependencies(/home/awadh/zed_ws/install/zed_topic_benchmark_interfaces/share/colcon-core/packages/zed_topic_benchmark_interfaces)
[0.763s] INFO:colcon.colcon_ros.task.ament_cmake.build:Building ROS package in '/home/awadh/zed_ws/src/zed-ros2-examples/tools/zed_benchmark_component' with build type 'ament_cmake'
[0.764s] INFO:colcon.colcon_cmake.task.cmake.build:Building CMake package in '/home/awadh/zed_ws/src/zed-ros2-examples/tools/zed_benchmark_component'
[0.764s] INFO:colcon.colcon_core.shell:Skip shell extension 'powershell' for command environment: Not usable outside of PowerShell
[0.764s] DEBUG:colcon.colcon_core.shell:Skip shell extension 'dsv' for command environment
[0.774s] DEBUG:colcon.colcon_core.event_handler.log_command:Invoking command in '/home/awadh/zed_ws/build/zed_topic_benchmark_component': AMENT_PREFIX_PATH=/home/awadh/zed_ws/install/zed_topic_benchmark_interfaces:${AMENT_PREFIX_PATH} CMAKE_PREFIX_PATH=/home/awadh/zed_ws/install/zed_topic_benchmark_interfaces:/home/awadh/gazebo_ws/install/yolov8_msgs:/home/awadh/gazebo_ws/install/yolobot_recognition:/home/awadh/gazebo_ws/install/yolobot_gazebo:/home/awadh/gazebo_ws/install/yolobot_description:/home/awadh/gazebo_ws/install/yolobot_control:/home/awadh/gazebo_ws/install/my_robot_bringup:/home/awadh/gazebo_ws/install/my_robot_description:/home/awadh/yolobot/install/yolov8_msgs:/home/awadh/yolobot/install/yolobot_recognition:/home/awadh/yolobot/install/yolobot_gazebo:/home/awadh/yolobot/install/yolobot_description:/home/awadh/yolobot/install/yolobot_control:/home/awadh/test2_ws/install/pcl_object_detection:/home/awadh/zed_ws/install/zed_tutorial_video:/home/awadh/zed_ws/install/zed_tutorial_pos_tracking:/home/awadh/zed_ws/install/zed_tutorial_depth:/home/awadh/zed_ws/install/zed_robot_integration:/home/awadh/zed_ws/install/zed_multi_camera:/home/awadh/zed_ws/install/zed_display_rviz2:/home/awadh/ouster_ws/install/ouster_ros:/home/awadh/ouster_ws/install/ouster_sensor_msgs:/home/awadh/ros2_ws/install/my_robot_bringup:/home/awadh/ros2_ws/install/turtlesim_project_cpp:/home/awadh/ros2_ws/install/my_cpp_pkg:/home/awadh/ros2_ws/install/my_robot_interfaces:/home/awadh/gazebo_ws/install/ultralytics_ros2:/home/awadh/ros2_ws/install/turtlesim_catch_them_all:/home/awadh/ros2_ws/install/my_py_pkg:/opt/ros/humble:/home/awadh/sick_tim_ws/install/sick_tim LD_LIBRARY_PATH=/home/awadh/zed_ws/install/zed_topic_benchmark_interfaces/lib:/home/awadh/gazebo_ws/install/yolov8_msgs/lib:/home/awadh/yolobot/install/yolov8_msgs/lib:/home/awadh/test2_ws/install/pcl_object_detection/lib:/home/awadh/ouster_ws/install/ouster_ros/lib:/home/awadh/ouster_ws/install/ouster_sensor_msgs/lib:/home/awadh/ros2_ws/install/my_robot_interfaces/lib:/home/awadh/sick_tim_ws/install/sick_tim/lib:/usr/lib/x86_64-linux-gnu/gazebo-11/plugins:/opt/ros/humble/opt/rviz_ogre_vendor/lib:/opt/ros/humble/lib/x86_64-linux-gnu:/opt/ros/humble/lib:/usr/share/gazebo/../../lib/x86_64-linux-gnu/gazebo-11/plugins PYTHONPATH=/home/awadh/zed_ws/install/zed_topic_benchmark_interfaces/local/lib/python3.10/dist-packages:${PYTHONPATH} /usr/bin/cmake --build /home/awadh/zed_ws/build/zed_topic_benchmark_component -- -j16 -l16
[0.825s] DEBUG:colcon.colcon_core.event_handler.log_command:Invoked command in '/home/awadh/zed_ws/build/zed_topic_benchmark_component' returned '0': AMENT_PREFIX_PATH=/home/awadh/zed_ws/install/zed_topic_benchmark_interfaces:${AMENT_PREFIX_PATH} CMAKE_PREFIX_PATH=/home/awadh/zed_ws/install/zed_topic_benchmark_interfaces:/home/awadh/gazebo_ws/install/yolov8_msgs:/home/awadh/gazebo_ws/install/yolobot_recognition:/home/awadh/gazebo_ws/install/yolobot_gazebo:/home/awadh/gazebo_ws/install/yolobot_description:/home/awadh/gazebo_ws/install/yolobot_control:/home/awadh/gazebo_ws/install/my_robot_bringup:/home/awadh/gazebo_ws/install/my_robot_description:/home/awadh/yolobot/install/yolov8_msgs:/home/awadh/yolobot/install/yolobot_recognition:/home/awadh/yolobot/install/yolobot_gazebo:/home/awadh/yolobot/install/yolobot_description:/home/awadh/yolobot/install/yolobot_control:/home/awadh/test2_ws/install/pcl_object_detection:/home/awadh/zed_ws/install/zed_tutorial_video:/home/awadh/zed_ws/install/zed_tutorial_pos_tracking:/home/awadh/zed_ws/install/zed_tutorial_depth:/home/awadh/zed_ws/install/zed_robot_integration:/home/awadh/zed_ws/install/zed_multi_camera:/home/awadh/zed_ws/install/zed_display_rviz2:/home/awadh/ouster_ws/install/ouster_ros:/home/awadh/ouster_ws/install/ouster_sensor_msgs:/home/awadh/ros2_ws/install/my_robot_bringup:/home/awadh/ros2_ws/install/turtlesim_project_cpp:/home/awadh/ros2_ws/install/my_cpp_pkg:/home/awadh/ros2_ws/install/my_robot_interfaces:/home/awadh/gazebo_ws/install/ultralytics_ros2:/home/awadh/ros2_ws/install/turtlesim_catch_them_all:/home/awadh/ros2_ws/install/my_py_pkg:/opt/ros/humble:/home/awadh/sick_tim_ws/install/sick_tim LD_LIBRARY_PATH=/home/awadh/zed_ws/install/zed_topic_benchmark_interfaces/lib:/home/awadh/gazebo_ws/install/yolov8_msgs/lib:/home/awadh/yolobot/install/yolov8_msgs/lib:/home/awadh/test2_ws/install/pcl_object_detection/lib:/home/awadh/ouster_ws/install/ouster_ros/lib:/home/awadh/ouster_ws/install/ouster_sensor_msgs/lib:/home/awadh/ros2_ws/install/my_robot_interfaces/lib:/home/awadh/sick_tim_ws/install/sick_tim/lib:/usr/lib/x86_64-linux-gnu/gazebo-11/plugins:/opt/ros/humble/opt/rviz_ogre_vendor/lib:/opt/ros/humble/lib/x86_64-linux-gnu:/opt/ros/humble/lib:/usr/share/gazebo/../../lib/x86_64-linux-gnu/gazebo-11/plugins PYTHONPATH=/home/awadh/zed_ws/install/zed_topic_benchmark_interfaces/local/lib/python3.10/dist-packages:${PYTHONPATH} /usr/bin/cmake --build /home/awadh/zed_ws/build/zed_topic_benchmark_component -- -j16 -l16
[0.847s] DEBUG:colcon.colcon_core.event_handler.log_command:Invoking command in '/home/awadh/zed_ws/build/zed_topic_benchmark_component': AMENT_PREFIX_PATH=/home/awadh/zed_ws/install/zed_topic_benchmark_interfaces:${AMENT_PREFIX_PATH} CMAKE_PREFIX_PATH=/home/awadh/zed_ws/install/zed_topic_benchmark_interfaces:/home/awadh/gazebo_ws/install/yolov8_msgs:/home/awadh/gazebo_ws/install/yolobot_recognition:/home/awadh/gazebo_ws/install/yolobot_gazebo:/home/awadh/gazebo_ws/install/yolobot_description:/home/awadh/gazebo_ws/install/yolobot_control:/home/awadh/gazebo_ws/install/my_robot_bringup:/home/awadh/gazebo_ws/install/my_robot_description:/home/awadh/yolobot/install/yolov8_msgs:/home/awadh/yolobot/install/yolobot_recognition:/home/awadh/yolobot/install/yolobot_gazebo:/home/awadh/yolobot/install/yolobot_description:/home/awadh/yolobot/install/yolobot_control:/home/awadh/test2_ws/install/pcl_object_detection:/home/awadh/zed_ws/install/zed_tutorial_video:/home/awadh/zed_ws/install/zed_tutorial_pos_tracking:/home/awadh/zed_ws/install/zed_tutorial_depth:/home/awadh/zed_ws/install/zed_robot_integration:/home/awadh/zed_ws/install/zed_multi_camera:/home/awadh/zed_ws/install/zed_display_rviz2:/home/awadh/ouster_ws/install/ouster_ros:/home/awadh/ouster_ws/install/ouster_sensor_msgs:/home/awadh/ros2_ws/install/my_robot_bringup:/home/awadh/ros2_ws/install/turtlesim_project_cpp:/home/awadh/ros2_ws/install/my_cpp_pkg:/home/awadh/ros2_ws/install/my_robot_interfaces:/home/awadh/gazebo_ws/install/ultralytics_ros2:/home/awadh/ros2_ws/install/turtlesim_catch_them_all:/home/awadh/ros2_ws/install/my_py_pkg:/opt/ros/humble:/home/awadh/sick_tim_ws/install/sick_tim LD_LIBRARY_PATH=/home/awadh/zed_ws/install/zed_topic_benchmark_interfaces/lib:/home/awadh/gazebo_ws/install/yolov8_msgs/lib:/home/awadh/yolobot/install/yolov8_msgs/lib:/home/awadh/test2_ws/install/pcl_object_detection/lib:/home/awadh/ouster_ws/install/ouster_ros/lib:/home/awadh/ouster_ws/install/ouster_sensor_msgs/lib:/home/awadh/ros2_ws/install/my_robot_interfaces/lib:/home/awadh/sick_tim_ws/install/sick_tim/lib:/usr/lib/x86_64-linux-gnu/gazebo-11/plugins:/opt/ros/humble/opt/rviz_ogre_vendor/lib:/opt/ros/humble/lib/x86_64-linux-gnu:/opt/ros/humble/lib:/usr/share/gazebo/../../lib/x86_64-linux-gnu/gazebo-11/plugins PYTHONPATH=/home/awadh/zed_ws/install/zed_topic_benchmark_interfaces/local/lib/python3.10/dist-packages:${PYTHONPATH} /usr/bin/cmake --install /home/awadh/zed_ws/build/zed_topic_benchmark_component
[0.854s] Level 1:colcon.colcon_core.environment:create_environment_scripts_only(zed_topic_benchmark_component)
[0.854s] Level 1:colcon.colcon_core.environment:checking '/home/awadh/zed_ws/install/zed_topic_benchmark_component' for CMake module files
[0.855s] DEBUG:colcon.colcon_core.event_handler.log_command:Invoked command in '/home/awadh/zed_ws/build/zed_topic_benchmark_component' returned '0': AMENT_PREFIX_PATH=/home/awadh/zed_ws/install/zed_topic_benchmark_interfaces:${AMENT_PREFIX_PATH} CMAKE_PREFIX_PATH=/home/awadh/zed_ws/install/zed_topic_benchmark_interfaces:/home/awadh/gazebo_ws/install/yolov8_msgs:/home/awadh/gazebo_ws/install/yolobot_recognition:/home/awadh/gazebo_ws/install/yolobot_gazebo:/home/awadh/gazebo_ws/install/yolobot_description:/home/awadh/gazebo_ws/install/yolobot_control:/home/awadh/gazebo_ws/install/my_robot_bringup:/home/awadh/gazebo_ws/install/my_robot_description:/home/awadh/yolobot/install/yolov8_msgs:/home/awadh/yolobot/install/yolobot_recognition:/home/awadh/yolobot/install/yolobot_gazebo:/home/awadh/yolobot/install/yolobot_description:/home/awadh/yolobot/install/yolobot_control:/home/awadh/test2_ws/install/pcl_object_detection:/home/awadh/zed_ws/install/zed_tutorial_video:/home/awadh/zed_ws/install/zed_tutorial_pos_tracking:/home/awadh/zed_ws/install/zed_tutorial_depth:/home/awadh/zed_ws/install/zed_robot_integration:/home/awadh/zed_ws/install/zed_multi_camera:/home/awadh/zed_ws/install/zed_display_rviz2:/home/awadh/ouster_ws/install/ouster_ros:/home/awadh/ouster_ws/install/ouster_sensor_msgs:/home/awadh/ros2_ws/install/my_robot_bringup:/home/awadh/ros2_ws/install/turtlesim_project_cpp:/home/awadh/ros2_ws/install/my_cpp_pkg:/home/awadh/ros2_ws/install/my_robot_interfaces:/home/awadh/gazebo_ws/install/ultralytics_ros2:/home/awadh/ros2_ws/install/turtlesim_catch_them_all:/home/awadh/ros2_ws/install/my_py_pkg:/opt/ros/humble:/home/awadh/sick_tim_ws/install/sick_tim LD_LIBRARY_PATH=/home/awadh/zed_ws/install/zed_topic_benchmark_interfaces/lib:/home/awadh/gazebo_ws/install/yolov8_msgs/lib:/home/awadh/yolobot/install/yolov8_msgs/lib:/home/awadh/test2_ws/install/pcl_object_detection/lib:/home/awadh/ouster_ws/install/ouster_ros/lib:/home/awadh/ouster_ws/install/ouster_sensor_msgs/lib:/home/awadh/ros2_ws/install/my_robot_interfaces/lib:/home/awadh/sick_tim_ws/install/sick_tim/lib:/usr/lib/x86_64-linux-gnu/gazebo-11/plugins:/opt/ros/humble/opt/rviz_ogre_vendor/lib:/opt/ros/humble/lib/x86_64-linux-gnu:/opt/ros/humble/lib:/usr/share/gazebo/../../lib/x86_64-linux-gnu/gazebo-11/plugins PYTHONPATH=/home/awadh/zed_ws/install/zed_topic_benchmark_interfaces/local/lib/python3.10/dist-packages:${PYTHONPATH} /usr/bin/cmake --install /home/awadh/zed_ws/build/zed_topic_benchmark_component
[0.855s] Level 1:colcon.colcon_core.environment:checking '/home/awadh/zed_ws/install/zed_topic_benchmark_component' for CMake config files
[0.855s] Level 1:colcon.colcon_core.shell:create_environment_hook('zed_topic_benchmark_component', 'cmake_prefix_path')
[0.855s] INFO:colcon.colcon_core.shell:Creating environment hook '/home/awadh/zed_ws/install/zed_topic_benchmark_component/share/zed_topic_benchmark_component/hook/cmake_prefix_path.ps1'
[0.856s] INFO:colcon.colcon_core.shell:Creating environment descriptor '/home/awadh/zed_ws/install/zed_topic_benchmark_component/share/zed_topic_benchmark_component/hook/cmake_prefix_path.dsv'
[0.856s] INFO:colcon.colcon_core.shell:Creating environment hook '/home/awadh/zed_ws/install/zed_topic_benchmark_component/share/zed_topic_benchmark_component/hook/cmake_prefix_path.sh'
[0.856s] Level 1:colcon.colcon_core.environment:checking '/home/awadh/zed_ws/install/zed_topic_benchmark_component/lib'
[0.856s] Level 1:colcon.colcon_core.shell:create_environment_hook('zed_topic_benchmark_component', 'ld_library_path_lib')
[0.856s] INFO:colcon.colcon_core.shell:Creating environment hook '/home/awadh/zed_ws/install/zed_topic_benchmark_component/share/zed_topic_benchmark_component/hook/ld_library_path_lib.ps1'
[0.856s] INFO:colcon.colcon_core.shell:Creating environment descriptor '/home/awadh/zed_ws/install/zed_topic_benchmark_component/share/zed_topic_benchmark_component/hook/ld_library_path_lib.dsv'
[0.857s] INFO:colcon.colcon_core.shell:Creating environment hook '/home/awadh/zed_ws/install/zed_topic_benchmark_component/share/zed_topic_benchmark_component/hook/ld_library_path_lib.sh'
[0.857s] Level 1:colcon.colcon_core.environment:checking '/home/awadh/zed_ws/install/zed_topic_benchmark_component/bin'
[0.857s] Level 1:colcon.colcon_core.environment:checking '/home/awadh/zed_ws/install/zed_topic_benchmark_component/lib/pkgconfig/zed_topic_benchmark_component.pc'
[0.857s] Level 1:colcon.colcon_core.environment:checking '/home/awadh/zed_ws/install/zed_topic_benchmark_component/lib/python3.10/site-packages'
[0.857s] Level 1:colcon.colcon_core.environment:checking '/home/awadh/zed_ws/install/zed_topic_benchmark_component/bin'
[0.857s] INFO:colcon.colcon_core.shell:Creating package script '/home/awadh/zed_ws/install/zed_topic_benchmark_component/share/zed_topic_benchmark_component/package.ps1'
[0.857s] INFO:colcon.colcon_core.shell:Creating package descriptor '/home/awadh/zed_ws/install/zed_topic_benchmark_component/share/zed_topic_benchmark_component/package.dsv'
[0.858s] INFO:colcon.colcon_core.shell:Creating package script '/home/awadh/zed_ws/install/zed_topic_benchmark_component/share/zed_topic_benchmark_component/package.sh'
[0.858s] INFO:colcon.colcon_core.shell:Creating package script '/home/awadh/zed_ws/install/zed_topic_benchmark_component/share/zed_topic_benchmark_component/package.bash'
[0.858s] INFO:colcon.colcon_core.shell:Creating package script '/home/awadh/zed_ws/install/zed_topic_benchmark_component/share/zed_topic_benchmark_component/package.zsh'
[0.858s] Level 1:colcon.colcon_core.environment:create_file_with_runtime_dependencies(/home/awadh/zed_ws/install/zed_topic_benchmark_component/share/colcon-core/packages/zed_topic_benchmark_component)
[0.884s] Level 1:colcon.colcon_core.environment:create_environment_scripts_only(zed_topic_benchmark_component)
[0.884s] Level 1:colcon.colcon_core.environment:checking '/home/awadh/zed_ws/install/zed_topic_benchmark_component' for CMake module files
[0.884s] Level 1:colcon.colcon_core.environment:checking '/home/awadh/zed_ws/install/zed_topic_benchmark_component' for CMake config files
[0.884s] Level 1:colcon.colcon_core.shell:create_environment_hook('zed_topic_benchmark_component', 'cmake_prefix_path')
[0.885s] INFO:colcon.colcon_core.shell:Creating environment hook '/home/awadh/zed_ws/install/zed_topic_benchmark_component/share/zed_topic_benchmark_component/hook/cmake_prefix_path.ps1'
[0.885s] INFO:colcon.colcon_core.shell:Creating environment descriptor '/home/awadh/zed_ws/install/zed_topic_benchmark_component/share/zed_topic_benchmark_component/hook/cmake_prefix_path.dsv'
[0.885s] INFO:colcon.colcon_core.shell:Creating environment hook '/home/awadh/zed_ws/install/zed_topic_benchmark_component/share/zed_topic_benchmark_component/hook/cmake_prefix_path.sh'
[0.885s] Level 1:colcon.colcon_core.environment:checking '/home/awadh/zed_ws/install/zed_topic_benchmark_component/lib'
[0.885s] Level 1:colcon.colcon_core.shell:create_environment_hook('zed_topic_benchmark_component', 'ld_library_path_lib')
[0.886s] INFO:colcon.colcon_core.shell:Creating environment hook '/home/awadh/zed_ws/install/zed_topic_benchmark_component/share/zed_topic_benchmark_component/hook/ld_library_path_lib.ps1'
[0.886s] INFO:colcon.colcon_core.shell:Creating environment descriptor '/home/awadh/zed_ws/install/zed_topic_benchmark_component/share/zed_topic_benchmark_component/hook/ld_library_path_lib.dsv'
[0.886s] INFO:colcon.colcon_core.shell:Creating environment hook '/home/awadh/zed_ws/install/zed_topic_benchmark_component/share/zed_topic_benchmark_component/hook/ld_library_path_lib.sh'
[0.886s] Level 1:colcon.colcon_core.environment:checking '/home/awadh/zed_ws/install/zed_topic_benchmark_component/bin'
[0.886s] Level 1:colcon.colcon_core.environment:checking '/home/awadh/zed_ws/install/zed_topic_benchmark_component/lib/pkgconfig/zed_topic_benchmark_component.pc'
[0.886s] Level 1:colcon.colcon_core.environment:checking '/home/awadh/zed_ws/install/zed_topic_benchmark_component/lib/python3.10/site-packages'
[0.886s] Level 1:colcon.colcon_core.environment:checking '/home/awadh/zed_ws/install/zed_topic_benchmark_component/bin'
[0.887s] INFO:colcon.colcon_core.shell:Creating package script '/home/awadh/zed_ws/install/zed_topic_benchmark_component/share/zed_topic_benchmark_component/package.ps1'
[0.887s] INFO:colcon.colcon_core.shell:Creating package descriptor '/home/awadh/zed_ws/install/zed_topic_benchmark_component/share/zed_topic_benchmark_component/package.dsv'
[0.887s] INFO:colcon.colcon_core.shell:Creating package script '/home/awadh/zed_ws/install/zed_topic_benchmark_component/share/zed_topic_benchmark_component/package.sh'
[0.887s] INFO:colcon.colcon_core.shell:Creating package script '/home/awadh/zed_ws/install/zed_topic_benchmark_component/share/zed_topic_benchmark_component/package.bash'
[0.888s] INFO:colcon.colcon_core.shell:Creating package script '/home/awadh/zed_ws/install/zed_topic_benchmark_component/share/zed_topic_benchmark_component/package.zsh'
[0.888s] Level 1:colcon.colcon_core.environment:create_file_with_runtime_dependencies(/home/awadh/zed_ws/install/zed_topic_benchmark_component/share/colcon-core/packages/zed_topic_benchmark_component)
[0.888s] INFO:colcon.colcon_ros.task.ament_cmake.build:Building ROS package in '/home/awadh/zed_ws/src/zed-ros2-examples/tools/zed_benchmark' with build type 'ament_cmake'
[0.888s] INFO:colcon.colcon_cmake.task.cmake.build:Building CMake package in '/home/awadh/zed_ws/src/zed-ros2-examples/tools/zed_benchmark'
[0.888s] INFO:colcon.colcon_core.shell:Skip shell extension 'powershell' for command environment: Not usable outside of PowerShell
[0.888s] DEBUG:colcon.colcon_core.shell:Skip shell extension 'dsv' for command environment
[0.900s] DEBUG:colcon.colcon_core.event_handler.log_command:Invoking command in '/home/awadh/zed_ws/build/zed_topic_benchmark': AMENT_PREFIX_PATH=/home/awadh/zed_ws/install/zed_topic_benchmark_component:/home/awadh/zed_ws/install/zed_topic_benchmark_interfaces:${AMENT_PREFIX_PATH} CMAKE_PREFIX_PATH=/home/awadh/zed_ws/install/zed_topic_benchmark_component:/home/awadh/zed_ws/install/zed_topic_benchmark_interfaces:/home/awadh/gazebo_ws/install/yolov8_msgs:/home/awadh/gazebo_ws/install/yolobot_recognition:/home/awadh/gazebo_ws/install/yolobot_gazebo:/home/awadh/gazebo_ws/install/yolobot_description:/home/awadh/gazebo_ws/install/yolobot_control:/home/awadh/gazebo_ws/install/my_robot_bringup:/home/awadh/gazebo_ws/install/my_robot_description:/home/awadh/yolobot/install/yolov8_msgs:/home/awadh/yolobot/install/yolobot_recognition:/home/awadh/yolobot/install/yolobot_gazebo:/home/awadh/yolobot/install/yolobot_description:/home/awadh/yolobot/install/yolobot_control:/home/awadh/test2_ws/install/pcl_object_detection:/home/awadh/zed_ws/install/zed_tutorial_video:/home/awadh/zed_ws/install/zed_tutorial_pos_tracking:/home/awadh/zed_ws/install/zed_tutorial_depth:/home/awadh/zed_ws/install/zed_robot_integration:/home/awadh/zed_ws/install/zed_multi_camera:/home/awadh/zed_ws/install/zed_display_rviz2:/home/awadh/ouster_ws/install/ouster_ros:/home/awadh/ouster_ws/install/ouster_sensor_msgs:/home/awadh/ros2_ws/install/my_robot_bringup:/home/awadh/ros2_ws/install/turtlesim_project_cpp:/home/awadh/ros2_ws/install/my_cpp_pkg:/home/awadh/ros2_ws/install/my_robot_interfaces:/home/awadh/gazebo_ws/install/ultralytics_ros2:/home/awadh/ros2_ws/install/turtlesim_catch_them_all:/home/awadh/ros2_ws/install/my_py_pkg:/opt/ros/humble:/home/awadh/sick_tim_ws/install/sick_tim LD_LIBRARY_PATH=/home/awadh/zed_ws/install/zed_topic_benchmark_component/lib:/home/awadh/zed_ws/install/zed_topic_benchmark_interfaces/lib:/home/awadh/gazebo_ws/install/yolov8_msgs/lib:/home/awadh/yolobot/install/yolov8_msgs/lib:/home/awadh/test2_ws/install/pcl_object_detection/lib:/home/awadh/ouster_ws/install/ouster_ros/lib:/home/awadh/ouster_ws/install/ouster_sensor_msgs/lib:/home/awadh/ros2_ws/install/my_robot_interfaces/lib:/home/awadh/sick_tim_ws/install/sick_tim/lib:/usr/lib/x86_64-linux-gnu/gazebo-11/plugins:/opt/ros/humble/opt/rviz_ogre_vendor/lib:/opt/ros/humble/lib/x86_64-linux-gnu:/opt/ros/humble/lib:/usr/share/gazebo/../../lib/x86_64-linux-gnu/gazebo-11/plugins PYTHONPATH=/home/awadh/zed_ws/install/zed_topic_benchmark_interfaces/local/lib/python3.10/dist-packages:${PYTHONPATH} /usr/bin/cmake --build /home/awadh/zed_ws/build/zed_topic_benchmark -- -j16 -l16
[0.948s] DEBUG:colcon.colcon_core.event_handler.log_command:Invoked command in '/home/awadh/zed_ws/build/zed_topic_benchmark' returned '0': AMENT_PREFIX_PATH=/home/awadh/zed_ws/install/zed_topic_benchmark_component:/home/awadh/zed_ws/install/zed_topic_benchmark_interfaces:${AMENT_PREFIX_PATH} CMAKE_PREFIX_PATH=/home/awadh/zed_ws/install/zed_topic_benchmark_component:/home/awadh/zed_ws/install/zed_topic_benchmark_interfaces:/home/awadh/gazebo_ws/install/yolov8_msgs:/home/awadh/gazebo_ws/install/yolobot_recognition:/home/awadh/gazebo_ws/install/yolobot_gazebo:/home/awadh/gazebo_ws/install/yolobot_description:/home/awadh/gazebo_ws/install/yolobot_control:/home/awadh/gazebo_ws/install/my_robot_bringup:/home/awadh/gazebo_ws/install/my_robot_description:/home/awadh/yolobot/install/yolov8_msgs:/home/awadh/yolobot/install/yolobot_recognition:/home/awadh/yolobot/install/yolobot_gazebo:/home/awadh/yolobot/install/yolobot_description:/home/awadh/yolobot/install/yolobot_control:/home/awadh/test2_ws/install/pcl_object_detection:/home/awadh/zed_ws/install/zed_tutorial_video:/home/awadh/zed_ws/install/zed_tutorial_pos_tracking:/home/awadh/zed_ws/install/zed_tutorial_depth:/home/awadh/zed_ws/install/zed_robot_integration:/home/awadh/zed_ws/install/zed_multi_camera:/home/awadh/zed_ws/install/zed_display_rviz2:/home/awadh/ouster_ws/install/ouster_ros:/home/awadh/ouster_ws/install/ouster_sensor_msgs:/home/awadh/ros2_ws/install/my_robot_bringup:/home/awadh/ros2_ws/install/turtlesim_project_cpp:/home/awadh/ros2_ws/install/my_cpp_pkg:/home/awadh/ros2_ws/install/my_robot_interfaces:/home/awadh/gazebo_ws/install/ultralytics_ros2:/home/awadh/ros2_ws/install/turtlesim_catch_them_all:/home/awadh/ros2_ws/install/my_py_pkg:/opt/ros/humble:/home/awadh/sick_tim_ws/install/sick_tim LD_LIBRARY_PATH=/home/awadh/zed_ws/install/zed_topic_benchmark_component/lib:/home/awadh/zed_ws/install/zed_topic_benchmark_interfaces/lib:/home/awadh/gazebo_ws/install/yolov8_msgs/lib:/home/awadh/yolobot/install/yolov8_msgs/lib:/home/awadh/test2_ws/install/pcl_object_detection/lib:/home/awadh/ouster_ws/install/ouster_ros/lib:/home/awadh/ouster_ws/install/ouster_sensor_msgs/lib:/home/awadh/ros2_ws/install/my_robot_interfaces/lib:/home/awadh/sick_tim_ws/install/sick_tim/lib:/usr/lib/x86_64-linux-gnu/gazebo-11/plugins:/opt/ros/humble/opt/rviz_ogre_vendor/lib:/opt/ros/humble/lib/x86_64-linux-gnu:/opt/ros/humble/lib:/usr/share/gazebo/../../lib/x86_64-linux-gnu/gazebo-11/plugins PYTHONPATH=/home/awadh/zed_ws/install/zed_topic_benchmark_interfaces/local/lib/python3.10/dist-packages:${PYTHONPATH} /usr/bin/cmake --build /home/awadh/zed_ws/build/zed_topic_benchmark -- -j16 -l16
[0.953s] DEBUG:colcon.colcon_core.event_handler.log_command:Invoking command in '/home/awadh/zed_ws/build/zed_interfaces': CMAKE_PREFIX_PATH=/home/awadh/gazebo_ws/install/yolov8_msgs:/home/awadh/gazebo_ws/install/yolobot_recognition:/home/awadh/gazebo_ws/install/yolobot_gazebo:/home/awadh/gazebo_ws/install/yolobot_description:/home/awadh/gazebo_ws/install/yolobot_control:/home/awadh/gazebo_ws/install/my_robot_bringup:/home/awadh/gazebo_ws/install/my_robot_description:/home/awadh/yolobot/install/yolov8_msgs:/home/awadh/yolobot/install/yolobot_recognition:/home/awadh/yolobot/install/yolobot_gazebo:/home/awadh/yolobot/install/yolobot_description:/home/awadh/yolobot/install/yolobot_control:/home/awadh/test2_ws/install/pcl_object_detection:/home/awadh/zed_ws/install/zed_tutorial_video:/home/awadh/zed_ws/install/zed_tutorial_pos_tracking:/home/awadh/zed_ws/install/zed_tutorial_depth:/home/awadh/zed_ws/install/zed_robot_integration:/home/awadh/zed_ws/install/zed_multi_camera:/home/awadh/zed_ws/install/zed_display_rviz2:/home/awadh/ouster_ws/install/ouster_ros:/home/awadh/ouster_ws/install/ouster_sensor_msgs:/home/awadh/ros2_ws/install/my_robot_bringup:/home/awadh/ros2_ws/install/turtlesim_project_cpp:/home/awadh/ros2_ws/install/my_cpp_pkg:/home/awadh/ros2_ws/install/my_robot_interfaces:/home/awadh/gazebo_ws/install/ultralytics_ros2:/home/awadh/ros2_ws/install/turtlesim_catch_them_all:/home/awadh/ros2_ws/install/my_py_pkg:/opt/ros/humble:/home/awadh/sick_tim_ws/install/sick_tim /usr/bin/cmake --install /home/awadh/zed_ws/build/zed_interfaces
[0.970s] DEBUG:colcon.colcon_core.event_handler.log_command:Invoking command in '/home/awadh/zed_ws/build/zed_topic_benchmark': AMENT_PREFIX_PATH=/home/awadh/zed_ws/install/zed_topic_benchmark_component:/home/awadh/zed_ws/install/zed_topic_benchmark_interfaces:${AMENT_PREFIX_PATH} CMAKE_PREFIX_PATH=/home/awadh/zed_ws/install/zed_topic_benchmark_component:/home/awadh/zed_ws/install/zed_topic_benchmark_interfaces:/home/awadh/gazebo_ws/install/yolov8_msgs:/home/awadh/gazebo_ws/install/yolobot_recognition:/home/awadh/gazebo_ws/install/yolobot_gazebo:/home/awadh/gazebo_ws/install/yolobot_description:/home/awadh/gazebo_ws/install/yolobot_control:/home/awadh/gazebo_ws/install/my_robot_bringup:/home/awadh/gazebo_ws/install/my_robot_description:/home/awadh/yolobot/install/yolov8_msgs:/home/awadh/yolobot/install/yolobot_recognition:/home/awadh/yolobot/install/yolobot_gazebo:/home/awadh/yolobot/install/yolobot_description:/home/awadh/yolobot/install/yolobot_control:/home/awadh/test2_ws/install/pcl_object_detection:/home/awadh/zed_ws/install/zed_tutorial_video:/home/awadh/zed_ws/install/zed_tutorial_pos_tracking:/home/awadh/zed_ws/install/zed_tutorial_depth:/home/awadh/zed_ws/install/zed_robot_integration:/home/awadh/zed_ws/install/zed_multi_camera:/home/awadh/zed_ws/install/zed_display_rviz2:/home/awadh/ouster_ws/install/ouster_ros:/home/awadh/ouster_ws/install/ouster_sensor_msgs:/home/awadh/ros2_ws/install/my_robot_bringup:/home/awadh/ros2_ws/install/turtlesim_project_cpp:/home/awadh/ros2_ws/install/my_cpp_pkg:/home/awadh/ros2_ws/install/my_robot_interfaces:/home/awadh/gazebo_ws/install/ultralytics_ros2:/home/awadh/ros2_ws/install/turtlesim_catch_them_all:/home/awadh/ros2_ws/install/my_py_pkg:/opt/ros/humble:/home/awadh/sick_tim_ws/install/sick_tim LD_LIBRARY_PATH=/home/awadh/zed_ws/install/zed_topic_benchmark_component/lib:/home/awadh/zed_ws/install/zed_topic_benchmark_interfaces/lib:/home/awadh/gazebo_ws/install/yolov8_msgs/lib:/home/awadh/yolobot/install/yolov8_msgs/lib:/home/awadh/test2_ws/install/pcl_object_detection/lib:/home/awadh/ouster_ws/install/ouster_ros/lib:/home/awadh/ouster_ws/install/ouster_sensor_msgs/lib:/home/awadh/ros2_ws/install/my_robot_interfaces/lib:/home/awadh/sick_tim_ws/install/sick_tim/lib:/usr/lib/x86_64-linux-gnu/gazebo-11/plugins:/opt/ros/humble/opt/rviz_ogre_vendor/lib:/opt/ros/humble/lib/x86_64-linux-gnu:/opt/ros/humble/lib:/usr/share/gazebo/../../lib/x86_64-linux-gnu/gazebo-11/plugins PYTHONPATH=/home/awadh/zed_ws/install/zed_topic_benchmark_interfaces/local/lib/python3.10/dist-packages:${PYTHONPATH} /usr/bin/cmake --install /home/awadh/zed_ws/build/zed_topic_benchmark
[0.976s] Level 1:colcon.colcon_core.environment:create_environment_scripts_only(zed_topic_benchmark)
[0.976s] Level 1:colcon.colcon_core.environment:checking '/home/awadh/zed_ws/install/zed_topic_benchmark' for CMake module files
[0.977s] DEBUG:colcon.colcon_core.event_handler.log_command:Invoked command in '/home/awadh/zed_ws/build/zed_topic_benchmark' returned '0': AMENT_PREFIX_PATH=/home/awadh/zed_ws/install/zed_topic_benchmark_component:/home/awadh/zed_ws/install/zed_topic_benchmark_interfaces:${AMENT_PREFIX_PATH} CMAKE_PREFIX_PATH=/home/awadh/zed_ws/install/zed_topic_benchmark_component:/home/awadh/zed_ws/install/zed_topic_benchmark_interfaces:/home/awadh/gazebo_ws/install/yolov8_msgs:/home/awadh/gazebo_ws/install/yolobot_recognition:/home/awadh/gazebo_ws/install/yolobot_gazebo:/home/awadh/gazebo_ws/install/yolobot_description:/home/awadh/gazebo_ws/install/yolobot_control:/home/awadh/gazebo_ws/install/my_robot_bringup:/home/awadh/gazebo_ws/install/my_robot_description:/home/awadh/yolobot/install/yolov8_msgs:/home/awadh/yolobot/install/yolobot_recognition:/home/awadh/yolobot/install/yolobot_gazebo:/home/awadh/yolobot/install/yolobot_description:/home/awadh/yolobot/install/yolobot_control:/home/awadh/test2_ws/install/pcl_object_detection:/home/awadh/zed_ws/install/zed_tutorial_video:/home/awadh/zed_ws/install/zed_tutorial_pos_tracking:/home/awadh/zed_ws/install/zed_tutorial_depth:/home/awadh/zed_ws/install/zed_robot_integration:/home/awadh/zed_ws/install/zed_multi_camera:/home/awadh/zed_ws/install/zed_display_rviz2:/home/awadh/ouster_ws/install/ouster_ros:/home/awadh/ouster_ws/install/ouster_sensor_msgs:/home/awadh/ros2_ws/install/my_robot_bringup:/home/awadh/ros2_ws/install/turtlesim_project_cpp:/home/awadh/ros2_ws/install/my_cpp_pkg:/home/awadh/ros2_ws/install/my_robot_interfaces:/home/awadh/gazebo_ws/install/ultralytics_ros2:/home/awadh/ros2_ws/install/turtlesim_catch_them_all:/home/awadh/ros2_ws/install/my_py_pkg:/opt/ros/humble:/home/awadh/sick_tim_ws/install/sick_tim LD_LIBRARY_PATH=/home/awadh/zed_ws/install/zed_topic_benchmark_component/lib:/home/awadh/zed_ws/install/zed_topic_benchmark_interfaces/lib:/home/awadh/gazebo_ws/install/yolov8_msgs/lib:/home/awadh/yolobot/install/yolov8_msgs/lib:/home/awadh/test2_ws/install/pcl_object_detection/lib:/home/awadh/ouster_ws/install/ouster_ros/lib:/home/awadh/ouster_ws/install/ouster_sensor_msgs/lib:/home/awadh/ros2_ws/install/my_robot_interfaces/lib:/home/awadh/sick_tim_ws/install/sick_tim/lib:/usr/lib/x86_64-linux-gnu/gazebo-11/plugins:/opt/ros/humble/opt/rviz_ogre_vendor/lib:/opt/ros/humble/lib/x86_64-linux-gnu:/opt/ros/humble/lib:/usr/share/gazebo/../../lib/x86_64-linux-gnu/gazebo-11/plugins PYTHONPATH=/home/awadh/zed_ws/install/zed_topic_benchmark_interfaces/local/lib/python3.10/dist-packages:${PYTHONPATH} /usr/bin/cmake --install /home/awadh/zed_ws/build/zed_topic_benchmark
[0.977s] Level 1:colcon.colcon_core.environment:checking '/home/awadh/zed_ws/install/zed_topic_benchmark' for CMake config files
[0.978s] Level 1:colcon.colcon_core.shell:create_environment_hook('zed_topic_benchmark', 'cmake_prefix_path')
[0.979s] INFO:colcon.colcon_core.shell:Creating environment hook '/home/awadh/zed_ws/install/zed_topic_benchmark/share/zed_topic_benchmark/hook/cmake_prefix_path.ps1'
[0.980s] INFO:colcon.colcon_core.shell:Creating environment descriptor '/home/awadh/zed_ws/install/zed_topic_benchmark/share/zed_topic_benchmark/hook/cmake_prefix_path.dsv'
[0.980s] INFO:colcon.colcon_core.shell:Creating environment hook '/home/awadh/zed_ws/install/zed_topic_benchmark/share/zed_topic_benchmark/hook/cmake_prefix_path.sh'
[0.981s] Level 1:colcon.colcon_core.environment:checking '/home/awadh/zed_ws/install/zed_topic_benchmark/lib'
[0.981s] Level 1:colcon.colcon_core.environment:checking '/home/awadh/zed_ws/install/zed_topic_benchmark/bin'
[0.981s] Level 1:colcon.colcon_core.environment:checking '/home/awadh/zed_ws/install/zed_topic_benchmark/lib/pkgconfig/zed_topic_benchmark.pc'
[0.982s] Level 1:colcon.colcon_core.environment:checking '/home/awadh/zed_ws/install/zed_topic_benchmark/lib/python3.10/site-packages'
[0.982s] Level 1:colcon.colcon_core.environment:checking '/home/awadh/zed_ws/install/zed_topic_benchmark/bin'
[0.982s] INFO:colcon.colcon_core.shell:Creating package script '/home/awadh/zed_ws/install/zed_topic_benchmark/share/zed_topic_benchmark/package.ps1'
[0.983s] INFO:colcon.colcon_core.shell:Creating package descriptor '/home/awadh/zed_ws/install/zed_topic_benchmark/share/zed_topic_benchmark/package.dsv'
[0.983s] INFO:colcon.colcon_core.shell:Creating package script '/home/awadh/zed_ws/install/zed_topic_benchmark/share/zed_topic_benchmark/package.sh'
[0.984s] INFO:colcon.colcon_core.shell:Creating package script '/home/awadh/zed_ws/install/zed_topic_benchmark/share/zed_topic_benchmark/package.bash'
[0.984s] INFO:colcon.colcon_core.shell:Creating package script '/home/awadh/zed_ws/install/zed_topic_benchmark/share/zed_topic_benchmark/package.zsh'
[0.984s] Level 1:colcon.colcon_core.environment:create_file_with_runtime_dependencies(/home/awadh/zed_ws/install/zed_topic_benchmark/share/colcon-core/packages/zed_topic_benchmark)
[1.006s] Level 1:colcon.colcon_core.environment:create_environment_scripts_only(zed_topic_benchmark)
[1.006s] Level 1:colcon.colcon_core.environment:checking '/home/awadh/zed_ws/install/zed_topic_benchmark' for CMake module files
[1.007s] Level 1:colcon.colcon_core.environment:checking '/home/awadh/zed_ws/install/zed_topic_benchmark' for CMake config files
[1.007s] Level 1:colcon.colcon_core.shell:create_environment_hook('zed_topic_benchmark', 'cmake_prefix_path')
[1.007s] INFO:colcon.colcon_core.shell:Creating environment hook '/home/awadh/zed_ws/install/zed_topic_benchmark/share/zed_topic_benchmark/hook/cmake_prefix_path.ps1'
[1.008s] INFO:colcon.colcon_core.shell:Creating environment descriptor '/home/awadh/zed_ws/install/zed_topic_benchmark/share/zed_topic_benchmark/hook/cmake_prefix_path.dsv'
[1.008s] INFO:colcon.colcon_core.shell:Creating environment hook '/home/awadh/zed_ws/install/zed_topic_benchmark/share/zed_topic_benchmark/hook/cmake_prefix_path.sh'
[1.008s] Level 1:colcon.colcon_core.environment:checking '/home/awadh/zed_ws/install/zed_topic_benchmark/lib'
[1.008s] Level 1:colcon.colcon_core.environment:checking '/home/awadh/zed_ws/install/zed_topic_benchmark/bin'
[1.008s] Level 1:colcon.colcon_core.environment:checking '/home/awadh/zed_ws/install/zed_topic_benchmark/lib/pkgconfig/zed_topic_benchmark.pc'
[1.009s] Level 1:colcon.colcon_core.environment:checking '/home/awadh/zed_ws/install/zed_topic_benchmark/lib/python3.10/site-packages'
[1.009s] Level 1:colcon.colcon_core.environment:checking '/home/awadh/zed_ws/install/zed_topic_benchmark/bin'
[1.009s] INFO:colcon.colcon_core.shell:Creating package script '/home/awadh/zed_ws/install/zed_topic_benchmark/share/zed_topic_benchmark/package.ps1'
[1.010s] INFO:colcon.colcon_core.shell:Creating package descriptor '/home/awadh/zed_ws/install/zed_topic_benchmark/share/zed_topic_benchmark/package.dsv'
[1.010s] INFO:colcon.colcon_core.shell:Creating package script '/home/awadh/zed_ws/install/zed_topic_benchmark/share/zed_topic_benchmark/package.sh'
[1.010s] INFO:colcon.colcon_core.shell:Creating package script '/home/awadh/zed_ws/install/zed_topic_benchmark/share/zed_topic_benchmark/package.bash'
[1.011s] INFO:colcon.colcon_core.shell:Creating package script '/home/awadh/zed_ws/install/zed_topic_benchmark/share/zed_topic_benchmark/package.zsh'
[1.011s] Level 1:colcon.colcon_core.environment:create_file_with_runtime_dependencies(/home/awadh/zed_ws/install/zed_topic_benchmark/share/colcon-core/packages/zed_topic_benchmark)
[1.023s] Level 1:colcon.colcon_core.environment:create_environment_scripts_only(zed_interfaces)
[1.024s] Level 1:colcon.colcon_core.environment:checking '/home/awadh/zed_ws/install/zed_interfaces' for CMake module files
[1.024s] DEBUG:colcon.colcon_core.event_handler.log_command:Invoked command in '/home/awadh/zed_ws/build/zed_interfaces' returned '0': CMAKE_PREFIX_PATH=/home/awadh/gazebo_ws/install/yolov8_msgs:/home/awadh/gazebo_ws/install/yolobot_recognition:/home/awadh/gazebo_ws/install/yolobot_gazebo:/home/awadh/gazebo_ws/install/yolobot_description:/home/awadh/gazebo_ws/install/yolobot_control:/home/awadh/gazebo_ws/install/my_robot_bringup:/home/awadh/gazebo_ws/install/my_robot_description:/home/awadh/yolobot/install/yolov8_msgs:/home/awadh/yolobot/install/yolobot_recognition:/home/awadh/yolobot/install/yolobot_gazebo:/home/awadh/yolobot/install/yolobot_description:/home/awadh/yolobot/install/yolobot_control:/home/awadh/test2_ws/install/pcl_object_detection:/home/awadh/zed_ws/install/zed_tutorial_video:/home/awadh/zed_ws/install/zed_tutorial_pos_tracking:/home/awadh/zed_ws/install/zed_tutorial_depth:/home/awadh/zed_ws/install/zed_robot_integration:/home/awadh/zed_ws/install/zed_multi_camera:/home/awadh/zed_ws/install/zed_display_rviz2:/home/awadh/ouster_ws/install/ouster_ros:/home/awadh/ouster_ws/install/ouster_sensor_msgs:/home/awadh/ros2_ws/install/my_robot_bringup:/home/awadh/ros2_ws/install/turtlesim_project_cpp:/home/awadh/ros2_ws/install/my_cpp_pkg:/home/awadh/ros2_ws/install/my_robot_interfaces:/home/awadh/gazebo_ws/install/ultralytics_ros2:/home/awadh/ros2_ws/install/turtlesim_catch_them_all:/home/awadh/ros2_ws/install/my_py_pkg:/opt/ros/humble:/home/awadh/sick_tim_ws/install/sick_tim /usr/bin/cmake --install /home/awadh/zed_ws/build/zed_interfaces
[1.024s] Level 1:colcon.colcon_core.environment:checking '/home/awadh/zed_ws/install/zed_interfaces' for CMake config files
[1.025s] Level 1:colcon.colcon_core.shell:create_environment_hook('zed_interfaces', 'cmake_prefix_path')
[1.025s] INFO:colcon.colcon_core.shell:Creating environment hook '/home/awadh/zed_ws/install/zed_interfaces/share/zed_interfaces/hook/cmake_prefix_path.ps1'
[1.025s] INFO:colcon.colcon_core.shell:Creating environment descriptor '/home/awadh/zed_ws/install/zed_interfaces/share/zed_interfaces/hook/cmake_prefix_path.dsv'
[1.025s] INFO:colcon.colcon_core.shell:Creating environment hook '/home/awadh/zed_ws/install/zed_interfaces/share/zed_interfaces/hook/cmake_prefix_path.sh'
[1.025s] Level 1:colcon.colcon_core.environment:checking '/home/awadh/zed_ws/install/zed_interfaces/lib'
[1.025s] Level 1:colcon.colcon_core.shell:create_environment_hook('zed_interfaces', 'ld_library_path_lib')
[1.026s] INFO:colcon.colcon_core.shell:Creating environment hook '/home/awadh/zed_ws/install/zed_interfaces/share/zed_interfaces/hook/ld_library_path_lib.ps1'
[1.026s] INFO:colcon.colcon_core.shell:Creating environment descriptor '/home/awadh/zed_ws/install/zed_interfaces/share/zed_interfaces/hook/ld_library_path_lib.dsv'
[1.026s] INFO:colcon.colcon_core.shell:Creating environment hook '/home/awadh/zed_ws/install/zed_interfaces/share/zed_interfaces/hook/ld_library_path_lib.sh'
[1.026s] Level 1:colcon.colcon_core.environment:checking '/home/awadh/zed_ws/install/zed_interfaces/bin'
[1.026s] Level 1:colcon.colcon_core.environment:checking '/home/awadh/zed_ws/install/zed_interfaces/lib/pkgconfig/zed_interfaces.pc'
[1.026s] Level 1:colcon.colcon_core.environment:checking '/home/awadh/zed_ws/install/zed_interfaces/lib/python3.10/site-packages'
[1.026s] Level 1:colcon.colcon_core.environment:checking '/home/awadh/zed_ws/install/zed_interfaces/bin'
[1.027s] INFO:colcon.colcon_core.shell:Creating package script '/home/awadh/zed_ws/install/zed_interfaces/share/zed_interfaces/package.ps1'
[1.027s] INFO:colcon.colcon_core.shell:Creating package descriptor '/home/awadh/zed_ws/install/zed_interfaces/share/zed_interfaces/package.dsv'
[1.027s] INFO:colcon.colcon_core.shell:Creating package script '/home/awadh/zed_ws/install/zed_interfaces/share/zed_interfaces/package.sh'
[1.027s] INFO:colcon.colcon_core.shell:Creating package script '/home/awadh/zed_ws/install/zed_interfaces/share/zed_interfaces/package.bash'
[1.027s] INFO:colcon.colcon_core.shell:Creating package script '/home/awadh/zed_ws/install/zed_interfaces/share/zed_interfaces/package.zsh'
[1.027s] Level 1:colcon.colcon_core.environment:create_file_with_runtime_dependencies(/home/awadh/zed_ws/install/zed_interfaces/share/colcon-core/packages/zed_interfaces)
[1.534s] Level 1:colcon.colcon_core.environment:create_environment_scripts_only(zed_interfaces)
[1.534s] Level 1:colcon.colcon_core.environment:checking '/home/awadh/zed_ws/install/zed_interfaces' for CMake module files
[1.535s] Level 1:colcon.colcon_core.environment:checking '/home/awadh/zed_ws/install/zed_interfaces' for CMake config files
[1.535s] Level 1:colcon.colcon_core.shell:create_environment_hook('zed_interfaces', 'cmake_prefix_path')
[1.536s] INFO:colcon.colcon_core.shell:Creating environment hook '/home/awadh/zed_ws/install/zed_interfaces/share/zed_interfaces/hook/cmake_prefix_path.ps1'
[1.536s] INFO:colcon.colcon_core.shell:Creating environment descriptor '/home/awadh/zed_ws/install/zed_interfaces/share/zed_interfaces/hook/cmake_prefix_path.dsv'
[1.536s] INFO:colcon.colcon_core.shell:Creating environment hook '/home/awadh/zed_ws/install/zed_interfaces/share/zed_interfaces/hook/cmake_prefix_path.sh'
[1.536s] Level 1:colcon.colcon_core.environment:checking '/home/awadh/zed_ws/install/zed_interfaces/lib'
[1.536s] Level 1:colcon.colcon_core.shell:create_environment_hook('zed_interfaces', 'ld_library_path_lib')
[1.537s] INFO:colcon.colcon_core.shell:Creating environment hook '/home/awadh/zed_ws/install/zed_interfaces/share/zed_interfaces/hook/ld_library_path_lib.ps1'
[1.537s] INFO:colcon.colcon_core.shell:Creating environment descriptor '/home/awadh/zed_ws/install/zed_interfaces/share/zed_interfaces/hook/ld_library_path_lib.dsv'
[1.537s] INFO:colcon.colcon_core.shell:Creating environment hook '/home/awadh/zed_ws/install/zed_interfaces/share/zed_interfaces/hook/ld_library_path_lib.sh'
[1.537s] Level 1:colcon.colcon_core.environment:checking '/home/awadh/zed_ws/install/zed_interfaces/bin'
[1.537s] Level 1:colcon.colcon_core.environment:checking '/home/awadh/zed_ws/install/zed_interfaces/lib/pkgconfig/zed_interfaces.pc'
[1.537s] Level 1:colcon.colcon_core.environment:checking '/home/awadh/zed_ws/install/zed_interfaces/lib/python3.10/site-packages'
[1.537s] Level 1:colcon.colcon_core.environment:checking '/home/awadh/zed_ws/install/zed_interfaces/bin'
[1.538s] INFO:colcon.colcon_core.shell:Creating package script '/home/awadh/zed_ws/install/zed_interfaces/share/zed_interfaces/package.ps1'
[1.538s] INFO:colcon.colcon_core.shell:Creating package descriptor '/home/awadh/zed_ws/install/zed_interfaces/share/zed_interfaces/package.dsv'
[1.538s] INFO:colcon.colcon_core.shell:Creating package script '/home/awadh/zed_ws/install/zed_interfaces/share/zed_interfaces/package.sh'
[1.538s] INFO:colcon.colcon_core.shell:Creating package script '/home/awadh/zed_ws/install/zed_interfaces/share/zed_interfaces/package.bash'
[1.539s] INFO:colcon.colcon_core.shell:Creating package script '/home/awadh/zed_ws/install/zed_interfaces/share/zed_interfaces/package.zsh'
[1.539s] Level 1:colcon.colcon_core.environment:create_file_with_runtime_dependencies(/home/awadh/zed_ws/install/zed_interfaces/share/colcon-core/packages/zed_interfaces)
[1.539s] INFO:colcon.colcon_ros.task.ament_cmake.build:Building ROS package in '/home/awadh/zed_ws/src/zed-ros2-wrapper/zed_components' with build type 'ament_cmake'
[1.539s] INFO:colcon.colcon_cmake.task.cmake.build:Building CMake package in '/home/awadh/zed_ws/src/zed-ros2-wrapper/zed_components'
[1.539s] INFO:colcon.colcon_core.shell:Skip shell extension 'powershell' for command environment: Not usable outside of PowerShell
[1.539s] DEBUG:colcon.colcon_core.shell:Skip shell extension 'dsv' for command environment
[1.544s] INFO:colcon.colcon_ros.task.ament_cmake.build:Building ROS package in '/home/awadh/zed_ws/src/zed-ros2-examples/rviz-plugin-zed-od' with build type 'ament_cmake'
[1.544s] INFO:colcon.colcon_cmake.task.cmake.build:Building CMake package in '/home/awadh/zed_ws/src/zed-ros2-examples/rviz-plugin-zed-od'
[1.544s] INFO:colcon.colcon_core.shell:Skip shell extension 'powershell' for command environment: Not usable outside of PowerShell
[1.544s] DEBUG:colcon.colcon_core.shell:Skip shell extension 'dsv' for command environment
[1.551s] DEBUG:colcon.colcon_core.event_handler.log_command:Invoking command in '/home/awadh/zed_ws/build/zed_components': AMENT_PREFIX_PATH=/home/awadh/zed_ws/install/zed_interfaces:${AMENT_PREFIX_PATH} CMAKE_PREFIX_PATH=/home/awadh/zed_ws/install/zed_interfaces:/home/awadh/gazebo_ws/install/yolov8_msgs:/home/awadh/gazebo_ws/install/yolobot_recognition:/home/awadh/gazebo_ws/install/yolobot_gazebo:/home/awadh/gazebo_ws/install/yolobot_description:/home/awadh/gazebo_ws/install/yolobot_control:/home/awadh/gazebo_ws/install/my_robot_bringup:/home/awadh/gazebo_ws/install/my_robot_description:/home/awadh/yolobot/install/yolov8_msgs:/home/awadh/yolobot/install/yolobot_recognition:/home/awadh/yolobot/install/yolobot_gazebo:/home/awadh/yolobot/install/yolobot_description:/home/awadh/yolobot/install/yolobot_control:/home/awadh/test2_ws/install/pcl_object_detection:/home/awadh/zed_ws/install/zed_tutorial_video:/home/awadh/zed_ws/install/zed_tutorial_pos_tracking:/home/awadh/zed_ws/install/zed_tutorial_depth:/home/awadh/zed_ws/install/zed_robot_integration:/home/awadh/zed_ws/install/zed_multi_camera:/home/awadh/zed_ws/install/zed_display_rviz2:/home/awadh/ouster_ws/install/ouster_ros:/home/awadh/ouster_ws/install/ouster_sensor_msgs:/home/awadh/ros2_ws/install/my_robot_bringup:/home/awadh/ros2_ws/install/turtlesim_project_cpp:/home/awadh/ros2_ws/install/my_cpp_pkg:/home/awadh/ros2_ws/install/my_robot_interfaces:/home/awadh/gazebo_ws/install/ultralytics_ros2:/home/awadh/ros2_ws/install/turtlesim_catch_them_all:/home/awadh/ros2_ws/install/my_py_pkg:/opt/ros/humble:/home/awadh/sick_tim_ws/install/sick_tim LD_LIBRARY_PATH=/home/awadh/zed_ws/install/zed_interfaces/lib:/home/awadh/gazebo_ws/install/yolov8_msgs/lib:/home/awadh/yolobot/install/yolov8_msgs/lib:/home/awadh/test2_ws/install/pcl_object_detection/lib:/home/awadh/ouster_ws/install/ouster_ros/lib:/home/awadh/ouster_ws/install/ouster_sensor_msgs/lib:/home/awadh/ros2_ws/install/my_robot_interfaces/lib:/home/awadh/sick_tim_ws/install/sick_tim/lib:/usr/lib/x86_64-linux-gnu/gazebo-11/plugins:/opt/ros/humble/opt/rviz_ogre_vendor/lib:/opt/ros/humble/lib/x86_64-linux-gnu:/opt/ros/humble/lib:/usr/share/gazebo/../../lib/x86_64-linux-gnu/gazebo-11/plugins PYTHONPATH=/home/awadh/zed_ws/install/zed_interfaces/local/lib/python3.10/dist-packages:${PYTHONPATH} /usr/bin/cmake --build /home/awadh/zed_ws/build/zed_components -- -j16 -l16
[1.554s] DEBUG:colcon.colcon_core.event_handler.log_command:Invoking command in '/home/awadh/zed_ws/build/rviz_plugin_zed_od': AMENT_PREFIX_PATH=/home/awadh/zed_ws/install/zed_interfaces:${AMENT_PREFIX_PATH} CMAKE_PREFIX_PATH=/home/awadh/zed_ws/install/zed_interfaces:/home/awadh/gazebo_ws/install/yolov8_msgs:/home/awadh/gazebo_ws/install/yolobot_recognition:/home/awadh/gazebo_ws/install/yolobot_gazebo:/home/awadh/gazebo_ws/install/yolobot_description:/home/awadh/gazebo_ws/install/yolobot_control:/home/awadh/gazebo_ws/install/my_robot_bringup:/home/awadh/gazebo_ws/install/my_robot_description:/home/awadh/yolobot/install/yolov8_msgs:/home/awadh/yolobot/install/yolobot_recognition:/home/awadh/yolobot/install/yolobot_gazebo:/home/awadh/yolobot/install/yolobot_description:/home/awadh/yolobot/install/yolobot_control:/home/awadh/test2_ws/install/pcl_object_detection:/home/awadh/zed_ws/install/zed_tutorial_video:/home/awadh/zed_ws/install/zed_tutorial_pos_tracking:/home/awadh/zed_ws/install/zed_tutorial_depth:/home/awadh/zed_ws/install/zed_robot_integration:/home/awadh/zed_ws/install/zed_multi_camera:/home/awadh/zed_ws/install/zed_display_rviz2:/home/awadh/ouster_ws/install/ouster_ros:/home/awadh/ouster_ws/install/ouster_sensor_msgs:/home/awadh/ros2_ws/install/my_robot_bringup:/home/awadh/ros2_ws/install/turtlesim_project_cpp:/home/awadh/ros2_ws/install/my_cpp_pkg:/home/awadh/ros2_ws/install/my_robot_interfaces:/home/awadh/gazebo_ws/install/ultralytics_ros2:/home/awadh/ros2_ws/install/turtlesim_catch_them_all:/home/awadh/ros2_ws/install/my_py_pkg:/opt/ros/humble:/home/awadh/sick_tim_ws/install/sick_tim LD_LIBRARY_PATH=/home/awadh/zed_ws/install/zed_interfaces/lib:/home/awadh/gazebo_ws/install/yolov8_msgs/lib:/home/awadh/yolobot/install/yolov8_msgs/lib:/home/awadh/test2_ws/install/pcl_object_detection/lib:/home/awadh/ouster_ws/install/ouster_ros/lib:/home/awadh/ouster_ws/install/ouster_sensor_msgs/lib:/home/awadh/ros2_ws/install/my_robot_interfaces/lib:/home/awadh/sick_tim_ws/install/sick_tim/lib:/usr/lib/x86_64-linux-gnu/gazebo-11/plugins:/opt/ros/humble/opt/rviz_ogre_vendor/lib:/opt/ros/humble/lib/x86_64-linux-gnu:/opt/ros/humble/lib:/usr/share/gazebo/../../lib/x86_64-linux-gnu/gazebo-11/plugins PYTHONPATH=/home/awadh/zed_ws/install/zed_interfaces/local/lib/python3.10/dist-packages:${PYTHONPATH} /usr/bin/cmake --build /home/awadh/zed_ws/build/rviz_plugin_zed_od -- -j16 -l16
[1.618s] DEBUG:colcon.colcon_core.event_handler.log_command:Invoked command in '/home/awadh/zed_ws/build/zed_components' returned '0': AMENT_PREFIX_PATH=/home/awadh/zed_ws/install/zed_interfaces:${AMENT_PREFIX_PATH} CMAKE_PREFIX_PATH=/home/awadh/zed_ws/install/zed_interfaces:/home/awadh/gazebo_ws/install/yolov8_msgs:/home/awadh/gazebo_ws/install/yolobot_recognition:/home/awadh/gazebo_ws/install/yolobot_gazebo:/home/awadh/gazebo_ws/install/yolobot_description:/home/awadh/gazebo_ws/install/yolobot_control:/home/awadh/gazebo_ws/install/my_robot_bringup:/home/awadh/gazebo_ws/install/my_robot_description:/home/awadh/yolobot/install/yolov8_msgs:/home/awadh/yolobot/install/yolobot_recognition:/home/awadh/yolobot/install/yolobot_gazebo:/home/awadh/yolobot/install/yolobot_description:/home/awadh/yolobot/install/yolobot_control:/home/awadh/test2_ws/install/pcl_object_detection:/home/awadh/zed_ws/install/zed_tutorial_video:/home/awadh/zed_ws/install/zed_tutorial_pos_tracking:/home/awadh/zed_ws/install/zed_tutorial_depth:/home/awadh/zed_ws/install/zed_robot_integration:/home/awadh/zed_ws/install/zed_multi_camera:/home/awadh/zed_ws/install/zed_display_rviz2:/home/awadh/ouster_ws/install/ouster_ros:/home/awadh/ouster_ws/install/ouster_sensor_msgs:/home/awadh/ros2_ws/install/my_robot_bringup:/home/awadh/ros2_ws/install/turtlesim_project_cpp:/home/awadh/ros2_ws/install/my_cpp_pkg:/home/awadh/ros2_ws/install/my_robot_interfaces:/home/awadh/gazebo_ws/install/ultralytics_ros2:/home/awadh/ros2_ws/install/turtlesim_catch_them_all:/home/awadh/ros2_ws/install/my_py_pkg:/opt/ros/humble:/home/awadh/sick_tim_ws/install/sick_tim LD_LIBRARY_PATH=/home/awadh/zed_ws/install/zed_interfaces/lib:/home/awadh/gazebo_ws/install/yolov8_msgs/lib:/home/awadh/yolobot/install/yolov8_msgs/lib:/home/awadh/test2_ws/install/pcl_object_detection/lib:/home/awadh/ouster_ws/install/ouster_ros/lib:/home/awadh/ouster_ws/install/ouster_sensor_msgs/lib:/home/awadh/ros2_ws/install/my_robot_interfaces/lib:/home/awadh/sick_tim_ws/install/sick_tim/lib:/usr/lib/x86_64-linux-gnu/gazebo-11/plugins:/opt/ros/humble/opt/rviz_ogre_vendor/lib:/opt/ros/humble/lib/x86_64-linux-gnu:/opt/ros/humble/lib:/usr/share/gazebo/../../lib/x86_64-linux-gnu/gazebo-11/plugins PYTHONPATH=/home/awadh/zed_ws/install/zed_interfaces/local/lib/python3.10/dist-packages:${PYTHONPATH} /usr/bin/cmake --build /home/awadh/zed_ws/build/zed_components -- -j16 -l16
[1.656s] DEBUG:colcon.colcon_core.event_handler.log_command:Invoking command in '/home/awadh/zed_ws/build/zed_components': AMENT_PREFIX_PATH=/home/awadh/zed_ws/install/zed_interfaces:${AMENT_PREFIX_PATH} CMAKE_PREFIX_PATH=/home/awadh/zed_ws/install/zed_interfaces:/home/awadh/gazebo_ws/install/yolov8_msgs:/home/awadh/gazebo_ws/install/yolobot_recognition:/home/awadh/gazebo_ws/install/yolobot_gazebo:/home/awadh/gazebo_ws/install/yolobot_description:/home/awadh/gazebo_ws/install/yolobot_control:/home/awadh/gazebo_ws/install/my_robot_bringup:/home/awadh/gazebo_ws/install/my_robot_description:/home/awadh/yolobot/install/yolov8_msgs:/home/awadh/yolobot/install/yolobot_recognition:/home/awadh/yolobot/install/yolobot_gazebo:/home/awadh/yolobot/install/yolobot_description:/home/awadh/yolobot/install/yolobot_control:/home/awadh/test2_ws/install/pcl_object_detection:/home/awadh/zed_ws/install/zed_tutorial_video:/home/awadh/zed_ws/install/zed_tutorial_pos_tracking:/home/awadh/zed_ws/install/zed_tutorial_depth:/home/awadh/zed_ws/install/zed_robot_integration:/home/awadh/zed_ws/install/zed_multi_camera:/home/awadh/zed_ws/install/zed_display_rviz2:/home/awadh/ouster_ws/install/ouster_ros:/home/awadh/ouster_ws/install/ouster_sensor_msgs:/home/awadh/ros2_ws/install/my_robot_bringup:/home/awadh/ros2_ws/install/turtlesim_project_cpp:/home/awadh/ros2_ws/install/my_cpp_pkg:/home/awadh/ros2_ws/install/my_robot_interfaces:/home/awadh/gazebo_ws/install/ultralytics_ros2:/home/awadh/ros2_ws/install/turtlesim_catch_them_all:/home/awadh/ros2_ws/install/my_py_pkg:/opt/ros/humble:/home/awadh/sick_tim_ws/install/sick_tim LD_LIBRARY_PATH=/home/awadh/zed_ws/install/zed_interfaces/lib:/home/awadh/gazebo_ws/install/yolov8_msgs/lib:/home/awadh/yolobot/install/yolov8_msgs/lib:/home/awadh/test2_ws/install/pcl_object_detection/lib:/home/awadh/ouster_ws/install/ouster_ros/lib:/home/awadh/ouster_ws/install/ouster_sensor_msgs/lib:/home/awadh/ros2_ws/install/my_robot_interfaces/lib:/home/awadh/sick_tim_ws/install/sick_tim/lib:/usr/lib/x86_64-linux-gnu/gazebo-11/plugins:/opt/ros/humble/opt/rviz_ogre_vendor/lib:/opt/ros/humble/lib/x86_64-linux-gnu:/opt/ros/humble/lib:/usr/share/gazebo/../../lib/x86_64-linux-gnu/gazebo-11/plugins PYTHONPATH=/home/awadh/zed_ws/install/zed_interfaces/local/lib/python3.10/dist-packages:${PYTHONPATH} /usr/bin/cmake --install /home/awadh/zed_ws/build/zed_components
[1.658s] DEBUG:colcon.colcon_core.event_handler.log_command:Invoked command in '/home/awadh/zed_ws/build/rviz_plugin_zed_od' returned '0': AMENT_PREFIX_PATH=/home/awadh/zed_ws/install/zed_interfaces:${AMENT_PREFIX_PATH} CMAKE_PREFIX_PATH=/home/awadh/zed_ws/install/zed_interfaces:/home/awadh/gazebo_ws/install/yolov8_msgs:/home/awadh/gazebo_ws/install/yolobot_recognition:/home/awadh/gazebo_ws/install/yolobot_gazebo:/home/awadh/gazebo_ws/install/yolobot_description:/home/awadh/gazebo_ws/install/yolobot_control:/home/awadh/gazebo_ws/install/my_robot_bringup:/home/awadh/gazebo_ws/install/my_robot_description:/home/awadh/yolobot/install/yolov8_msgs:/home/awadh/yolobot/install/yolobot_recognition:/home/awadh/yolobot/install/yolobot_gazebo:/home/awadh/yolobot/install/yolobot_description:/home/awadh/yolobot/install/yolobot_control:/home/awadh/test2_ws/install/pcl_object_detection:/home/awadh/zed_ws/install/zed_tutorial_video:/home/awadh/zed_ws/install/zed_tutorial_pos_tracking:/home/awadh/zed_ws/install/zed_tutorial_depth:/home/awadh/zed_ws/install/zed_robot_integration:/home/awadh/zed_ws/install/zed_multi_camera:/home/awadh/zed_ws/install/zed_display_rviz2:/home/awadh/ouster_ws/install/ouster_ros:/home/awadh/ouster_ws/install/ouster_sensor_msgs:/home/awadh/ros2_ws/install/my_robot_bringup:/home/awadh/ros2_ws/install/turtlesim_project_cpp:/home/awadh/ros2_ws/install/my_cpp_pkg:/home/awadh/ros2_ws/install/my_robot_interfaces:/home/awadh/gazebo_ws/install/ultralytics_ros2:/home/awadh/ros2_ws/install/turtlesim_catch_them_all:/home/awadh/ros2_ws/install/my_py_pkg:/opt/ros/humble:/home/awadh/sick_tim_ws/install/sick_tim LD_LIBRARY_PATH=/home/awadh/zed_ws/install/zed_interfaces/lib:/home/awadh/gazebo_ws/install/yolov8_msgs/lib:/home/awadh/yolobot/install/yolov8_msgs/lib:/home/awadh/test2_ws/install/pcl_object_detection/lib:/home/awadh/ouster_ws/install/ouster_ros/lib:/home/awadh/ouster_ws/install/ouster_sensor_msgs/lib:/home/awadh/ros2_ws/install/my_robot_interfaces/lib:/home/awadh/sick_tim_ws/install/sick_tim/lib:/usr/lib/x86_64-linux-gnu/gazebo-11/plugins:/opt/ros/humble/opt/rviz_ogre_vendor/lib:/opt/ros/humble/lib/x86_64-linux-gnu:/opt/ros/humble/lib:/usr/share/gazebo/../../lib/x86_64-linux-gnu/gazebo-11/plugins PYTHONPATH=/home/awadh/zed_ws/install/zed_interfaces/local/lib/python3.10/dist-packages:${PYTHONPATH} /usr/bin/cmake --build /home/awadh/zed_ws/build/rviz_plugin_zed_od -- -j16 -l16
[1.667s] Level 1:colcon.colcon_core.environment:create_environment_scripts_only(zed_components)
[1.667s] Level 1:colcon.colcon_core.environment:checking '/home/awadh/zed_ws/install/zed_components' for CMake module files
[1.668s] DEBUG:colcon.colcon_core.event_handler.log_command:Invoked command in '/home/awadh/zed_ws/build/zed_components' returned '0': AMENT_PREFIX_PATH=/home/awadh/zed_ws/install/zed_interfaces:${AMENT_PREFIX_PATH} CMAKE_PREFIX_PATH=/home/awadh/zed_ws/install/zed_interfaces:/home/awadh/gazebo_ws/install/yolov8_msgs:/home/awadh/gazebo_ws/install/yolobot_recognition:/home/awadh/gazebo_ws/install/yolobot_gazebo:/home/awadh/gazebo_ws/install/yolobot_description:/home/awadh/gazebo_ws/install/yolobot_control:/home/awadh/gazebo_ws/install/my_robot_bringup:/home/awadh/gazebo_ws/install/my_robot_description:/home/awadh/yolobot/install/yolov8_msgs:/home/awadh/yolobot/install/yolobot_recognition:/home/awadh/yolobot/install/yolobot_gazebo:/home/awadh/yolobot/install/yolobot_description:/home/awadh/yolobot/install/yolobot_control:/home/awadh/test2_ws/install/pcl_object_detection:/home/awadh/zed_ws/install/zed_tutorial_video:/home/awadh/zed_ws/install/zed_tutorial_pos_tracking:/home/awadh/zed_ws/install/zed_tutorial_depth:/home/awadh/zed_ws/install/zed_robot_integration:/home/awadh/zed_ws/install/zed_multi_camera:/home/awadh/zed_ws/install/zed_display_rviz2:/home/awadh/ouster_ws/install/ouster_ros:/home/awadh/ouster_ws/install/ouster_sensor_msgs:/home/awadh/ros2_ws/install/my_robot_bringup:/home/awadh/ros2_ws/install/turtlesim_project_cpp:/home/awadh/ros2_ws/install/my_cpp_pkg:/home/awadh/ros2_ws/install/my_robot_interfaces:/home/awadh/gazebo_ws/install/ultralytics_ros2:/home/awadh/ros2_ws/install/turtlesim_catch_them_all:/home/awadh/ros2_ws/install/my_py_pkg:/opt/ros/humble:/home/awadh/sick_tim_ws/install/sick_tim LD_LIBRARY_PATH=/home/awadh/zed_ws/install/zed_interfaces/lib:/home/awadh/gazebo_ws/install/yolov8_msgs/lib:/home/awadh/yolobot/install/yolov8_msgs/lib:/home/awadh/test2_ws/install/pcl_object_detection/lib:/home/awadh/ouster_ws/install/ouster_ros/lib:/home/awadh/ouster_ws/install/ouster_sensor_msgs/lib:/home/awadh/ros2_ws/install/my_robot_interfaces/lib:/home/awadh/sick_tim_ws/install/sick_tim/lib:/usr/lib/x86_64-linux-gnu/gazebo-11/plugins:/opt/ros/humble/opt/rviz_ogre_vendor/lib:/opt/ros/humble/lib/x86_64-linux-gnu:/opt/ros/humble/lib:/usr/share/gazebo/../../lib/x86_64-linux-gnu/gazebo-11/plugins PYTHONPATH=/home/awadh/zed_ws/install/zed_interfaces/local/lib/python3.10/dist-packages:${PYTHONPATH} /usr/bin/cmake --install /home/awadh/zed_ws/build/zed_components
[1.668s] Level 1:colcon.colcon_core.environment:checking '/home/awadh/zed_ws/install/zed_components' for CMake config files
[1.668s] Level 1:colcon.colcon_core.shell:create_environment_hook('zed_components', 'cmake_prefix_path')
[1.668s] INFO:colcon.colcon_core.shell:Creating environment hook '/home/awadh/zed_ws/install/zed_components/share/zed_components/hook/cmake_prefix_path.ps1'
[1.669s] INFO:colcon.colcon_core.shell:Creating environment descriptor '/home/awadh/zed_ws/install/zed_components/share/zed_components/hook/cmake_prefix_path.dsv'
[1.669s] INFO:colcon.colcon_core.shell:Creating environment hook '/home/awadh/zed_ws/install/zed_components/share/zed_components/hook/cmake_prefix_path.sh'
[1.669s] Level 1:colcon.colcon_core.environment:checking '/home/awadh/zed_ws/install/zed_components/lib'
[1.670s] Level 1:colcon.colcon_core.shell:create_environment_hook('zed_components', 'ld_library_path_lib')
[1.670s] INFO:colcon.colcon_core.shell:Creating environment hook '/home/awadh/zed_ws/install/zed_components/share/zed_components/hook/ld_library_path_lib.ps1'
[1.670s] INFO:colcon.colcon_core.shell:Creating environment descriptor '/home/awadh/zed_ws/install/zed_components/share/zed_components/hook/ld_library_path_lib.dsv'
[1.670s] INFO:colcon.colcon_core.shell:Creating environment hook '/home/awadh/zed_ws/install/zed_components/share/zed_components/hook/ld_library_path_lib.sh'
[1.670s] Level 1:colcon.colcon_core.environment:checking '/home/awadh/zed_ws/install/zed_components/bin'
[1.670s] Level 1:colcon.colcon_core.environment:checking '/home/awadh/zed_ws/install/zed_components/lib/pkgconfig/zed_components.pc'
[1.670s] Level 1:colcon.colcon_core.environment:checking '/home/awadh/zed_ws/install/zed_components/lib/python3.10/site-packages'
[1.670s] Level 1:colcon.colcon_core.environment:checking '/home/awadh/zed_ws/install/zed_components/bin'
[1.671s] INFO:colcon.colcon_core.shell:Creating package script '/home/awadh/zed_ws/install/zed_components/share/zed_components/package.ps1'
[1.671s] INFO:colcon.colcon_core.shell:Creating package descriptor '/home/awadh/zed_ws/install/zed_components/share/zed_components/package.dsv'
[1.671s] INFO:colcon.colcon_core.shell:Creating package script '/home/awadh/zed_ws/install/zed_components/share/zed_components/package.sh'
[1.671s] INFO:colcon.colcon_core.shell:Creating package script '/home/awadh/zed_ws/install/zed_components/share/zed_components/package.bash'
[1.671s] INFO:colcon.colcon_core.shell:Creating package script '/home/awadh/zed_ws/install/zed_components/share/zed_components/package.zsh'
[1.672s] Level 1:colcon.colcon_core.environment:create_file_with_runtime_dependencies(/home/awadh/zed_ws/install/zed_components/share/colcon-core/packages/zed_components)
[1.694s] DEBUG:colcon.colcon_core.event_handler.log_command:Invoking command in '/home/awadh/zed_ws/build/rviz_plugin_zed_od': AMENT_PREFIX_PATH=/home/awadh/zed_ws/install/zed_interfaces:${AMENT_PREFIX_PATH} CMAKE_PREFIX_PATH=/home/awadh/zed_ws/install/zed_interfaces:/home/awadh/gazebo_ws/install/yolov8_msgs:/home/awadh/gazebo_ws/install/yolobot_recognition:/home/awadh/gazebo_ws/install/yolobot_gazebo:/home/awadh/gazebo_ws/install/yolobot_description:/home/awadh/gazebo_ws/install/yolobot_control:/home/awadh/gazebo_ws/install/my_robot_bringup:/home/awadh/gazebo_ws/install/my_robot_description:/home/awadh/yolobot/install/yolov8_msgs:/home/awadh/yolobot/install/yolobot_recognition:/home/awadh/yolobot/install/yolobot_gazebo:/home/awadh/yolobot/install/yolobot_description:/home/awadh/yolobot/install/yolobot_control:/home/awadh/test2_ws/install/pcl_object_detection:/home/awadh/zed_ws/install/zed_tutorial_video:/home/awadh/zed_ws/install/zed_tutorial_pos_tracking:/home/awadh/zed_ws/install/zed_tutorial_depth:/home/awadh/zed_ws/install/zed_robot_integration:/home/awadh/zed_ws/install/zed_multi_camera:/home/awadh/zed_ws/install/zed_display_rviz2:/home/awadh/ouster_ws/install/ouster_ros:/home/awadh/ouster_ws/install/ouster_sensor_msgs:/home/awadh/ros2_ws/install/my_robot_bringup:/home/awadh/ros2_ws/install/turtlesim_project_cpp:/home/awadh/ros2_ws/install/my_cpp_pkg:/home/awadh/ros2_ws/install/my_robot_interfaces:/home/awadh/gazebo_ws/install/ultralytics_ros2:/home/awadh/ros2_ws/install/turtlesim_catch_them_all:/home/awadh/ros2_ws/install/my_py_pkg:/opt/ros/humble:/home/awadh/sick_tim_ws/install/sick_tim LD_LIBRARY_PATH=/home/awadh/zed_ws/install/zed_interfaces/lib:/home/awadh/gazebo_ws/install/yolov8_msgs/lib:/home/awadh/yolobot/install/yolov8_msgs/lib:/home/awadh/test2_ws/install/pcl_object_detection/lib:/home/awadh/ouster_ws/install/ouster_ros/lib:/home/awadh/ouster_ws/install/ouster_sensor_msgs/lib:/home/awadh/ros2_ws/install/my_robot_interfaces/lib:/home/awadh/sick_tim_ws/install/sick_tim/lib:/usr/lib/x86_64-linux-gnu/gazebo-11/plugins:/opt/ros/humble/opt/rviz_ogre_vendor/lib:/opt/ros/humble/lib/x86_64-linux-gnu:/opt/ros/humble/lib:/usr/share/gazebo/../../lib/x86_64-linux-gnu/gazebo-11/plugins PYTHONPATH=/home/awadh/zed_ws/install/zed_interfaces/local/lib/python3.10/dist-packages:${PYTHONPATH} /usr/bin/cmake --install /home/awadh/zed_ws/build/rviz_plugin_zed_od
[1.708s] Level 1:colcon.colcon_core.environment:create_environment_scripts_only(rviz_plugin_zed_od)
[1.708s] Level 1:colcon.colcon_core.environment:checking '/home/awadh/zed_ws/install/rviz_plugin_zed_od' for CMake module files
[1.709s] DEBUG:colcon.colcon_core.event_handler.log_command:Invoked command in '/home/awadh/zed_ws/build/rviz_plugin_zed_od' returned '0': AMENT_PREFIX_PATH=/home/awadh/zed_ws/install/zed_interfaces:${AMENT_PREFIX_PATH} CMAKE_PREFIX_PATH=/home/awadh/zed_ws/install/zed_interfaces:/home/awadh/gazebo_ws/install/yolov8_msgs:/home/awadh/gazebo_ws/install/yolobot_recognition:/home/awadh/gazebo_ws/install/yolobot_gazebo:/home/awadh/gazebo_ws/install/yolobot_description:/home/awadh/gazebo_ws/install/yolobot_control:/home/awadh/gazebo_ws/install/my_robot_bringup:/home/awadh/gazebo_ws/install/my_robot_description:/home/awadh/yolobot/install/yolov8_msgs:/home/awadh/yolobot/install/yolobot_recognition:/home/awadh/yolobot/install/yolobot_gazebo:/home/awadh/yolobot/install/yolobot_description:/home/awadh/yolobot/install/yolobot_control:/home/awadh/test2_ws/install/pcl_object_detection:/home/awadh/zed_ws/install/zed_tutorial_video:/home/awadh/zed_ws/install/zed_tutorial_pos_tracking:/home/awadh/zed_ws/install/zed_tutorial_depth:/home/awadh/zed_ws/install/zed_robot_integration:/home/awadh/zed_ws/install/zed_multi_camera:/home/awadh/zed_ws/install/zed_display_rviz2:/home/awadh/ouster_ws/install/ouster_ros:/home/awadh/ouster_ws/install/ouster_sensor_msgs:/home/awadh/ros2_ws/install/my_robot_bringup:/home/awadh/ros2_ws/install/turtlesim_project_cpp:/home/awadh/ros2_ws/install/my_cpp_pkg:/home/awadh/ros2_ws/install/my_robot_interfaces:/home/awadh/gazebo_ws/install/ultralytics_ros2:/home/awadh/ros2_ws/install/turtlesim_catch_them_all:/home/awadh/ros2_ws/install/my_py_pkg:/opt/ros/humble:/home/awadh/sick_tim_ws/install/sick_tim LD_LIBRARY_PATH=/home/awadh/zed_ws/install/zed_interfaces/lib:/home/awadh/gazebo_ws/install/yolov8_msgs/lib:/home/awadh/yolobot/install/yolov8_msgs/lib:/home/awadh/test2_ws/install/pcl_object_detection/lib:/home/awadh/ouster_ws/install/ouster_ros/lib:/home/awadh/ouster_ws/install/ouster_sensor_msgs/lib:/home/awadh/ros2_ws/install/my_robot_interfaces/lib:/home/awadh/sick_tim_ws/install/sick_tim/lib:/usr/lib/x86_64-linux-gnu/gazebo-11/plugins:/opt/ros/humble/opt/rviz_ogre_vendor/lib:/opt/ros/humble/lib/x86_64-linux-gnu:/opt/ros/humble/lib:/usr/share/gazebo/../../lib/x86_64-linux-gnu/gazebo-11/plugins PYTHONPATH=/home/awadh/zed_ws/install/zed_interfaces/local/lib/python3.10/dist-packages:${PYTHONPATH} /usr/bin/cmake --install /home/awadh/zed_ws/build/rviz_plugin_zed_od
[1.709s] Level 1:colcon.colcon_core.environment:checking '/home/awadh/zed_ws/install/rviz_plugin_zed_od' for CMake config files
[1.709s] Level 1:colcon.colcon_core.shell:create_environment_hook('rviz_plugin_zed_od', 'cmake_prefix_path')
[1.709s] INFO:colcon.colcon_core.shell:Creating environment hook '/home/awadh/zed_ws/install/rviz_plugin_zed_od/share/rviz_plugin_zed_od/hook/cmake_prefix_path.ps1'
[1.710s] INFO:colcon.colcon_core.shell:Creating environment descriptor '/home/awadh/zed_ws/install/rviz_plugin_zed_od/share/rviz_plugin_zed_od/hook/cmake_prefix_path.dsv'
[1.710s] INFO:colcon.colcon_core.shell:Creating environment hook '/home/awadh/zed_ws/install/rviz_plugin_zed_od/share/rviz_plugin_zed_od/hook/cmake_prefix_path.sh'
[1.710s] Level 1:colcon.colcon_core.environment:checking '/home/awadh/zed_ws/install/rviz_plugin_zed_od/lib'
[1.710s] Level 1:colcon.colcon_core.shell:create_environment_hook('rviz_plugin_zed_od', 'ld_library_path_lib')
[1.710s] INFO:colcon.colcon_core.shell:Creating environment hook '/home/awadh/zed_ws/install/rviz_plugin_zed_od/share/rviz_plugin_zed_od/hook/ld_library_path_lib.ps1'
[1.711s] INFO:colcon.colcon_core.shell:Creating environment descriptor '/home/awadh/zed_ws/install/rviz_plugin_zed_od/share/rviz_plugin_zed_od/hook/ld_library_path_lib.dsv'
[1.711s] INFO:colcon.colcon_core.shell:Creating environment hook '/home/awadh/zed_ws/install/rviz_plugin_zed_od/share/rviz_plugin_zed_od/hook/ld_library_path_lib.sh'
[1.711s] Level 1:colcon.colcon_core.environment:checking '/home/awadh/zed_ws/install/rviz_plugin_zed_od/bin'
[1.711s] Level 1:colcon.colcon_core.environment:checking '/home/awadh/zed_ws/install/rviz_plugin_zed_od/lib/pkgconfig/rviz_plugin_zed_od.pc'
[1.711s] Level 1:colcon.colcon_core.environment:checking '/home/awadh/zed_ws/install/rviz_plugin_zed_od/lib/python3.10/site-packages'
[1.711s] Level 1:colcon.colcon_core.environment:checking '/home/awadh/zed_ws/install/rviz_plugin_zed_od/bin'
[1.711s] INFO:colcon.colcon_core.shell:Creating package script '/home/awadh/zed_ws/install/rviz_plugin_zed_od/share/rviz_plugin_zed_od/package.ps1'
[1.712s] INFO:colcon.colcon_core.shell:Creating package descriptor '/home/awadh/zed_ws/install/rviz_plugin_zed_od/share/rviz_plugin_zed_od/package.dsv'
[1.712s] INFO:colcon.colcon_core.shell:Creating package script '/home/awadh/zed_ws/install/rviz_plugin_zed_od/share/rviz_plugin_zed_od/package.sh'
[1.712s] INFO:colcon.colcon_core.shell:Creating package script '/home/awadh/zed_ws/install/rviz_plugin_zed_od/share/rviz_plugin_zed_od/package.bash'
[1.712s] INFO:colcon.colcon_core.shell:Creating package script '/home/awadh/zed_ws/install/rviz_plugin_zed_od/share/rviz_plugin_zed_od/package.zsh'
[1.712s] Level 1:colcon.colcon_core.environment:create_file_with_runtime_dependencies(/home/awadh/zed_ws/install/rviz_plugin_zed_od/share/colcon-core/packages/rviz_plugin_zed_od)
[1.713s] Level 1:colcon.colcon_core.environment:create_environment_scripts_only(zed_components)
[1.713s] Level 1:colcon.colcon_core.environment:checking '/home/awadh/zed_ws/install/zed_components' for CMake module files
[1.714s] Level 1:colcon.colcon_core.environment:checking '/home/awadh/zed_ws/install/zed_components' for CMake config files
[1.714s] Level 1:colcon.colcon_core.shell:create_environment_hook('zed_components', 'cmake_prefix_path')
[1.714s] INFO:colcon.colcon_core.shell:Creating environment hook '/home/awadh/zed_ws/install/zed_components/share/zed_components/hook/cmake_prefix_path.ps1'
[1.714s] INFO:colcon.colcon_core.shell:Creating environment descriptor '/home/awadh/zed_ws/install/zed_components/share/zed_components/hook/cmake_prefix_path.dsv'
[1.714s] INFO:colcon.colcon_core.shell:Creating environment hook '/home/awadh/zed_ws/install/zed_components/share/zed_components/hook/cmake_prefix_path.sh'
[1.715s] Level 1:colcon.colcon_core.environment:checking '/home/awadh/zed_ws/install/zed_components/lib'
[1.715s] Level 1:colcon.colcon_core.shell:create_environment_hook('zed_components', 'ld_library_path_lib')
[1.715s] INFO:colcon.colcon_core.shell:Creating environment hook '/home/awadh/zed_ws/install/zed_components/share/zed_components/hook/ld_library_path_lib.ps1'
[1.715s] INFO:colcon.colcon_core.shell:Creating environment descriptor '/home/awadh/zed_ws/install/zed_components/share/zed_components/hook/ld_library_path_lib.dsv'
[1.715s] INFO:colcon.colcon_core.shell:Creating environment hook '/home/awadh/zed_ws/install/zed_components/share/zed_components/hook/ld_library_path_lib.sh'
[1.715s] Level 1:colcon.colcon_core.environment:checking '/home/awadh/zed_ws/install/zed_components/bin'
[1.715s] Level 1:colcon.colcon_core.environment:checking '/home/awadh/zed_ws/install/zed_components/lib/pkgconfig/zed_components.pc'
[1.715s] Level 1:colcon.colcon_core.environment:checking '/home/awadh/zed_ws/install/zed_components/lib/python3.10/site-packages'
[1.716s] Level 1:colcon.colcon_core.environment:checking '/home/awadh/zed_ws/install/zed_components/bin'
[1.716s] INFO:colcon.colcon_core.shell:Creating package script '/home/awadh/zed_ws/install/zed_components/share/zed_components/package.ps1'
[1.716s] INFO:colcon.colcon_core.shell:Creating package descriptor '/home/awadh/zed_ws/install/zed_components/share/zed_components/package.dsv'
[1.716s] INFO:colcon.colcon_core.shell:Creating package script '/home/awadh/zed_ws/install/zed_components/share/zed_components/package.sh'
[1.716s] INFO:colcon.colcon_core.shell:Creating package script '/home/awadh/zed_ws/install/zed_components/share/zed_components/package.bash'
[1.717s] INFO:colcon.colcon_core.shell:Creating package script '/home/awadh/zed_ws/install/zed_components/share/zed_components/package.zsh'
[1.717s] Level 1:colcon.colcon_core.environment:create_file_with_runtime_dependencies(/home/awadh/zed_ws/install/zed_components/share/colcon-core/packages/zed_components)
[1.717s] INFO:colcon.colcon_ros.task.ament_cmake.build:Building ROS package in '/home/awadh/zed_ws/src/zed-ros2-wrapper/zed_wrapper' with build type 'ament_cmake'
[1.717s] INFO:colcon.colcon_cmake.task.cmake.build:Building CMake package in '/home/awadh/zed_ws/src/zed-ros2-wrapper/zed_wrapper'
[1.717s] INFO:colcon.colcon_core.shell:Skip shell extension 'powershell' for command environment: Not usable outside of PowerShell
[1.717s] DEBUG:colcon.colcon_core.shell:Skip shell extension 'dsv' for command environment
[1.722s] INFO:colcon.colcon_ros.task.ament_cmake.build:Building ROS package in '/home/awadh/zed_ws/src/zed-ros2-examples/examples/zed_aruco_localization' with build type 'ament_cmake'
[1.723s] INFO:colcon.colcon_cmake.task.cmake.build:Building CMake package in '/home/awadh/zed_ws/src/zed-ros2-examples/examples/zed_aruco_localization'
[1.723s] INFO:colcon.colcon_core.shell:Skip shell extension 'powershell' for command environment: Not usable outside of PowerShell
[1.723s] DEBUG:colcon.colcon_core.shell:Skip shell extension 'dsv' for command environment
[1.727s] INFO:colcon.colcon_ros.task.ament_cmake.build:Building ROS package in '/home/awadh/zed_ws/src/zed-ros2-examples/tutorials/zed_rgb_convert' with build type 'ament_cmake'
[1.727s] INFO:colcon.colcon_cmake.task.cmake.build:Building CMake package in '/home/awadh/zed_ws/src/zed-ros2-examples/tutorials/zed_rgb_convert'
[1.727s] INFO:colcon.colcon_core.shell:Skip shell extension 'powershell' for command environment: Not usable outside of PowerShell
[1.727s] DEBUG:colcon.colcon_core.shell:Skip shell extension 'dsv' for command environment
[1.736s] DEBUG:colcon.colcon_core.event_handler.log_command:Invoking command in '/home/awadh/zed_ws/build/zed_wrapper': AMENT_PREFIX_PATH=/home/awadh/zed_ws/install/zed_components:/home/awadh/zed_ws/install/zed_interfaces:${AMENT_PREFIX_PATH} CMAKE_PREFIX_PATH=/home/awadh/zed_ws/install/zed_components:/home/awadh/zed_ws/install/zed_interfaces:/home/awadh/gazebo_ws/install/yolov8_msgs:/home/awadh/gazebo_ws/install/yolobot_recognition:/home/awadh/gazebo_ws/install/yolobot_gazebo:/home/awadh/gazebo_ws/install/yolobot_description:/home/awadh/gazebo_ws/install/yolobot_control:/home/awadh/gazebo_ws/install/my_robot_bringup:/home/awadh/gazebo_ws/install/my_robot_description:/home/awadh/yolobot/install/yolov8_msgs:/home/awadh/yolobot/install/yolobot_recognition:/home/awadh/yolobot/install/yolobot_gazebo:/home/awadh/yolobot/install/yolobot_description:/home/awadh/yolobot/install/yolobot_control:/home/awadh/test2_ws/install/pcl_object_detection:/home/awadh/zed_ws/install/zed_tutorial_video:/home/awadh/zed_ws/install/zed_tutorial_pos_tracking:/home/awadh/zed_ws/install/zed_tutorial_depth:/home/awadh/zed_ws/install/zed_robot_integration:/home/awadh/zed_ws/install/zed_multi_camera:/home/awadh/zed_ws/install/zed_display_rviz2:/home/awadh/ouster_ws/install/ouster_ros:/home/awadh/ouster_ws/install/ouster_sensor_msgs:/home/awadh/ros2_ws/install/my_robot_bringup:/home/awadh/ros2_ws/install/turtlesim_project_cpp:/home/awadh/ros2_ws/install/my_cpp_pkg:/home/awadh/ros2_ws/install/my_robot_interfaces:/home/awadh/gazebo_ws/install/ultralytics_ros2:/home/awadh/ros2_ws/install/turtlesim_catch_them_all:/home/awadh/ros2_ws/install/my_py_pkg:/opt/ros/humble:/home/awadh/sick_tim_ws/install/sick_tim LD_LIBRARY_PATH=/home/awadh/zed_ws/install/zed_components/lib:/home/awadh/zed_ws/install/zed_interfaces/lib:/home/awadh/gazebo_ws/install/yolov8_msgs/lib:/home/awadh/yolobot/install/yolov8_msgs/lib:/home/awadh/test2_ws/install/pcl_object_detection/lib:/home/awadh/ouster_ws/install/ouster_ros/lib:/home/awadh/ouster_ws/install/ouster_sensor_msgs/lib:/home/awadh/ros2_ws/install/my_robot_interfaces/lib:/home/awadh/sick_tim_ws/install/sick_tim/lib:/usr/lib/x86_64-linux-gnu/gazebo-11/plugins:/opt/ros/humble/opt/rviz_ogre_vendor/lib:/opt/ros/humble/lib/x86_64-linux-gnu:/opt/ros/humble/lib:/usr/share/gazebo/../../lib/x86_64-linux-gnu/gazebo-11/plugins PYTHONPATH=/home/awadh/zed_ws/install/zed_interfaces/local/lib/python3.10/dist-packages:${PYTHONPATH} /usr/bin/cmake --build /home/awadh/zed_ws/build/zed_wrapper -- -j16 -l16
[1.738s] DEBUG:colcon.colcon_core.event_handler.log_command:Invoking command in '/home/awadh/zed_ws/build/zed_aruco_localization': AMENT_PREFIX_PATH=/home/awadh/zed_ws/install/zed_components:/home/awadh/zed_ws/install/zed_interfaces:${AMENT_PREFIX_PATH} CMAKE_PREFIX_PATH=/home/awadh/zed_ws/install/zed_components:/home/awadh/zed_ws/install/zed_interfaces:/home/awadh/gazebo_ws/install/yolov8_msgs:/home/awadh/gazebo_ws/install/yolobot_recognition:/home/awadh/gazebo_ws/install/yolobot_gazebo:/home/awadh/gazebo_ws/install/yolobot_description:/home/awadh/gazebo_ws/install/yolobot_control:/home/awadh/gazebo_ws/install/my_robot_bringup:/home/awadh/gazebo_ws/install/my_robot_description:/home/awadh/yolobot/install/yolov8_msgs:/home/awadh/yolobot/install/yolobot_recognition:/home/awadh/yolobot/install/yolobot_gazebo:/home/awadh/yolobot/install/yolobot_description:/home/awadh/yolobot/install/yolobot_control:/home/awadh/test2_ws/install/pcl_object_detection:/home/awadh/zed_ws/install/zed_tutorial_video:/home/awadh/zed_ws/install/zed_tutorial_pos_tracking:/home/awadh/zed_ws/install/zed_tutorial_depth:/home/awadh/zed_ws/install/zed_robot_integration:/home/awadh/zed_ws/install/zed_multi_camera:/home/awadh/zed_ws/install/zed_display_rviz2:/home/awadh/ouster_ws/install/ouster_ros:/home/awadh/ouster_ws/install/ouster_sensor_msgs:/home/awadh/ros2_ws/install/my_robot_bringup:/home/awadh/ros2_ws/install/turtlesim_project_cpp:/home/awadh/ros2_ws/install/my_cpp_pkg:/home/awadh/ros2_ws/install/my_robot_interfaces:/home/awadh/gazebo_ws/install/ultralytics_ros2:/home/awadh/ros2_ws/install/turtlesim_catch_them_all:/home/awadh/ros2_ws/install/my_py_pkg:/opt/ros/humble:/home/awadh/sick_tim_ws/install/sick_tim LD_LIBRARY_PATH=/home/awadh/zed_ws/install/zed_components/lib:/home/awadh/zed_ws/install/zed_interfaces/lib:/home/awadh/gazebo_ws/install/yolov8_msgs/lib:/home/awadh/yolobot/install/yolov8_msgs/lib:/home/awadh/test2_ws/install/pcl_object_detection/lib:/home/awadh/ouster_ws/install/ouster_ros/lib:/home/awadh/ouster_ws/install/ouster_sensor_msgs/lib:/home/awadh/ros2_ws/install/my_robot_interfaces/lib:/home/awadh/sick_tim_ws/install/sick_tim/lib:/usr/lib/x86_64-linux-gnu/gazebo-11/plugins:/opt/ros/humble/opt/rviz_ogre_vendor/lib:/opt/ros/humble/lib/x86_64-linux-gnu:/opt/ros/humble/lib:/usr/share/gazebo/../../lib/x86_64-linux-gnu/gazebo-11/plugins PYTHONPATH=/home/awadh/zed_ws/install/zed_interfaces/local/lib/python3.10/dist-packages:${PYTHONPATH} /usr/bin/cmake --build /home/awadh/zed_ws/build/zed_aruco_localization -- -j16 -l16
[1.740s] Level 1:colcon.colcon_core.environment:create_environment_scripts_only(rviz_plugin_zed_od)
[1.740s] Level 1:colcon.colcon_core.environment:checking '/home/awadh/zed_ws/install/rviz_plugin_zed_od' for CMake module files
[1.741s] DEBUG:colcon.colcon_core.event_handler.log_command:Invoking command in '/home/awadh/zed_ws/build/zed_rgb_convert': AMENT_PREFIX_PATH=/home/awadh/zed_ws/install/zed_components:/home/awadh/zed_ws/install/zed_interfaces:${AMENT_PREFIX_PATH} CMAKE_PREFIX_PATH=/home/awadh/zed_ws/install/zed_components:/home/awadh/zed_ws/install/zed_interfaces:/home/awadh/gazebo_ws/install/yolov8_msgs:/home/awadh/gazebo_ws/install/yolobot_recognition:/home/awadh/gazebo_ws/install/yolobot_gazebo:/home/awadh/gazebo_ws/install/yolobot_description:/home/awadh/gazebo_ws/install/yolobot_control:/home/awadh/gazebo_ws/install/my_robot_bringup:/home/awadh/gazebo_ws/install/my_robot_description:/home/awadh/yolobot/install/yolov8_msgs:/home/awadh/yolobot/install/yolobot_recognition:/home/awadh/yolobot/install/yolobot_gazebo:/home/awadh/yolobot/install/yolobot_description:/home/awadh/yolobot/install/yolobot_control:/home/awadh/test2_ws/install/pcl_object_detection:/home/awadh/zed_ws/install/zed_tutorial_video:/home/awadh/zed_ws/install/zed_tutorial_pos_tracking:/home/awadh/zed_ws/install/zed_tutorial_depth:/home/awadh/zed_ws/install/zed_robot_integration:/home/awadh/zed_ws/install/zed_multi_camera:/home/awadh/zed_ws/install/zed_display_rviz2:/home/awadh/ouster_ws/install/ouster_ros:/home/awadh/ouster_ws/install/ouster_sensor_msgs:/home/awadh/ros2_ws/install/my_robot_bringup:/home/awadh/ros2_ws/install/turtlesim_project_cpp:/home/awadh/ros2_ws/install/my_cpp_pkg:/home/awadh/ros2_ws/install/my_robot_interfaces:/home/awadh/gazebo_ws/install/ultralytics_ros2:/home/awadh/ros2_ws/install/turtlesim_catch_them_all:/home/awadh/ros2_ws/install/my_py_pkg:/opt/ros/humble:/home/awadh/sick_tim_ws/install/sick_tim LD_LIBRARY_PATH=/home/awadh/zed_ws/install/zed_components/lib:/home/awadh/zed_ws/install/zed_interfaces/lib:/home/awadh/gazebo_ws/install/yolov8_msgs/lib:/home/awadh/yolobot/install/yolov8_msgs/lib:/home/awadh/test2_ws/install/pcl_object_detection/lib:/home/awadh/ouster_ws/install/ouster_ros/lib:/home/awadh/ouster_ws/install/ouster_sensor_msgs/lib:/home/awadh/ros2_ws/install/my_robot_interfaces/lib:/home/awadh/sick_tim_ws/install/sick_tim/lib:/usr/lib/x86_64-linux-gnu/gazebo-11/plugins:/opt/ros/humble/opt/rviz_ogre_vendor/lib:/opt/ros/humble/lib/x86_64-linux-gnu:/opt/ros/humble/lib:/usr/share/gazebo/../../lib/x86_64-linux-gnu/gazebo-11/plugins PYTHONPATH=/home/awadh/zed_ws/install/zed_interfaces/local/lib/python3.10/dist-packages:${PYTHONPATH} /usr/bin/cmake --build /home/awadh/zed_ws/build/zed_rgb_convert -- -j16 -l16
[1.741s] Level 1:colcon.colcon_core.environment:checking '/home/awadh/zed_ws/install/rviz_plugin_zed_od' for CMake config files
[1.741s] Level 1:colcon.colcon_core.shell:create_environment_hook('rviz_plugin_zed_od', 'cmake_prefix_path')
[1.741s] INFO:colcon.colcon_core.shell:Creating environment hook '/home/awadh/zed_ws/install/rviz_plugin_zed_od/share/rviz_plugin_zed_od/hook/cmake_prefix_path.ps1'
[1.742s] INFO:colcon.colcon_core.shell:Creating environment descriptor '/home/awadh/zed_ws/install/rviz_plugin_zed_od/share/rviz_plugin_zed_od/hook/cmake_prefix_path.dsv'
[1.742s] INFO:colcon.colcon_core.shell:Creating environment hook '/home/awadh/zed_ws/install/rviz_plugin_zed_od/share/rviz_plugin_zed_od/hook/cmake_prefix_path.sh'
[1.742s] Level 1:colcon.colcon_core.environment:checking '/home/awadh/zed_ws/install/rviz_plugin_zed_od/lib'
[1.742s] Level 1:colcon.colcon_core.shell:create_environment_hook('rviz_plugin_zed_od', 'ld_library_path_lib')
[1.742s] INFO:colcon.colcon_core.shell:Creating environment hook '/home/awadh/zed_ws/install/rviz_plugin_zed_od/share/rviz_plugin_zed_od/hook/ld_library_path_lib.ps1'
[1.742s] INFO:colcon.colcon_core.shell:Creating environment descriptor '/home/awadh/zed_ws/install/rviz_plugin_zed_od/share/rviz_plugin_zed_od/hook/ld_library_path_lib.dsv'
[1.743s] INFO:colcon.colcon_core.shell:Creating environment hook '/home/awadh/zed_ws/install/rviz_plugin_zed_od/share/rviz_plugin_zed_od/hook/ld_library_path_lib.sh'
[1.743s] Level 1:colcon.colcon_core.environment:checking '/home/awadh/zed_ws/install/rviz_plugin_zed_od/bin'
[1.743s] Level 1:colcon.colcon_core.environment:checking '/home/awadh/zed_ws/install/rviz_plugin_zed_od/lib/pkgconfig/rviz_plugin_zed_od.pc'
[1.743s] Level 1:colcon.colcon_core.environment:checking '/home/awadh/zed_ws/install/rviz_plugin_zed_od/lib/python3.10/site-packages'
[1.743s] Level 1:colcon.colcon_core.environment:checking '/home/awadh/zed_ws/install/rviz_plugin_zed_od/bin'
[1.743s] INFO:colcon.colcon_core.shell:Creating package script '/home/awadh/zed_ws/install/rviz_plugin_zed_od/share/rviz_plugin_zed_od/package.ps1'
[1.744s] INFO:colcon.colcon_core.shell:Creating package descriptor '/home/awadh/zed_ws/install/rviz_plugin_zed_od/share/rviz_plugin_zed_od/package.dsv'
[1.744s] INFO:colcon.colcon_core.shell:Creating package script '/home/awadh/zed_ws/install/rviz_plugin_zed_od/share/rviz_plugin_zed_od/package.sh'
[1.744s] INFO:colcon.colcon_core.shell:Creating package script '/home/awadh/zed_ws/install/rviz_plugin_zed_od/share/rviz_plugin_zed_od/package.bash'
[1.745s] INFO:colcon.colcon_core.shell:Creating package script '/home/awadh/zed_ws/install/rviz_plugin_zed_od/share/rviz_plugin_zed_od/package.zsh'
[1.745s] Level 1:colcon.colcon_core.environment:create_file_with_runtime_dependencies(/home/awadh/zed_ws/install/rviz_plugin_zed_od/share/colcon-core/packages/rviz_plugin_zed_od)
[1.790s] DEBUG:colcon.colcon_core.event_handler.log_command:Invoked command in '/home/awadh/zed_ws/build/zed_wrapper' returned '0': AMENT_PREFIX_PATH=/home/awadh/zed_ws/install/zed_components:/home/awadh/zed_ws/install/zed_interfaces:${AMENT_PREFIX_PATH} CMAKE_PREFIX_PATH=/home/awadh/zed_ws/install/zed_components:/home/awadh/zed_ws/install/zed_interfaces:/home/awadh/gazebo_ws/install/yolov8_msgs:/home/awadh/gazebo_ws/install/yolobot_recognition:/home/awadh/gazebo_ws/install/yolobot_gazebo:/home/awadh/gazebo_ws/install/yolobot_description:/home/awadh/gazebo_ws/install/yolobot_control:/home/awadh/gazebo_ws/install/my_robot_bringup:/home/awadh/gazebo_ws/install/my_robot_description:/home/awadh/yolobot/install/yolov8_msgs:/home/awadh/yolobot/install/yolobot_recognition:/home/awadh/yolobot/install/yolobot_gazebo:/home/awadh/yolobot/install/yolobot_description:/home/awadh/yolobot/install/yolobot_control:/home/awadh/test2_ws/install/pcl_object_detection:/home/awadh/zed_ws/install/zed_tutorial_video:/home/awadh/zed_ws/install/zed_tutorial_pos_tracking:/home/awadh/zed_ws/install/zed_tutorial_depth:/home/awadh/zed_ws/install/zed_robot_integration:/home/awadh/zed_ws/install/zed_multi_camera:/home/awadh/zed_ws/install/zed_display_rviz2:/home/awadh/ouster_ws/install/ouster_ros:/home/awadh/ouster_ws/install/ouster_sensor_msgs:/home/awadh/ros2_ws/install/my_robot_bringup:/home/awadh/ros2_ws/install/turtlesim_project_cpp:/home/awadh/ros2_ws/install/my_cpp_pkg:/home/awadh/ros2_ws/install/my_robot_interfaces:/home/awadh/gazebo_ws/install/ultralytics_ros2:/home/awadh/ros2_ws/install/turtlesim_catch_them_all:/home/awadh/ros2_ws/install/my_py_pkg:/opt/ros/humble:/home/awadh/sick_tim_ws/install/sick_tim LD_LIBRARY_PATH=/home/awadh/zed_ws/install/zed_components/lib:/home/awadh/zed_ws/install/zed_interfaces/lib:/home/awadh/gazebo_ws/install/yolov8_msgs/lib:/home/awadh/yolobot/install/yolov8_msgs/lib:/home/awadh/test2_ws/install/pcl_object_detection/lib:/home/awadh/ouster_ws/install/ouster_ros/lib:/home/awadh/ouster_ws/install/ouster_sensor_msgs/lib:/home/awadh/ros2_ws/install/my_robot_interfaces/lib:/home/awadh/sick_tim_ws/install/sick_tim/lib:/usr/lib/x86_64-linux-gnu/gazebo-11/plugins:/opt/ros/humble/opt/rviz_ogre_vendor/lib:/opt/ros/humble/lib/x86_64-linux-gnu:/opt/ros/humble/lib:/usr/share/gazebo/../../lib/x86_64-linux-gnu/gazebo-11/plugins PYTHONPATH=/home/awadh/zed_ws/install/zed_interfaces/local/lib/python3.10/dist-packages:${PYTHONPATH} /usr/bin/cmake --build /home/awadh/zed_ws/build/zed_wrapper -- -j16 -l16
[1.791s] DEBUG:colcon.colcon_core.event_handler.log_command:Invoked command in '/home/awadh/zed_ws/build/zed_aruco_localization' returned '0': AMENT_PREFIX_PATH=/home/awadh/zed_ws/install/zed_components:/home/awadh/zed_ws/install/zed_interfaces:${AMENT_PREFIX_PATH} CMAKE_PREFIX_PATH=/home/awadh/zed_ws/install/zed_components:/home/awadh/zed_ws/install/zed_interfaces:/home/awadh/gazebo_ws/install/yolov8_msgs:/home/awadh/gazebo_ws/install/yolobot_recognition:/home/awadh/gazebo_ws/install/yolobot_gazebo:/home/awadh/gazebo_ws/install/yolobot_description:/home/awadh/gazebo_ws/install/yolobot_control:/home/awadh/gazebo_ws/install/my_robot_bringup:/home/awadh/gazebo_ws/install/my_robot_description:/home/awadh/yolobot/install/yolov8_msgs:/home/awadh/yolobot/install/yolobot_recognition:/home/awadh/yolobot/install/yolobot_gazebo:/home/awadh/yolobot/install/yolobot_description:/home/awadh/yolobot/install/yolobot_control:/home/awadh/test2_ws/install/pcl_object_detection:/home/awadh/zed_ws/install/zed_tutorial_video:/home/awadh/zed_ws/install/zed_tutorial_pos_tracking:/home/awadh/zed_ws/install/zed_tutorial_depth:/home/awadh/zed_ws/install/zed_robot_integration:/home/awadh/zed_ws/install/zed_multi_camera:/home/awadh/zed_ws/install/zed_display_rviz2:/home/awadh/ouster_ws/install/ouster_ros:/home/awadh/ouster_ws/install/ouster_sensor_msgs:/home/awadh/ros2_ws/install/my_robot_bringup:/home/awadh/ros2_ws/install/turtlesim_project_cpp:/home/awadh/ros2_ws/install/my_cpp_pkg:/home/awadh/ros2_ws/install/my_robot_interfaces:/home/awadh/gazebo_ws/install/ultralytics_ros2:/home/awadh/ros2_ws/install/turtlesim_catch_them_all:/home/awadh/ros2_ws/install/my_py_pkg:/opt/ros/humble:/home/awadh/sick_tim_ws/install/sick_tim LD_LIBRARY_PATH=/home/awadh/zed_ws/install/zed_components/lib:/home/awadh/zed_ws/install/zed_interfaces/lib:/home/awadh/gazebo_ws/install/yolov8_msgs/lib:/home/awadh/yolobot/install/yolov8_msgs/lib:/home/awadh/test2_ws/install/pcl_object_detection/lib:/home/awadh/ouster_ws/install/ouster_ros/lib:/home/awadh/ouster_ws/install/ouster_sensor_msgs/lib:/home/awadh/ros2_ws/install/my_robot_interfaces/lib:/home/awadh/sick_tim_ws/install/sick_tim/lib:/usr/lib/x86_64-linux-gnu/gazebo-11/plugins:/opt/ros/humble/opt/rviz_ogre_vendor/lib:/opt/ros/humble/lib/x86_64-linux-gnu:/opt/ros/humble/lib:/usr/share/gazebo/../../lib/x86_64-linux-gnu/gazebo-11/plugins PYTHONPATH=/home/awadh/zed_ws/install/zed_interfaces/local/lib/python3.10/dist-packages:${PYTHONPATH} /usr/bin/cmake --build /home/awadh/zed_ws/build/zed_aruco_localization -- -j16 -l16
[1.813s] DEBUG:colcon.colcon_core.event_handler.log_command:Invoking command in '/home/awadh/zed_ws/build/zed_wrapper': AMENT_PREFIX_PATH=/home/awadh/zed_ws/install/zed_components:/home/awadh/zed_ws/install/zed_interfaces:${AMENT_PREFIX_PATH} CMAKE_PREFIX_PATH=/home/awadh/zed_ws/install/zed_components:/home/awadh/zed_ws/install/zed_interfaces:/home/awadh/gazebo_ws/install/yolov8_msgs:/home/awadh/gazebo_ws/install/yolobot_recognition:/home/awadh/gazebo_ws/install/yolobot_gazebo:/home/awadh/gazebo_ws/install/yolobot_description:/home/awadh/gazebo_ws/install/yolobot_control:/home/awadh/gazebo_ws/install/my_robot_bringup:/home/awadh/gazebo_ws/install/my_robot_description:/home/awadh/yolobot/install/yolov8_msgs:/home/awadh/yolobot/install/yolobot_recognition:/home/awadh/yolobot/install/yolobot_gazebo:/home/awadh/yolobot/install/yolobot_description:/home/awadh/yolobot/install/yolobot_control:/home/awadh/test2_ws/install/pcl_object_detection:/home/awadh/zed_ws/install/zed_tutorial_video:/home/awadh/zed_ws/install/zed_tutorial_pos_tracking:/home/awadh/zed_ws/install/zed_tutorial_depth:/home/awadh/zed_ws/install/zed_robot_integration:/home/awadh/zed_ws/install/zed_multi_camera:/home/awadh/zed_ws/install/zed_display_rviz2:/home/awadh/ouster_ws/install/ouster_ros:/home/awadh/ouster_ws/install/ouster_sensor_msgs:/home/awadh/ros2_ws/install/my_robot_bringup:/home/awadh/ros2_ws/install/turtlesim_project_cpp:/home/awadh/ros2_ws/install/my_cpp_pkg:/home/awadh/ros2_ws/install/my_robot_interfaces:/home/awadh/gazebo_ws/install/ultralytics_ros2:/home/awadh/ros2_ws/install/turtlesim_catch_them_all:/home/awadh/ros2_ws/install/my_py_pkg:/opt/ros/humble:/home/awadh/sick_tim_ws/install/sick_tim LD_LIBRARY_PATH=/home/awadh/zed_ws/install/zed_components/lib:/home/awadh/zed_ws/install/zed_interfaces/lib:/home/awadh/gazebo_ws/install/yolov8_msgs/lib:/home/awadh/yolobot/install/yolov8_msgs/lib:/home/awadh/test2_ws/install/pcl_object_detection/lib:/home/awadh/ouster_ws/install/ouster_ros/lib:/home/awadh/ouster_ws/install/ouster_sensor_msgs/lib:/home/awadh/ros2_ws/install/my_robot_interfaces/lib:/home/awadh/sick_tim_ws/install/sick_tim/lib:/usr/lib/x86_64-linux-gnu/gazebo-11/plugins:/opt/ros/humble/opt/rviz_ogre_vendor/lib:/opt/ros/humble/lib/x86_64-linux-gnu:/opt/ros/humble/lib:/usr/share/gazebo/../../lib/x86_64-linux-gnu/gazebo-11/plugins PYTHONPATH=/home/awadh/zed_ws/install/zed_interfaces/local/lib/python3.10/dist-packages:${PYTHONPATH} /usr/bin/cmake --install /home/awadh/zed_ws/build/zed_wrapper
[1.815s] DEBUG:colcon.colcon_core.event_handler.log_command:Invoking command in '/home/awadh/zed_ws/build/zed_aruco_localization': AMENT_PREFIX_PATH=/home/awadh/zed_ws/install/zed_components:/home/awadh/zed_ws/install/zed_interfaces:${AMENT_PREFIX_PATH} CMAKE_PREFIX_PATH=/home/awadh/zed_ws/install/zed_components:/home/awadh/zed_ws/install/zed_interfaces:/home/awadh/gazebo_ws/install/yolov8_msgs:/home/awadh/gazebo_ws/install/yolobot_recognition:/home/awadh/gazebo_ws/install/yolobot_gazebo:/home/awadh/gazebo_ws/install/yolobot_description:/home/awadh/gazebo_ws/install/yolobot_control:/home/awadh/gazebo_ws/install/my_robot_bringup:/home/awadh/gazebo_ws/install/my_robot_description:/home/awadh/yolobot/install/yolov8_msgs:/home/awadh/yolobot/install/yolobot_recognition:/home/awadh/yolobot/install/yolobot_gazebo:/home/awadh/yolobot/install/yolobot_description:/home/awadh/yolobot/install/yolobot_control:/home/awadh/test2_ws/install/pcl_object_detection:/home/awadh/zed_ws/install/zed_tutorial_video:/home/awadh/zed_ws/install/zed_tutorial_pos_tracking:/home/awadh/zed_ws/install/zed_tutorial_depth:/home/awadh/zed_ws/install/zed_robot_integration:/home/awadh/zed_ws/install/zed_multi_camera:/home/awadh/zed_ws/install/zed_display_rviz2:/home/awadh/ouster_ws/install/ouster_ros:/home/awadh/ouster_ws/install/ouster_sensor_msgs:/home/awadh/ros2_ws/install/my_robot_bringup:/home/awadh/ros2_ws/install/turtlesim_project_cpp:/home/awadh/ros2_ws/install/my_cpp_pkg:/home/awadh/ros2_ws/install/my_robot_interfaces:/home/awadh/gazebo_ws/install/ultralytics_ros2:/home/awadh/ros2_ws/install/turtlesim_catch_them_all:/home/awadh/ros2_ws/install/my_py_pkg:/opt/ros/humble:/home/awadh/sick_tim_ws/install/sick_tim LD_LIBRARY_PATH=/home/awadh/zed_ws/install/zed_components/lib:/home/awadh/zed_ws/install/zed_interfaces/lib:/home/awadh/gazebo_ws/install/yolov8_msgs/lib:/home/awadh/yolobot/install/yolov8_msgs/lib:/home/awadh/test2_ws/install/pcl_object_detection/lib:/home/awadh/ouster_ws/install/ouster_ros/lib:/home/awadh/ouster_ws/install/ouster_sensor_msgs/lib:/home/awadh/ros2_ws/install/my_robot_interfaces/lib:/home/awadh/sick_tim_ws/install/sick_tim/lib:/usr/lib/x86_64-linux-gnu/gazebo-11/plugins:/opt/ros/humble/opt/rviz_ogre_vendor/lib:/opt/ros/humble/lib/x86_64-linux-gnu:/opt/ros/humble/lib:/usr/share/gazebo/../../lib/x86_64-linux-gnu/gazebo-11/plugins PYTHONPATH=/home/awadh/zed_ws/install/zed_interfaces/local/lib/python3.10/dist-packages:${PYTHONPATH} /usr/bin/cmake --install /home/awadh/zed_ws/build/zed_aruco_localization
[1.816s] DEBUG:colcon.colcon_core.event_handler.log_command:Invoked command in '/home/awadh/zed_ws/build/zed_rgb_convert' returned '0': AMENT_PREFIX_PATH=/home/awadh/zed_ws/install/zed_components:/home/awadh/zed_ws/install/zed_interfaces:${AMENT_PREFIX_PATH} CMAKE_PREFIX_PATH=/home/awadh/zed_ws/install/zed_components:/home/awadh/zed_ws/install/zed_interfaces:/home/awadh/gazebo_ws/install/yolov8_msgs:/home/awadh/gazebo_ws/install/yolobot_recognition:/home/awadh/gazebo_ws/install/yolobot_gazebo:/home/awadh/gazebo_ws/install/yolobot_description:/home/awadh/gazebo_ws/install/yolobot_control:/home/awadh/gazebo_ws/install/my_robot_bringup:/home/awadh/gazebo_ws/install/my_robot_description:/home/awadh/yolobot/install/yolov8_msgs:/home/awadh/yolobot/install/yolobot_recognition:/home/awadh/yolobot/install/yolobot_gazebo:/home/awadh/yolobot/install/yolobot_description:/home/awadh/yolobot/install/yolobot_control:/home/awadh/test2_ws/install/pcl_object_detection:/home/awadh/zed_ws/install/zed_tutorial_video:/home/awadh/zed_ws/install/zed_tutorial_pos_tracking:/home/awadh/zed_ws/install/zed_tutorial_depth:/home/awadh/zed_ws/install/zed_robot_integration:/home/awadh/zed_ws/install/zed_multi_camera:/home/awadh/zed_ws/install/zed_display_rviz2:/home/awadh/ouster_ws/install/ouster_ros:/home/awadh/ouster_ws/install/ouster_sensor_msgs:/home/awadh/ros2_ws/install/my_robot_bringup:/home/awadh/ros2_ws/install/turtlesim_project_cpp:/home/awadh/ros2_ws/install/my_cpp_pkg:/home/awadh/ros2_ws/install/my_robot_interfaces:/home/awadh/gazebo_ws/install/ultralytics_ros2:/home/awadh/ros2_ws/install/turtlesim_catch_them_all:/home/awadh/ros2_ws/install/my_py_pkg:/opt/ros/humble:/home/awadh/sick_tim_ws/install/sick_tim LD_LIBRARY_PATH=/home/awadh/zed_ws/install/zed_components/lib:/home/awadh/zed_ws/install/zed_interfaces/lib:/home/awadh/gazebo_ws/install/yolov8_msgs/lib:/home/awadh/yolobot/install/yolov8_msgs/lib:/home/awadh/test2_ws/install/pcl_object_detection/lib:/home/awadh/ouster_ws/install/ouster_ros/lib:/home/awadh/ouster_ws/install/ouster_sensor_msgs/lib:/home/awadh/ros2_ws/install/my_robot_interfaces/lib:/home/awadh/sick_tim_ws/install/sick_tim/lib:/usr/lib/x86_64-linux-gnu/gazebo-11/plugins:/opt/ros/humble/opt/rviz_ogre_vendor/lib:/opt/ros/humble/lib/x86_64-linux-gnu:/opt/ros/humble/lib:/usr/share/gazebo/../../lib/x86_64-linux-gnu/gazebo-11/plugins PYTHONPATH=/home/awadh/zed_ws/install/zed_interfaces/local/lib/python3.10/dist-packages:${PYTHONPATH} /usr/bin/cmake --build /home/awadh/zed_ws/build/zed_rgb_convert -- -j16 -l16
[1.820s] Level 1:colcon.colcon_core.environment:create_environment_scripts_only(zed_wrapper)
[1.820s] Level 1:colcon.colcon_core.environment:checking '/home/awadh/zed_ws/install/zed_wrapper' for CMake module files
[1.820s] DEBUG:colcon.colcon_core.event_handler.log_command:Invoked command in '/home/awadh/zed_ws/build/zed_wrapper' returned '0': AMENT_PREFIX_PATH=/home/awadh/zed_ws/install/zed_components:/home/awadh/zed_ws/install/zed_interfaces:${AMENT_PREFIX_PATH} CMAKE_PREFIX_PATH=/home/awadh/zed_ws/install/zed_components:/home/awadh/zed_ws/install/zed_interfaces:/home/awadh/gazebo_ws/install/yolov8_msgs:/home/awadh/gazebo_ws/install/yolobot_recognition:/home/awadh/gazebo_ws/install/yolobot_gazebo:/home/awadh/gazebo_ws/install/yolobot_description:/home/awadh/gazebo_ws/install/yolobot_control:/home/awadh/gazebo_ws/install/my_robot_bringup:/home/awadh/gazebo_ws/install/my_robot_description:/home/awadh/yolobot/install/yolov8_msgs:/home/awadh/yolobot/install/yolobot_recognition:/home/awadh/yolobot/install/yolobot_gazebo:/home/awadh/yolobot/install/yolobot_description:/home/awadh/yolobot/install/yolobot_control:/home/awadh/test2_ws/install/pcl_object_detection:/home/awadh/zed_ws/install/zed_tutorial_video:/home/awadh/zed_ws/install/zed_tutorial_pos_tracking:/home/awadh/zed_ws/install/zed_tutorial_depth:/home/awadh/zed_ws/install/zed_robot_integration:/home/awadh/zed_ws/install/zed_multi_camera:/home/awadh/zed_ws/install/zed_display_rviz2:/home/awadh/ouster_ws/install/ouster_ros:/home/awadh/ouster_ws/install/ouster_sensor_msgs:/home/awadh/ros2_ws/install/my_robot_bringup:/home/awadh/ros2_ws/install/turtlesim_project_cpp:/home/awadh/ros2_ws/install/my_cpp_pkg:/home/awadh/ros2_ws/install/my_robot_interfaces:/home/awadh/gazebo_ws/install/ultralytics_ros2:/home/awadh/ros2_ws/install/turtlesim_catch_them_all:/home/awadh/ros2_ws/install/my_py_pkg:/opt/ros/humble:/home/awadh/sick_tim_ws/install/sick_tim LD_LIBRARY_PATH=/home/awadh/zed_ws/install/zed_components/lib:/home/awadh/zed_ws/install/zed_interfaces/lib:/home/awadh/gazebo_ws/install/yolov8_msgs/lib:/home/awadh/yolobot/install/yolov8_msgs/lib:/home/awadh/test2_ws/install/pcl_object_detection/lib:/home/awadh/ouster_ws/install/ouster_ros/lib:/home/awadh/ouster_ws/install/ouster_sensor_msgs/lib:/home/awadh/ros2_ws/install/my_robot_interfaces/lib:/home/awadh/sick_tim_ws/install/sick_tim/lib:/usr/lib/x86_64-linux-gnu/gazebo-11/plugins:/opt/ros/humble/opt/rviz_ogre_vendor/lib:/opt/ros/humble/lib/x86_64-linux-gnu:/opt/ros/humble/lib:/usr/share/gazebo/../../lib/x86_64-linux-gnu/gazebo-11/plugins PYTHONPATH=/home/awadh/zed_ws/install/zed_interfaces/local/lib/python3.10/dist-packages:${PYTHONPATH} /usr/bin/cmake --install /home/awadh/zed_ws/build/zed_wrapper
[1.822s] Level 1:colcon.colcon_core.environment:checking '/home/awadh/zed_ws/install/zed_wrapper' for CMake config files
[1.822s] Level 1:colcon.colcon_core.shell:create_environment_hook('zed_wrapper', 'cmake_prefix_path')
[1.822s] INFO:colcon.colcon_core.shell:Creating environment hook '/home/awadh/zed_ws/install/zed_wrapper/share/zed_wrapper/hook/cmake_prefix_path.ps1'
[1.823s] INFO:colcon.colcon_core.shell:Creating environment descriptor '/home/awadh/zed_ws/install/zed_wrapper/share/zed_wrapper/hook/cmake_prefix_path.dsv'
[1.823s] INFO:colcon.colcon_core.shell:Creating environment hook '/home/awadh/zed_ws/install/zed_wrapper/share/zed_wrapper/hook/cmake_prefix_path.sh'
[1.823s] Level 1:colcon.colcon_core.environment:checking '/home/awadh/zed_ws/install/zed_wrapper/lib'
[1.823s] Level 1:colcon.colcon_core.environment:checking '/home/awadh/zed_ws/install/zed_wrapper/bin'
[1.823s] Level 1:colcon.colcon_core.environment:checking '/home/awadh/zed_ws/install/zed_wrapper/lib/pkgconfig/zed_wrapper.pc'
[1.824s] Level 1:colcon.colcon_core.environment:checking '/home/awadh/zed_ws/install/zed_wrapper/lib/python3.10/site-packages'
[1.824s] Level 1:colcon.colcon_core.environment:checking '/home/awadh/zed_ws/install/zed_wrapper/bin'
[1.824s] INFO:colcon.colcon_core.shell:Creating package script '/home/awadh/zed_ws/install/zed_wrapper/share/zed_wrapper/package.ps1'
[1.824s] INFO:colcon.colcon_core.shell:Creating package descriptor '/home/awadh/zed_ws/install/zed_wrapper/share/zed_wrapper/package.dsv'
[1.824s] INFO:colcon.colcon_core.shell:Creating package script '/home/awadh/zed_ws/install/zed_wrapper/share/zed_wrapper/package.sh'
[1.825s] INFO:colcon.colcon_core.shell:Creating package script '/home/awadh/zed_ws/install/zed_wrapper/share/zed_wrapper/package.bash'
[1.825s] INFO:colcon.colcon_core.shell:Creating package script '/home/awadh/zed_ws/install/zed_wrapper/share/zed_wrapper/package.zsh'
[1.825s] Level 1:colcon.colcon_core.environment:create_file_with_runtime_dependencies(/home/awadh/zed_ws/install/zed_wrapper/share/colcon-core/packages/zed_wrapper)
[1.826s] Level 1:colcon.colcon_core.environment:create_environment_scripts_only(zed_aruco_localization)
[1.826s] Level 1:colcon.colcon_core.environment:checking '/home/awadh/zed_ws/install/zed_aruco_localization' for CMake module files
[1.826s] DEBUG:colcon.colcon_core.event_handler.log_command:Invoked command in '/home/awadh/zed_ws/build/zed_aruco_localization' returned '0': AMENT_PREFIX_PATH=/home/awadh/zed_ws/install/zed_components:/home/awadh/zed_ws/install/zed_interfaces:${AMENT_PREFIX_PATH} CMAKE_PREFIX_PATH=/home/awadh/zed_ws/install/zed_components:/home/awadh/zed_ws/install/zed_interfaces:/home/awadh/gazebo_ws/install/yolov8_msgs:/home/awadh/gazebo_ws/install/yolobot_recognition:/home/awadh/gazebo_ws/install/yolobot_gazebo:/home/awadh/gazebo_ws/install/yolobot_description:/home/awadh/gazebo_ws/install/yolobot_control:/home/awadh/gazebo_ws/install/my_robot_bringup:/home/awadh/gazebo_ws/install/my_robot_description:/home/awadh/yolobot/install/yolov8_msgs:/home/awadh/yolobot/install/yolobot_recognition:/home/awadh/yolobot/install/yolobot_gazebo:/home/awadh/yolobot/install/yolobot_description:/home/awadh/yolobot/install/yolobot_control:/home/awadh/test2_ws/install/pcl_object_detection:/home/awadh/zed_ws/install/zed_tutorial_video:/home/awadh/zed_ws/install/zed_tutorial_pos_tracking:/home/awadh/zed_ws/install/zed_tutorial_depth:/home/awadh/zed_ws/install/zed_robot_integration:/home/awadh/zed_ws/install/zed_multi_camera:/home/awadh/zed_ws/install/zed_display_rviz2:/home/awadh/ouster_ws/install/ouster_ros:/home/awadh/ouster_ws/install/ouster_sensor_msgs:/home/awadh/ros2_ws/install/my_robot_bringup:/home/awadh/ros2_ws/install/turtlesim_project_cpp:/home/awadh/ros2_ws/install/my_cpp_pkg:/home/awadh/ros2_ws/install/my_robot_interfaces:/home/awadh/gazebo_ws/install/ultralytics_ros2:/home/awadh/ros2_ws/install/turtlesim_catch_them_all:/home/awadh/ros2_ws/install/my_py_pkg:/opt/ros/humble:/home/awadh/sick_tim_ws/install/sick_tim LD_LIBRARY_PATH=/home/awadh/zed_ws/install/zed_components/lib:/home/awadh/zed_ws/install/zed_interfaces/lib:/home/awadh/gazebo_ws/install/yolov8_msgs/lib:/home/awadh/yolobot/install/yolov8_msgs/lib:/home/awadh/test2_ws/install/pcl_object_detection/lib:/home/awadh/ouster_ws/install/ouster_ros/lib:/home/awadh/ouster_ws/install/ouster_sensor_msgs/lib:/home/awadh/ros2_ws/install/my_robot_interfaces/lib:/home/awadh/sick_tim_ws/install/sick_tim/lib:/usr/lib/x86_64-linux-gnu/gazebo-11/plugins:/opt/ros/humble/opt/rviz_ogre_vendor/lib:/opt/ros/humble/lib/x86_64-linux-gnu:/opt/ros/humble/lib:/usr/share/gazebo/../../lib/x86_64-linux-gnu/gazebo-11/plugins PYTHONPATH=/home/awadh/zed_ws/install/zed_interfaces/local/lib/python3.10/dist-packages:${PYTHONPATH} /usr/bin/cmake --install /home/awadh/zed_ws/build/zed_aruco_localization
[1.827s] Level 1:colcon.colcon_core.environment:checking '/home/awadh/zed_ws/install/zed_aruco_localization' for CMake config files
[1.827s] Level 1:colcon.colcon_core.shell:create_environment_hook('zed_aruco_localization', 'cmake_prefix_path')
[1.827s] INFO:colcon.colcon_core.shell:Creating environment hook '/home/awadh/zed_ws/install/zed_aruco_localization/share/zed_aruco_localization/hook/cmake_prefix_path.ps1'
[1.827s] INFO:colcon.colcon_core.shell:Creating environment descriptor '/home/awadh/zed_ws/install/zed_aruco_localization/share/zed_aruco_localization/hook/cmake_prefix_path.dsv'
[1.827s] INFO:colcon.colcon_core.shell:Creating environment hook '/home/awadh/zed_ws/install/zed_aruco_localization/share/zed_aruco_localization/hook/cmake_prefix_path.sh'
[1.828s] Level 1:colcon.colcon_core.environment:checking '/home/awadh/zed_ws/install/zed_aruco_localization/lib'
[1.828s] Level 1:colcon.colcon_core.shell:create_environment_hook('zed_aruco_localization', 'ld_library_path_lib')
[1.828s] INFO:colcon.colcon_core.shell:Creating environment hook '/home/awadh/zed_ws/install/zed_aruco_localization/share/zed_aruco_localization/hook/ld_library_path_lib.ps1'
[1.828s] INFO:colcon.colcon_core.shell:Creating environment descriptor '/home/awadh/zed_ws/install/zed_aruco_localization/share/zed_aruco_localization/hook/ld_library_path_lib.dsv'
[1.828s] INFO:colcon.colcon_core.shell:Creating environment hook '/home/awadh/zed_ws/install/zed_aruco_localization/share/zed_aruco_localization/hook/ld_library_path_lib.sh'
[1.828s] Level 1:colcon.colcon_core.environment:checking '/home/awadh/zed_ws/install/zed_aruco_localization/bin'
[1.828s] Level 1:colcon.colcon_core.environment:checking '/home/awadh/zed_ws/install/zed_aruco_localization/lib/pkgconfig/zed_aruco_localization.pc'
[1.829s] Level 1:colcon.colcon_core.environment:checking '/home/awadh/zed_ws/install/zed_aruco_localization/lib/python3.10/site-packages'
[1.829s] Level 1:colcon.colcon_core.environment:checking '/home/awadh/zed_ws/install/zed_aruco_localization/bin'
[1.829s] INFO:colcon.colcon_core.shell:Creating package script '/home/awadh/zed_ws/install/zed_aruco_localization/share/zed_aruco_localization/package.ps1'
[1.829s] INFO:colcon.colcon_core.shell:Creating package descriptor '/home/awadh/zed_ws/install/zed_aruco_localization/share/zed_aruco_localization/package.dsv'
[1.829s] INFO:colcon.colcon_core.shell:Creating package script '/home/awadh/zed_ws/install/zed_aruco_localization/share/zed_aruco_localization/package.sh'
[1.830s] INFO:colcon.colcon_core.shell:Creating package script '/home/awadh/zed_ws/install/zed_aruco_localization/share/zed_aruco_localization/package.bash'
[1.830s] INFO:colcon.colcon_core.shell:Creating package script '/home/awadh/zed_ws/install/zed_aruco_localization/share/zed_aruco_localization/package.zsh'
[1.830s] Level 1:colcon.colcon_core.environment:create_file_with_runtime_dependencies(/home/awadh/zed_ws/install/zed_aruco_localization/share/colcon-core/packages/zed_aruco_localization)
[1.840s] DEBUG:colcon.colcon_core.event_handler.log_command:Invoking command in '/home/awadh/zed_ws/build/zed_rgb_convert': AMENT_PREFIX_PATH=/home/awadh/zed_ws/install/zed_components:/home/awadh/zed_ws/install/zed_interfaces:${AMENT_PREFIX_PATH} CMAKE_PREFIX_PATH=/home/awadh/zed_ws/install/zed_components:/home/awadh/zed_ws/install/zed_interfaces:/home/awadh/gazebo_ws/install/yolov8_msgs:/home/awadh/gazebo_ws/install/yolobot_recognition:/home/awadh/gazebo_ws/install/yolobot_gazebo:/home/awadh/gazebo_ws/install/yolobot_description:/home/awadh/gazebo_ws/install/yolobot_control:/home/awadh/gazebo_ws/install/my_robot_bringup:/home/awadh/gazebo_ws/install/my_robot_description:/home/awadh/yolobot/install/yolov8_msgs:/home/awadh/yolobot/install/yolobot_recognition:/home/awadh/yolobot/install/yolobot_gazebo:/home/awadh/yolobot/install/yolobot_description:/home/awadh/yolobot/install/yolobot_control:/home/awadh/test2_ws/install/pcl_object_detection:/home/awadh/zed_ws/install/zed_tutorial_video:/home/awadh/zed_ws/install/zed_tutorial_pos_tracking:/home/awadh/zed_ws/install/zed_tutorial_depth:/home/awadh/zed_ws/install/zed_robot_integration:/home/awadh/zed_ws/install/zed_multi_camera:/home/awadh/zed_ws/install/zed_display_rviz2:/home/awadh/ouster_ws/install/ouster_ros:/home/awadh/ouster_ws/install/ouster_sensor_msgs:/home/awadh/ros2_ws/install/my_robot_bringup:/home/awadh/ros2_ws/install/turtlesim_project_cpp:/home/awadh/ros2_ws/install/my_cpp_pkg:/home/awadh/ros2_ws/install/my_robot_interfaces:/home/awadh/gazebo_ws/install/ultralytics_ros2:/home/awadh/ros2_ws/install/turtlesim_catch_them_all:/home/awadh/ros2_ws/install/my_py_pkg:/opt/ros/humble:/home/awadh/sick_tim_ws/install/sick_tim LD_LIBRARY_PATH=/home/awadh/zed_ws/install/zed_components/lib:/home/awadh/zed_ws/install/zed_interfaces/lib:/home/awadh/gazebo_ws/install/yolov8_msgs/lib:/home/awadh/yolobot/install/yolov8_msgs/lib:/home/awadh/test2_ws/install/pcl_object_detection/lib:/home/awadh/ouster_ws/install/ouster_ros/lib:/home/awadh/ouster_ws/install/ouster_sensor_msgs/lib:/home/awadh/ros2_ws/install/my_robot_interfaces/lib:/home/awadh/sick_tim_ws/install/sick_tim/lib:/usr/lib/x86_64-linux-gnu/gazebo-11/plugins:/opt/ros/humble/opt/rviz_ogre_vendor/lib:/opt/ros/humble/lib/x86_64-linux-gnu:/opt/ros/humble/lib:/usr/share/gazebo/../../lib/x86_64-linux-gnu/gazebo-11/plugins PYTHONPATH=/home/awadh/zed_ws/install/zed_interfaces/local/lib/python3.10/dist-packages:${PYTHONPATH} /usr/bin/cmake --install /home/awadh/zed_ws/build/zed_rgb_convert
[1.847s] Level 1:colcon.colcon_core.environment:create_environment_scripts_only(zed_rgb_convert)
[1.848s] Level 1:colcon.colcon_core.environment:checking '/home/awadh/zed_ws/install/zed_rgb_convert' for CMake module files
[1.848s] DEBUG:colcon.colcon_core.event_handler.log_command:Invoked command in '/home/awadh/zed_ws/build/zed_rgb_convert' returned '0': AMENT_PREFIX_PATH=/home/awadh/zed_ws/install/zed_components:/home/awadh/zed_ws/install/zed_interfaces:${AMENT_PREFIX_PATH} CMAKE_PREFIX_PATH=/home/awadh/zed_ws/install/zed_components:/home/awadh/zed_ws/install/zed_interfaces:/home/awadh/gazebo_ws/install/yolov8_msgs:/home/awadh/gazebo_ws/install/yolobot_recognition:/home/awadh/gazebo_ws/install/yolobot_gazebo:/home/awadh/gazebo_ws/install/yolobot_description:/home/awadh/gazebo_ws/install/yolobot_control:/home/awadh/gazebo_ws/install/my_robot_bringup:/home/awadh/gazebo_ws/install/my_robot_description:/home/awadh/yolobot/install/yolov8_msgs:/home/awadh/yolobot/install/yolobot_recognition:/home/awadh/yolobot/install/yolobot_gazebo:/home/awadh/yolobot/install/yolobot_description:/home/awadh/yolobot/install/yolobot_control:/home/awadh/test2_ws/install/pcl_object_detection:/home/awadh/zed_ws/install/zed_tutorial_video:/home/awadh/zed_ws/install/zed_tutorial_pos_tracking:/home/awadh/zed_ws/install/zed_tutorial_depth:/home/awadh/zed_ws/install/zed_robot_integration:/home/awadh/zed_ws/install/zed_multi_camera:/home/awadh/zed_ws/install/zed_display_rviz2:/home/awadh/ouster_ws/install/ouster_ros:/home/awadh/ouster_ws/install/ouster_sensor_msgs:/home/awadh/ros2_ws/install/my_robot_bringup:/home/awadh/ros2_ws/install/turtlesim_project_cpp:/home/awadh/ros2_ws/install/my_cpp_pkg:/home/awadh/ros2_ws/install/my_robot_interfaces:/home/awadh/gazebo_ws/install/ultralytics_ros2:/home/awadh/ros2_ws/install/turtlesim_catch_them_all:/home/awadh/ros2_ws/install/my_py_pkg:/opt/ros/humble:/home/awadh/sick_tim_ws/install/sick_tim LD_LIBRARY_PATH=/home/awadh/zed_ws/install/zed_components/lib:/home/awadh/zed_ws/install/zed_interfaces/lib:/home/awadh/gazebo_ws/install/yolov8_msgs/lib:/home/awadh/yolobot/install/yolov8_msgs/lib:/home/awadh/test2_ws/install/pcl_object_detection/lib:/home/awadh/ouster_ws/install/ouster_ros/lib:/home/awadh/ouster_ws/install/ouster_sensor_msgs/lib:/home/awadh/ros2_ws/install/my_robot_interfaces/lib:/home/awadh/sick_tim_ws/install/sick_tim/lib:/usr/lib/x86_64-linux-gnu/gazebo-11/plugins:/opt/ros/humble/opt/rviz_ogre_vendor/lib:/opt/ros/humble/lib/x86_64-linux-gnu:/opt/ros/humble/lib:/usr/share/gazebo/../../lib/x86_64-linux-gnu/gazebo-11/plugins PYTHONPATH=/home/awadh/zed_ws/install/zed_interfaces/local/lib/python3.10/dist-packages:${PYTHONPATH} /usr/bin/cmake --install /home/awadh/zed_ws/build/zed_rgb_convert
[1.848s] Level 1:colcon.colcon_core.environment:checking '/home/awadh/zed_ws/install/zed_rgb_convert' for CMake config files
[1.848s] Level 1:colcon.colcon_core.shell:create_environment_hook('zed_rgb_convert', 'cmake_prefix_path')
[1.848s] INFO:colcon.colcon_core.shell:Creating environment hook '/home/awadh/zed_ws/install/zed_rgb_convert/share/zed_rgb_convert/hook/cmake_prefix_path.ps1'
[1.848s] INFO:colcon.colcon_core.shell:Creating environment descriptor '/home/awadh/zed_ws/install/zed_rgb_convert/share/zed_rgb_convert/hook/cmake_prefix_path.dsv'
[1.849s] INFO:colcon.colcon_core.shell:Creating environment hook '/home/awadh/zed_ws/install/zed_rgb_convert/share/zed_rgb_convert/hook/cmake_prefix_path.sh'
[1.849s] Level 1:colcon.colcon_core.environment:checking '/home/awadh/zed_ws/install/zed_rgb_convert/lib'
[1.849s] Level 1:colcon.colcon_core.shell:create_environment_hook('zed_rgb_convert', 'ld_library_path_lib')
[1.849s] INFO:colcon.colcon_core.shell:Creating environment hook '/home/awadh/zed_ws/install/zed_rgb_convert/share/zed_rgb_convert/hook/ld_library_path_lib.ps1'
[1.849s] INFO:colcon.colcon_core.shell:Creating environment descriptor '/home/awadh/zed_ws/install/zed_rgb_convert/share/zed_rgb_convert/hook/ld_library_path_lib.dsv'
[1.850s] INFO:colcon.colcon_core.shell:Creating environment hook '/home/awadh/zed_ws/install/zed_rgb_convert/share/zed_rgb_convert/hook/ld_library_path_lib.sh'
[1.850s] Level 1:colcon.colcon_core.environment:checking '/home/awadh/zed_ws/install/zed_rgb_convert/bin'
[1.850s] Level 1:colcon.colcon_core.environment:checking '/home/awadh/zed_ws/install/zed_rgb_convert/lib/pkgconfig/zed_rgb_convert.pc'
[1.850s] Level 1:colcon.colcon_core.environment:checking '/home/awadh/zed_ws/install/zed_rgb_convert/lib/python3.10/site-packages'
[1.850s] Level 1:colcon.colcon_core.environment:checking '/home/awadh/zed_ws/install/zed_rgb_convert/bin'
[1.850s] INFO:colcon.colcon_core.shell:Creating package script '/home/awadh/zed_ws/install/zed_rgb_convert/share/zed_rgb_convert/package.ps1'
[1.850s] INFO:colcon.colcon_core.shell:Creating package descriptor '/home/awadh/zed_ws/install/zed_rgb_convert/share/zed_rgb_convert/package.dsv'
[1.851s] INFO:colcon.colcon_core.shell:Creating package script '/home/awadh/zed_ws/install/zed_rgb_convert/share/zed_rgb_convert/package.sh'
[1.851s] INFO:colcon.colcon_core.shell:Creating package script '/home/awadh/zed_ws/install/zed_rgb_convert/share/zed_rgb_convert/package.bash'
[1.851s] INFO:colcon.colcon_core.shell:Creating package script '/home/awadh/zed_ws/install/zed_rgb_convert/share/zed_rgb_convert/package.zsh'
[1.851s] Level 1:colcon.colcon_core.environment:create_file_with_runtime_dependencies(/home/awadh/zed_ws/install/zed_rgb_convert/share/colcon-core/packages/zed_rgb_convert)
[1.852s] Level 1:colcon.colcon_core.environment:create_environment_scripts_only(zed_wrapper)
[1.852s] Level 1:colcon.colcon_core.environment:checking '/home/awadh/zed_ws/install/zed_wrapper' for CMake module files
[1.852s] Level 1:colcon.colcon_core.environment:checking '/home/awadh/zed_ws/install/zed_wrapper' for CMake config files
[1.853s] Level 1:colcon.colcon_core.shell:create_environment_hook('zed_wrapper', 'cmake_prefix_path')
[1.853s] INFO:colcon.colcon_core.shell:Creating environment hook '/home/awadh/zed_ws/install/zed_wrapper/share/zed_wrapper/hook/cmake_prefix_path.ps1'
[1.853s] INFO:colcon.colcon_core.shell:Creating environment descriptor '/home/awadh/zed_ws/install/zed_wrapper/share/zed_wrapper/hook/cmake_prefix_path.dsv'
[1.853s] INFO:colcon.colcon_core.shell:Creating environment hook '/home/awadh/zed_ws/install/zed_wrapper/share/zed_wrapper/hook/cmake_prefix_path.sh'
[1.853s] Level 1:colcon.colcon_core.environment:checking '/home/awadh/zed_ws/install/zed_wrapper/lib'
[1.853s] Level 1:colcon.colcon_core.environment:checking '/home/awadh/zed_ws/install/zed_wrapper/bin'
[1.853s] Level 1:colcon.colcon_core.environment:checking '/home/awadh/zed_ws/install/zed_wrapper/lib/pkgconfig/zed_wrapper.pc'
[1.854s] Level 1:colcon.colcon_core.environment:checking '/home/awadh/zed_ws/install/zed_wrapper/lib/python3.10/site-packages'
[1.854s] Level 1:colcon.colcon_core.environment:checking '/home/awadh/zed_ws/install/zed_wrapper/bin'
[1.854s] INFO:colcon.colcon_core.shell:Creating package script '/home/awadh/zed_ws/install/zed_wrapper/share/zed_wrapper/package.ps1'
[1.854s] INFO:colcon.colcon_core.shell:Creating package descriptor '/home/awadh/zed_ws/install/zed_wrapper/share/zed_wrapper/package.dsv'
[1.854s] INFO:colcon.colcon_core.shell:Creating package script '/home/awadh/zed_ws/install/zed_wrapper/share/zed_wrapper/package.sh'
[1.855s] INFO:colcon.colcon_core.shell:Creating package script '/home/awadh/zed_ws/install/zed_wrapper/share/zed_wrapper/package.bash'
[1.855s] INFO:colcon.colcon_core.shell:Creating package script '/home/awadh/zed_ws/install/zed_wrapper/share/zed_wrapper/package.zsh'
[1.855s] Level 1:colcon.colcon_core.environment:create_file_with_runtime_dependencies(/home/awadh/zed_ws/install/zed_wrapper/share/colcon-core/packages/zed_wrapper)
[1.855s] INFO:colcon.colcon_ros.task.ament_cmake.build:Building ROS package in '/home/awadh/zed_ws/src/zed-ros2-examples/examples/zed_depth_to_laserscan' with build type 'ament_cmake'
[1.856s] INFO:colcon.colcon_cmake.task.cmake.build:Building CMake package in '/home/awadh/zed_ws/src/zed-ros2-examples/examples/zed_depth_to_laserscan'
[1.856s] INFO:colcon.colcon_core.shell:Skip shell extension 'powershell' for command environment: Not usable outside of PowerShell
[1.856s] DEBUG:colcon.colcon_core.shell:Skip shell extension 'dsv' for command environment
[1.861s] INFO:colcon.colcon_ros.task.ament_cmake.build:Building ROS package in '/home/awadh/zed_ws/src/zed-ros2-examples/zed_display_rviz2' with build type 'ament_cmake'
[1.861s] INFO:colcon.colcon_cmake.task.cmake.build:Building CMake package in '/home/awadh/zed_ws/src/zed-ros2-examples/zed_display_rviz2'
[1.861s] INFO:colcon.colcon_core.shell:Skip shell extension 'powershell' for command environment: Not usable outside of PowerShell
[1.861s] DEBUG:colcon.colcon_core.shell:Skip shell extension 'dsv' for command environment
[1.866s] INFO:colcon.colcon_ros.task.ament_cmake.build:Building ROS package in '/home/awadh/zed_ws/src/zed-ros2-examples/tutorials/zed_multi_camera' with build type 'ament_cmake'
[1.866s] INFO:colcon.colcon_cmake.task.cmake.build:Building CMake package in '/home/awadh/zed_ws/src/zed-ros2-examples/tutorials/zed_multi_camera'
[1.866s] INFO:colcon.colcon_core.shell:Skip shell extension 'powershell' for command environment: Not usable outside of PowerShell
[1.866s] DEBUG:colcon.colcon_core.shell:Skip shell extension 'dsv' for command environment
[1.871s] INFO:colcon.colcon_ros.task.ament_cmake.build:Building ROS package in '/home/awadh/zed_ws/src/zed-ros2-examples/tutorials/zed_robot_integration' with build type 'ament_cmake'
[1.871s] INFO:colcon.colcon_cmake.task.cmake.build:Building CMake package in '/home/awadh/zed_ws/src/zed-ros2-examples/tutorials/zed_robot_integration'
[1.871s] INFO:colcon.colcon_core.shell:Skip shell extension 'powershell' for command environment: Not usable outside of PowerShell
[1.871s] DEBUG:colcon.colcon_core.shell:Skip shell extension 'dsv' for command environment
[1.876s] INFO:colcon.colcon_ros.task.ament_cmake.build:Building ROS package in '/home/awadh/zed_ws/src/zed-ros2-wrapper/zed_ros2' with build type 'ament_cmake'
[1.876s] INFO:colcon.colcon_cmake.task.cmake.build:Building CMake package in '/home/awadh/zed_ws/src/zed-ros2-wrapper/zed_ros2'
[1.876s] INFO:colcon.colcon_core.shell:Skip shell extension 'powershell' for command environment: Not usable outside of PowerShell
[1.876s] DEBUG:colcon.colcon_core.shell:Skip shell extension 'dsv' for command environment
[1.882s] Level 1:colcon.colcon_core.environment:create_environment_scripts_only(zed_aruco_localization)
[1.882s] Level 1:colcon.colcon_core.environment:checking '/home/awadh/zed_ws/install/zed_aruco_localization' for CMake module files
[1.882s] Level 1:colcon.colcon_core.environment:checking '/home/awadh/zed_ws/install/zed_aruco_localization' for CMake config files
[1.882s] Level 1:colcon.colcon_core.shell:create_environment_hook('zed_aruco_localization', 'cmake_prefix_path')
[1.883s] INFO:colcon.colcon_core.shell:Creating environment hook '/home/awadh/zed_ws/install/zed_aruco_localization/share/zed_aruco_localization/hook/cmake_prefix_path.ps1'
[1.883s] INFO:colcon.colcon_core.shell:Creating environment descriptor '/home/awadh/zed_ws/install/zed_aruco_localization/share/zed_aruco_localization/hook/cmake_prefix_path.dsv'
[1.883s] INFO:colcon.colcon_core.shell:Creating environment hook '/home/awadh/zed_ws/install/zed_aruco_localization/share/zed_aruco_localization/hook/cmake_prefix_path.sh'
[1.883s] Level 1:colcon.colcon_core.environment:checking '/home/awadh/zed_ws/install/zed_aruco_localization/lib'
[1.884s] Level 1:colcon.colcon_core.shell:create_environment_hook('zed_aruco_localization', 'ld_library_path_lib')
[1.884s] INFO:colcon.colcon_core.shell:Creating environment hook '/home/awadh/zed_ws/install/zed_aruco_localization/share/zed_aruco_localization/hook/ld_library_path_lib.ps1'
[1.884s] INFO:colcon.colcon_core.shell:Creating environment descriptor '/home/awadh/zed_ws/install/zed_aruco_localization/share/zed_aruco_localization/hook/ld_library_path_lib.dsv'
[1.884s] INFO:colcon.colcon_core.shell:Creating environment hook '/home/awadh/zed_ws/install/zed_aruco_localization/share/zed_aruco_localization/hook/ld_library_path_lib.sh'
[1.884s] Level 1:colcon.colcon_core.environment:checking '/home/awadh/zed_ws/install/zed_aruco_localization/bin'
[1.884s] Level 1:colcon.colcon_core.environment:checking '/home/awadh/zed_ws/install/zed_aruco_localization/lib/pkgconfig/zed_aruco_localization.pc'
[1.884s] Level 1:colcon.colcon_core.environment:checking '/home/awadh/zed_ws/install/zed_aruco_localization/lib/python3.10/site-packages'
[1.884s] Level 1:colcon.colcon_core.environment:checking '/home/awadh/zed_ws/install/zed_aruco_localization/bin'
[1.885s] INFO:colcon.colcon_core.shell:Creating package script '/home/awadh/zed_ws/install/zed_aruco_localization/share/zed_aruco_localization/package.ps1'
[1.885s] INFO:colcon.colcon_core.shell:Creating package descriptor '/home/awadh/zed_ws/install/zed_aruco_localization/share/zed_aruco_localization/package.dsv'
[1.885s] INFO:colcon.colcon_core.shell:Creating package script '/home/awadh/zed_ws/install/zed_aruco_localization/share/zed_aruco_localization/package.sh'
[1.885s] INFO:colcon.colcon_core.shell:Creating package script '/home/awadh/zed_ws/install/zed_aruco_localization/share/zed_aruco_localization/package.bash'
[1.886s] INFO:colcon.colcon_core.shell:Creating package script '/home/awadh/zed_ws/install/zed_aruco_localization/share/zed_aruco_localization/package.zsh'
[1.886s] Level 1:colcon.colcon_core.environment:create_file_with_runtime_dependencies(/home/awadh/zed_ws/install/zed_aruco_localization/share/colcon-core/packages/zed_aruco_localization)
[1.887s] Level 1:colcon.colcon_core.environment:create_environment_scripts_only(zed_rgb_convert)
[1.887s] Level 1:colcon.colcon_core.environment:checking '/home/awadh/zed_ws/install/zed_rgb_convert' for CMake module files
[1.887s] Level 1:colcon.colcon_core.environment:checking '/home/awadh/zed_ws/install/zed_rgb_convert' for CMake config files
[1.888s] Level 1:colcon.colcon_core.shell:create_environment_hook('zed_rgb_convert', 'cmake_prefix_path')
[1.888s] INFO:colcon.colcon_core.shell:Creating environment hook '/home/awadh/zed_ws/install/zed_rgb_convert/share/zed_rgb_convert/hook/cmake_prefix_path.ps1'
[1.888s] INFO:colcon.colcon_core.shell:Creating environment descriptor '/home/awadh/zed_ws/install/zed_rgb_convert/share/zed_rgb_convert/hook/cmake_prefix_path.dsv'
[1.888s] INFO:colcon.colcon_core.shell:Creating environment hook '/home/awadh/zed_ws/install/zed_rgb_convert/share/zed_rgb_convert/hook/cmake_prefix_path.sh'
[1.888s] Level 1:colcon.colcon_core.environment:checking '/home/awadh/zed_ws/install/zed_rgb_convert/lib'
[1.888s] Level 1:colcon.colcon_core.shell:create_environment_hook('zed_rgb_convert', 'ld_library_path_lib')
[1.889s] INFO:colcon.colcon_core.shell:Creating environment hook '/home/awadh/zed_ws/install/zed_rgb_convert/share/zed_rgb_convert/hook/ld_library_path_lib.ps1'
[1.889s] INFO:colcon.colcon_core.shell:Creating environment descriptor '/home/awadh/zed_ws/install/zed_rgb_convert/share/zed_rgb_convert/hook/ld_library_path_lib.dsv'
[1.889s] INFO:colcon.colcon_core.shell:Creating environment hook '/home/awadh/zed_ws/install/zed_rgb_convert/share/zed_rgb_convert/hook/ld_library_path_lib.sh'
[1.889s] Level 1:colcon.colcon_core.environment:checking '/home/awadh/zed_ws/install/zed_rgb_convert/bin'
[1.889s] Level 1:colcon.colcon_core.environment:checking '/home/awadh/zed_ws/install/zed_rgb_convert/lib/pkgconfig/zed_rgb_convert.pc'
[1.889s] Level 1:colcon.colcon_core.environment:checking '/home/awadh/zed_ws/install/zed_rgb_convert/lib/python3.10/site-packages'
[1.889s] Level 1:colcon.colcon_core.environment:checking '/home/awadh/zed_ws/install/zed_rgb_convert/bin'
[1.890s] INFO:colcon.colcon_core.shell:Creating package script '/home/awadh/zed_ws/install/zed_rgb_convert/share/zed_rgb_convert/package.ps1'
[1.890s] INFO:colcon.colcon_core.shell:Creating package descriptor '/home/awadh/zed_ws/install/zed_rgb_convert/share/zed_rgb_convert/package.dsv'
[1.890s] INFO:colcon.colcon_core.shell:Creating package script '/home/awadh/zed_ws/install/zed_rgb_convert/share/zed_rgb_convert/package.sh'
[1.890s] INFO:colcon.colcon_core.shell:Creating package script '/home/awadh/zed_ws/install/zed_rgb_convert/share/zed_rgb_convert/package.bash'
[1.890s] INFO:colcon.colcon_core.shell:Creating package script '/home/awadh/zed_ws/install/zed_rgb_convert/share/zed_rgb_convert/package.zsh'
[1.891s] Level 1:colcon.colcon_core.environment:create_file_with_runtime_dependencies(/home/awadh/zed_ws/install/zed_rgb_convert/share/colcon-core/packages/zed_rgb_convert)
[1.893s] DEBUG:colcon.colcon_core.event_handler.log_command:Invoking command in '/home/awadh/zed_ws/build/zed_depth_to_laserscan': AMENT_PREFIX_PATH=/home/awadh/zed_ws/install/zed_wrapper:/home/awadh/zed_ws/install/zed_components:/home/awadh/zed_ws/install/zed_interfaces:${AMENT_PREFIX_PATH} CMAKE_PREFIX_PATH=/home/awadh/zed_ws/install/zed_wrapper:/home/awadh/zed_ws/install/zed_components:/home/awadh/zed_ws/install/zed_interfaces:/home/awadh/gazebo_ws/install/yolov8_msgs:/home/awadh/gazebo_ws/install/yolobot_recognition:/home/awadh/gazebo_ws/install/yolobot_gazebo:/home/awadh/gazebo_ws/install/yolobot_description:/home/awadh/gazebo_ws/install/yolobot_control:/home/awadh/gazebo_ws/install/my_robot_bringup:/home/awadh/gazebo_ws/install/my_robot_description:/home/awadh/yolobot/install/yolov8_msgs:/home/awadh/yolobot/install/yolobot_recognition:/home/awadh/yolobot/install/yolobot_gazebo:/home/awadh/yolobot/install/yolobot_description:/home/awadh/yolobot/install/yolobot_control:/home/awadh/test2_ws/install/pcl_object_detection:/home/awadh/zed_ws/install/zed_tutorial_video:/home/awadh/zed_ws/install/zed_tutorial_pos_tracking:/home/awadh/zed_ws/install/zed_tutorial_depth:/home/awadh/zed_ws/install/zed_robot_integration:/home/awadh/zed_ws/install/zed_multi_camera:/home/awadh/zed_ws/install/zed_display_rviz2:/home/awadh/ouster_ws/install/ouster_ros:/home/awadh/ouster_ws/install/ouster_sensor_msgs:/home/awadh/ros2_ws/install/my_robot_bringup:/home/awadh/ros2_ws/install/turtlesim_project_cpp:/home/awadh/ros2_ws/install/my_cpp_pkg:/home/awadh/ros2_ws/install/my_robot_interfaces:/home/awadh/gazebo_ws/install/ultralytics_ros2:/home/awadh/ros2_ws/install/turtlesim_catch_them_all:/home/awadh/ros2_ws/install/my_py_pkg:/opt/ros/humble:/home/awadh/sick_tim_ws/install/sick_tim LD_LIBRARY_PATH=/home/awadh/zed_ws/install/zed_components/lib:/home/awadh/zed_ws/install/zed_interfaces/lib:/home/awadh/gazebo_ws/install/yolov8_msgs/lib:/home/awadh/yolobot/install/yolov8_msgs/lib:/home/awadh/test2_ws/install/pcl_object_detection/lib:/home/awadh/ouster_ws/install/ouster_ros/lib:/home/awadh/ouster_ws/install/ouster_sensor_msgs/lib:/home/awadh/ros2_ws/install/my_robot_interfaces/lib:/home/awadh/sick_tim_ws/install/sick_tim/lib:/usr/lib/x86_64-linux-gnu/gazebo-11/plugins:/opt/ros/humble/opt/rviz_ogre_vendor/lib:/opt/ros/humble/lib/x86_64-linux-gnu:/opt/ros/humble/lib:/usr/share/gazebo/../../lib/x86_64-linux-gnu/gazebo-11/plugins PYTHONPATH=/home/awadh/zed_ws/install/zed_interfaces/local/lib/python3.10/dist-packages:${PYTHONPATH} /usr/bin/cmake --build /home/awadh/zed_ws/build/zed_depth_to_laserscan -- -j16 -l16
[1.894s] DEBUG:colcon.colcon_core.event_handler.log_command:Invoking command in '/home/awadh/zed_ws/build/zed_display_rviz2': AMENT_PREFIX_PATH=/home/awadh/zed_ws/install/zed_wrapper:/home/awadh/zed_ws/install/zed_components:/home/awadh/zed_ws/install/zed_interfaces:${AMENT_PREFIX_PATH} CMAKE_PREFIX_PATH=/home/awadh/zed_ws/install/zed_wrapper:/home/awadh/zed_ws/install/zed_components:/home/awadh/zed_ws/install/zed_interfaces:/home/awadh/gazebo_ws/install/yolov8_msgs:/home/awadh/gazebo_ws/install/yolobot_recognition:/home/awadh/gazebo_ws/install/yolobot_gazebo:/home/awadh/gazebo_ws/install/yolobot_description:/home/awadh/gazebo_ws/install/yolobot_control:/home/awadh/gazebo_ws/install/my_robot_bringup:/home/awadh/gazebo_ws/install/my_robot_description:/home/awadh/yolobot/install/yolov8_msgs:/home/awadh/yolobot/install/yolobot_recognition:/home/awadh/yolobot/install/yolobot_gazebo:/home/awadh/yolobot/install/yolobot_description:/home/awadh/yolobot/install/yolobot_control:/home/awadh/test2_ws/install/pcl_object_detection:/home/awadh/zed_ws/install/zed_tutorial_video:/home/awadh/zed_ws/install/zed_tutorial_pos_tracking:/home/awadh/zed_ws/install/zed_tutorial_depth:/home/awadh/zed_ws/install/zed_robot_integration:/home/awadh/zed_ws/install/zed_multi_camera:/home/awadh/zed_ws/install/zed_display_rviz2:/home/awadh/ouster_ws/install/ouster_ros:/home/awadh/ouster_ws/install/ouster_sensor_msgs:/home/awadh/ros2_ws/install/my_robot_bringup:/home/awadh/ros2_ws/install/turtlesim_project_cpp:/home/awadh/ros2_ws/install/my_cpp_pkg:/home/awadh/ros2_ws/install/my_robot_interfaces:/home/awadh/gazebo_ws/install/ultralytics_ros2:/home/awadh/ros2_ws/install/turtlesim_catch_them_all:/home/awadh/ros2_ws/install/my_py_pkg:/opt/ros/humble:/home/awadh/sick_tim_ws/install/sick_tim LD_LIBRARY_PATH=/home/awadh/zed_ws/install/zed_components/lib:/home/awadh/zed_ws/install/zed_interfaces/lib:/home/awadh/gazebo_ws/install/yolov8_msgs/lib:/home/awadh/yolobot/install/yolov8_msgs/lib:/home/awadh/test2_ws/install/pcl_object_detection/lib:/home/awadh/ouster_ws/install/ouster_ros/lib:/home/awadh/ouster_ws/install/ouster_sensor_msgs/lib:/home/awadh/ros2_ws/install/my_robot_interfaces/lib:/home/awadh/sick_tim_ws/install/sick_tim/lib:/usr/lib/x86_64-linux-gnu/gazebo-11/plugins:/opt/ros/humble/opt/rviz_ogre_vendor/lib:/opt/ros/humble/lib/x86_64-linux-gnu:/opt/ros/humble/lib:/usr/share/gazebo/../../lib/x86_64-linux-gnu/gazebo-11/plugins PYTHONPATH=/home/awadh/zed_ws/install/zed_interfaces/local/lib/python3.10/dist-packages:${PYTHONPATH} /usr/bin/cmake --build /home/awadh/zed_ws/build/zed_display_rviz2 -- -j16 -l16
[1.896s] DEBUG:colcon.colcon_core.event_handler.log_command:Invoking command in '/home/awadh/zed_ws/build/zed_multi_camera': AMENT_PREFIX_PATH=/home/awadh/zed_ws/install/zed_wrapper:/home/awadh/zed_ws/install/zed_components:/home/awadh/zed_ws/install/zed_interfaces:${AMENT_PREFIX_PATH} CMAKE_PREFIX_PATH=/home/awadh/zed_ws/install/zed_wrapper:/home/awadh/zed_ws/install/zed_components:/home/awadh/zed_ws/install/zed_interfaces:/home/awadh/gazebo_ws/install/yolov8_msgs:/home/awadh/gazebo_ws/install/yolobot_recognition:/home/awadh/gazebo_ws/install/yolobot_gazebo:/home/awadh/gazebo_ws/install/yolobot_description:/home/awadh/gazebo_ws/install/yolobot_control:/home/awadh/gazebo_ws/install/my_robot_bringup:/home/awadh/gazebo_ws/install/my_robot_description:/home/awadh/yolobot/install/yolov8_msgs:/home/awadh/yolobot/install/yolobot_recognition:/home/awadh/yolobot/install/yolobot_gazebo:/home/awadh/yolobot/install/yolobot_description:/home/awadh/yolobot/install/yolobot_control:/home/awadh/test2_ws/install/pcl_object_detection:/home/awadh/zed_ws/install/zed_tutorial_video:/home/awadh/zed_ws/install/zed_tutorial_pos_tracking:/home/awadh/zed_ws/install/zed_tutorial_depth:/home/awadh/zed_ws/install/zed_robot_integration:/home/awadh/zed_ws/install/zed_multi_camera:/home/awadh/zed_ws/install/zed_display_rviz2:/home/awadh/ouster_ws/install/ouster_ros:/home/awadh/ouster_ws/install/ouster_sensor_msgs:/home/awadh/ros2_ws/install/my_robot_bringup:/home/awadh/ros2_ws/install/turtlesim_project_cpp:/home/awadh/ros2_ws/install/my_cpp_pkg:/home/awadh/ros2_ws/install/my_robot_interfaces:/home/awadh/gazebo_ws/install/ultralytics_ros2:/home/awadh/ros2_ws/install/turtlesim_catch_them_all:/home/awadh/ros2_ws/install/my_py_pkg:/opt/ros/humble:/home/awadh/sick_tim_ws/install/sick_tim LD_LIBRARY_PATH=/home/awadh/zed_ws/install/zed_components/lib:/home/awadh/zed_ws/install/zed_interfaces/lib:/home/awadh/gazebo_ws/install/yolov8_msgs/lib:/home/awadh/yolobot/install/yolov8_msgs/lib:/home/awadh/test2_ws/install/pcl_object_detection/lib:/home/awadh/ouster_ws/install/ouster_ros/lib:/home/awadh/ouster_ws/install/ouster_sensor_msgs/lib:/home/awadh/ros2_ws/install/my_robot_interfaces/lib:/home/awadh/sick_tim_ws/install/sick_tim/lib:/usr/lib/x86_64-linux-gnu/gazebo-11/plugins:/opt/ros/humble/opt/rviz_ogre_vendor/lib:/opt/ros/humble/lib/x86_64-linux-gnu:/opt/ros/humble/lib:/usr/share/gazebo/../../lib/x86_64-linux-gnu/gazebo-11/plugins PYTHONPATH=/home/awadh/zed_ws/install/zed_interfaces/local/lib/python3.10/dist-packages:${PYTHONPATH} /usr/bin/cmake --build /home/awadh/zed_ws/build/zed_multi_camera -- -j16 -l16
[1.898s] DEBUG:colcon.colcon_core.event_handler.log_command:Invoking command in '/home/awadh/zed_ws/build/zed_robot_integration': AMENT_PREFIX_PATH=/home/awadh/zed_ws/install/zed_wrapper:/home/awadh/zed_ws/install/zed_components:/home/awadh/zed_ws/install/zed_interfaces:${AMENT_PREFIX_PATH} CMAKE_PREFIX_PATH=/home/awadh/zed_ws/install/zed_wrapper:/home/awadh/zed_ws/install/zed_components:/home/awadh/zed_ws/install/zed_interfaces:/home/awadh/gazebo_ws/install/yolov8_msgs:/home/awadh/gazebo_ws/install/yolobot_recognition:/home/awadh/gazebo_ws/install/yolobot_gazebo:/home/awadh/gazebo_ws/install/yolobot_description:/home/awadh/gazebo_ws/install/yolobot_control:/home/awadh/gazebo_ws/install/my_robot_bringup:/home/awadh/gazebo_ws/install/my_robot_description:/home/awadh/yolobot/install/yolov8_msgs:/home/awadh/yolobot/install/yolobot_recognition:/home/awadh/yolobot/install/yolobot_gazebo:/home/awadh/yolobot/install/yolobot_description:/home/awadh/yolobot/install/yolobot_control:/home/awadh/test2_ws/install/pcl_object_detection:/home/awadh/zed_ws/install/zed_tutorial_video:/home/awadh/zed_ws/install/zed_tutorial_pos_tracking:/home/awadh/zed_ws/install/zed_tutorial_depth:/home/awadh/zed_ws/install/zed_robot_integration:/home/awadh/zed_ws/install/zed_multi_camera:/home/awadh/zed_ws/install/zed_display_rviz2:/home/awadh/ouster_ws/install/ouster_ros:/home/awadh/ouster_ws/install/ouster_sensor_msgs:/home/awadh/ros2_ws/install/my_robot_bringup:/home/awadh/ros2_ws/install/turtlesim_project_cpp:/home/awadh/ros2_ws/install/my_cpp_pkg:/home/awadh/ros2_ws/install/my_robot_interfaces:/home/awadh/gazebo_ws/install/ultralytics_ros2:/home/awadh/ros2_ws/install/turtlesim_catch_them_all:/home/awadh/ros2_ws/install/my_py_pkg:/opt/ros/humble:/home/awadh/sick_tim_ws/install/sick_tim LD_LIBRARY_PATH=/home/awadh/zed_ws/install/zed_components/lib:/home/awadh/zed_ws/install/zed_interfaces/lib:/home/awadh/gazebo_ws/install/yolov8_msgs/lib:/home/awadh/yolobot/install/yolov8_msgs/lib:/home/awadh/test2_ws/install/pcl_object_detection/lib:/home/awadh/ouster_ws/install/ouster_ros/lib:/home/awadh/ouster_ws/install/ouster_sensor_msgs/lib:/home/awadh/ros2_ws/install/my_robot_interfaces/lib:/home/awadh/sick_tim_ws/install/sick_tim/lib:/usr/lib/x86_64-linux-gnu/gazebo-11/plugins:/opt/ros/humble/opt/rviz_ogre_vendor/lib:/opt/ros/humble/lib/x86_64-linux-gnu:/opt/ros/humble/lib:/usr/share/gazebo/../../lib/x86_64-linux-gnu/gazebo-11/plugins PYTHONPATH=/home/awadh/zed_ws/install/zed_interfaces/local/lib/python3.10/dist-packages:${PYTHONPATH} /usr/bin/cmake --build /home/awadh/zed_ws/build/zed_robot_integration -- -j16 -l16
[1.900s] DEBUG:colcon.colcon_core.event_handler.log_command:Invoking command in '/home/awadh/zed_ws/build/zed_ros2': AMENT_PREFIX_PATH=/home/awadh/zed_ws/install/zed_wrapper:/home/awadh/zed_ws/install/zed_components:/home/awadh/zed_ws/install/zed_interfaces:${AMENT_PREFIX_PATH} CMAKE_PREFIX_PATH=/home/awadh/zed_ws/install/zed_wrapper:/home/awadh/zed_ws/install/zed_components:/home/awadh/zed_ws/install/zed_interfaces:/home/awadh/gazebo_ws/install/yolov8_msgs:/home/awadh/gazebo_ws/install/yolobot_recognition:/home/awadh/gazebo_ws/install/yolobot_gazebo:/home/awadh/gazebo_ws/install/yolobot_description:/home/awadh/gazebo_ws/install/yolobot_control:/home/awadh/gazebo_ws/install/my_robot_bringup:/home/awadh/gazebo_ws/install/my_robot_description:/home/awadh/yolobot/install/yolov8_msgs:/home/awadh/yolobot/install/yolobot_recognition:/home/awadh/yolobot/install/yolobot_gazebo:/home/awadh/yolobot/install/yolobot_description:/home/awadh/yolobot/install/yolobot_control:/home/awadh/test2_ws/install/pcl_object_detection:/home/awadh/zed_ws/install/zed_tutorial_video:/home/awadh/zed_ws/install/zed_tutorial_pos_tracking:/home/awadh/zed_ws/install/zed_tutorial_depth:/home/awadh/zed_ws/install/zed_robot_integration:/home/awadh/zed_ws/install/zed_multi_camera:/home/awadh/zed_ws/install/zed_display_rviz2:/home/awadh/ouster_ws/install/ouster_ros:/home/awadh/ouster_ws/install/ouster_sensor_msgs:/home/awadh/ros2_ws/install/my_robot_bringup:/home/awadh/ros2_ws/install/turtlesim_project_cpp:/home/awadh/ros2_ws/install/my_cpp_pkg:/home/awadh/ros2_ws/install/my_robot_interfaces:/home/awadh/gazebo_ws/install/ultralytics_ros2:/home/awadh/ros2_ws/install/turtlesim_catch_them_all:/home/awadh/ros2_ws/install/my_py_pkg:/opt/ros/humble:/home/awadh/sick_tim_ws/install/sick_tim LD_LIBRARY_PATH=/home/awadh/zed_ws/install/zed_components/lib:/home/awadh/zed_ws/install/zed_interfaces/lib:/home/awadh/gazebo_ws/install/yolov8_msgs/lib:/home/awadh/yolobot/install/yolov8_msgs/lib:/home/awadh/test2_ws/install/pcl_object_detection/lib:/home/awadh/ouster_ws/install/ouster_ros/lib:/home/awadh/ouster_ws/install/ouster_sensor_msgs/lib:/home/awadh/ros2_ws/install/my_robot_interfaces/lib:/home/awadh/sick_tim_ws/install/sick_tim/lib:/usr/lib/x86_64-linux-gnu/gazebo-11/plugins:/opt/ros/humble/opt/rviz_ogre_vendor/lib:/opt/ros/humble/lib/x86_64-linux-gnu:/opt/ros/humble/lib:/usr/share/gazebo/../../lib/x86_64-linux-gnu/gazebo-11/plugins PYTHONPATH=/home/awadh/zed_ws/install/zed_interfaces/local/lib/python3.10/dist-packages:${PYTHONPATH} /usr/bin/cmake --build /home/awadh/zed_ws/build/zed_ros2 -- -j16 -l16
[1.922s] DEBUG:colcon.colcon_core.event_handler.log_command:Invoked command in '/home/awadh/zed_ws/build/zed_multi_camera' returned '0': AMENT_PREFIX_PATH=/home/awadh/zed_ws/install/zed_wrapper:/home/awadh/zed_ws/install/zed_components:/home/awadh/zed_ws/install/zed_interfaces:${AMENT_PREFIX_PATH} CMAKE_PREFIX_PATH=/home/awadh/zed_ws/install/zed_wrapper:/home/awadh/zed_ws/install/zed_components:/home/awadh/zed_ws/install/zed_interfaces:/home/awadh/gazebo_ws/install/yolov8_msgs:/home/awadh/gazebo_ws/install/yolobot_recognition:/home/awadh/gazebo_ws/install/yolobot_gazebo:/home/awadh/gazebo_ws/install/yolobot_description:/home/awadh/gazebo_ws/install/yolobot_control:/home/awadh/gazebo_ws/install/my_robot_bringup:/home/awadh/gazebo_ws/install/my_robot_description:/home/awadh/yolobot/install/yolov8_msgs:/home/awadh/yolobot/install/yolobot_recognition:/home/awadh/yolobot/install/yolobot_gazebo:/home/awadh/yolobot/install/yolobot_description:/home/awadh/yolobot/install/yolobot_control:/home/awadh/test2_ws/install/pcl_object_detection:/home/awadh/zed_ws/install/zed_tutorial_video:/home/awadh/zed_ws/install/zed_tutorial_pos_tracking:/home/awadh/zed_ws/install/zed_tutorial_depth:/home/awadh/zed_ws/install/zed_robot_integration:/home/awadh/zed_ws/install/zed_multi_camera:/home/awadh/zed_ws/install/zed_display_rviz2:/home/awadh/ouster_ws/install/ouster_ros:/home/awadh/ouster_ws/install/ouster_sensor_msgs:/home/awadh/ros2_ws/install/my_robot_bringup:/home/awadh/ros2_ws/install/turtlesim_project_cpp:/home/awadh/ros2_ws/install/my_cpp_pkg:/home/awadh/ros2_ws/install/my_robot_interfaces:/home/awadh/gazebo_ws/install/ultralytics_ros2:/home/awadh/ros2_ws/install/turtlesim_catch_them_all:/home/awadh/ros2_ws/install/my_py_pkg:/opt/ros/humble:/home/awadh/sick_tim_ws/install/sick_tim LD_LIBRARY_PATH=/home/awadh/zed_ws/install/zed_components/lib:/home/awadh/zed_ws/install/zed_interfaces/lib:/home/awadh/gazebo_ws/install/yolov8_msgs/lib:/home/awadh/yolobot/install/yolov8_msgs/lib:/home/awadh/test2_ws/install/pcl_object_detection/lib:/home/awadh/ouster_ws/install/ouster_ros/lib:/home/awadh/ouster_ws/install/ouster_sensor_msgs/lib:/home/awadh/ros2_ws/install/my_robot_interfaces/lib:/home/awadh/sick_tim_ws/install/sick_tim/lib:/usr/lib/x86_64-linux-gnu/gazebo-11/plugins:/opt/ros/humble/opt/rviz_ogre_vendor/lib:/opt/ros/humble/lib/x86_64-linux-gnu:/opt/ros/humble/lib:/usr/share/gazebo/../../lib/x86_64-linux-gnu/gazebo-11/plugins PYTHONPATH=/home/awadh/zed_ws/install/zed_interfaces/local/lib/python3.10/dist-packages:${PYTHONPATH} /usr/bin/cmake --build /home/awadh/zed_ws/build/zed_multi_camera -- -j16 -l16
[1.923s] DEBUG:colcon.colcon_core.event_handler.log_command:Invoked command in '/home/awadh/zed_ws/build/zed_display_rviz2' returned '0': AMENT_PREFIX_PATH=/home/awadh/zed_ws/install/zed_wrapper:/home/awadh/zed_ws/install/zed_components:/home/awadh/zed_ws/install/zed_interfaces:${AMENT_PREFIX_PATH} CMAKE_PREFIX_PATH=/home/awadh/zed_ws/install/zed_wrapper:/home/awadh/zed_ws/install/zed_components:/home/awadh/zed_ws/install/zed_interfaces:/home/awadh/gazebo_ws/install/yolov8_msgs:/home/awadh/gazebo_ws/install/yolobot_recognition:/home/awadh/gazebo_ws/install/yolobot_gazebo:/home/awadh/gazebo_ws/install/yolobot_description:/home/awadh/gazebo_ws/install/yolobot_control:/home/awadh/gazebo_ws/install/my_robot_bringup:/home/awadh/gazebo_ws/install/my_robot_description:/home/awadh/yolobot/install/yolov8_msgs:/home/awadh/yolobot/install/yolobot_recognition:/home/awadh/yolobot/install/yolobot_gazebo:/home/awadh/yolobot/install/yolobot_description:/home/awadh/yolobot/install/yolobot_control:/home/awadh/test2_ws/install/pcl_object_detection:/home/awadh/zed_ws/install/zed_tutorial_video:/home/awadh/zed_ws/install/zed_tutorial_pos_tracking:/home/awadh/zed_ws/install/zed_tutorial_depth:/home/awadh/zed_ws/install/zed_robot_integration:/home/awadh/zed_ws/install/zed_multi_camera:/home/awadh/zed_ws/install/zed_display_rviz2:/home/awadh/ouster_ws/install/ouster_ros:/home/awadh/ouster_ws/install/ouster_sensor_msgs:/home/awadh/ros2_ws/install/my_robot_bringup:/home/awadh/ros2_ws/install/turtlesim_project_cpp:/home/awadh/ros2_ws/install/my_cpp_pkg:/home/awadh/ros2_ws/install/my_robot_interfaces:/home/awadh/gazebo_ws/install/ultralytics_ros2:/home/awadh/ros2_ws/install/turtlesim_catch_them_all:/home/awadh/ros2_ws/install/my_py_pkg:/opt/ros/humble:/home/awadh/sick_tim_ws/install/sick_tim LD_LIBRARY_PATH=/home/awadh/zed_ws/install/zed_components/lib:/home/awadh/zed_ws/install/zed_interfaces/lib:/home/awadh/gazebo_ws/install/yolov8_msgs/lib:/home/awadh/yolobot/install/yolov8_msgs/lib:/home/awadh/test2_ws/install/pcl_object_detection/lib:/home/awadh/ouster_ws/install/ouster_ros/lib:/home/awadh/ouster_ws/install/ouster_sensor_msgs/lib:/home/awadh/ros2_ws/install/my_robot_interfaces/lib:/home/awadh/sick_tim_ws/install/sick_tim/lib:/usr/lib/x86_64-linux-gnu/gazebo-11/plugins:/opt/ros/humble/opt/rviz_ogre_vendor/lib:/opt/ros/humble/lib/x86_64-linux-gnu:/opt/ros/humble/lib:/usr/share/gazebo/../../lib/x86_64-linux-gnu/gazebo-11/plugins PYTHONPATH=/home/awadh/zed_ws/install/zed_interfaces/local/lib/python3.10/dist-packages:${PYTHONPATH} /usr/bin/cmake --build /home/awadh/zed_ws/build/zed_display_rviz2 -- -j16 -l16
[1.924s] DEBUG:colcon.colcon_core.event_handler.log_command:Invoked command in '/home/awadh/zed_ws/build/zed_depth_to_laserscan' returned '0': AMENT_PREFIX_PATH=/home/awadh/zed_ws/install/zed_wrapper:/home/awadh/zed_ws/install/zed_components:/home/awadh/zed_ws/install/zed_interfaces:${AMENT_PREFIX_PATH} CMAKE_PREFIX_PATH=/home/awadh/zed_ws/install/zed_wrapper:/home/awadh/zed_ws/install/zed_components:/home/awadh/zed_ws/install/zed_interfaces:/home/awadh/gazebo_ws/install/yolov8_msgs:/home/awadh/gazebo_ws/install/yolobot_recognition:/home/awadh/gazebo_ws/install/yolobot_gazebo:/home/awadh/gazebo_ws/install/yolobot_description:/home/awadh/gazebo_ws/install/yolobot_control:/home/awadh/gazebo_ws/install/my_robot_bringup:/home/awadh/gazebo_ws/install/my_robot_description:/home/awadh/yolobot/install/yolov8_msgs:/home/awadh/yolobot/install/yolobot_recognition:/home/awadh/yolobot/install/yolobot_gazebo:/home/awadh/yolobot/install/yolobot_description:/home/awadh/yolobot/install/yolobot_control:/home/awadh/test2_ws/install/pcl_object_detection:/home/awadh/zed_ws/install/zed_tutorial_video:/home/awadh/zed_ws/install/zed_tutorial_pos_tracking:/home/awadh/zed_ws/install/zed_tutorial_depth:/home/awadh/zed_ws/install/zed_robot_integration:/home/awadh/zed_ws/install/zed_multi_camera:/home/awadh/zed_ws/install/zed_display_rviz2:/home/awadh/ouster_ws/install/ouster_ros:/home/awadh/ouster_ws/install/ouster_sensor_msgs:/home/awadh/ros2_ws/install/my_robot_bringup:/home/awadh/ros2_ws/install/turtlesim_project_cpp:/home/awadh/ros2_ws/install/my_cpp_pkg:/home/awadh/ros2_ws/install/my_robot_interfaces:/home/awadh/gazebo_ws/install/ultralytics_ros2:/home/awadh/ros2_ws/install/turtlesim_catch_them_all:/home/awadh/ros2_ws/install/my_py_pkg:/opt/ros/humble:/home/awadh/sick_tim_ws/install/sick_tim LD_LIBRARY_PATH=/home/awadh/zed_ws/install/zed_components/lib:/home/awadh/zed_ws/install/zed_interfaces/lib:/home/awadh/gazebo_ws/install/yolov8_msgs/lib:/home/awadh/yolobot/install/yolov8_msgs/lib:/home/awadh/test2_ws/install/pcl_object_detection/lib:/home/awadh/ouster_ws/install/ouster_ros/lib:/home/awadh/ouster_ws/install/ouster_sensor_msgs/lib:/home/awadh/ros2_ws/install/my_robot_interfaces/lib:/home/awadh/sick_tim_ws/install/sick_tim/lib:/usr/lib/x86_64-linux-gnu/gazebo-11/plugins:/opt/ros/humble/opt/rviz_ogre_vendor/lib:/opt/ros/humble/lib/x86_64-linux-gnu:/opt/ros/humble/lib:/usr/share/gazebo/../../lib/x86_64-linux-gnu/gazebo-11/plugins PYTHONPATH=/home/awadh/zed_ws/install/zed_interfaces/local/lib/python3.10/dist-packages:${PYTHONPATH} /usr/bin/cmake --build /home/awadh/zed_ws/build/zed_depth_to_laserscan -- -j16 -l16
[1.924s] DEBUG:colcon.colcon_core.event_handler.log_command:Invoked command in '/home/awadh/zed_ws/build/zed_robot_integration' returned '0': AMENT_PREFIX_PATH=/home/awadh/zed_ws/install/zed_wrapper:/home/awadh/zed_ws/install/zed_components:/home/awadh/zed_ws/install/zed_interfaces:${AMENT_PREFIX_PATH} CMAKE_PREFIX_PATH=/home/awadh/zed_ws/install/zed_wrapper:/home/awadh/zed_ws/install/zed_components:/home/awadh/zed_ws/install/zed_interfaces:/home/awadh/gazebo_ws/install/yolov8_msgs:/home/awadh/gazebo_ws/install/yolobot_recognition:/home/awadh/gazebo_ws/install/yolobot_gazebo:/home/awadh/gazebo_ws/install/yolobot_description:/home/awadh/gazebo_ws/install/yolobot_control:/home/awadh/gazebo_ws/install/my_robot_bringup:/home/awadh/gazebo_ws/install/my_robot_description:/home/awadh/yolobot/install/yolov8_msgs:/home/awadh/yolobot/install/yolobot_recognition:/home/awadh/yolobot/install/yolobot_gazebo:/home/awadh/yolobot/install/yolobot_description:/home/awadh/yolobot/install/yolobot_control:/home/awadh/test2_ws/install/pcl_object_detection:/home/awadh/zed_ws/install/zed_tutorial_video:/home/awadh/zed_ws/install/zed_tutorial_pos_tracking:/home/awadh/zed_ws/install/zed_tutorial_depth:/home/awadh/zed_ws/install/zed_robot_integration:/home/awadh/zed_ws/install/zed_multi_camera:/home/awadh/zed_ws/install/zed_display_rviz2:/home/awadh/ouster_ws/install/ouster_ros:/home/awadh/ouster_ws/install/ouster_sensor_msgs:/home/awadh/ros2_ws/install/my_robot_bringup:/home/awadh/ros2_ws/install/turtlesim_project_cpp:/home/awadh/ros2_ws/install/my_cpp_pkg:/home/awadh/ros2_ws/install/my_robot_interfaces:/home/awadh/gazebo_ws/install/ultralytics_ros2:/home/awadh/ros2_ws/install/turtlesim_catch_them_all:/home/awadh/ros2_ws/install/my_py_pkg:/opt/ros/humble:/home/awadh/sick_tim_ws/install/sick_tim LD_LIBRARY_PATH=/home/awadh/zed_ws/install/zed_components/lib:/home/awadh/zed_ws/install/zed_interfaces/lib:/home/awadh/gazebo_ws/install/yolov8_msgs/lib:/home/awadh/yolobot/install/yolov8_msgs/lib:/home/awadh/test2_ws/install/pcl_object_detection/lib:/home/awadh/ouster_ws/install/ouster_ros/lib:/home/awadh/ouster_ws/install/ouster_sensor_msgs/lib:/home/awadh/ros2_ws/install/my_robot_interfaces/lib:/home/awadh/sick_tim_ws/install/sick_tim/lib:/usr/lib/x86_64-linux-gnu/gazebo-11/plugins:/opt/ros/humble/opt/rviz_ogre_vendor/lib:/opt/ros/humble/lib/x86_64-linux-gnu:/opt/ros/humble/lib:/usr/share/gazebo/../../lib/x86_64-linux-gnu/gazebo-11/plugins PYTHONPATH=/home/awadh/zed_ws/install/zed_interfaces/local/lib/python3.10/dist-packages:${PYTHONPATH} /usr/bin/cmake --build /home/awadh/zed_ws/build/zed_robot_integration -- -j16 -l16
[1.926s] DEBUG:colcon.colcon_core.event_handler.log_command:Invoked command in '/home/awadh/zed_ws/build/zed_ros2' returned '0': AMENT_PREFIX_PATH=/home/awadh/zed_ws/install/zed_wrapper:/home/awadh/zed_ws/install/zed_components:/home/awadh/zed_ws/install/zed_interfaces:${AMENT_PREFIX_PATH} CMAKE_PREFIX_PATH=/home/awadh/zed_ws/install/zed_wrapper:/home/awadh/zed_ws/install/zed_components:/home/awadh/zed_ws/install/zed_interfaces:/home/awadh/gazebo_ws/install/yolov8_msgs:/home/awadh/gazebo_ws/install/yolobot_recognition:/home/awadh/gazebo_ws/install/yolobot_gazebo:/home/awadh/gazebo_ws/install/yolobot_description:/home/awadh/gazebo_ws/install/yolobot_control:/home/awadh/gazebo_ws/install/my_robot_bringup:/home/awadh/gazebo_ws/install/my_robot_description:/home/awadh/yolobot/install/yolov8_msgs:/home/awadh/yolobot/install/yolobot_recognition:/home/awadh/yolobot/install/yolobot_gazebo:/home/awadh/yolobot/install/yolobot_description:/home/awadh/yolobot/install/yolobot_control:/home/awadh/test2_ws/install/pcl_object_detection:/home/awadh/zed_ws/install/zed_tutorial_video:/home/awadh/zed_ws/install/zed_tutorial_pos_tracking:/home/awadh/zed_ws/install/zed_tutorial_depth:/home/awadh/zed_ws/install/zed_robot_integration:/home/awadh/zed_ws/install/zed_multi_camera:/home/awadh/zed_ws/install/zed_display_rviz2:/home/awadh/ouster_ws/install/ouster_ros:/home/awadh/ouster_ws/install/ouster_sensor_msgs:/home/awadh/ros2_ws/install/my_robot_bringup:/home/awadh/ros2_ws/install/turtlesim_project_cpp:/home/awadh/ros2_ws/install/my_cpp_pkg:/home/awadh/ros2_ws/install/my_robot_interfaces:/home/awadh/gazebo_ws/install/ultralytics_ros2:/home/awadh/ros2_ws/install/turtlesim_catch_them_all:/home/awadh/ros2_ws/install/my_py_pkg:/opt/ros/humble:/home/awadh/sick_tim_ws/install/sick_tim LD_LIBRARY_PATH=/home/awadh/zed_ws/install/zed_components/lib:/home/awadh/zed_ws/install/zed_interfaces/lib:/home/awadh/gazebo_ws/install/yolov8_msgs/lib:/home/awadh/yolobot/install/yolov8_msgs/lib:/home/awadh/test2_ws/install/pcl_object_detection/lib:/home/awadh/ouster_ws/install/ouster_ros/lib:/home/awadh/ouster_ws/install/ouster_sensor_msgs/lib:/home/awadh/ros2_ws/install/my_robot_interfaces/lib:/home/awadh/sick_tim_ws/install/sick_tim/lib:/usr/lib/x86_64-linux-gnu/gazebo-11/plugins:/opt/ros/humble/opt/rviz_ogre_vendor/lib:/opt/ros/humble/lib/x86_64-linux-gnu:/opt/ros/humble/lib:/usr/share/gazebo/../../lib/x86_64-linux-gnu/gazebo-11/plugins PYTHONPATH=/home/awadh/zed_ws/install/zed_interfaces/local/lib/python3.10/dist-packages:${PYTHONPATH} /usr/bin/cmake --build /home/awadh/zed_ws/build/zed_ros2 -- -j16 -l16
[1.941s] DEBUG:colcon.colcon_core.event_handler.log_command:Invoking command in '/home/awadh/zed_ws/build/zed_multi_camera': AMENT_PREFIX_PATH=/home/awadh/zed_ws/install/zed_wrapper:/home/awadh/zed_ws/install/zed_components:/home/awadh/zed_ws/install/zed_interfaces:${AMENT_PREFIX_PATH} CMAKE_PREFIX_PATH=/home/awadh/zed_ws/install/zed_wrapper:/home/awadh/zed_ws/install/zed_components:/home/awadh/zed_ws/install/zed_interfaces:/home/awadh/gazebo_ws/install/yolov8_msgs:/home/awadh/gazebo_ws/install/yolobot_recognition:/home/awadh/gazebo_ws/install/yolobot_gazebo:/home/awadh/gazebo_ws/install/yolobot_description:/home/awadh/gazebo_ws/install/yolobot_control:/home/awadh/gazebo_ws/install/my_robot_bringup:/home/awadh/gazebo_ws/install/my_robot_description:/home/awadh/yolobot/install/yolov8_msgs:/home/awadh/yolobot/install/yolobot_recognition:/home/awadh/yolobot/install/yolobot_gazebo:/home/awadh/yolobot/install/yolobot_description:/home/awadh/yolobot/install/yolobot_control:/home/awadh/test2_ws/install/pcl_object_detection:/home/awadh/zed_ws/install/zed_tutorial_video:/home/awadh/zed_ws/install/zed_tutorial_pos_tracking:/home/awadh/zed_ws/install/zed_tutorial_depth:/home/awadh/zed_ws/install/zed_robot_integration:/home/awadh/zed_ws/install/zed_multi_camera:/home/awadh/zed_ws/install/zed_display_rviz2:/home/awadh/ouster_ws/install/ouster_ros:/home/awadh/ouster_ws/install/ouster_sensor_msgs:/home/awadh/ros2_ws/install/my_robot_bringup:/home/awadh/ros2_ws/install/turtlesim_project_cpp:/home/awadh/ros2_ws/install/my_cpp_pkg:/home/awadh/ros2_ws/install/my_robot_interfaces:/home/awadh/gazebo_ws/install/ultralytics_ros2:/home/awadh/ros2_ws/install/turtlesim_catch_them_all:/home/awadh/ros2_ws/install/my_py_pkg:/opt/ros/humble:/home/awadh/sick_tim_ws/install/sick_tim LD_LIBRARY_PATH=/home/awadh/zed_ws/install/zed_components/lib:/home/awadh/zed_ws/install/zed_interfaces/lib:/home/awadh/gazebo_ws/install/yolov8_msgs/lib:/home/awadh/yolobot/install/yolov8_msgs/lib:/home/awadh/test2_ws/install/pcl_object_detection/lib:/home/awadh/ouster_ws/install/ouster_ros/lib:/home/awadh/ouster_ws/install/ouster_sensor_msgs/lib:/home/awadh/ros2_ws/install/my_robot_interfaces/lib:/home/awadh/sick_tim_ws/install/sick_tim/lib:/usr/lib/x86_64-linux-gnu/gazebo-11/plugins:/opt/ros/humble/opt/rviz_ogre_vendor/lib:/opt/ros/humble/lib/x86_64-linux-gnu:/opt/ros/humble/lib:/usr/share/gazebo/../../lib/x86_64-linux-gnu/gazebo-11/plugins PYTHONPATH=/home/awadh/zed_ws/install/zed_interfaces/local/lib/python3.10/dist-packages:${PYTHONPATH} /usr/bin/cmake --install /home/awadh/zed_ws/build/zed_multi_camera
[1.943s] DEBUG:colcon.colcon_core.event_handler.log_command:Invoking command in '/home/awadh/zed_ws/build/zed_display_rviz2': AMENT_PREFIX_PATH=/home/awadh/zed_ws/install/zed_wrapper:/home/awadh/zed_ws/install/zed_components:/home/awadh/zed_ws/install/zed_interfaces:${AMENT_PREFIX_PATH} CMAKE_PREFIX_PATH=/home/awadh/zed_ws/install/zed_wrapper:/home/awadh/zed_ws/install/zed_components:/home/awadh/zed_ws/install/zed_interfaces:/home/awadh/gazebo_ws/install/yolov8_msgs:/home/awadh/gazebo_ws/install/yolobot_recognition:/home/awadh/gazebo_ws/install/yolobot_gazebo:/home/awadh/gazebo_ws/install/yolobot_description:/home/awadh/gazebo_ws/install/yolobot_control:/home/awadh/gazebo_ws/install/my_robot_bringup:/home/awadh/gazebo_ws/install/my_robot_description:/home/awadh/yolobot/install/yolov8_msgs:/home/awadh/yolobot/install/yolobot_recognition:/home/awadh/yolobot/install/yolobot_gazebo:/home/awadh/yolobot/install/yolobot_description:/home/awadh/yolobot/install/yolobot_control:/home/awadh/test2_ws/install/pcl_object_detection:/home/awadh/zed_ws/install/zed_tutorial_video:/home/awadh/zed_ws/install/zed_tutorial_pos_tracking:/home/awadh/zed_ws/install/zed_tutorial_depth:/home/awadh/zed_ws/install/zed_robot_integration:/home/awadh/zed_ws/install/zed_multi_camera:/home/awadh/zed_ws/install/zed_display_rviz2:/home/awadh/ouster_ws/install/ouster_ros:/home/awadh/ouster_ws/install/ouster_sensor_msgs:/home/awadh/ros2_ws/install/my_robot_bringup:/home/awadh/ros2_ws/install/turtlesim_project_cpp:/home/awadh/ros2_ws/install/my_cpp_pkg:/home/awadh/ros2_ws/install/my_robot_interfaces:/home/awadh/gazebo_ws/install/ultralytics_ros2:/home/awadh/ros2_ws/install/turtlesim_catch_them_all:/home/awadh/ros2_ws/install/my_py_pkg:/opt/ros/humble:/home/awadh/sick_tim_ws/install/sick_tim LD_LIBRARY_PATH=/home/awadh/zed_ws/install/zed_components/lib:/home/awadh/zed_ws/install/zed_interfaces/lib:/home/awadh/gazebo_ws/install/yolov8_msgs/lib:/home/awadh/yolobot/install/yolov8_msgs/lib:/home/awadh/test2_ws/install/pcl_object_detection/lib:/home/awadh/ouster_ws/install/ouster_ros/lib:/home/awadh/ouster_ws/install/ouster_sensor_msgs/lib:/home/awadh/ros2_ws/install/my_robot_interfaces/lib:/home/awadh/sick_tim_ws/install/sick_tim/lib:/usr/lib/x86_64-linux-gnu/gazebo-11/plugins:/opt/ros/humble/opt/rviz_ogre_vendor/lib:/opt/ros/humble/lib/x86_64-linux-gnu:/opt/ros/humble/lib:/usr/share/gazebo/../../lib/x86_64-linux-gnu/gazebo-11/plugins PYTHONPATH=/home/awadh/zed_ws/install/zed_interfaces/local/lib/python3.10/dist-packages:${PYTHONPATH} /usr/bin/cmake --install /home/awadh/zed_ws/build/zed_display_rviz2
[1.944s] DEBUG:colcon.colcon_core.event_handler.log_command:Invoking command in '/home/awadh/zed_ws/build/zed_robot_integration': AMENT_PREFIX_PATH=/home/awadh/zed_ws/install/zed_wrapper:/home/awadh/zed_ws/install/zed_components:/home/awadh/zed_ws/install/zed_interfaces:${AMENT_PREFIX_PATH} CMAKE_PREFIX_PATH=/home/awadh/zed_ws/install/zed_wrapper:/home/awadh/zed_ws/install/zed_components:/home/awadh/zed_ws/install/zed_interfaces:/home/awadh/gazebo_ws/install/yolov8_msgs:/home/awadh/gazebo_ws/install/yolobot_recognition:/home/awadh/gazebo_ws/install/yolobot_gazebo:/home/awadh/gazebo_ws/install/yolobot_description:/home/awadh/gazebo_ws/install/yolobot_control:/home/awadh/gazebo_ws/install/my_robot_bringup:/home/awadh/gazebo_ws/install/my_robot_description:/home/awadh/yolobot/install/yolov8_msgs:/home/awadh/yolobot/install/yolobot_recognition:/home/awadh/yolobot/install/yolobot_gazebo:/home/awadh/yolobot/install/yolobot_description:/home/awadh/yolobot/install/yolobot_control:/home/awadh/test2_ws/install/pcl_object_detection:/home/awadh/zed_ws/install/zed_tutorial_video:/home/awadh/zed_ws/install/zed_tutorial_pos_tracking:/home/awadh/zed_ws/install/zed_tutorial_depth:/home/awadh/zed_ws/install/zed_robot_integration:/home/awadh/zed_ws/install/zed_multi_camera:/home/awadh/zed_ws/install/zed_display_rviz2:/home/awadh/ouster_ws/install/ouster_ros:/home/awadh/ouster_ws/install/ouster_sensor_msgs:/home/awadh/ros2_ws/install/my_robot_bringup:/home/awadh/ros2_ws/install/turtlesim_project_cpp:/home/awadh/ros2_ws/install/my_cpp_pkg:/home/awadh/ros2_ws/install/my_robot_interfaces:/home/awadh/gazebo_ws/install/ultralytics_ros2:/home/awadh/ros2_ws/install/turtlesim_catch_them_all:/home/awadh/ros2_ws/install/my_py_pkg:/opt/ros/humble:/home/awadh/sick_tim_ws/install/sick_tim LD_LIBRARY_PATH=/home/awadh/zed_ws/install/zed_components/lib:/home/awadh/zed_ws/install/zed_interfaces/lib:/home/awadh/gazebo_ws/install/yolov8_msgs/lib:/home/awadh/yolobot/install/yolov8_msgs/lib:/home/awadh/test2_ws/install/pcl_object_detection/lib:/home/awadh/ouster_ws/install/ouster_ros/lib:/home/awadh/ouster_ws/install/ouster_sensor_msgs/lib:/home/awadh/ros2_ws/install/my_robot_interfaces/lib:/home/awadh/sick_tim_ws/install/sick_tim/lib:/usr/lib/x86_64-linux-gnu/gazebo-11/plugins:/opt/ros/humble/opt/rviz_ogre_vendor/lib:/opt/ros/humble/lib/x86_64-linux-gnu:/opt/ros/humble/lib:/usr/share/gazebo/../../lib/x86_64-linux-gnu/gazebo-11/plugins PYTHONPATH=/home/awadh/zed_ws/install/zed_interfaces/local/lib/python3.10/dist-packages:${PYTHONPATH} /usr/bin/cmake --install /home/awadh/zed_ws/build/zed_robot_integration
[1.945s] DEBUG:colcon.colcon_core.event_handler.log_command:Invoking command in '/home/awadh/zed_ws/build/zed_ros2': AMENT_PREFIX_PATH=/home/awadh/zed_ws/install/zed_wrapper:/home/awadh/zed_ws/install/zed_components:/home/awadh/zed_ws/install/zed_interfaces:${AMENT_PREFIX_PATH} CMAKE_PREFIX_PATH=/home/awadh/zed_ws/install/zed_wrapper:/home/awadh/zed_ws/install/zed_components:/home/awadh/zed_ws/install/zed_interfaces:/home/awadh/gazebo_ws/install/yolov8_msgs:/home/awadh/gazebo_ws/install/yolobot_recognition:/home/awadh/gazebo_ws/install/yolobot_gazebo:/home/awadh/gazebo_ws/install/yolobot_description:/home/awadh/gazebo_ws/install/yolobot_control:/home/awadh/gazebo_ws/install/my_robot_bringup:/home/awadh/gazebo_ws/install/my_robot_description:/home/awadh/yolobot/install/yolov8_msgs:/home/awadh/yolobot/install/yolobot_recognition:/home/awadh/yolobot/install/yolobot_gazebo:/home/awadh/yolobot/install/yolobot_description:/home/awadh/yolobot/install/yolobot_control:/home/awadh/test2_ws/install/pcl_object_detection:/home/awadh/zed_ws/install/zed_tutorial_video:/home/awadh/zed_ws/install/zed_tutorial_pos_tracking:/home/awadh/zed_ws/install/zed_tutorial_depth:/home/awadh/zed_ws/install/zed_robot_integration:/home/awadh/zed_ws/install/zed_multi_camera:/home/awadh/zed_ws/install/zed_display_rviz2:/home/awadh/ouster_ws/install/ouster_ros:/home/awadh/ouster_ws/install/ouster_sensor_msgs:/home/awadh/ros2_ws/install/my_robot_bringup:/home/awadh/ros2_ws/install/turtlesim_project_cpp:/home/awadh/ros2_ws/install/my_cpp_pkg:/home/awadh/ros2_ws/install/my_robot_interfaces:/home/awadh/gazebo_ws/install/ultralytics_ros2:/home/awadh/ros2_ws/install/turtlesim_catch_them_all:/home/awadh/ros2_ws/install/my_py_pkg:/opt/ros/humble:/home/awadh/sick_tim_ws/install/sick_tim LD_LIBRARY_PATH=/home/awadh/zed_ws/install/zed_components/lib:/home/awadh/zed_ws/install/zed_interfaces/lib:/home/awadh/gazebo_ws/install/yolov8_msgs/lib:/home/awadh/yolobot/install/yolov8_msgs/lib:/home/awadh/test2_ws/install/pcl_object_detection/lib:/home/awadh/ouster_ws/install/ouster_ros/lib:/home/awadh/ouster_ws/install/ouster_sensor_msgs/lib:/home/awadh/ros2_ws/install/my_robot_interfaces/lib:/home/awadh/sick_tim_ws/install/sick_tim/lib:/usr/lib/x86_64-linux-gnu/gazebo-11/plugins:/opt/ros/humble/opt/rviz_ogre_vendor/lib:/opt/ros/humble/lib/x86_64-linux-gnu:/opt/ros/humble/lib:/usr/share/gazebo/../../lib/x86_64-linux-gnu/gazebo-11/plugins PYTHONPATH=/home/awadh/zed_ws/install/zed_interfaces/local/lib/python3.10/dist-packages:${PYTHONPATH} /usr/bin/cmake --install /home/awadh/zed_ws/build/zed_ros2
[1.946s] DEBUG:colcon.colcon_core.event_handler.log_command:Invoking command in '/home/awadh/zed_ws/build/zed_depth_to_laserscan': AMENT_PREFIX_PATH=/home/awadh/zed_ws/install/zed_wrapper:/home/awadh/zed_ws/install/zed_components:/home/awadh/zed_ws/install/zed_interfaces:${AMENT_PREFIX_PATH} CMAKE_PREFIX_PATH=/home/awadh/zed_ws/install/zed_wrapper:/home/awadh/zed_ws/install/zed_components:/home/awadh/zed_ws/install/zed_interfaces:/home/awadh/gazebo_ws/install/yolov8_msgs:/home/awadh/gazebo_ws/install/yolobot_recognition:/home/awadh/gazebo_ws/install/yolobot_gazebo:/home/awadh/gazebo_ws/install/yolobot_description:/home/awadh/gazebo_ws/install/yolobot_control:/home/awadh/gazebo_ws/install/my_robot_bringup:/home/awadh/gazebo_ws/install/my_robot_description:/home/awadh/yolobot/install/yolov8_msgs:/home/awadh/yolobot/install/yolobot_recognition:/home/awadh/yolobot/install/yolobot_gazebo:/home/awadh/yolobot/install/yolobot_description:/home/awadh/yolobot/install/yolobot_control:/home/awadh/test2_ws/install/pcl_object_detection:/home/awadh/zed_ws/install/zed_tutorial_video:/home/awadh/zed_ws/install/zed_tutorial_pos_tracking:/home/awadh/zed_ws/install/zed_tutorial_depth:/home/awadh/zed_ws/install/zed_robot_integration:/home/awadh/zed_ws/install/zed_multi_camera:/home/awadh/zed_ws/install/zed_display_rviz2:/home/awadh/ouster_ws/install/ouster_ros:/home/awadh/ouster_ws/install/ouster_sensor_msgs:/home/awadh/ros2_ws/install/my_robot_bringup:/home/awadh/ros2_ws/install/turtlesim_project_cpp:/home/awadh/ros2_ws/install/my_cpp_pkg:/home/awadh/ros2_ws/install/my_robot_interfaces:/home/awadh/gazebo_ws/install/ultralytics_ros2:/home/awadh/ros2_ws/install/turtlesim_catch_them_all:/home/awadh/ros2_ws/install/my_py_pkg:/opt/ros/humble:/home/awadh/sick_tim_ws/install/sick_tim LD_LIBRARY_PATH=/home/awadh/zed_ws/install/zed_components/lib:/home/awadh/zed_ws/install/zed_interfaces/lib:/home/awadh/gazebo_ws/install/yolov8_msgs/lib:/home/awadh/yolobot/install/yolov8_msgs/lib:/home/awadh/test2_ws/install/pcl_object_detection/lib:/home/awadh/ouster_ws/install/ouster_ros/lib:/home/awadh/ouster_ws/install/ouster_sensor_msgs/lib:/home/awadh/ros2_ws/install/my_robot_interfaces/lib:/home/awadh/sick_tim_ws/install/sick_tim/lib:/usr/lib/x86_64-linux-gnu/gazebo-11/plugins:/opt/ros/humble/opt/rviz_ogre_vendor/lib:/opt/ros/humble/lib/x86_64-linux-gnu:/opt/ros/humble/lib:/usr/share/gazebo/../../lib/x86_64-linux-gnu/gazebo-11/plugins PYTHONPATH=/home/awadh/zed_ws/install/zed_interfaces/local/lib/python3.10/dist-packages:${PYTHONPATH} /usr/bin/cmake --install /home/awadh/zed_ws/build/zed_depth_to_laserscan
[1.949s] Level 1:colcon.colcon_core.environment:create_environment_scripts_only(zed_multi_camera)
[1.950s] Level 1:colcon.colcon_core.environment:checking '/home/awadh/zed_ws/install/zed_multi_camera' for CMake module files
[1.951s] Level 1:colcon.colcon_core.environment:checking '/home/awadh/zed_ws/install/zed_multi_camera' for CMake config files
[1.952s] DEBUG:colcon.colcon_core.event_handler.log_command:Invoked command in '/home/awadh/zed_ws/build/zed_multi_camera' returned '0': AMENT_PREFIX_PATH=/home/awadh/zed_ws/install/zed_wrapper:/home/awadh/zed_ws/install/zed_components:/home/awadh/zed_ws/install/zed_interfaces:${AMENT_PREFIX_PATH} CMAKE_PREFIX_PATH=/home/awadh/zed_ws/install/zed_wrapper:/home/awadh/zed_ws/install/zed_components:/home/awadh/zed_ws/install/zed_interfaces:/home/awadh/gazebo_ws/install/yolov8_msgs:/home/awadh/gazebo_ws/install/yolobot_recognition:/home/awadh/gazebo_ws/install/yolobot_gazebo:/home/awadh/gazebo_ws/install/yolobot_description:/home/awadh/gazebo_ws/install/yolobot_control:/home/awadh/gazebo_ws/install/my_robot_bringup:/home/awadh/gazebo_ws/install/my_robot_description:/home/awadh/yolobot/install/yolov8_msgs:/home/awadh/yolobot/install/yolobot_recognition:/home/awadh/yolobot/install/yolobot_gazebo:/home/awadh/yolobot/install/yolobot_description:/home/awadh/yolobot/install/yolobot_control:/home/awadh/test2_ws/install/pcl_object_detection:/home/awadh/zed_ws/install/zed_tutorial_video:/home/awadh/zed_ws/install/zed_tutorial_pos_tracking:/home/awadh/zed_ws/install/zed_tutorial_depth:/home/awadh/zed_ws/install/zed_robot_integration:/home/awadh/zed_ws/install/zed_multi_camera:/home/awadh/zed_ws/install/zed_display_rviz2:/home/awadh/ouster_ws/install/ouster_ros:/home/awadh/ouster_ws/install/ouster_sensor_msgs:/home/awadh/ros2_ws/install/my_robot_bringup:/home/awadh/ros2_ws/install/turtlesim_project_cpp:/home/awadh/ros2_ws/install/my_cpp_pkg:/home/awadh/ros2_ws/install/my_robot_interfaces:/home/awadh/gazebo_ws/install/ultralytics_ros2:/home/awadh/ros2_ws/install/turtlesim_catch_them_all:/home/awadh/ros2_ws/install/my_py_pkg:/opt/ros/humble:/home/awadh/sick_tim_ws/install/sick_tim LD_LIBRARY_PATH=/home/awadh/zed_ws/install/zed_components/lib:/home/awadh/zed_ws/install/zed_interfaces/lib:/home/awadh/gazebo_ws/install/yolov8_msgs/lib:/home/awadh/yolobot/install/yolov8_msgs/lib:/home/awadh/test2_ws/install/pcl_object_detection/lib:/home/awadh/ouster_ws/install/ouster_ros/lib:/home/awadh/ouster_ws/install/ouster_sensor_msgs/lib:/home/awadh/ros2_ws/install/my_robot_interfaces/lib:/home/awadh/sick_tim_ws/install/sick_tim/lib:/usr/lib/x86_64-linux-gnu/gazebo-11/plugins:/opt/ros/humble/opt/rviz_ogre_vendor/lib:/opt/ros/humble/lib/x86_64-linux-gnu:/opt/ros/humble/lib:/usr/share/gazebo/../../lib/x86_64-linux-gnu/gazebo-11/plugins PYTHONPATH=/home/awadh/zed_ws/install/zed_interfaces/local/lib/python3.10/dist-packages:${PYTHONPATH} /usr/bin/cmake --install /home/awadh/zed_ws/build/zed_multi_camera
[1.953s] Level 1:colcon.colcon_core.shell:create_environment_hook('zed_multi_camera', 'cmake_prefix_path')
[1.953s] INFO:colcon.colcon_core.shell:Creating environment hook '/home/awadh/zed_ws/install/zed_multi_camera/share/zed_multi_camera/hook/cmake_prefix_path.ps1'
[1.954s] INFO:colcon.colcon_core.shell:Creating environment descriptor '/home/awadh/zed_ws/install/zed_multi_camera/share/zed_multi_camera/hook/cmake_prefix_path.dsv'
[1.954s] INFO:colcon.colcon_core.shell:Creating environment hook '/home/awadh/zed_ws/install/zed_multi_camera/share/zed_multi_camera/hook/cmake_prefix_path.sh'
[1.954s] Level 1:colcon.colcon_core.environment:checking '/home/awadh/zed_ws/install/zed_multi_camera/bin'
[1.954s] Level 1:colcon.colcon_core.environment:checking '/home/awadh/zed_ws/install/zed_multi_camera/lib/pkgconfig/zed_multi_camera.pc'
[1.954s] Level 1:colcon.colcon_core.environment:checking '/home/awadh/zed_ws/install/zed_multi_camera/lib/python3.10/site-packages'
[1.955s] Level 1:colcon.colcon_core.environment:checking '/home/awadh/zed_ws/install/zed_multi_camera/bin'
[1.955s] INFO:colcon.colcon_core.shell:Creating package script '/home/awadh/zed_ws/install/zed_multi_camera/share/zed_multi_camera/package.ps1'
[1.955s] INFO:colcon.colcon_core.shell:Creating package descriptor '/home/awadh/zed_ws/install/zed_multi_camera/share/zed_multi_camera/package.dsv'
[1.955s] INFO:colcon.colcon_core.shell:Creating package script '/home/awadh/zed_ws/install/zed_multi_camera/share/zed_multi_camera/package.sh'
[1.955s] INFO:colcon.colcon_core.shell:Creating package script '/home/awadh/zed_ws/install/zed_multi_camera/share/zed_multi_camera/package.bash'
[1.956s] INFO:colcon.colcon_core.shell:Creating package script '/home/awadh/zed_ws/install/zed_multi_camera/share/zed_multi_camera/package.zsh'
[1.956s] Level 1:colcon.colcon_core.environment:create_file_with_runtime_dependencies(/home/awadh/zed_ws/install/zed_multi_camera/share/colcon-core/packages/zed_multi_camera)
[1.957s] Level 1:colcon.colcon_core.environment:create_environment_scripts_only(zed_display_rviz2)
[1.957s] Level 1:colcon.colcon_core.environment:checking '/home/awadh/zed_ws/install/zed_display_rviz2' for CMake module files
[1.957s] DEBUG:colcon.colcon_core.event_handler.log_command:Invoked command in '/home/awadh/zed_ws/build/zed_display_rviz2' returned '0': AMENT_PREFIX_PATH=/home/awadh/zed_ws/install/zed_wrapper:/home/awadh/zed_ws/install/zed_components:/home/awadh/zed_ws/install/zed_interfaces:${AMENT_PREFIX_PATH} CMAKE_PREFIX_PATH=/home/awadh/zed_ws/install/zed_wrapper:/home/awadh/zed_ws/install/zed_components:/home/awadh/zed_ws/install/zed_interfaces:/home/awadh/gazebo_ws/install/yolov8_msgs:/home/awadh/gazebo_ws/install/yolobot_recognition:/home/awadh/gazebo_ws/install/yolobot_gazebo:/home/awadh/gazebo_ws/install/yolobot_description:/home/awadh/gazebo_ws/install/yolobot_control:/home/awadh/gazebo_ws/install/my_robot_bringup:/home/awadh/gazebo_ws/install/my_robot_description:/home/awadh/yolobot/install/yolov8_msgs:/home/awadh/yolobot/install/yolobot_recognition:/home/awadh/yolobot/install/yolobot_gazebo:/home/awadh/yolobot/install/yolobot_description:/home/awadh/yolobot/install/yolobot_control:/home/awadh/test2_ws/install/pcl_object_detection:/home/awadh/zed_ws/install/zed_tutorial_video:/home/awadh/zed_ws/install/zed_tutorial_pos_tracking:/home/awadh/zed_ws/install/zed_tutorial_depth:/home/awadh/zed_ws/install/zed_robot_integration:/home/awadh/zed_ws/install/zed_multi_camera:/home/awadh/zed_ws/install/zed_display_rviz2:/home/awadh/ouster_ws/install/ouster_ros:/home/awadh/ouster_ws/install/ouster_sensor_msgs:/home/awadh/ros2_ws/install/my_robot_bringup:/home/awadh/ros2_ws/install/turtlesim_project_cpp:/home/awadh/ros2_ws/install/my_cpp_pkg:/home/awadh/ros2_ws/install/my_robot_interfaces:/home/awadh/gazebo_ws/install/ultralytics_ros2:/home/awadh/ros2_ws/install/turtlesim_catch_them_all:/home/awadh/ros2_ws/install/my_py_pkg:/opt/ros/humble:/home/awadh/sick_tim_ws/install/sick_tim LD_LIBRARY_PATH=/home/awadh/zed_ws/install/zed_components/lib:/home/awadh/zed_ws/install/zed_interfaces/lib:/home/awadh/gazebo_ws/install/yolov8_msgs/lib:/home/awadh/yolobot/install/yolov8_msgs/lib:/home/awadh/test2_ws/install/pcl_object_detection/lib:/home/awadh/ouster_ws/install/ouster_ros/lib:/home/awadh/ouster_ws/install/ouster_sensor_msgs/lib:/home/awadh/ros2_ws/install/my_robot_interfaces/lib:/home/awadh/sick_tim_ws/install/sick_tim/lib:/usr/lib/x86_64-linux-gnu/gazebo-11/plugins:/opt/ros/humble/opt/rviz_ogre_vendor/lib:/opt/ros/humble/lib/x86_64-linux-gnu:/opt/ros/humble/lib:/usr/share/gazebo/../../lib/x86_64-linux-gnu/gazebo-11/plugins PYTHONPATH=/home/awadh/zed_ws/install/zed_interfaces/local/lib/python3.10/dist-packages:${PYTHONPATH} /usr/bin/cmake --install /home/awadh/zed_ws/build/zed_display_rviz2
[1.957s] Level 1:colcon.colcon_core.environment:checking '/home/awadh/zed_ws/install/zed_display_rviz2' for CMake config files
[1.957s] Level 1:colcon.colcon_core.shell:create_environment_hook('zed_display_rviz2', 'cmake_prefix_path')
[1.958s] INFO:colcon.colcon_core.shell:Creating environment hook '/home/awadh/zed_ws/install/zed_display_rviz2/share/zed_display_rviz2/hook/cmake_prefix_path.ps1'
[1.958s] INFO:colcon.colcon_core.shell:Creating environment descriptor '/home/awadh/zed_ws/install/zed_display_rviz2/share/zed_display_rviz2/hook/cmake_prefix_path.dsv'
[1.958s] INFO:colcon.colcon_core.shell:Creating environment hook '/home/awadh/zed_ws/install/zed_display_rviz2/share/zed_display_rviz2/hook/cmake_prefix_path.sh'
[1.958s] Level 1:colcon.colcon_core.environment:checking '/home/awadh/zed_ws/install/zed_display_rviz2/bin'
[1.958s] Level 1:colcon.colcon_core.environment:checking '/home/awadh/zed_ws/install/zed_display_rviz2/lib/pkgconfig/zed_display_rviz2.pc'
[1.958s] Level 1:colcon.colcon_core.environment:checking '/home/awadh/zed_ws/install/zed_display_rviz2/lib/python3.10/site-packages'
[1.958s] Level 1:colcon.colcon_core.environment:checking '/home/awadh/zed_ws/install/zed_display_rviz2/bin'
[1.959s] INFO:colcon.colcon_core.shell:Creating package script '/home/awadh/zed_ws/install/zed_display_rviz2/share/zed_display_rviz2/package.ps1'
[1.959s] INFO:colcon.colcon_core.shell:Creating package descriptor '/home/awadh/zed_ws/install/zed_display_rviz2/share/zed_display_rviz2/package.dsv'
[1.959s] INFO:colcon.colcon_core.shell:Creating package script '/home/awadh/zed_ws/install/zed_display_rviz2/share/zed_display_rviz2/package.sh'
[1.959s] INFO:colcon.colcon_core.shell:Creating package script '/home/awadh/zed_ws/install/zed_display_rviz2/share/zed_display_rviz2/package.bash'
[1.959s] INFO:colcon.colcon_core.shell:Creating package script '/home/awadh/zed_ws/install/zed_display_rviz2/share/zed_display_rviz2/package.zsh'
[1.960s] Level 1:colcon.colcon_core.environment:create_file_with_runtime_dependencies(/home/awadh/zed_ws/install/zed_display_rviz2/share/colcon-core/packages/zed_display_rviz2)
[1.961s] Level 1:colcon.colcon_core.environment:create_environment_scripts_only(zed_robot_integration)
[1.961s] Level 1:colcon.colcon_core.environment:checking '/home/awadh/zed_ws/install/zed_robot_integration' for CMake module files
[1.961s] DEBUG:colcon.colcon_core.event_handler.log_command:Invoked command in '/home/awadh/zed_ws/build/zed_robot_integration' returned '0': AMENT_PREFIX_PATH=/home/awadh/zed_ws/install/zed_wrapper:/home/awadh/zed_ws/install/zed_components:/home/awadh/zed_ws/install/zed_interfaces:${AMENT_PREFIX_PATH} CMAKE_PREFIX_PATH=/home/awadh/zed_ws/install/zed_wrapper:/home/awadh/zed_ws/install/zed_components:/home/awadh/zed_ws/install/zed_interfaces:/home/awadh/gazebo_ws/install/yolov8_msgs:/home/awadh/gazebo_ws/install/yolobot_recognition:/home/awadh/gazebo_ws/install/yolobot_gazebo:/home/awadh/gazebo_ws/install/yolobot_description:/home/awadh/gazebo_ws/install/yolobot_control:/home/awadh/gazebo_ws/install/my_robot_bringup:/home/awadh/gazebo_ws/install/my_robot_description:/home/awadh/yolobot/install/yolov8_msgs:/home/awadh/yolobot/install/yolobot_recognition:/home/awadh/yolobot/install/yolobot_gazebo:/home/awadh/yolobot/install/yolobot_description:/home/awadh/yolobot/install/yolobot_control:/home/awadh/test2_ws/install/pcl_object_detection:/home/awadh/zed_ws/install/zed_tutorial_video:/home/awadh/zed_ws/install/zed_tutorial_pos_tracking:/home/awadh/zed_ws/install/zed_tutorial_depth:/home/awadh/zed_ws/install/zed_robot_integration:/home/awadh/zed_ws/install/zed_multi_camera:/home/awadh/zed_ws/install/zed_display_rviz2:/home/awadh/ouster_ws/install/ouster_ros:/home/awadh/ouster_ws/install/ouster_sensor_msgs:/home/awadh/ros2_ws/install/my_robot_bringup:/home/awadh/ros2_ws/install/turtlesim_project_cpp:/home/awadh/ros2_ws/install/my_cpp_pkg:/home/awadh/ros2_ws/install/my_robot_interfaces:/home/awadh/gazebo_ws/install/ultralytics_ros2:/home/awadh/ros2_ws/install/turtlesim_catch_them_all:/home/awadh/ros2_ws/install/my_py_pkg:/opt/ros/humble:/home/awadh/sick_tim_ws/install/sick_tim LD_LIBRARY_PATH=/home/awadh/zed_ws/install/zed_components/lib:/home/awadh/zed_ws/install/zed_interfaces/lib:/home/awadh/gazebo_ws/install/yolov8_msgs/lib:/home/awadh/yolobot/install/yolov8_msgs/lib:/home/awadh/test2_ws/install/pcl_object_detection/lib:/home/awadh/ouster_ws/install/ouster_ros/lib:/home/awadh/ouster_ws/install/ouster_sensor_msgs/lib:/home/awadh/ros2_ws/install/my_robot_interfaces/lib:/home/awadh/sick_tim_ws/install/sick_tim/lib:/usr/lib/x86_64-linux-gnu/gazebo-11/plugins:/opt/ros/humble/opt/rviz_ogre_vendor/lib:/opt/ros/humble/lib/x86_64-linux-gnu:/opt/ros/humble/lib:/usr/share/gazebo/../../lib/x86_64-linux-gnu/gazebo-11/plugins PYTHONPATH=/home/awadh/zed_ws/install/zed_interfaces/local/lib/python3.10/dist-packages:${PYTHONPATH} /usr/bin/cmake --install /home/awadh/zed_ws/build/zed_robot_integration
[1.961s] Level 1:colcon.colcon_core.environment:checking '/home/awadh/zed_ws/install/zed_robot_integration' for CMake config files
[1.961s] Level 1:colcon.colcon_core.shell:create_environment_hook('zed_robot_integration', 'cmake_prefix_path')
[1.962s] INFO:colcon.colcon_core.shell:Creating environment hook '/home/awadh/zed_ws/install/zed_robot_integration/share/zed_robot_integration/hook/cmake_prefix_path.ps1'
[1.962s] INFO:colcon.colcon_core.shell:Creating environment descriptor '/home/awadh/zed_ws/install/zed_robot_integration/share/zed_robot_integration/hook/cmake_prefix_path.dsv'
[1.962s] INFO:colcon.colcon_core.shell:Creating environment hook '/home/awadh/zed_ws/install/zed_robot_integration/share/zed_robot_integration/hook/cmake_prefix_path.sh'
[1.962s] Level 1:colcon.colcon_core.environment:checking '/home/awadh/zed_ws/install/zed_robot_integration/bin'
[1.962s] Level 1:colcon.colcon_core.environment:checking '/home/awadh/zed_ws/install/zed_robot_integration/lib/pkgconfig/zed_robot_integration.pc'
[1.962s] Level 1:colcon.colcon_core.environment:checking '/home/awadh/zed_ws/install/zed_robot_integration/lib/python3.10/site-packages'
[1.963s] Level 1:colcon.colcon_core.environment:checking '/home/awadh/zed_ws/install/zed_robot_integration/bin'
[1.963s] INFO:colcon.colcon_core.shell:Creating package script '/home/awadh/zed_ws/install/zed_robot_integration/share/zed_robot_integration/package.ps1'
[1.963s] INFO:colcon.colcon_core.shell:Creating package descriptor '/home/awadh/zed_ws/install/zed_robot_integration/share/zed_robot_integration/package.dsv'
[1.963s] INFO:colcon.colcon_core.shell:Creating package script '/home/awadh/zed_ws/install/zed_robot_integration/share/zed_robot_integration/package.sh'
[1.963s] INFO:colcon.colcon_core.shell:Creating package script '/home/awadh/zed_ws/install/zed_robot_integration/share/zed_robot_integration/package.bash'
[1.963s] INFO:colcon.colcon_core.shell:Creating package script '/home/awadh/zed_ws/install/zed_robot_integration/share/zed_robot_integration/package.zsh'
[1.964s] Level 1:colcon.colcon_core.environment:create_file_with_runtime_dependencies(/home/awadh/zed_ws/install/zed_robot_integration/share/colcon-core/packages/zed_robot_integration)
[1.964s] Level 1:colcon.colcon_core.environment:create_environment_scripts_only(zed_depth_to_laserscan)
[1.964s] Level 1:colcon.colcon_core.environment:checking '/home/awadh/zed_ws/install/zed_depth_to_laserscan' for CMake module files
[1.965s] DEBUG:colcon.colcon_core.event_handler.log_command:Invoked command in '/home/awadh/zed_ws/build/zed_depth_to_laserscan' returned '0': AMENT_PREFIX_PATH=/home/awadh/zed_ws/install/zed_wrapper:/home/awadh/zed_ws/install/zed_components:/home/awadh/zed_ws/install/zed_interfaces:${AMENT_PREFIX_PATH} CMAKE_PREFIX_PATH=/home/awadh/zed_ws/install/zed_wrapper:/home/awadh/zed_ws/install/zed_components:/home/awadh/zed_ws/install/zed_interfaces:/home/awadh/gazebo_ws/install/yolov8_msgs:/home/awadh/gazebo_ws/install/yolobot_recognition:/home/awadh/gazebo_ws/install/yolobot_gazebo:/home/awadh/gazebo_ws/install/yolobot_description:/home/awadh/gazebo_ws/install/yolobot_control:/home/awadh/gazebo_ws/install/my_robot_bringup:/home/awadh/gazebo_ws/install/my_robot_description:/home/awadh/yolobot/install/yolov8_msgs:/home/awadh/yolobot/install/yolobot_recognition:/home/awadh/yolobot/install/yolobot_gazebo:/home/awadh/yolobot/install/yolobot_description:/home/awadh/yolobot/install/yolobot_control:/home/awadh/test2_ws/install/pcl_object_detection:/home/awadh/zed_ws/install/zed_tutorial_video:/home/awadh/zed_ws/install/zed_tutorial_pos_tracking:/home/awadh/zed_ws/install/zed_tutorial_depth:/home/awadh/zed_ws/install/zed_robot_integration:/home/awadh/zed_ws/install/zed_multi_camera:/home/awadh/zed_ws/install/zed_display_rviz2:/home/awadh/ouster_ws/install/ouster_ros:/home/awadh/ouster_ws/install/ouster_sensor_msgs:/home/awadh/ros2_ws/install/my_robot_bringup:/home/awadh/ros2_ws/install/turtlesim_project_cpp:/home/awadh/ros2_ws/install/my_cpp_pkg:/home/awadh/ros2_ws/install/my_robot_interfaces:/home/awadh/gazebo_ws/install/ultralytics_ros2:/home/awadh/ros2_ws/install/turtlesim_catch_them_all:/home/awadh/ros2_ws/install/my_py_pkg:/opt/ros/humble:/home/awadh/sick_tim_ws/install/sick_tim LD_LIBRARY_PATH=/home/awadh/zed_ws/install/zed_components/lib:/home/awadh/zed_ws/install/zed_interfaces/lib:/home/awadh/gazebo_ws/install/yolov8_msgs/lib:/home/awadh/yolobot/install/yolov8_msgs/lib:/home/awadh/test2_ws/install/pcl_object_detection/lib:/home/awadh/ouster_ws/install/ouster_ros/lib:/home/awadh/ouster_ws/install/ouster_sensor_msgs/lib:/home/awadh/ros2_ws/install/my_robot_interfaces/lib:/home/awadh/sick_tim_ws/install/sick_tim/lib:/usr/lib/x86_64-linux-gnu/gazebo-11/plugins:/opt/ros/humble/opt/rviz_ogre_vendor/lib:/opt/ros/humble/lib/x86_64-linux-gnu:/opt/ros/humble/lib:/usr/share/gazebo/../../lib/x86_64-linux-gnu/gazebo-11/plugins PYTHONPATH=/home/awadh/zed_ws/install/zed_interfaces/local/lib/python3.10/dist-packages:${PYTHONPATH} /usr/bin/cmake --install /home/awadh/zed_ws/build/zed_depth_to_laserscan
[1.965s] Level 1:colcon.colcon_core.environment:checking '/home/awadh/zed_ws/install/zed_depth_to_laserscan' for CMake config files
[1.965s] Level 1:colcon.colcon_core.shell:create_environment_hook('zed_depth_to_laserscan', 'cmake_prefix_path')
[1.965s] INFO:colcon.colcon_core.shell:Creating environment hook '/home/awadh/zed_ws/install/zed_depth_to_laserscan/share/zed_depth_to_laserscan/hook/cmake_prefix_path.ps1'
[1.965s] INFO:colcon.colcon_core.shell:Creating environment descriptor '/home/awadh/zed_ws/install/zed_depth_to_laserscan/share/zed_depth_to_laserscan/hook/cmake_prefix_path.dsv'
[1.965s] INFO:colcon.colcon_core.shell:Creating environment hook '/home/awadh/zed_ws/install/zed_depth_to_laserscan/share/zed_depth_to_laserscan/hook/cmake_prefix_path.sh'
[1.966s] Level 1:colcon.colcon_core.environment:checking '/home/awadh/zed_ws/install/zed_depth_to_laserscan/bin'
[1.966s] Level 1:colcon.colcon_core.environment:checking '/home/awadh/zed_ws/install/zed_depth_to_laserscan/lib/pkgconfig/zed_depth_to_laserscan.pc'
[1.966s] Level 1:colcon.colcon_core.environment:checking '/home/awadh/zed_ws/install/zed_depth_to_laserscan/lib/python3.10/site-packages'
[1.966s] Level 1:colcon.colcon_core.environment:checking '/home/awadh/zed_ws/install/zed_depth_to_laserscan/bin'
[1.966s] INFO:colcon.colcon_core.shell:Creating package script '/home/awadh/zed_ws/install/zed_depth_to_laserscan/share/zed_depth_to_laserscan/package.ps1'
[1.966s] INFO:colcon.colcon_core.shell:Creating package descriptor '/home/awadh/zed_ws/install/zed_depth_to_laserscan/share/zed_depth_to_laserscan/package.dsv'
[1.967s] INFO:colcon.colcon_core.shell:Creating package script '/home/awadh/zed_ws/install/zed_depth_to_laserscan/share/zed_depth_to_laserscan/package.sh'
[1.967s] INFO:colcon.colcon_core.shell:Creating package script '/home/awadh/zed_ws/install/zed_depth_to_laserscan/share/zed_depth_to_laserscan/package.bash'
[1.967s] INFO:colcon.colcon_core.shell:Creating package script '/home/awadh/zed_ws/install/zed_depth_to_laserscan/share/zed_depth_to_laserscan/package.zsh'
[1.967s] Level 1:colcon.colcon_core.environment:create_file_with_runtime_dependencies(/home/awadh/zed_ws/install/zed_depth_to_laserscan/share/colcon-core/packages/zed_depth_to_laserscan)
[1.968s] Level 1:colcon.colcon_core.environment:create_environment_scripts_only(zed_ros2)
[1.968s] Level 1:colcon.colcon_core.environment:checking '/home/awadh/zed_ws/install/zed_ros2' for CMake module files
[1.968s] DEBUG:colcon.colcon_core.event_handler.log_command:Invoked command in '/home/awadh/zed_ws/build/zed_ros2' returned '0': AMENT_PREFIX_PATH=/home/awadh/zed_ws/install/zed_wrapper:/home/awadh/zed_ws/install/zed_components:/home/awadh/zed_ws/install/zed_interfaces:${AMENT_PREFIX_PATH} CMAKE_PREFIX_PATH=/home/awadh/zed_ws/install/zed_wrapper:/home/awadh/zed_ws/install/zed_components:/home/awadh/zed_ws/install/zed_interfaces:/home/awadh/gazebo_ws/install/yolov8_msgs:/home/awadh/gazebo_ws/install/yolobot_recognition:/home/awadh/gazebo_ws/install/yolobot_gazebo:/home/awadh/gazebo_ws/install/yolobot_description:/home/awadh/gazebo_ws/install/yolobot_control:/home/awadh/gazebo_ws/install/my_robot_bringup:/home/awadh/gazebo_ws/install/my_robot_description:/home/awadh/yolobot/install/yolov8_msgs:/home/awadh/yolobot/install/yolobot_recognition:/home/awadh/yolobot/install/yolobot_gazebo:/home/awadh/yolobot/install/yolobot_description:/home/awadh/yolobot/install/yolobot_control:/home/awadh/test2_ws/install/pcl_object_detection:/home/awadh/zed_ws/install/zed_tutorial_video:/home/awadh/zed_ws/install/zed_tutorial_pos_tracking:/home/awadh/zed_ws/install/zed_tutorial_depth:/home/awadh/zed_ws/install/zed_robot_integration:/home/awadh/zed_ws/install/zed_multi_camera:/home/awadh/zed_ws/install/zed_display_rviz2:/home/awadh/ouster_ws/install/ouster_ros:/home/awadh/ouster_ws/install/ouster_sensor_msgs:/home/awadh/ros2_ws/install/my_robot_bringup:/home/awadh/ros2_ws/install/turtlesim_project_cpp:/home/awadh/ros2_ws/install/my_cpp_pkg:/home/awadh/ros2_ws/install/my_robot_interfaces:/home/awadh/gazebo_ws/install/ultralytics_ros2:/home/awadh/ros2_ws/install/turtlesim_catch_them_all:/home/awadh/ros2_ws/install/my_py_pkg:/opt/ros/humble:/home/awadh/sick_tim_ws/install/sick_tim LD_LIBRARY_PATH=/home/awadh/zed_ws/install/zed_components/lib:/home/awadh/zed_ws/install/zed_interfaces/lib:/home/awadh/gazebo_ws/install/yolov8_msgs/lib:/home/awadh/yolobot/install/yolov8_msgs/lib:/home/awadh/test2_ws/install/pcl_object_detection/lib:/home/awadh/ouster_ws/install/ouster_ros/lib:/home/awadh/ouster_ws/install/ouster_sensor_msgs/lib:/home/awadh/ros2_ws/install/my_robot_interfaces/lib:/home/awadh/sick_tim_ws/install/sick_tim/lib:/usr/lib/x86_64-linux-gnu/gazebo-11/plugins:/opt/ros/humble/opt/rviz_ogre_vendor/lib:/opt/ros/humble/lib/x86_64-linux-gnu:/opt/ros/humble/lib:/usr/share/gazebo/../../lib/x86_64-linux-gnu/gazebo-11/plugins PYTHONPATH=/home/awadh/zed_ws/install/zed_interfaces/local/lib/python3.10/dist-packages:${PYTHONPATH} /usr/bin/cmake --install /home/awadh/zed_ws/build/zed_ros2
[1.969s] Level 1:colcon.colcon_core.environment:checking '/home/awadh/zed_ws/install/zed_ros2' for CMake config files
[1.969s] Level 1:colcon.colcon_core.shell:create_environment_hook('zed_ros2', 'cmake_prefix_path')
[1.969s] INFO:colcon.colcon_core.shell:Creating environment hook '/home/awadh/zed_ws/install/zed_ros2/share/zed_ros2/hook/cmake_prefix_path.ps1'
[1.969s] INFO:colcon.colcon_core.shell:Creating environment descriptor '/home/awadh/zed_ws/install/zed_ros2/share/zed_ros2/hook/cmake_prefix_path.dsv'
[1.969s] INFO:colcon.colcon_core.shell:Creating environment hook '/home/awadh/zed_ws/install/zed_ros2/share/zed_ros2/hook/cmake_prefix_path.sh'
[1.969s] Level 1:colcon.colcon_core.environment:checking '/home/awadh/zed_ws/install/zed_ros2/bin'
[1.969s] Level 1:colcon.colcon_core.environment:checking '/home/awadh/zed_ws/install/zed_ros2/lib/pkgconfig/zed_ros2.pc'
[1.970s] Level 1:colcon.colcon_core.environment:checking '/home/awadh/zed_ws/install/zed_ros2/lib/python3.10/site-packages'
[1.970s] Level 1:colcon.colcon_core.environment:checking '/home/awadh/zed_ws/install/zed_ros2/bin'
[1.970s] INFO:colcon.colcon_core.shell:Creating package script '/home/awadh/zed_ws/install/zed_ros2/share/zed_ros2/package.ps1'
[1.970s] INFO:colcon.colcon_core.shell:Creating package descriptor '/home/awadh/zed_ws/install/zed_ros2/share/zed_ros2/package.dsv'
[1.970s] INFO:colcon.colcon_core.shell:Creating package script '/home/awadh/zed_ws/install/zed_ros2/share/zed_ros2/package.sh'
[1.970s] INFO:colcon.colcon_core.shell:Creating package script '/home/awadh/zed_ws/install/zed_ros2/share/zed_ros2/package.bash'
[1.971s] INFO:colcon.colcon_core.shell:Creating package script '/home/awadh/zed_ws/install/zed_ros2/share/zed_ros2/package.zsh'
[1.971s] Level 1:colcon.colcon_core.environment:create_file_with_runtime_dependencies(/home/awadh/zed_ws/install/zed_ros2/share/colcon-core/packages/zed_ros2)
[1.974s] Level 1:colcon.colcon_core.environment:create_environment_scripts_only(zed_multi_camera)
[1.975s] Level 1:colcon.colcon_core.environment:checking '/home/awadh/zed_ws/install/zed_multi_camera' for CMake module files
[1.975s] Level 1:colcon.colcon_core.environment:checking '/home/awadh/zed_ws/install/zed_multi_camera' for CMake config files
[1.975s] Level 1:colcon.colcon_core.shell:create_environment_hook('zed_multi_camera', 'cmake_prefix_path')
[1.975s] INFO:colcon.colcon_core.shell:Creating environment hook '/home/awadh/zed_ws/install/zed_multi_camera/share/zed_multi_camera/hook/cmake_prefix_path.ps1'
[1.976s] INFO:colcon.colcon_core.shell:Creating environment descriptor '/home/awadh/zed_ws/install/zed_multi_camera/share/zed_multi_camera/hook/cmake_prefix_path.dsv'
[1.976s] INFO:colcon.colcon_core.shell:Creating environment hook '/home/awadh/zed_ws/install/zed_multi_camera/share/zed_multi_camera/hook/cmake_prefix_path.sh'
[1.976s] Level 1:colcon.colcon_core.environment:checking '/home/awadh/zed_ws/install/zed_multi_camera/bin'
[1.976s] Level 1:colcon.colcon_core.environment:checking '/home/awadh/zed_ws/install/zed_multi_camera/lib/pkgconfig/zed_multi_camera.pc'
[1.976s] Level 1:colcon.colcon_core.environment:checking '/home/awadh/zed_ws/install/zed_multi_camera/lib/python3.10/site-packages'
[1.976s] Level 1:colcon.colcon_core.environment:checking '/home/awadh/zed_ws/install/zed_multi_camera/bin'
[1.977s] INFO:colcon.colcon_core.shell:Creating package script '/home/awadh/zed_ws/install/zed_multi_camera/share/zed_multi_camera/package.ps1'
[1.977s] INFO:colcon.colcon_core.shell:Creating package descriptor '/home/awadh/zed_ws/install/zed_multi_camera/share/zed_multi_camera/package.dsv'
[1.977s] INFO:colcon.colcon_core.shell:Creating package script '/home/awadh/zed_ws/install/zed_multi_camera/share/zed_multi_camera/package.sh'
[1.977s] INFO:colcon.colcon_core.shell:Creating package script '/home/awadh/zed_ws/install/zed_multi_camera/share/zed_multi_camera/package.bash'
[1.978s] INFO:colcon.colcon_core.shell:Creating package script '/home/awadh/zed_ws/install/zed_multi_camera/share/zed_multi_camera/package.zsh'
[1.978s] Level 1:colcon.colcon_core.environment:create_file_with_runtime_dependencies(/home/awadh/zed_ws/install/zed_multi_camera/share/colcon-core/packages/zed_multi_camera)
[1.979s] Level 1:colcon.colcon_core.environment:create_environment_scripts_only(zed_display_rviz2)
[1.979s] Level 1:colcon.colcon_core.environment:checking '/home/awadh/zed_ws/install/zed_display_rviz2' for CMake module files
[1.979s] Level 1:colcon.colcon_core.environment:checking '/home/awadh/zed_ws/install/zed_display_rviz2' for CMake config files
[1.979s] Level 1:colcon.colcon_core.shell:create_environment_hook('zed_display_rviz2', 'cmake_prefix_path')
[1.980s] INFO:colcon.colcon_core.shell:Creating environment hook '/home/awadh/zed_ws/install/zed_display_rviz2/share/zed_display_rviz2/hook/cmake_prefix_path.ps1'
[1.980s] INFO:colcon.colcon_core.shell:Creating environment descriptor '/home/awadh/zed_ws/install/zed_display_rviz2/share/zed_display_rviz2/hook/cmake_prefix_path.dsv'
[1.980s] INFO:colcon.colcon_core.shell:Creating environment hook '/home/awadh/zed_ws/install/zed_display_rviz2/share/zed_display_rviz2/hook/cmake_prefix_path.sh'
[1.980s] Level 1:colcon.colcon_core.environment:checking '/home/awadh/zed_ws/install/zed_display_rviz2/bin'
[1.980s] Level 1:colcon.colcon_core.environment:checking '/home/awadh/zed_ws/install/zed_display_rviz2/lib/pkgconfig/zed_display_rviz2.pc'
[1.980s] Level 1:colcon.colcon_core.environment:checking '/home/awadh/zed_ws/install/zed_display_rviz2/lib/python3.10/site-packages'
[1.980s] Level 1:colcon.colcon_core.environment:checking '/home/awadh/zed_ws/install/zed_display_rviz2/bin'
[1.981s] INFO:colcon.colcon_core.shell:Creating package script '/home/awadh/zed_ws/install/zed_display_rviz2/share/zed_display_rviz2/package.ps1'
[1.981s] INFO:colcon.colcon_core.shell:Creating package descriptor '/home/awadh/zed_ws/install/zed_display_rviz2/share/zed_display_rviz2/package.dsv'
[1.981s] INFO:colcon.colcon_core.shell:Creating package script '/home/awadh/zed_ws/install/zed_display_rviz2/share/zed_display_rviz2/package.sh'
[1.981s] INFO:colcon.colcon_core.shell:Creating package script '/home/awadh/zed_ws/install/zed_display_rviz2/share/zed_display_rviz2/package.bash'
[1.982s] INFO:colcon.colcon_core.shell:Creating package script '/home/awadh/zed_ws/install/zed_display_rviz2/share/zed_display_rviz2/package.zsh'
[1.982s] Level 1:colcon.colcon_core.environment:create_file_with_runtime_dependencies(/home/awadh/zed_ws/install/zed_display_rviz2/share/colcon-core/packages/zed_display_rviz2)
[1.982s] Level 1:colcon.colcon_core.environment:create_environment_scripts_only(zed_robot_integration)
[1.983s] Level 1:colcon.colcon_core.environment:checking '/home/awadh/zed_ws/install/zed_robot_integration' for CMake module files
[1.983s] Level 1:colcon.colcon_core.environment:checking '/home/awadh/zed_ws/install/zed_robot_integration' for CMake config files
[1.983s] Level 1:colcon.colcon_core.shell:create_environment_hook('zed_robot_integration', 'cmake_prefix_path')
[1.983s] INFO:colcon.colcon_core.shell:Creating environment hook '/home/awadh/zed_ws/install/zed_robot_integration/share/zed_robot_integration/hook/cmake_prefix_path.ps1'
[1.983s] INFO:colcon.colcon_core.shell:Creating environment descriptor '/home/awadh/zed_ws/install/zed_robot_integration/share/zed_robot_integration/hook/cmake_prefix_path.dsv'
[1.984s] INFO:colcon.colcon_core.shell:Creating environment hook '/home/awadh/zed_ws/install/zed_robot_integration/share/zed_robot_integration/hook/cmake_prefix_path.sh'
[1.984s] Level 1:colcon.colcon_core.environment:checking '/home/awadh/zed_ws/install/zed_robot_integration/bin'
[1.984s] Level 1:colcon.colcon_core.environment:checking '/home/awadh/zed_ws/install/zed_robot_integration/lib/pkgconfig/zed_robot_integration.pc'
[1.984s] Level 1:colcon.colcon_core.environment:checking '/home/awadh/zed_ws/install/zed_robot_integration/lib/python3.10/site-packages'
[1.984s] Level 1:colcon.colcon_core.environment:checking '/home/awadh/zed_ws/install/zed_robot_integration/bin'
[1.984s] INFO:colcon.colcon_core.shell:Creating package script '/home/awadh/zed_ws/install/zed_robot_integration/share/zed_robot_integration/package.ps1'
[1.985s] INFO:colcon.colcon_core.shell:Creating package descriptor '/home/awadh/zed_ws/install/zed_robot_integration/share/zed_robot_integration/package.dsv'
[1.985s] INFO:colcon.colcon_core.shell:Creating package script '/home/awadh/zed_ws/install/zed_robot_integration/share/zed_robot_integration/package.sh'
[1.985s] INFO:colcon.colcon_core.shell:Creating package script '/home/awadh/zed_ws/install/zed_robot_integration/share/zed_robot_integration/package.bash'
[1.985s] INFO:colcon.colcon_core.shell:Creating package script '/home/awadh/zed_ws/install/zed_robot_integration/share/zed_robot_integration/package.zsh'
[1.986s] Level 1:colcon.colcon_core.environment:create_file_with_runtime_dependencies(/home/awadh/zed_ws/install/zed_robot_integration/share/colcon-core/packages/zed_robot_integration)
[1.986s] Level 1:colcon.colcon_core.environment:create_environment_scripts_only(zed_depth_to_laserscan)
[1.986s] Level 1:colcon.colcon_core.environment:checking '/home/awadh/zed_ws/install/zed_depth_to_laserscan' for CMake module files
[1.987s] Level 1:colcon.colcon_core.environment:checking '/home/awadh/zed_ws/install/zed_depth_to_laserscan' for CMake config files
[1.987s] Level 1:colcon.colcon_core.shell:create_environment_hook('zed_depth_to_laserscan', 'cmake_prefix_path')
[1.987s] INFO:colcon.colcon_core.shell:Creating environment hook '/home/awadh/zed_ws/install/zed_depth_to_laserscan/share/zed_depth_to_laserscan/hook/cmake_prefix_path.ps1'
[1.987s] INFO:colcon.colcon_core.shell:Creating environment descriptor '/home/awadh/zed_ws/install/zed_depth_to_laserscan/share/zed_depth_to_laserscan/hook/cmake_prefix_path.dsv'
[1.987s] INFO:colcon.colcon_core.shell:Creating environment hook '/home/awadh/zed_ws/install/zed_depth_to_laserscan/share/zed_depth_to_laserscan/hook/cmake_prefix_path.sh'
[1.988s] Level 1:colcon.colcon_core.environment:checking '/home/awadh/zed_ws/install/zed_depth_to_laserscan/bin'
[1.988s] Level 1:colcon.colcon_core.environment:checking '/home/awadh/zed_ws/install/zed_depth_to_laserscan/lib/pkgconfig/zed_depth_to_laserscan.pc'
[1.988s] Level 1:colcon.colcon_core.environment:checking '/home/awadh/zed_ws/install/zed_depth_to_laserscan/lib/python3.10/site-packages'
[1.988s] Level 1:colcon.colcon_core.environment:checking '/home/awadh/zed_ws/install/zed_depth_to_laserscan/bin'
[1.988s] INFO:colcon.colcon_core.shell:Creating package script '/home/awadh/zed_ws/install/zed_depth_to_laserscan/share/zed_depth_to_laserscan/package.ps1'
[1.988s] INFO:colcon.colcon_core.shell:Creating package descriptor '/home/awadh/zed_ws/install/zed_depth_to_laserscan/share/zed_depth_to_laserscan/package.dsv'
[1.989s] INFO:colcon.colcon_core.shell:Creating package script '/home/awadh/zed_ws/install/zed_depth_to_laserscan/share/zed_depth_to_laserscan/package.sh'
[1.989s] INFO:colcon.colcon_core.shell:Creating package script '/home/awadh/zed_ws/install/zed_depth_to_laserscan/share/zed_depth_to_laserscan/package.bash'
[1.989s] INFO:colcon.colcon_core.shell:Creating package script '/home/awadh/zed_ws/install/zed_depth_to_laserscan/share/zed_depth_to_laserscan/package.zsh'
[1.989s] Level 1:colcon.colcon_core.environment:create_file_with_runtime_dependencies(/home/awadh/zed_ws/install/zed_depth_to_laserscan/share/colcon-core/packages/zed_depth_to_laserscan)
[1.990s] Level 1:colcon.colcon_core.environment:create_environment_scripts_only(zed_ros2)
[1.990s] Level 1:colcon.colcon_core.environment:checking '/home/awadh/zed_ws/install/zed_ros2' for CMake module files
[1.990s] Level 1:colcon.colcon_core.environment:checking '/home/awadh/zed_ws/install/zed_ros2' for CMake config files
[1.990s] Level 1:colcon.colcon_core.shell:create_environment_hook('zed_ros2', 'cmake_prefix_path')
[1.991s] INFO:colcon.colcon_core.shell:Creating environment hook '/home/awadh/zed_ws/install/zed_ros2/share/zed_ros2/hook/cmake_prefix_path.ps1'
[1.991s] INFO:colcon.colcon_core.shell:Creating environment descriptor '/home/awadh/zed_ws/install/zed_ros2/share/zed_ros2/hook/cmake_prefix_path.dsv'
[1.991s] INFO:colcon.colcon_core.shell:Creating environment hook '/home/awadh/zed_ws/install/zed_ros2/share/zed_ros2/hook/cmake_prefix_path.sh'
[1.991s] Level 1:colcon.colcon_core.environment:checking '/home/awadh/zed_ws/install/zed_ros2/bin'
[1.991s] Level 1:colcon.colcon_core.environment:checking '/home/awadh/zed_ws/install/zed_ros2/lib/pkgconfig/zed_ros2.pc'
[1.991s] Level 1:colcon.colcon_core.environment:checking '/home/awadh/zed_ws/install/zed_ros2/lib/python3.10/site-packages'
[1.992s] Level 1:colcon.colcon_core.environment:checking '/home/awadh/zed_ws/install/zed_ros2/bin'
[1.992s] INFO:colcon.colcon_core.shell:Creating package script '/home/awadh/zed_ws/install/zed_ros2/share/zed_ros2/package.ps1'
[1.992s] INFO:colcon.colcon_core.shell:Creating package descriptor '/home/awadh/zed_ws/install/zed_ros2/share/zed_ros2/package.dsv'
[1.992s] INFO:colcon.colcon_core.shell:Creating package script '/home/awadh/zed_ws/install/zed_ros2/share/zed_ros2/package.sh'
[1.992s] INFO:colcon.colcon_core.shell:Creating package script '/home/awadh/zed_ws/install/zed_ros2/share/zed_ros2/package.bash'
[1.993s] INFO:colcon.colcon_core.shell:Creating package script '/home/awadh/zed_ws/install/zed_ros2/share/zed_ros2/package.zsh'
[1.993s] Level 1:colcon.colcon_core.environment:create_file_with_runtime_dependencies(/home/awadh/zed_ws/install/zed_ros2/share/colcon-core/packages/zed_ros2)
[1.993s] DEBUG:colcon.colcon_parallel_executor.executor.parallel:closing loop
[1.993s] DEBUG:colcon.colcon_parallel_executor.executor.parallel:loop closed
[1.993s] DEBUG:colcon.colcon_parallel_executor.executor.parallel:run_until_complete finished with '0'
[1.993s] DEBUG:colcon.colcon_core.event_reactor:joining thread
[1.998s] INFO:colcon.colcon_core.plugin_system:Skipping extension 'colcon_notification.desktop_notification.terminal_notifier': Not used on non-Darwin systems
[1.998s] INFO:colcon.colcon_core.plugin_system:Skipping extension 'colcon_notification.desktop_notification.win32': Not used on non-Windows systems
[1.998s] INFO:colcon.colcon_notification.desktop_notification:Sending desktop notification using 'notify2'
[2.005s] DEBUG:colcon.colcon_core.event_reactor:joined thread
[2.005s] INFO:colcon.colcon_core.shell:Creating prefix script '/home/awadh/zed_ws/install/local_setup.ps1'
[2.006s] INFO:colcon.colcon_core.shell:Creating prefix util module '/home/awadh/zed_ws/install/_local_setup_util_ps1.py'
[2.007s] INFO:colcon.colcon_core.shell:Creating prefix chain script '/home/awadh/zed_ws/install/setup.ps1'
[2.008s] INFO:colcon.colcon_core.shell:Creating prefix script '/home/awadh/zed_ws/install/local_setup.sh'
[2.008s] INFO:colcon.colcon_core.shell:Creating prefix util module '/home/awadh/zed_ws/install/_local_setup_util_sh.py'
[2.008s] INFO:colcon.colcon_core.shell:Creating prefix chain script '/home/awadh/zed_ws/install/setup.sh'
[2.010s] INFO:colcon.colcon_core.shell:Creating prefix script '/home/awadh/zed_ws/install/local_setup.bash'
[2.010s] INFO:colcon.colcon_core.shell:Creating prefix chain script '/home/awadh/zed_ws/install/setup.bash'
[2.011s] INFO:colcon.colcon_core.shell:Creating prefix script '/home/awadh/zed_ws/install/local_setup.zsh'
[2.011s] INFO:colcon.colcon_core.shell:Creating prefix chain script '/home/awadh/zed_ws/install/setup.zsh'
