[0.147s] DEBUG:colcon:Command line arguments: ['/usr/bin/colcon', 'build']
[0.147s] DEBUG:colcon:Parsed command line arguments: Namespace(log_base=None, log_level=None, verb_name='build', build_base='build', install_base='install', merge_install=False, symlink_install=False, test_result_base=None, continue_on_error=False, executor='parallel', parallel_workers=16, event_handlers=None, ignore_user_meta=False, metas=['./colcon.meta'], base_paths=['.'], packages_ignore=None, packages_ignore_regex=None, paths=None, packages_up_to=None, packages_up_to_regex=None, packages_above=None, packages_above_and_dependencies=None, packages_above_depth=None, packages_select_by_dep=None, packages_skip_by_dep=None, packages_skip_up_to=None, packages_select_build_failed=False, packages_skip_build_finished=False, packages_select_test_failures=False, packages_skip_test_passed=False, packages_select=None, packages_skip=None, packages_select_regex=None, packages_skip_regex=None, packages_start=None, packages_end=None, allow_overriding=[], cmake_args=None, cmake_target=None, cmake_target_skip_unavailable=False, cmake_clean_cache=False, cmake_clean_first=False, cmake_force_configure=False, ament_cmake_args=None, catkin_cmake_args=None, catkin_skip_building_tests=False, verb_parser=<colcon_defaults.argument_parser.defaults.DefaultArgumentsDecorator object at 0x7496baa32f20>, verb_extension=<colcon_core.verb.build.BuildVerb object at 0x7496baba3250>, main=<bound method BuildVerb.main of <colcon_core.verb.build.BuildVerb object at 0x7496baba3250>>)
[0.327s] Level 1:colcon.colcon_core.package_discovery:discover_packages(colcon_meta) check parameters
[0.327s] Level 1:colcon.colcon_core.package_discovery:discover_packages(recursive) check parameters
[0.327s] Level 1:colcon.colcon_core.package_discovery:discover_packages(ignore) check parameters
[0.327s] Level 1:colcon.colcon_core.package_discovery:discover_packages(path) check parameters
[0.327s] Level 1:colcon.colcon_core.package_discovery:discover_packages(colcon_meta) discover
[0.327s] Level 1:colcon.colcon_core.package_discovery:discover_packages(recursive) discover
[0.327s] INFO:colcon.colcon_core.package_discovery:Crawling recursively for packages in '/home/awadh/yolobot'
[0.327s] Level 1:colcon.colcon_core.package_identification:_identify(.) by extensions ['ignore', 'ignore_ament_install']
[0.328s] Level 1:colcon.colcon_core.package_identification:_identify(.) by extension 'ignore'
[0.328s] Level 1:colcon.colcon_core.package_identification:_identify(.) by extension 'ignore_ament_install'
[0.328s] Level 1:colcon.colcon_core.package_identification:_identify(.) by extensions ['colcon_pkg']
[0.328s] Level 1:colcon.colcon_core.package_identification:_identify(.) by extension 'colcon_pkg'
[0.328s] Level 1:colcon.colcon_core.package_identification:_identify(.) by extensions ['colcon_meta']
[0.328s] Level 1:colcon.colcon_core.package_identification:_identify(.) by extension 'colcon_meta'
[0.328s] Level 1:colcon.colcon_core.package_identification:_identify(.) by extensions ['ros']
[0.328s] Level 1:colcon.colcon_core.package_identification:_identify(.) by extension 'ros'
[0.341s] Level 1:colcon.colcon_core.package_identification:_identify(.) by extensions ['cmake', 'python']
[0.341s] Level 1:colcon.colcon_core.package_identification:_identify(.) by extension 'cmake'
[0.341s] Level 1:colcon.colcon_core.package_identification:_identify(.) by extension 'python'
[0.341s] Level 1:colcon.colcon_core.package_identification:_identify(.) by extensions ['python_setup_py']
[0.341s] Level 1:colcon.colcon_core.package_identification:_identify(.) by extension 'python_setup_py'
[0.341s] Level 1:colcon.colcon_core.package_identification:_identify(build) by extensions ['ignore', 'ignore_ament_install']
[0.342s] Level 1:colcon.colcon_core.package_identification:_identify(build) by extension 'ignore'
[0.342s] Level 1:colcon.colcon_core.package_identification:_identify(build) ignored
[0.342s] Level 1:colcon.colcon_core.package_identification:_identify(install) by extensions ['ignore', 'ignore_ament_install']
[0.342s] Level 1:colcon.colcon_core.package_identification:_identify(install) by extension 'ignore'
[0.342s] Level 1:colcon.colcon_core.package_identification:_identify(install) ignored
[0.342s] Level 1:colcon.colcon_core.package_identification:_identify(log) by extensions ['ignore', 'ignore_ament_install']
[0.342s] Level 1:colcon.colcon_core.package_identification:_identify(log) by extension 'ignore'
[0.342s] Level 1:colcon.colcon_core.package_identification:_identify(log) ignored
[0.342s] Level 1:colcon.colcon_core.package_identification:_identify(models) by extensions ['ignore', 'ignore_ament_install']
[0.342s] Level 1:colcon.colcon_core.package_identification:_identify(models) by extension 'ignore'
[0.342s] Level 1:colcon.colcon_core.package_identification:_identify(models) by extension 'ignore_ament_install'
[0.342s] Level 1:colcon.colcon_core.package_identification:_identify(models) by extensions ['colcon_pkg']
[0.342s] Level 1:colcon.colcon_core.package_identification:_identify(models) by extension 'colcon_pkg'
[0.342s] Level 1:colcon.colcon_core.package_identification:_identify(models) by extensions ['colcon_meta']
[0.342s] Level 1:colcon.colcon_core.package_identification:_identify(models) by extension 'colcon_meta'
[0.342s] Level 1:colcon.colcon_core.package_identification:_identify(models) by extensions ['ros']
[0.342s] Level 1:colcon.colcon_core.package_identification:_identify(models) by extension 'ros'
[0.342s] Level 1:colcon.colcon_core.package_identification:_identify(models) by extensions ['cmake', 'python']
[0.342s] Level 1:colcon.colcon_core.package_identification:_identify(models) by extension 'cmake'
[0.342s] Level 1:colcon.colcon_core.package_identification:_identify(models) by extension 'python'
[0.342s] Level 1:colcon.colcon_core.package_identification:_identify(models) by extensions ['python_setup_py']
[0.342s] Level 1:colcon.colcon_core.package_identification:_identify(models) by extension 'python_setup_py'
[0.342s] Level 1:colcon.colcon_core.package_identification:_identify(models/bus) by extensions ['ignore', 'ignore_ament_install']
[0.342s] Level 1:colcon.colcon_core.package_identification:_identify(models/bus) by extension 'ignore'
[0.342s] Level 1:colcon.colcon_core.package_identification:_identify(models/bus) by extension 'ignore_ament_install'
[0.342s] Level 1:colcon.colcon_core.package_identification:_identify(models/bus) by extensions ['colcon_pkg']
[0.342s] Level 1:colcon.colcon_core.package_identification:_identify(models/bus) by extension 'colcon_pkg'
[0.342s] Level 1:colcon.colcon_core.package_identification:_identify(models/bus) by extensions ['colcon_meta']
[0.342s] Level 1:colcon.colcon_core.package_identification:_identify(models/bus) by extension 'colcon_meta'
[0.343s] Level 1:colcon.colcon_core.package_identification:_identify(models/bus) by extensions ['ros']
[0.343s] Level 1:colcon.colcon_core.package_identification:_identify(models/bus) by extension 'ros'
[0.343s] Level 1:colcon.colcon_core.package_identification:_identify(models/bus) by extensions ['cmake', 'python']
[0.343s] Level 1:colcon.colcon_core.package_identification:_identify(models/bus) by extension 'cmake'
[0.343s] Level 1:colcon.colcon_core.package_identification:_identify(models/bus) by extension 'python'
[0.343s] Level 1:colcon.colcon_core.package_identification:_identify(models/bus) by extensions ['python_setup_py']
[0.343s] Level 1:colcon.colcon_core.package_identification:_identify(models/bus) by extension 'python_setup_py'
[0.343s] Level 1:colcon.colcon_core.package_identification:_identify(models/bus/materials) by extensions ['ignore', 'ignore_ament_install']
[0.343s] Level 1:colcon.colcon_core.package_identification:_identify(models/bus/materials) by extension 'ignore'
[0.343s] Level 1:colcon.colcon_core.package_identification:_identify(models/bus/materials) by extension 'ignore_ament_install'
[0.343s] Level 1:colcon.colcon_core.package_identification:_identify(models/bus/materials) by extensions ['colcon_pkg']
[0.343s] Level 1:colcon.colcon_core.package_identification:_identify(models/bus/materials) by extension 'colcon_pkg'
[0.343s] Level 1:colcon.colcon_core.package_identification:_identify(models/bus/materials) by extensions ['colcon_meta']
[0.343s] Level 1:colcon.colcon_core.package_identification:_identify(models/bus/materials) by extension 'colcon_meta'
[0.343s] Level 1:colcon.colcon_core.package_identification:_identify(models/bus/materials) by extensions ['ros']
[0.343s] Level 1:colcon.colcon_core.package_identification:_identify(models/bus/materials) by extension 'ros'
[0.343s] Level 1:colcon.colcon_core.package_identification:_identify(models/bus/materials) by extensions ['cmake', 'python']
[0.343s] Level 1:colcon.colcon_core.package_identification:_identify(models/bus/materials) by extension 'cmake'
[0.343s] Level 1:colcon.colcon_core.package_identification:_identify(models/bus/materials) by extension 'python'
[0.343s] Level 1:colcon.colcon_core.package_identification:_identify(models/bus/materials) by extensions ['python_setup_py']
[0.343s] Level 1:colcon.colcon_core.package_identification:_identify(models/bus/materials) by extension 'python_setup_py'
[0.343s] Level 1:colcon.colcon_core.package_identification:_identify(models/bus/materials/textures) by extensions ['ignore', 'ignore_ament_install']
[0.343s] Level 1:colcon.colcon_core.package_identification:_identify(models/bus/materials/textures) by extension 'ignore'
[0.343s] Level 1:colcon.colcon_core.package_identification:_identify(models/bus/materials/textures) by extension 'ignore_ament_install'
[0.343s] Level 1:colcon.colcon_core.package_identification:_identify(models/bus/materials/textures) by extensions ['colcon_pkg']
[0.343s] Level 1:colcon.colcon_core.package_identification:_identify(models/bus/materials/textures) by extension 'colcon_pkg'
[0.343s] Level 1:colcon.colcon_core.package_identification:_identify(models/bus/materials/textures) by extensions ['colcon_meta']
[0.343s] Level 1:colcon.colcon_core.package_identification:_identify(models/bus/materials/textures) by extension 'colcon_meta'
[0.343s] Level 1:colcon.colcon_core.package_identification:_identify(models/bus/materials/textures) by extensions ['ros']
[0.344s] Level 1:colcon.colcon_core.package_identification:_identify(models/bus/materials/textures) by extension 'ros'
[0.344s] Level 1:colcon.colcon_core.package_identification:_identify(models/bus/materials/textures) by extensions ['cmake', 'python']
[0.344s] Level 1:colcon.colcon_core.package_identification:_identify(models/bus/materials/textures) by extension 'cmake'
[0.344s] Level 1:colcon.colcon_core.package_identification:_identify(models/bus/materials/textures) by extension 'python'
[0.344s] Level 1:colcon.colcon_core.package_identification:_identify(models/bus/materials/textures) by extensions ['python_setup_py']
[0.344s] Level 1:colcon.colcon_core.package_identification:_identify(models/bus/materials/textures) by extension 'python_setup_py'
[0.344s] Level 1:colcon.colcon_core.package_identification:_identify(models/bus/meshes) by extensions ['ignore', 'ignore_ament_install']
[0.344s] Level 1:colcon.colcon_core.package_identification:_identify(models/bus/meshes) by extension 'ignore'
[0.344s] Level 1:colcon.colcon_core.package_identification:_identify(models/bus/meshes) by extension 'ignore_ament_install'
[0.344s] Level 1:colcon.colcon_core.package_identification:_identify(models/bus/meshes) by extensions ['colcon_pkg']
[0.344s] Level 1:colcon.colcon_core.package_identification:_identify(models/bus/meshes) by extension 'colcon_pkg'
[0.344s] Level 1:colcon.colcon_core.package_identification:_identify(models/bus/meshes) by extensions ['colcon_meta']
[0.344s] Level 1:colcon.colcon_core.package_identification:_identify(models/bus/meshes) by extension 'colcon_meta'
[0.344s] Level 1:colcon.colcon_core.package_identification:_identify(models/bus/meshes) by extensions ['ros']
[0.344s] Level 1:colcon.colcon_core.package_identification:_identify(models/bus/meshes) by extension 'ros'
[0.344s] Level 1:colcon.colcon_core.package_identification:_identify(models/bus/meshes) by extensions ['cmake', 'python']
[0.344s] Level 1:colcon.colcon_core.package_identification:_identify(models/bus/meshes) by extension 'cmake'
[0.344s] Level 1:colcon.colcon_core.package_identification:_identify(models/bus/meshes) by extension 'python'
[0.344s] Level 1:colcon.colcon_core.package_identification:_identify(models/bus/meshes) by extensions ['python_setup_py']
[0.344s] Level 1:colcon.colcon_core.package_identification:_identify(models/bus/meshes) by extension 'python_setup_py'
[0.344s] Level 1:colcon.colcon_core.package_identification:_identify(models/person_standing) by extensions ['ignore', 'ignore_ament_install']
[0.344s] Level 1:colcon.colcon_core.package_identification:_identify(models/person_standing) by extension 'ignore'
[0.344s] Level 1:colcon.colcon_core.package_identification:_identify(models/person_standing) by extension 'ignore_ament_install'
[0.344s] Level 1:colcon.colcon_core.package_identification:_identify(models/person_standing) by extensions ['colcon_pkg']
[0.344s] Level 1:colcon.colcon_core.package_identification:_identify(models/person_standing) by extension 'colcon_pkg'
[0.344s] Level 1:colcon.colcon_core.package_identification:_identify(models/person_standing) by extensions ['colcon_meta']
[0.344s] Level 1:colcon.colcon_core.package_identification:_identify(models/person_standing) by extension 'colcon_meta'
[0.344s] Level 1:colcon.colcon_core.package_identification:_identify(models/person_standing) by extensions ['ros']
[0.344s] Level 1:colcon.colcon_core.package_identification:_identify(models/person_standing) by extension 'ros'
[0.344s] Level 1:colcon.colcon_core.package_identification:_identify(models/person_standing) by extensions ['cmake', 'python']
[0.344s] Level 1:colcon.colcon_core.package_identification:_identify(models/person_standing) by extension 'cmake'
[0.345s] Level 1:colcon.colcon_core.package_identification:_identify(models/person_standing) by extension 'python'
[0.345s] Level 1:colcon.colcon_core.package_identification:_identify(models/person_standing) by extensions ['python_setup_py']
[0.345s] Level 1:colcon.colcon_core.package_identification:_identify(models/person_standing) by extension 'python_setup_py'
[0.345s] Level 1:colcon.colcon_core.package_identification:_identify(models/person_standing/materials) by extensions ['ignore', 'ignore_ament_install']
[0.345s] Level 1:colcon.colcon_core.package_identification:_identify(models/person_standing/materials) by extension 'ignore'
[0.345s] Level 1:colcon.colcon_core.package_identification:_identify(models/person_standing/materials) by extension 'ignore_ament_install'
[0.345s] Level 1:colcon.colcon_core.package_identification:_identify(models/person_standing/materials) by extensions ['colcon_pkg']
[0.345s] Level 1:colcon.colcon_core.package_identification:_identify(models/person_standing/materials) by extension 'colcon_pkg'
[0.345s] Level 1:colcon.colcon_core.package_identification:_identify(models/person_standing/materials) by extensions ['colcon_meta']
[0.345s] Level 1:colcon.colcon_core.package_identification:_identify(models/person_standing/materials) by extension 'colcon_meta'
[0.345s] Level 1:colcon.colcon_core.package_identification:_identify(models/person_standing/materials) by extensions ['ros']
[0.345s] Level 1:colcon.colcon_core.package_identification:_identify(models/person_standing/materials) by extension 'ros'
[0.345s] Level 1:colcon.colcon_core.package_identification:_identify(models/person_standing/materials) by extensions ['cmake', 'python']
[0.345s] Level 1:colcon.colcon_core.package_identification:_identify(models/person_standing/materials) by extension 'cmake'
[0.345s] Level 1:colcon.colcon_core.package_identification:_identify(models/person_standing/materials) by extension 'python'
[0.345s] Level 1:colcon.colcon_core.package_identification:_identify(models/person_standing/materials) by extensions ['python_setup_py']
[0.345s] Level 1:colcon.colcon_core.package_identification:_identify(models/person_standing/materials) by extension 'python_setup_py'
[0.345s] Level 1:colcon.colcon_core.package_identification:_identify(models/person_standing/materials/textures) by extensions ['ignore', 'ignore_ament_install']
[0.345s] Level 1:colcon.colcon_core.package_identification:_identify(models/person_standing/materials/textures) by extension 'ignore'
[0.345s] Level 1:colcon.colcon_core.package_identification:_identify(models/person_standing/materials/textures) by extension 'ignore_ament_install'
[0.345s] Level 1:colcon.colcon_core.package_identification:_identify(models/person_standing/materials/textures) by extensions ['colcon_pkg']
[0.345s] Level 1:colcon.colcon_core.package_identification:_identify(models/person_standing/materials/textures) by extension 'colcon_pkg'
[0.345s] Level 1:colcon.colcon_core.package_identification:_identify(models/person_standing/materials/textures) by extensions ['colcon_meta']
[0.345s] Level 1:colcon.colcon_core.package_identification:_identify(models/person_standing/materials/textures) by extension 'colcon_meta'
[0.345s] Level 1:colcon.colcon_core.package_identification:_identify(models/person_standing/materials/textures) by extensions ['ros']
[0.345s] Level 1:colcon.colcon_core.package_identification:_identify(models/person_standing/materials/textures) by extension 'ros'
[0.345s] Level 1:colcon.colcon_core.package_identification:_identify(models/person_standing/materials/textures) by extensions ['cmake', 'python']
[0.345s] Level 1:colcon.colcon_core.package_identification:_identify(models/person_standing/materials/textures) by extension 'cmake'
[0.345s] Level 1:colcon.colcon_core.package_identification:_identify(models/person_standing/materials/textures) by extension 'python'
[0.345s] Level 1:colcon.colcon_core.package_identification:_identify(models/person_standing/materials/textures) by extensions ['python_setup_py']
[0.345s] Level 1:colcon.colcon_core.package_identification:_identify(models/person_standing/materials/textures) by extension 'python_setup_py'
[0.346s] Level 1:colcon.colcon_core.package_identification:_identify(models/person_standing/meshes) by extensions ['ignore', 'ignore_ament_install']
[0.346s] Level 1:colcon.colcon_core.package_identification:_identify(models/person_standing/meshes) by extension 'ignore'
[0.346s] Level 1:colcon.colcon_core.package_identification:_identify(models/person_standing/meshes) by extension 'ignore_ament_install'
[0.346s] Level 1:colcon.colcon_core.package_identification:_identify(models/person_standing/meshes) by extensions ['colcon_pkg']
[0.346s] Level 1:colcon.colcon_core.package_identification:_identify(models/person_standing/meshes) by extension 'colcon_pkg'
[0.346s] Level 1:colcon.colcon_core.package_identification:_identify(models/person_standing/meshes) by extensions ['colcon_meta']
[0.346s] Level 1:colcon.colcon_core.package_identification:_identify(models/person_standing/meshes) by extension 'colcon_meta'
[0.346s] Level 1:colcon.colcon_core.package_identification:_identify(models/person_standing/meshes) by extensions ['ros']
[0.346s] Level 1:colcon.colcon_core.package_identification:_identify(models/person_standing/meshes) by extension 'ros'
[0.346s] Level 1:colcon.colcon_core.package_identification:_identify(models/person_standing/meshes) by extensions ['cmake', 'python']
[0.346s] Level 1:colcon.colcon_core.package_identification:_identify(models/person_standing/meshes) by extension 'cmake'
[0.346s] Level 1:colcon.colcon_core.package_identification:_identify(models/person_standing/meshes) by extension 'python'
[0.346s] Level 1:colcon.colcon_core.package_identification:_identify(models/person_standing/meshes) by extensions ['python_setup_py']
[0.346s] Level 1:colcon.colcon_core.package_identification:_identify(models/person_standing/meshes) by extension 'python_setup_py'
[0.346s] Level 1:colcon.colcon_core.package_identification:_identify(models/postbox) by extensions ['ignore', 'ignore_ament_install']
[0.346s] Level 1:colcon.colcon_core.package_identification:_identify(models/postbox) by extension 'ignore'
[0.346s] Level 1:colcon.colcon_core.package_identification:_identify(models/postbox) by extension 'ignore_ament_install'
[0.346s] Level 1:colcon.colcon_core.package_identification:_identify(models/postbox) by extensions ['colcon_pkg']
[0.346s] Level 1:colcon.colcon_core.package_identification:_identify(models/postbox) by extension 'colcon_pkg'
[0.346s] Level 1:colcon.colcon_core.package_identification:_identify(models/postbox) by extensions ['colcon_meta']
[0.346s] Level 1:colcon.colcon_core.package_identification:_identify(models/postbox) by extension 'colcon_meta'
[0.346s] Level 1:colcon.colcon_core.package_identification:_identify(models/postbox) by extensions ['ros']
[0.346s] Level 1:colcon.colcon_core.package_identification:_identify(models/postbox) by extension 'ros'
[0.346s] Level 1:colcon.colcon_core.package_identification:_identify(models/postbox) by extensions ['cmake', 'python']
[0.346s] Level 1:colcon.colcon_core.package_identification:_identify(models/postbox) by extension 'cmake'
[0.346s] Level 1:colcon.colcon_core.package_identification:_identify(models/postbox) by extension 'python'
[0.346s] Level 1:colcon.colcon_core.package_identification:_identify(models/postbox) by extensions ['python_setup_py']
[0.346s] Level 1:colcon.colcon_core.package_identification:_identify(models/postbox) by extension 'python_setup_py'
[0.347s] Level 1:colcon.colcon_core.package_identification:_identify(models/postbox/materials) by extensions ['ignore', 'ignore_ament_install']
[0.347s] Level 1:colcon.colcon_core.package_identification:_identify(models/postbox/materials) by extension 'ignore'
[0.347s] Level 1:colcon.colcon_core.package_identification:_identify(models/postbox/materials) by extension 'ignore_ament_install'
[0.347s] Level 1:colcon.colcon_core.package_identification:_identify(models/postbox/materials) by extensions ['colcon_pkg']
[0.347s] Level 1:colcon.colcon_core.package_identification:_identify(models/postbox/materials) by extension 'colcon_pkg'
[0.347s] Level 1:colcon.colcon_core.package_identification:_identify(models/postbox/materials) by extensions ['colcon_meta']
[0.347s] Level 1:colcon.colcon_core.package_identification:_identify(models/postbox/materials) by extension 'colcon_meta'
[0.347s] Level 1:colcon.colcon_core.package_identification:_identify(models/postbox/materials) by extensions ['ros']
[0.347s] Level 1:colcon.colcon_core.package_identification:_identify(models/postbox/materials) by extension 'ros'
[0.347s] Level 1:colcon.colcon_core.package_identification:_identify(models/postbox/materials) by extensions ['cmake', 'python']
[0.347s] Level 1:colcon.colcon_core.package_identification:_identify(models/postbox/materials) by extension 'cmake'
[0.347s] Level 1:colcon.colcon_core.package_identification:_identify(models/postbox/materials) by extension 'python'
[0.347s] Level 1:colcon.colcon_core.package_identification:_identify(models/postbox/materials) by extensions ['python_setup_py']
[0.347s] Level 1:colcon.colcon_core.package_identification:_identify(models/postbox/materials) by extension 'python_setup_py'
[0.347s] Level 1:colcon.colcon_core.package_identification:_identify(models/postbox/materials/textures) by extensions ['ignore', 'ignore_ament_install']
[0.347s] Level 1:colcon.colcon_core.package_identification:_identify(models/postbox/materials/textures) by extension 'ignore'
[0.347s] Level 1:colcon.colcon_core.package_identification:_identify(models/postbox/materials/textures) by extension 'ignore_ament_install'
[0.347s] Level 1:colcon.colcon_core.package_identification:_identify(models/postbox/materials/textures) by extensions ['colcon_pkg']
[0.347s] Level 1:colcon.colcon_core.package_identification:_identify(models/postbox/materials/textures) by extension 'colcon_pkg'
[0.347s] Level 1:colcon.colcon_core.package_identification:_identify(models/postbox/materials/textures) by extensions ['colcon_meta']
[0.347s] Level 1:colcon.colcon_core.package_identification:_identify(models/postbox/materials/textures) by extension 'colcon_meta'
[0.347s] Level 1:colcon.colcon_core.package_identification:_identify(models/postbox/materials/textures) by extensions ['ros']
[0.347s] Level 1:colcon.colcon_core.package_identification:_identify(models/postbox/materials/textures) by extension 'ros'
[0.347s] Level 1:colcon.colcon_core.package_identification:_identify(models/postbox/materials/textures) by extensions ['cmake', 'python']
[0.347s] Level 1:colcon.colcon_core.package_identification:_identify(models/postbox/materials/textures) by extension 'cmake'
[0.347s] Level 1:colcon.colcon_core.package_identification:_identify(models/postbox/materials/textures) by extension 'python'
[0.347s] Level 1:colcon.colcon_core.package_identification:_identify(models/postbox/materials/textures) by extensions ['python_setup_py']
[0.347s] Level 1:colcon.colcon_core.package_identification:_identify(models/postbox/materials/textures) by extension 'python_setup_py'
[0.347s] Level 1:colcon.colcon_core.package_identification:_identify(models/postbox/meshes) by extensions ['ignore', 'ignore_ament_install']
[0.347s] Level 1:colcon.colcon_core.package_identification:_identify(models/postbox/meshes) by extension 'ignore'
[0.347s] Level 1:colcon.colcon_core.package_identification:_identify(models/postbox/meshes) by extension 'ignore_ament_install'
[0.348s] Level 1:colcon.colcon_core.package_identification:_identify(models/postbox/meshes) by extensions ['colcon_pkg']
[0.348s] Level 1:colcon.colcon_core.package_identification:_identify(models/postbox/meshes) by extension 'colcon_pkg'
[0.348s] Level 1:colcon.colcon_core.package_identification:_identify(models/postbox/meshes) by extensions ['colcon_meta']
[0.348s] Level 1:colcon.colcon_core.package_identification:_identify(models/postbox/meshes) by extension 'colcon_meta'
[0.348s] Level 1:colcon.colcon_core.package_identification:_identify(models/postbox/meshes) by extensions ['ros']
[0.348s] Level 1:colcon.colcon_core.package_identification:_identify(models/postbox/meshes) by extension 'ros'
[0.348s] Level 1:colcon.colcon_core.package_identification:_identify(models/postbox/meshes) by extensions ['cmake', 'python']
[0.348s] Level 1:colcon.colcon_core.package_identification:_identify(models/postbox/meshes) by extension 'cmake'
[0.348s] Level 1:colcon.colcon_core.package_identification:_identify(models/postbox/meshes) by extension 'python'
[0.348s] Level 1:colcon.colcon_core.package_identification:_identify(models/postbox/meshes) by extensions ['python_setup_py']
[0.348s] Level 1:colcon.colcon_core.package_identification:_identify(models/postbox/meshes) by extension 'python_setup_py'
[0.348s] Level 1:colcon.colcon_core.package_identification:_identify(models/prius_hybrid) by extensions ['ignore', 'ignore_ament_install']
[0.348s] Level 1:colcon.colcon_core.package_identification:_identify(models/prius_hybrid) by extension 'ignore'
[0.348s] Level 1:colcon.colcon_core.package_identification:_identify(models/prius_hybrid) by extension 'ignore_ament_install'
[0.348s] Level 1:colcon.colcon_core.package_identification:_identify(models/prius_hybrid) by extensions ['colcon_pkg']
[0.348s] Level 1:colcon.colcon_core.package_identification:_identify(models/prius_hybrid) by extension 'colcon_pkg'
[0.348s] Level 1:colcon.colcon_core.package_identification:_identify(models/prius_hybrid) by extensions ['colcon_meta']
[0.348s] Level 1:colcon.colcon_core.package_identification:_identify(models/prius_hybrid) by extension 'colcon_meta'
[0.348s] Level 1:colcon.colcon_core.package_identification:_identify(models/prius_hybrid) by extensions ['ros']
[0.348s] Level 1:colcon.colcon_core.package_identification:_identify(models/prius_hybrid) by extension 'ros'
[0.348s] Level 1:colcon.colcon_core.package_identification:_identify(models/prius_hybrid) by extensions ['cmake', 'python']
[0.348s] Level 1:colcon.colcon_core.package_identification:_identify(models/prius_hybrid) by extension 'cmake'
[0.348s] Level 1:colcon.colcon_core.package_identification:_identify(models/prius_hybrid) by extension 'python'
[0.348s] Level 1:colcon.colcon_core.package_identification:_identify(models/prius_hybrid) by extensions ['python_setup_py']
[0.348s] Level 1:colcon.colcon_core.package_identification:_identify(models/prius_hybrid) by extension 'python_setup_py'
[0.348s] Level 1:colcon.colcon_core.package_identification:_identify(models/prius_hybrid/materials) by extensions ['ignore', 'ignore_ament_install']
[0.348s] Level 1:colcon.colcon_core.package_identification:_identify(models/prius_hybrid/materials) by extension 'ignore'
[0.348s] Level 1:colcon.colcon_core.package_identification:_identify(models/prius_hybrid/materials) by extension 'ignore_ament_install'
[0.348s] Level 1:colcon.colcon_core.package_identification:_identify(models/prius_hybrid/materials) by extensions ['colcon_pkg']
[0.348s] Level 1:colcon.colcon_core.package_identification:_identify(models/prius_hybrid/materials) by extension 'colcon_pkg'
[0.348s] Level 1:colcon.colcon_core.package_identification:_identify(models/prius_hybrid/materials) by extensions ['colcon_meta']
[0.348s] Level 1:colcon.colcon_core.package_identification:_identify(models/prius_hybrid/materials) by extension 'colcon_meta'
[0.348s] Level 1:colcon.colcon_core.package_identification:_identify(models/prius_hybrid/materials) by extensions ['ros']
[0.348s] Level 1:colcon.colcon_core.package_identification:_identify(models/prius_hybrid/materials) by extension 'ros'
[0.349s] Level 1:colcon.colcon_core.package_identification:_identify(models/prius_hybrid/materials) by extensions ['cmake', 'python']
[0.349s] Level 1:colcon.colcon_core.package_identification:_identify(models/prius_hybrid/materials) by extension 'cmake'
[0.349s] Level 1:colcon.colcon_core.package_identification:_identify(models/prius_hybrid/materials) by extension 'python'
[0.349s] Level 1:colcon.colcon_core.package_identification:_identify(models/prius_hybrid/materials) by extensions ['python_setup_py']
[0.349s] Level 1:colcon.colcon_core.package_identification:_identify(models/prius_hybrid/materials) by extension 'python_setup_py'
[0.349s] Level 1:colcon.colcon_core.package_identification:_identify(models/prius_hybrid/materials/textures) by extensions ['ignore', 'ignore_ament_install']
[0.349s] Level 1:colcon.colcon_core.package_identification:_identify(models/prius_hybrid/materials/textures) by extension 'ignore'
[0.349s] Level 1:colcon.colcon_core.package_identification:_identify(models/prius_hybrid/materials/textures) by extension 'ignore_ament_install'
[0.349s] Level 1:colcon.colcon_core.package_identification:_identify(models/prius_hybrid/materials/textures) by extensions ['colcon_pkg']
[0.349s] Level 1:colcon.colcon_core.package_identification:_identify(models/prius_hybrid/materials/textures) by extension 'colcon_pkg'
[0.349s] Level 1:colcon.colcon_core.package_identification:_identify(models/prius_hybrid/materials/textures) by extensions ['colcon_meta']
[0.349s] Level 1:colcon.colcon_core.package_identification:_identify(models/prius_hybrid/materials/textures) by extension 'colcon_meta'
[0.349s] Level 1:colcon.colcon_core.package_identification:_identify(models/prius_hybrid/materials/textures) by extensions ['ros']
[0.349s] Level 1:colcon.colcon_core.package_identification:_identify(models/prius_hybrid/materials/textures) by extension 'ros'
[0.349s] Level 1:colcon.colcon_core.package_identification:_identify(models/prius_hybrid/materials/textures) by extensions ['cmake', 'python']
[0.349s] Level 1:colcon.colcon_core.package_identification:_identify(models/prius_hybrid/materials/textures) by extension 'cmake'
[0.349s] Level 1:colcon.colcon_core.package_identification:_identify(models/prius_hybrid/materials/textures) by extension 'python'
[0.349s] Level 1:colcon.colcon_core.package_identification:_identify(models/prius_hybrid/materials/textures) by extensions ['python_setup_py']
[0.349s] Level 1:colcon.colcon_core.package_identification:_identify(models/prius_hybrid/materials/textures) by extension 'python_setup_py'
[0.349s] Level 1:colcon.colcon_core.package_identification:_identify(models/prius_hybrid/meshes) by extensions ['ignore', 'ignore_ament_install']
[0.349s] Level 1:colcon.colcon_core.package_identification:_identify(models/prius_hybrid/meshes) by extension 'ignore'
[0.349s] Level 1:colcon.colcon_core.package_identification:_identify(models/prius_hybrid/meshes) by extension 'ignore_ament_install'
[0.349s] Level 1:colcon.colcon_core.package_identification:_identify(models/prius_hybrid/meshes) by extensions ['colcon_pkg']
[0.349s] Level 1:colcon.colcon_core.package_identification:_identify(models/prius_hybrid/meshes) by extension 'colcon_pkg'
[0.349s] Level 1:colcon.colcon_core.package_identification:_identify(models/prius_hybrid/meshes) by extensions ['colcon_meta']
[0.349s] Level 1:colcon.colcon_core.package_identification:_identify(models/prius_hybrid/meshes) by extension 'colcon_meta'
[0.349s] Level 1:colcon.colcon_core.package_identification:_identify(models/prius_hybrid/meshes) by extensions ['ros']
[0.349s] Level 1:colcon.colcon_core.package_identification:_identify(models/prius_hybrid/meshes) by extension 'ros'
[0.349s] Level 1:colcon.colcon_core.package_identification:_identify(models/prius_hybrid/meshes) by extensions ['cmake', 'python']
[0.349s] Level 1:colcon.colcon_core.package_identification:_identify(models/prius_hybrid/meshes) by extension 'cmake'
[0.349s] Level 1:colcon.colcon_core.package_identification:_identify(models/prius_hybrid/meshes) by extension 'python'
[0.350s] Level 1:colcon.colcon_core.package_identification:_identify(models/prius_hybrid/meshes) by extensions ['python_setup_py']
[0.350s] Level 1:colcon.colcon_core.package_identification:_identify(models/prius_hybrid/meshes) by extension 'python_setup_py'
[0.350s] Level 1:colcon.colcon_core.package_identification:_identify(models/stop_sign) by extensions ['ignore', 'ignore_ament_install']
[0.350s] Level 1:colcon.colcon_core.package_identification:_identify(models/stop_sign) by extension 'ignore'
[0.350s] Level 1:colcon.colcon_core.package_identification:_identify(models/stop_sign) by extension 'ignore_ament_install'
[0.350s] Level 1:colcon.colcon_core.package_identification:_identify(models/stop_sign) by extensions ['colcon_pkg']
[0.350s] Level 1:colcon.colcon_core.package_identification:_identify(models/stop_sign) by extension 'colcon_pkg'
[0.350s] Level 1:colcon.colcon_core.package_identification:_identify(models/stop_sign) by extensions ['colcon_meta']
[0.350s] Level 1:colcon.colcon_core.package_identification:_identify(models/stop_sign) by extension 'colcon_meta'
[0.350s] Level 1:colcon.colcon_core.package_identification:_identify(models/stop_sign) by extensions ['ros']
[0.350s] Level 1:colcon.colcon_core.package_identification:_identify(models/stop_sign) by extension 'ros'
[0.350s] Level 1:colcon.colcon_core.package_identification:_identify(models/stop_sign) by extensions ['cmake', 'python']
[0.350s] Level 1:colcon.colcon_core.package_identification:_identify(models/stop_sign) by extension 'cmake'
[0.350s] Level 1:colcon.colcon_core.package_identification:_identify(models/stop_sign) by extension 'python'
[0.350s] Level 1:colcon.colcon_core.package_identification:_identify(models/stop_sign) by extensions ['python_setup_py']
[0.350s] Level 1:colcon.colcon_core.package_identification:_identify(models/stop_sign) by extension 'python_setup_py'
[0.350s] Level 1:colcon.colcon_core.package_identification:_identify(models/stop_sign/materials) by extensions ['ignore', 'ignore_ament_install']
[0.350s] Level 1:colcon.colcon_core.package_identification:_identify(models/stop_sign/materials) by extension 'ignore'
[0.350s] Level 1:colcon.colcon_core.package_identification:_identify(models/stop_sign/materials) by extension 'ignore_ament_install'
[0.350s] Level 1:colcon.colcon_core.package_identification:_identify(models/stop_sign/materials) by extensions ['colcon_pkg']
[0.350s] Level 1:colcon.colcon_core.package_identification:_identify(models/stop_sign/materials) by extension 'colcon_pkg'
[0.350s] Level 1:colcon.colcon_core.package_identification:_identify(models/stop_sign/materials) by extensions ['colcon_meta']
[0.350s] Level 1:colcon.colcon_core.package_identification:_identify(models/stop_sign/materials) by extension 'colcon_meta'
[0.350s] Level 1:colcon.colcon_core.package_identification:_identify(models/stop_sign/materials) by extensions ['ros']
[0.350s] Level 1:colcon.colcon_core.package_identification:_identify(models/stop_sign/materials) by extension 'ros'
[0.350s] Level 1:colcon.colcon_core.package_identification:_identify(models/stop_sign/materials) by extensions ['cmake', 'python']
[0.350s] Level 1:colcon.colcon_core.package_identification:_identify(models/stop_sign/materials) by extension 'cmake'
[0.350s] Level 1:colcon.colcon_core.package_identification:_identify(models/stop_sign/materials) by extension 'python'
[0.350s] Level 1:colcon.colcon_core.package_identification:_identify(models/stop_sign/materials) by extensions ['python_setup_py']
[0.350s] Level 1:colcon.colcon_core.package_identification:_identify(models/stop_sign/materials) by extension 'python_setup_py'
[0.351s] Level 1:colcon.colcon_core.package_identification:_identify(models/stop_sign/materials/scripts) by extensions ['ignore', 'ignore_ament_install']
[0.351s] Level 1:colcon.colcon_core.package_identification:_identify(models/stop_sign/materials/scripts) by extension 'ignore'
[0.351s] Level 1:colcon.colcon_core.package_identification:_identify(models/stop_sign/materials/scripts) by extension 'ignore_ament_install'
[0.351s] Level 1:colcon.colcon_core.package_identification:_identify(models/stop_sign/materials/scripts) by extensions ['colcon_pkg']
[0.351s] Level 1:colcon.colcon_core.package_identification:_identify(models/stop_sign/materials/scripts) by extension 'colcon_pkg'
[0.351s] Level 1:colcon.colcon_core.package_identification:_identify(models/stop_sign/materials/scripts) by extensions ['colcon_meta']
[0.351s] Level 1:colcon.colcon_core.package_identification:_identify(models/stop_sign/materials/scripts) by extension 'colcon_meta'
[0.351s] Level 1:colcon.colcon_core.package_identification:_identify(models/stop_sign/materials/scripts) by extensions ['ros']
[0.351s] Level 1:colcon.colcon_core.package_identification:_identify(models/stop_sign/materials/scripts) by extension 'ros'
[0.351s] Level 1:colcon.colcon_core.package_identification:_identify(models/stop_sign/materials/scripts) by extensions ['cmake', 'python']
[0.351s] Level 1:colcon.colcon_core.package_identification:_identify(models/stop_sign/materials/scripts) by extension 'cmake'
[0.351s] Level 1:colcon.colcon_core.package_identification:_identify(models/stop_sign/materials/scripts) by extension 'python'
[0.351s] Level 1:colcon.colcon_core.package_identification:_identify(models/stop_sign/materials/scripts) by extensions ['python_setup_py']
[0.351s] Level 1:colcon.colcon_core.package_identification:_identify(models/stop_sign/materials/scripts) by extension 'python_setup_py'
[0.351s] Level 1:colcon.colcon_core.package_identification:_identify(models/stop_sign/materials/textures) by extensions ['ignore', 'ignore_ament_install']
[0.351s] Level 1:colcon.colcon_core.package_identification:_identify(models/stop_sign/materials/textures) by extension 'ignore'
[0.351s] Level 1:colcon.colcon_core.package_identification:_identify(models/stop_sign/materials/textures) by extension 'ignore_ament_install'
[0.351s] Level 1:colcon.colcon_core.package_identification:_identify(models/stop_sign/materials/textures) by extensions ['colcon_pkg']
[0.351s] Level 1:colcon.colcon_core.package_identification:_identify(models/stop_sign/materials/textures) by extension 'colcon_pkg'
[0.351s] Level 1:colcon.colcon_core.package_identification:_identify(models/stop_sign/materials/textures) by extensions ['colcon_meta']
[0.351s] Level 1:colcon.colcon_core.package_identification:_identify(models/stop_sign/materials/textures) by extension 'colcon_meta'
[0.351s] Level 1:colcon.colcon_core.package_identification:_identify(models/stop_sign/materials/textures) by extensions ['ros']
[0.351s] Level 1:colcon.colcon_core.package_identification:_identify(models/stop_sign/materials/textures) by extension 'ros'
[0.351s] Level 1:colcon.colcon_core.package_identification:_identify(models/stop_sign/materials/textures) by extensions ['cmake', 'python']
[0.351s] Level 1:colcon.colcon_core.package_identification:_identify(models/stop_sign/materials/textures) by extension 'cmake'
[0.351s] Level 1:colcon.colcon_core.package_identification:_identify(models/stop_sign/materials/textures) by extension 'python'
[0.351s] Level 1:colcon.colcon_core.package_identification:_identify(models/stop_sign/materials/textures) by extensions ['python_setup_py']
[0.351s] Level 1:colcon.colcon_core.package_identification:_identify(models/stop_sign/materials/textures) by extension 'python_setup_py'
[0.351s] Level 1:colcon.colcon_core.package_identification:_identify(models/stop_sign/meshes) by extensions ['ignore', 'ignore_ament_install']
[0.351s] Level 1:colcon.colcon_core.package_identification:_identify(models/stop_sign/meshes) by extension 'ignore'
[0.351s] Level 1:colcon.colcon_core.package_identification:_identify(models/stop_sign/meshes) by extension 'ignore_ament_install'
[0.351s] Level 1:colcon.colcon_core.package_identification:_identify(models/stop_sign/meshes) by extensions ['colcon_pkg']
[0.352s] Level 1:colcon.colcon_core.package_identification:_identify(models/stop_sign/meshes) by extension 'colcon_pkg'
[0.352s] Level 1:colcon.colcon_core.package_identification:_identify(models/stop_sign/meshes) by extensions ['colcon_meta']
[0.352s] Level 1:colcon.colcon_core.package_identification:_identify(models/stop_sign/meshes) by extension 'colcon_meta'
[0.352s] Level 1:colcon.colcon_core.package_identification:_identify(models/stop_sign/meshes) by extensions ['ros']
[0.352s] Level 1:colcon.colcon_core.package_identification:_identify(models/stop_sign/meshes) by extension 'ros'
[0.352s] Level 1:colcon.colcon_core.package_identification:_identify(models/stop_sign/meshes) by extensions ['cmake', 'python']
[0.352s] Level 1:colcon.colcon_core.package_identification:_identify(models/stop_sign/meshes) by extension 'cmake'
[0.352s] Level 1:colcon.colcon_core.package_identification:_identify(models/stop_sign/meshes) by extension 'python'
[0.352s] Level 1:colcon.colcon_core.package_identification:_identify(models/stop_sign/meshes) by extensions ['python_setup_py']
[0.352s] Level 1:colcon.colcon_core.package_identification:_identify(models/stop_sign/meshes) by extension 'python_setup_py'
[0.352s] Level 1:colcon.colcon_core.package_identification:_identify(models/suv) by extensions ['ignore', 'ignore_ament_install']
[0.352s] Level 1:colcon.colcon_core.package_identification:_identify(models/suv) by extension 'ignore'
[0.352s] Level 1:colcon.colcon_core.package_identification:_identify(models/suv) by extension 'ignore_ament_install'
[0.352s] Level 1:colcon.colcon_core.package_identification:_identify(models/suv) by extensions ['colcon_pkg']
[0.352s] Level 1:colcon.colcon_core.package_identification:_identify(models/suv) by extension 'colcon_pkg'
[0.352s] Level 1:colcon.colcon_core.package_identification:_identify(models/suv) by extensions ['colcon_meta']
[0.352s] Level 1:colcon.colcon_core.package_identification:_identify(models/suv) by extension 'colcon_meta'
[0.352s] Level 1:colcon.colcon_core.package_identification:_identify(models/suv) by extensions ['ros']
[0.352s] Level 1:colcon.colcon_core.package_identification:_identify(models/suv) by extension 'ros'
[0.352s] Level 1:colcon.colcon_core.package_identification:_identify(models/suv) by extensions ['cmake', 'python']
[0.352s] Level 1:colcon.colcon_core.package_identification:_identify(models/suv) by extension 'cmake'
[0.352s] Level 1:colcon.colcon_core.package_identification:_identify(models/suv) by extension 'python'
[0.352s] Level 1:colcon.colcon_core.package_identification:_identify(models/suv) by extensions ['python_setup_py']
[0.352s] Level 1:colcon.colcon_core.package_identification:_identify(models/suv) by extension 'python_setup_py'
[0.352s] Level 1:colcon.colcon_core.package_identification:_identify(models/suv/materials) by extensions ['ignore', 'ignore_ament_install']
[0.352s] Level 1:colcon.colcon_core.package_identification:_identify(models/suv/materials) by extension 'ignore'
[0.352s] Level 1:colcon.colcon_core.package_identification:_identify(models/suv/materials) by extension 'ignore_ament_install'
[0.352s] Level 1:colcon.colcon_core.package_identification:_identify(models/suv/materials) by extensions ['colcon_pkg']
[0.352s] Level 1:colcon.colcon_core.package_identification:_identify(models/suv/materials) by extension 'colcon_pkg'
[0.352s] Level 1:colcon.colcon_core.package_identification:_identify(models/suv/materials) by extensions ['colcon_meta']
[0.352s] Level 1:colcon.colcon_core.package_identification:_identify(models/suv/materials) by extension 'colcon_meta'
[0.352s] Level 1:colcon.colcon_core.package_identification:_identify(models/suv/materials) by extensions ['ros']
[0.352s] Level 1:colcon.colcon_core.package_identification:_identify(models/suv/materials) by extension 'ros'
[0.353s] Level 1:colcon.colcon_core.package_identification:_identify(models/suv/materials) by extensions ['cmake', 'python']
[0.353s] Level 1:colcon.colcon_core.package_identification:_identify(models/suv/materials) by extension 'cmake'
[0.353s] Level 1:colcon.colcon_core.package_identification:_identify(models/suv/materials) by extension 'python'
[0.353s] Level 1:colcon.colcon_core.package_identification:_identify(models/suv/materials) by extensions ['python_setup_py']
[0.353s] Level 1:colcon.colcon_core.package_identification:_identify(models/suv/materials) by extension 'python_setup_py'
[0.353s] Level 1:colcon.colcon_core.package_identification:_identify(models/suv/materials/textures) by extensions ['ignore', 'ignore_ament_install']
[0.353s] Level 1:colcon.colcon_core.package_identification:_identify(models/suv/materials/textures) by extension 'ignore'
[0.353s] Level 1:colcon.colcon_core.package_identification:_identify(models/suv/materials/textures) by extension 'ignore_ament_install'
[0.353s] Level 1:colcon.colcon_core.package_identification:_identify(models/suv/materials/textures) by extensions ['colcon_pkg']
[0.353s] Level 1:colcon.colcon_core.package_identification:_identify(models/suv/materials/textures) by extension 'colcon_pkg'
[0.353s] Level 1:colcon.colcon_core.package_identification:_identify(models/suv/materials/textures) by extensions ['colcon_meta']
[0.353s] Level 1:colcon.colcon_core.package_identification:_identify(models/suv/materials/textures) by extension 'colcon_meta'
[0.353s] Level 1:colcon.colcon_core.package_identification:_identify(models/suv/materials/textures) by extensions ['ros']
[0.353s] Level 1:colcon.colcon_core.package_identification:_identify(models/suv/materials/textures) by extension 'ros'
[0.353s] Level 1:colcon.colcon_core.package_identification:_identify(models/suv/materials/textures) by extensions ['cmake', 'python']
[0.353s] Level 1:colcon.colcon_core.package_identification:_identify(models/suv/materials/textures) by extension 'cmake'
[0.353s] Level 1:colcon.colcon_core.package_identification:_identify(models/suv/materials/textures) by extension 'python'
[0.353s] Level 1:colcon.colcon_core.package_identification:_identify(models/suv/materials/textures) by extensions ['python_setup_py']
[0.353s] Level 1:colcon.colcon_core.package_identification:_identify(models/suv/materials/textures) by extension 'python_setup_py'
[0.353s] Level 1:colcon.colcon_core.package_identification:_identify(models/suv/meshes) by extensions ['ignore', 'ignore_ament_install']
[0.353s] Level 1:colcon.colcon_core.package_identification:_identify(models/suv/meshes) by extension 'ignore'
[0.353s] Level 1:colcon.colcon_core.package_identification:_identify(models/suv/meshes) by extension 'ignore_ament_install'
[0.353s] Level 1:colcon.colcon_core.package_identification:_identify(models/suv/meshes) by extensions ['colcon_pkg']
[0.353s] Level 1:colcon.colcon_core.package_identification:_identify(models/suv/meshes) by extension 'colcon_pkg'
[0.353s] Level 1:colcon.colcon_core.package_identification:_identify(models/suv/meshes) by extensions ['colcon_meta']
[0.353s] Level 1:colcon.colcon_core.package_identification:_identify(models/suv/meshes) by extension 'colcon_meta'
[0.353s] Level 1:colcon.colcon_core.package_identification:_identify(models/suv/meshes) by extensions ['ros']
[0.353s] Level 1:colcon.colcon_core.package_identification:_identify(models/suv/meshes) by extension 'ros'
[0.353s] Level 1:colcon.colcon_core.package_identification:_identify(models/suv/meshes) by extensions ['cmake', 'python']
[0.353s] Level 1:colcon.colcon_core.package_identification:_identify(models/suv/meshes) by extension 'cmake'
[0.353s] Level 1:colcon.colcon_core.package_identification:_identify(models/suv/meshes) by extension 'python'
[0.353s] Level 1:colcon.colcon_core.package_identification:_identify(models/suv/meshes) by extensions ['python_setup_py']
[0.353s] Level 1:colcon.colcon_core.package_identification:_identify(models/suv/meshes) by extension 'python_setup_py'
[0.353s] Level 1:colcon.colcon_core.package_identification:_identify(src) by extensions ['ignore', 'ignore_ament_install']
[0.354s] Level 1:colcon.colcon_core.package_identification:_identify(src) by extension 'ignore'
[0.354s] Level 1:colcon.colcon_core.package_identification:_identify(src) by extension 'ignore_ament_install'
[0.354s] Level 1:colcon.colcon_core.package_identification:_identify(src) by extensions ['colcon_pkg']
[0.354s] Level 1:colcon.colcon_core.package_identification:_identify(src) by extension 'colcon_pkg'
[0.354s] Level 1:colcon.colcon_core.package_identification:_identify(src) by extensions ['colcon_meta']
[0.354s] Level 1:colcon.colcon_core.package_identification:_identify(src) by extension 'colcon_meta'
[0.354s] Level 1:colcon.colcon_core.package_identification:_identify(src) by extensions ['ros']
[0.354s] Level 1:colcon.colcon_core.package_identification:_identify(src) by extension 'ros'
[0.354s] Level 1:colcon.colcon_core.package_identification:_identify(src) by extensions ['cmake', 'python']
[0.354s] Level 1:colcon.colcon_core.package_identification:_identify(src) by extension 'cmake'
[0.354s] Level 1:colcon.colcon_core.package_identification:_identify(src) by extension 'python'
[0.354s] Level 1:colcon.colcon_core.package_identification:_identify(src) by extensions ['python_setup_py']
[0.354s] Level 1:colcon.colcon_core.package_identification:_identify(src) by extension 'python_setup_py'
[0.354s] Level 1:colcon.colcon_core.package_identification:_identify(src/yolobot_control) by extensions ['ignore', 'ignore_ament_install']
[0.354s] Level 1:colcon.colcon_core.package_identification:_identify(src/yolobot_control) by extension 'ignore'
[0.354s] Level 1:colcon.colcon_core.package_identification:_identify(src/yolobot_control) by extension 'ignore_ament_install'
[0.354s] Level 1:colcon.colcon_core.package_identification:_identify(src/yolobot_control) by extensions ['colcon_pkg']
[0.354s] Level 1:colcon.colcon_core.package_identification:_identify(src/yolobot_control) by extension 'colcon_pkg'
[0.354s] Level 1:colcon.colcon_core.package_identification:_identify(src/yolobot_control) by extensions ['colcon_meta']
[0.354s] Level 1:colcon.colcon_core.package_identification:_identify(src/yolobot_control) by extension 'colcon_meta'
[0.354s] Level 1:colcon.colcon_core.package_identification:_identify(src/yolobot_control) by extensions ['ros']
[0.354s] Level 1:colcon.colcon_core.package_identification:_identify(src/yolobot_control) by extension 'ros'
[0.356s] DEBUG:colcon.colcon_core.package_identification:Package 'src/yolobot_control' with type 'ros.ament_cmake' and name 'yolobot_control'
[0.356s] Level 1:colcon.colcon_core.package_identification:_identify(src/yolobot_description) by extensions ['ignore', 'ignore_ament_install']
[0.356s] Level 1:colcon.colcon_core.package_identification:_identify(src/yolobot_description) by extension 'ignore'
[0.356s] Level 1:colcon.colcon_core.package_identification:_identify(src/yolobot_description) by extension 'ignore_ament_install'
[0.356s] Level 1:colcon.colcon_core.package_identification:_identify(src/yolobot_description) by extensions ['colcon_pkg']
[0.356s] Level 1:colcon.colcon_core.package_identification:_identify(src/yolobot_description) by extension 'colcon_pkg'
[0.356s] Level 1:colcon.colcon_core.package_identification:_identify(src/yolobot_description) by extensions ['colcon_meta']
[0.356s] Level 1:colcon.colcon_core.package_identification:_identify(src/yolobot_description) by extension 'colcon_meta'
[0.356s] Level 1:colcon.colcon_core.package_identification:_identify(src/yolobot_description) by extensions ['ros']
[0.356s] Level 1:colcon.colcon_core.package_identification:_identify(src/yolobot_description) by extension 'ros'
[0.357s] DEBUG:colcon.colcon_core.package_identification:Package 'src/yolobot_description' with type 'ros.ament_cmake' and name 'yolobot_description'
[0.357s] Level 1:colcon.colcon_core.package_identification:_identify(src/yolobot_gazebo) by extensions ['ignore', 'ignore_ament_install']
[0.357s] Level 1:colcon.colcon_core.package_identification:_identify(src/yolobot_gazebo) by extension 'ignore'
[0.357s] Level 1:colcon.colcon_core.package_identification:_identify(src/yolobot_gazebo) by extension 'ignore_ament_install'
[0.357s] Level 1:colcon.colcon_core.package_identification:_identify(src/yolobot_gazebo) by extensions ['colcon_pkg']
[0.357s] Level 1:colcon.colcon_core.package_identification:_identify(src/yolobot_gazebo) by extension 'colcon_pkg'
[0.357s] Level 1:colcon.colcon_core.package_identification:_identify(src/yolobot_gazebo) by extensions ['colcon_meta']
[0.357s] Level 1:colcon.colcon_core.package_identification:_identify(src/yolobot_gazebo) by extension 'colcon_meta'
[0.357s] Level 1:colcon.colcon_core.package_identification:_identify(src/yolobot_gazebo) by extensions ['ros']
[0.357s] Level 1:colcon.colcon_core.package_identification:_identify(src/yolobot_gazebo) by extension 'ros'
[0.357s] DEBUG:colcon.colcon_core.package_identification:Package 'src/yolobot_gazebo' with type 'ros.ament_cmake' and name 'yolobot_gazebo'
[0.357s] Level 1:colcon.colcon_core.package_identification:_identify(src/yolobot_recognition) by extensions ['ignore', 'ignore_ament_install']
[0.357s] Level 1:colcon.colcon_core.package_identification:_identify(src/yolobot_recognition) by extension 'ignore'
[0.357s] Level 1:colcon.colcon_core.package_identification:_identify(src/yolobot_recognition) by extension 'ignore_ament_install'
[0.357s] Level 1:colcon.colcon_core.package_identification:_identify(src/yolobot_recognition) by extensions ['colcon_pkg']
[0.357s] Level 1:colcon.colcon_core.package_identification:_identify(src/yolobot_recognition) by extension 'colcon_pkg'
[0.357s] Level 1:colcon.colcon_core.package_identification:_identify(src/yolobot_recognition) by extensions ['colcon_meta']
[0.357s] Level 1:colcon.colcon_core.package_identification:_identify(src/yolobot_recognition) by extension 'colcon_meta'
[0.357s] Level 1:colcon.colcon_core.package_identification:_identify(src/yolobot_recognition) by extensions ['ros']
[0.357s] Level 1:colcon.colcon_core.package_identification:_identify(src/yolobot_recognition) by extension 'ros'
[0.358s] DEBUG:colcon.colcon_core.package_identification:Package 'src/yolobot_recognition' with type 'ros.ament_cmake' and name 'yolobot_recognition'
[0.358s] Level 1:colcon.colcon_core.package_identification:_identify(src/yolov8_msgs) by extensions ['ignore', 'ignore_ament_install']
[0.358s] Level 1:colcon.colcon_core.package_identification:_identify(src/yolov8_msgs) by extension 'ignore'
[0.358s] Level 1:colcon.colcon_core.package_identification:_identify(src/yolov8_msgs) by extension 'ignore_ament_install'
[0.358s] Level 1:colcon.colcon_core.package_identification:_identify(src/yolov8_msgs) by extensions ['colcon_pkg']
[0.358s] Level 1:colcon.colcon_core.package_identification:_identify(src/yolov8_msgs) by extension 'colcon_pkg'
[0.358s] Level 1:colcon.colcon_core.package_identification:_identify(src/yolov8_msgs) by extensions ['colcon_meta']
[0.358s] Level 1:colcon.colcon_core.package_identification:_identify(src/yolov8_msgs) by extension 'colcon_meta'
[0.358s] Level 1:colcon.colcon_core.package_identification:_identify(src/yolov8_msgs) by extensions ['ros']
[0.358s] Level 1:colcon.colcon_core.package_identification:_identify(src/yolov8_msgs) by extension 'ros'
[0.358s] DEBUG:colcon.colcon_core.package_identification:Package 'src/yolov8_msgs' with type 'ros.ament_cmake' and name 'yolov8_msgs'
[0.358s] Level 1:colcon.colcon_core.package_identification:_identify(~) by extensions ['ignore', 'ignore_ament_install']
[0.358s] Level 1:colcon.colcon_core.package_identification:_identify(~) by extension 'ignore'
[0.359s] Level 1:colcon.colcon_core.package_identification:_identify(~) by extension 'ignore_ament_install'
[0.359s] Level 1:colcon.colcon_core.package_identification:_identify(~) by extensions ['colcon_pkg']
[0.359s] Level 1:colcon.colcon_core.package_identification:_identify(~) by extension 'colcon_pkg'
[0.359s] Level 1:colcon.colcon_core.package_identification:_identify(~) by extensions ['colcon_meta']
[0.359s] Level 1:colcon.colcon_core.package_identification:_identify(~) by extension 'colcon_meta'
[0.359s] Level 1:colcon.colcon_core.package_identification:_identify(~) by extensions ['ros']
[0.359s] Level 1:colcon.colcon_core.package_identification:_identify(~) by extension 'ros'
[0.359s] Level 1:colcon.colcon_core.package_identification:_identify(~) by extensions ['cmake', 'python']
[0.359s] Level 1:colcon.colcon_core.package_identification:_identify(~) by extension 'cmake'
[0.359s] Level 1:colcon.colcon_core.package_identification:_identify(~) by extension 'python'
[0.359s] Level 1:colcon.colcon_core.package_identification:_identify(~) by extensions ['python_setup_py']
[0.359s] Level 1:colcon.colcon_core.package_identification:_identify(~) by extension 'python_setup_py'
[0.359s] Level 1:colcon.colcon_core.package_identification:_identify(~/yolobot) by extensions ['ignore', 'ignore_ament_install']
[0.359s] Level 1:colcon.colcon_core.package_identification:_identify(~/yolobot) by extension 'ignore'
[0.359s] Level 1:colcon.colcon_core.package_identification:_identify(~/yolobot) by extension 'ignore_ament_install'
[0.359s] Level 1:colcon.colcon_core.package_identification:_identify(~/yolobot) by extensions ['colcon_pkg']
[0.359s] Level 1:colcon.colcon_core.package_identification:_identify(~/yolobot) by extension 'colcon_pkg'
[0.359s] Level 1:colcon.colcon_core.package_identification:_identify(~/yolobot) by extensions ['colcon_meta']
[0.359s] Level 1:colcon.colcon_core.package_identification:_identify(~/yolobot) by extension 'colcon_meta'
[0.359s] Level 1:colcon.colcon_core.package_identification:_identify(~/yolobot) by extensions ['ros']
[0.359s] Level 1:colcon.colcon_core.package_identification:_identify(~/yolobot) by extension 'ros'
[0.359s] Level 1:colcon.colcon_core.package_identification:_identify(~/yolobot) by extensions ['cmake', 'python']
[0.359s] Level 1:colcon.colcon_core.package_identification:_identify(~/yolobot) by extension 'cmake'
[0.359s] Level 1:colcon.colcon_core.package_identification:_identify(~/yolobot) by extension 'python'
[0.359s] Level 1:colcon.colcon_core.package_identification:_identify(~/yolobot) by extensions ['python_setup_py']
[0.359s] Level 1:colcon.colcon_core.package_identification:_identify(~/yolobot) by extension 'python_setup_py'
[0.359s] Level 1:colcon.colcon_core.package_identification:_identify(~/yolobot/src) by extensions ['ignore', 'ignore_ament_install']
[0.359s] Level 1:colcon.colcon_core.package_identification:_identify(~/yolobot/src) by extension 'ignore'
[0.359s] Level 1:colcon.colcon_core.package_identification:_identify(~/yolobot/src) by extension 'ignore_ament_install'
[0.359s] Level 1:colcon.colcon_core.package_identification:_identify(~/yolobot/src) by extensions ['colcon_pkg']
[0.359s] Level 1:colcon.colcon_core.package_identification:_identify(~/yolobot/src) by extension 'colcon_pkg'
[0.359s] Level 1:colcon.colcon_core.package_identification:_identify(~/yolobot/src) by extensions ['colcon_meta']
[0.359s] Level 1:colcon.colcon_core.package_identification:_identify(~/yolobot/src) by extension 'colcon_meta'
[0.359s] Level 1:colcon.colcon_core.package_identification:_identify(~/yolobot/src) by extensions ['ros']
[0.360s] Level 1:colcon.colcon_core.package_identification:_identify(~/yolobot/src) by extension 'ros'
[0.360s] Level 1:colcon.colcon_core.package_identification:_identify(~/yolobot/src) by extensions ['cmake', 'python']
[0.360s] Level 1:colcon.colcon_core.package_identification:_identify(~/yolobot/src) by extension 'cmake'
[0.360s] Level 1:colcon.colcon_core.package_identification:_identify(~/yolobot/src) by extension 'python'
[0.360s] Level 1:colcon.colcon_core.package_identification:_identify(~/yolobot/src) by extensions ['python_setup_py']
[0.360s] Level 1:colcon.colcon_core.package_identification:_identify(~/yolobot/src) by extension 'python_setup_py'
[0.360s] Level 1:colcon.colcon_core.package_identification:_identify(~/yolobot/src/yolobot_recognition) by extensions ['ignore', 'ignore_ament_install']
[0.360s] Level 1:colcon.colcon_core.package_identification:_identify(~/yolobot/src/yolobot_recognition) by extension 'ignore'
[0.360s] Level 1:colcon.colcon_core.package_identification:_identify(~/yolobot/src/yolobot_recognition) by extension 'ignore_ament_install'
[0.360s] Level 1:colcon.colcon_core.package_identification:_identify(~/yolobot/src/yolobot_recognition) by extensions ['colcon_pkg']
[0.360s] Level 1:colcon.colcon_core.package_identification:_identify(~/yolobot/src/yolobot_recognition) by extension 'colcon_pkg'
[0.360s] Level 1:colcon.colcon_core.package_identification:_identify(~/yolobot/src/yolobot_recognition) by extensions ['colcon_meta']
[0.360s] Level 1:colcon.colcon_core.package_identification:_identify(~/yolobot/src/yolobot_recognition) by extension 'colcon_meta'
[0.360s] Level 1:colcon.colcon_core.package_identification:_identify(~/yolobot/src/yolobot_recognition) by extensions ['ros']
[0.360s] Level 1:colcon.colcon_core.package_identification:_identify(~/yolobot/src/yolobot_recognition) by extension 'ros'
[0.360s] Level 1:colcon.colcon_core.package_identification:_identify(~/yolobot/src/yolobot_recognition) by extensions ['cmake', 'python']
[0.360s] Level 1:colcon.colcon_core.package_identification:_identify(~/yolobot/src/yolobot_recognition) by extension 'cmake'
[0.360s] Level 1:colcon.colcon_core.package_identification:_identify(~/yolobot/src/yolobot_recognition) by extension 'python'
[0.360s] Level 1:colcon.colcon_core.package_identification:_identify(~/yolobot/src/yolobot_recognition) by extensions ['python_setup_py']
[0.360s] Level 1:colcon.colcon_core.package_identification:_identify(~/yolobot/src/yolobot_recognition) by extension 'python_setup_py'
[0.360s] Level 1:colcon.colcon_core.package_identification:_identify(~/yolobot/src/yolobot_recognition/scripts) by extensions ['ignore', 'ignore_ament_install']
[0.360s] Level 1:colcon.colcon_core.package_identification:_identify(~/yolobot/src/yolobot_recognition/scripts) by extension 'ignore'
[0.360s] Level 1:colcon.colcon_core.package_identification:_identify(~/yolobot/src/yolobot_recognition/scripts) by extension 'ignore_ament_install'
[0.360s] Level 1:colcon.colcon_core.package_identification:_identify(~/yolobot/src/yolobot_recognition/scripts) by extensions ['colcon_pkg']
[0.360s] Level 1:colcon.colcon_core.package_identification:_identify(~/yolobot/src/yolobot_recognition/scripts) by extension 'colcon_pkg'
[0.360s] Level 1:colcon.colcon_core.package_identification:_identify(~/yolobot/src/yolobot_recognition/scripts) by extensions ['colcon_meta']
[0.360s] Level 1:colcon.colcon_core.package_identification:_identify(~/yolobot/src/yolobot_recognition/scripts) by extension 'colcon_meta'
[0.360s] Level 1:colcon.colcon_core.package_identification:_identify(~/yolobot/src/yolobot_recognition/scripts) by extensions ['ros']
[0.360s] Level 1:colcon.colcon_core.package_identification:_identify(~/yolobot/src/yolobot_recognition/scripts) by extension 'ros'
[0.360s] Level 1:colcon.colcon_core.package_identification:_identify(~/yolobot/src/yolobot_recognition/scripts) by extensions ['cmake', 'python']
[0.360s] Level 1:colcon.colcon_core.package_identification:_identify(~/yolobot/src/yolobot_recognition/scripts) by extension 'cmake'
[0.360s] Level 1:colcon.colcon_core.package_identification:_identify(~/yolobot/src/yolobot_recognition/scripts) by extension 'python'
[0.360s] Level 1:colcon.colcon_core.package_identification:_identify(~/yolobot/src/yolobot_recognition/scripts) by extensions ['python_setup_py']
[0.360s] Level 1:colcon.colcon_core.package_identification:_identify(~/yolobot/src/yolobot_recognition/scripts) by extension 'python_setup_py'
[0.361s] Level 1:colcon.colcon_core.package_discovery:discover_packages(recursive) using defaults
[0.361s] Level 1:colcon.colcon_core.package_discovery:discover_packages(ignore) discover
[0.361s] Level 1:colcon.colcon_core.package_discovery:discover_packages(ignore) using defaults
[0.361s] Level 1:colcon.colcon_core.package_discovery:discover_packages(path) discover
[0.361s] Level 1:colcon.colcon_core.package_discovery:discover_packages(path) using defaults
[0.378s] Level 1:colcon.colcon_core.package_discovery:discover_packages(prefix_path) check parameters
[0.378s] Level 1:colcon.colcon_core.package_discovery:discover_packages(prefix_path) discover
[0.381s] DEBUG:colcon.colcon_installed_package_information.package_discovery:Found 0 installed packages in /home/awadh/test3_ws/install
[0.381s] DEBUG:colcon.colcon_installed_package_information.package_discovery:Found 1 installed packages in /home/awadh/test2_ws/install
[0.382s] DEBUG:colcon.colcon_installed_package_information.package_discovery:Found 0 installed packages in /home/awadh/test_ws/install
[0.382s] DEBUG:colcon.colcon_installed_package_information.package_discovery:Found 0 installed packages in /home/awadh/obj_det_ws/install
[0.382s] DEBUG:colcon.colcon_installed_package_information.package_discovery:Found 17 installed packages in /home/awadh/zed_ws/install
[0.383s] DEBUG:colcon.colcon_installed_package_information.package_discovery:Found 2 installed packages in /home/awadh/ouster_ws/install
[0.383s] DEBUG:colcon.colcon_installed_package_information.package_discovery:Found 1 installed packages in /home/awadh/sick_tim_ws/install
[0.383s] DEBUG:colcon.colcon_installed_package_information.package_discovery:Found 6 installed packages in /home/awadh/ros2_ws/install
[0.383s] DEBUG:colcon.colcon_installed_package_information.package_discovery:Found 9 installed packages in /home/awadh/gazebo_ws/install
[0.384s] DEBUG:colcon.colcon_installed_package_information.package_discovery:Found 409 installed packages in /opt/ros/humble
[0.386s] Level 1:colcon.colcon_core.package_discovery:discover_packages(prefix_path) using defaults
[0.428s] Level 5:colcon.colcon_core.verb:set package 'yolobot_control' build argument 'cmake_args' from command line to 'None'
[0.428s] Level 5:colcon.colcon_core.verb:set package 'yolobot_control' build argument 'cmake_target' from command line to 'None'
[0.428s] Level 5:colcon.colcon_core.verb:set package 'yolobot_control' build argument 'cmake_target_skip_unavailable' from command line to 'False'
[0.428s] Level 5:colcon.colcon_core.verb:set package 'yolobot_control' build argument 'cmake_clean_cache' from command line to 'False'
[0.428s] Level 5:colcon.colcon_core.verb:set package 'yolobot_control' build argument 'cmake_clean_first' from command line to 'False'
[0.428s] Level 5:colcon.colcon_core.verb:set package 'yolobot_control' build argument 'cmake_force_configure' from command line to 'False'
[0.428s] Level 5:colcon.colcon_core.verb:set package 'yolobot_control' build argument 'ament_cmake_args' from command line to 'None'
[0.428s] Level 5:colcon.colcon_core.verb:set package 'yolobot_control' build argument 'catkin_cmake_args' from command line to 'None'
[0.428s] Level 5:colcon.colcon_core.verb:set package 'yolobot_control' build argument 'catkin_skip_building_tests' from command line to 'False'
[0.428s] DEBUG:colcon.colcon_core.verb:Building package 'yolobot_control' with the following arguments: {'ament_cmake_args': None, 'build_base': '/home/awadh/yolobot/build/yolobot_control', 'catkin_cmake_args': None, 'catkin_skip_building_tests': False, 'cmake_args': None, 'cmake_clean_cache': False, 'cmake_clean_first': False, 'cmake_force_configure': False, 'cmake_target': None, 'cmake_target_skip_unavailable': False, 'install_base': '/home/awadh/yolobot/install/yolobot_control', 'merge_install': False, 'path': '/home/awadh/yolobot/src/yolobot_control', 'symlink_install': False, 'test_result_base': None}
[0.429s] Level 5:colcon.colcon_core.verb:set package 'yolobot_description' build argument 'cmake_args' from command line to 'None'
[0.429s] Level 5:colcon.colcon_core.verb:set package 'yolobot_description' build argument 'cmake_target' from command line to 'None'
[0.429s] Level 5:colcon.colcon_core.verb:set package 'yolobot_description' build argument 'cmake_target_skip_unavailable' from command line to 'False'
[0.429s] Level 5:colcon.colcon_core.verb:set package 'yolobot_description' build argument 'cmake_clean_cache' from command line to 'False'
[0.429s] Level 5:colcon.colcon_core.verb:set package 'yolobot_description' build argument 'cmake_clean_first' from command line to 'False'
[0.429s] Level 5:colcon.colcon_core.verb:set package 'yolobot_description' build argument 'cmake_force_configure' from command line to 'False'
[0.429s] Level 5:colcon.colcon_core.verb:set package 'yolobot_description' build argument 'ament_cmake_args' from command line to 'None'
[0.429s] Level 5:colcon.colcon_core.verb:set package 'yolobot_description' build argument 'catkin_cmake_args' from command line to 'None'
[0.429s] Level 5:colcon.colcon_core.verb:set package 'yolobot_description' build argument 'catkin_skip_building_tests' from command line to 'False'
[0.429s] DEBUG:colcon.colcon_core.verb:Building package 'yolobot_description' with the following arguments: {'ament_cmake_args': None, 'build_base': '/home/awadh/yolobot/build/yolobot_description', 'catkin_cmake_args': None, 'catkin_skip_building_tests': False, 'cmake_args': None, 'cmake_clean_cache': False, 'cmake_clean_first': False, 'cmake_force_configure': False, 'cmake_target': None, 'cmake_target_skip_unavailable': False, 'install_base': '/home/awadh/yolobot/install/yolobot_description', 'merge_install': False, 'path': '/home/awadh/yolobot/src/yolobot_description', 'symlink_install': False, 'test_result_base': None}
[0.429s] Level 5:colcon.colcon_core.verb:set package 'yolobot_gazebo' build argument 'cmake_args' from command line to 'None'
[0.429s] Level 5:colcon.colcon_core.verb:set package 'yolobot_gazebo' build argument 'cmake_target' from command line to 'None'
[0.429s] Level 5:colcon.colcon_core.verb:set package 'yolobot_gazebo' build argument 'cmake_target_skip_unavailable' from command line to 'False'
[0.429s] Level 5:colcon.colcon_core.verb:set package 'yolobot_gazebo' build argument 'cmake_clean_cache' from command line to 'False'
[0.429s] Level 5:colcon.colcon_core.verb:set package 'yolobot_gazebo' build argument 'cmake_clean_first' from command line to 'False'
[0.429s] Level 5:colcon.colcon_core.verb:set package 'yolobot_gazebo' build argument 'cmake_force_configure' from command line to 'False'
[0.429s] Level 5:colcon.colcon_core.verb:set package 'yolobot_gazebo' build argument 'ament_cmake_args' from command line to 'None'
[0.429s] Level 5:colcon.colcon_core.verb:set package 'yolobot_gazebo' build argument 'catkin_cmake_args' from command line to 'None'
[0.429s] Level 5:colcon.colcon_core.verb:set package 'yolobot_gazebo' build argument 'catkin_skip_building_tests' from command line to 'False'
[0.429s] DEBUG:colcon.colcon_core.verb:Building package 'yolobot_gazebo' with the following arguments: {'ament_cmake_args': None, 'build_base': '/home/awadh/yolobot/build/yolobot_gazebo', 'catkin_cmake_args': None, 'catkin_skip_building_tests': False, 'cmake_args': None, 'cmake_clean_cache': False, 'cmake_clean_first': False, 'cmake_force_configure': False, 'cmake_target': None, 'cmake_target_skip_unavailable': False, 'install_base': '/home/awadh/yolobot/install/yolobot_gazebo', 'merge_install': False, 'path': '/home/awadh/yolobot/src/yolobot_gazebo', 'symlink_install': False, 'test_result_base': None}
[0.429s] Level 5:colcon.colcon_core.verb:set package 'yolobot_recognition' build argument 'cmake_args' from command line to 'None'
[0.429s] Level 5:colcon.colcon_core.verb:set package 'yolobot_recognition' build argument 'cmake_target' from command line to 'None'
[0.429s] Level 5:colcon.colcon_core.verb:set package 'yolobot_recognition' build argument 'cmake_target_skip_unavailable' from command line to 'False'
[0.429s] Level 5:colcon.colcon_core.verb:set package 'yolobot_recognition' build argument 'cmake_clean_cache' from command line to 'False'
[0.429s] Level 5:colcon.colcon_core.verb:set package 'yolobot_recognition' build argument 'cmake_clean_first' from command line to 'False'
[0.429s] Level 5:colcon.colcon_core.verb:set package 'yolobot_recognition' build argument 'cmake_force_configure' from command line to 'False'
[0.429s] Level 5:colcon.colcon_core.verb:set package 'yolobot_recognition' build argument 'ament_cmake_args' from command line to 'None'
[0.429s] Level 5:colcon.colcon_core.verb:set package 'yolobot_recognition' build argument 'catkin_cmake_args' from command line to 'None'
[0.429s] Level 5:colcon.colcon_core.verb:set package 'yolobot_recognition' build argument 'catkin_skip_building_tests' from command line to 'False'
[0.429s] DEBUG:colcon.colcon_core.verb:Building package 'yolobot_recognition' with the following arguments: {'ament_cmake_args': None, 'build_base': '/home/awadh/yolobot/build/yolobot_recognition', 'catkin_cmake_args': None, 'catkin_skip_building_tests': False, 'cmake_args': None, 'cmake_clean_cache': False, 'cmake_clean_first': False, 'cmake_force_configure': False, 'cmake_target': None, 'cmake_target_skip_unavailable': False, 'install_base': '/home/awadh/yolobot/install/yolobot_recognition', 'merge_install': False, 'path': '/home/awadh/yolobot/src/yolobot_recognition', 'symlink_install': False, 'test_result_base': None}
[0.429s] Level 5:colcon.colcon_core.verb:set package 'yolov8_msgs' build argument 'cmake_args' from command line to 'None'
[0.430s] Level 5:colcon.colcon_core.verb:set package 'yolov8_msgs' build argument 'cmake_target' from command line to 'None'
[0.430s] Level 5:colcon.colcon_core.verb:set package 'yolov8_msgs' build argument 'cmake_target_skip_unavailable' from command line to 'False'
[0.430s] Level 5:colcon.colcon_core.verb:set package 'yolov8_msgs' build argument 'cmake_clean_cache' from command line to 'False'
[0.430s] Level 5:colcon.colcon_core.verb:set package 'yolov8_msgs' build argument 'cmake_clean_first' from command line to 'False'
[0.430s] Level 5:colcon.colcon_core.verb:set package 'yolov8_msgs' build argument 'cmake_force_configure' from command line to 'False'
[0.430s] Level 5:colcon.colcon_core.verb:set package 'yolov8_msgs' build argument 'ament_cmake_args' from command line to 'None'
[0.430s] Level 5:colcon.colcon_core.verb:set package 'yolov8_msgs' build argument 'catkin_cmake_args' from command line to 'None'
[0.430s] Level 5:colcon.colcon_core.verb:set package 'yolov8_msgs' build argument 'catkin_skip_building_tests' from command line to 'False'
[0.430s] DEBUG:colcon.colcon_core.verb:Building package 'yolov8_msgs' with the following arguments: {'ament_cmake_args': None, 'build_base': '/home/awadh/yolobot/build/yolov8_msgs', 'catkin_cmake_args': None, 'catkin_skip_building_tests': False, 'cmake_args': None, 'cmake_clean_cache': False, 'cmake_clean_first': False, 'cmake_force_configure': False, 'cmake_target': None, 'cmake_target_skip_unavailable': False, 'install_base': '/home/awadh/yolobot/install/yolov8_msgs', 'merge_install': False, 'path': '/home/awadh/yolobot/src/yolov8_msgs', 'symlink_install': False, 'test_result_base': None}
[0.430s] INFO:colcon.colcon_core.executor:Executing jobs using 'parallel' executor
[0.430s] DEBUG:colcon.colcon_parallel_executor.executor.parallel:run_until_complete
[0.431s] INFO:colcon.colcon_ros.task.ament_cmake.build:Building ROS package in '/home/awadh/yolobot/src/yolobot_control' with build type 'ament_cmake'
[0.431s] INFO:colcon.colcon_cmake.task.cmake.build:Building CMake package in '/home/awadh/yolobot/src/yolobot_control'
[0.433s] INFO:colcon.colcon_core.plugin_system:Skipping extension 'colcon_core.shell.bat': Not used on non-Windows systems
[0.433s] INFO:colcon.colcon_core.shell:Skip shell extension 'powershell' for command environment: Not usable outside of PowerShell
[0.434s] DEBUG:colcon.colcon_core.shell:Skip shell extension 'dsv' for command environment
[0.438s] INFO:colcon.colcon_ros.task.ament_cmake.build:Building ROS package in '/home/awadh/yolobot/src/yolobot_description' with build type 'ament_cmake'
[0.438s] INFO:colcon.colcon_cmake.task.cmake.build:Building CMake package in '/home/awadh/yolobot/src/yolobot_description'
[0.438s] INFO:colcon.colcon_core.shell:Skip shell extension 'powershell' for command environment: Not usable outside of PowerShell
[0.439s] DEBUG:colcon.colcon_core.shell:Skip shell extension 'dsv' for command environment
[0.443s] INFO:colcon.colcon_ros.task.ament_cmake.build:Building ROS package in '/home/awadh/yolobot/src/yolobot_gazebo' with build type 'ament_cmake'
[0.443s] INFO:colcon.colcon_cmake.task.cmake.build:Building CMake package in '/home/awadh/yolobot/src/yolobot_gazebo'
[0.443s] INFO:colcon.colcon_core.shell:Skip shell extension 'powershell' for command environment: Not usable outside of PowerShell
[0.443s] DEBUG:colcon.colcon_core.shell:Skip shell extension 'dsv' for command environment
[0.447s] INFO:colcon.colcon_ros.task.ament_cmake.build:Building ROS package in '/home/awadh/yolobot/src/yolobot_recognition' with build type 'ament_cmake'
[0.447s] INFO:colcon.colcon_cmake.task.cmake.build:Building CMake package in '/home/awadh/yolobot/src/yolobot_recognition'
[0.448s] INFO:colcon.colcon_core.shell:Skip shell extension 'powershell' for command environment: Not usable outside of PowerShell
[0.448s] DEBUG:colcon.colcon_core.shell:Skip shell extension 'dsv' for command environment
[0.452s] INFO:colcon.colcon_ros.task.ament_cmake.build:Building ROS package in '/home/awadh/yolobot/src/yolov8_msgs' with build type 'ament_cmake'
[0.452s] INFO:colcon.colcon_cmake.task.cmake.build:Building CMake package in '/home/awadh/yolobot/src/yolov8_msgs'
[0.452s] INFO:colcon.colcon_core.shell:Skip shell extension 'powershell' for command environment: Not usable outside of PowerShell
[0.452s] DEBUG:colcon.colcon_core.shell:Skip shell extension 'dsv' for command environment
[0.460s] DEBUG:colcon.colcon_core.event_handler.log_command:Invoking command in '/home/awadh/yolobot/build/yolobot_control': CMAKE_PREFIX_PATH=/home/awadh/gazebo_ws/install/yolov8_msgs:/home/awadh/gazebo_ws/install/yolobot_recognition:/home/awadh/gazebo_ws/install/yolobot_gazebo:/home/awadh/gazebo_ws/install/yolobot_description:/home/awadh/gazebo_ws/install/yolobot_control:/home/awadh/gazebo_ws/install/my_robot_bringup:/home/awadh/gazebo_ws/install/my_robot_description:/home/awadh/test2_ws/install/pcl_object_detection:/home/awadh/zed_ws/install/zed_ros2:/home/awadh/zed_ws/install/zed_robot_integration:/home/awadh/zed_ws/install/zed_multi_camera:/home/awadh/zed_ws/install/zed_display_rviz2:/home/awadh/zed_ws/install/zed_depth_to_laserscan:/home/awadh/zed_ws/install/zed_wrapper:/home/awadh/zed_ws/install/zed_tutorial_video:/home/awadh/zed_ws/install/zed_tutorial_pos_tracking:/home/awadh/zed_ws/install/zed_tutorial_depth:/home/awadh/zed_ws/install/zed_topic_benchmark:/home/awadh/zed_ws/install/zed_topic_benchmark_component:/home/awadh/zed_ws/install/zed_topic_benchmark_interfaces:/home/awadh/zed_ws/install/zed_rgb_convert:/home/awadh/zed_ws/install/zed_aruco_localization:/home/awadh/zed_ws/install/zed_components:/home/awadh/zed_ws/install/rviz_plugin_zed_od:/home/awadh/zed_ws/install/zed_interfaces:/home/awadh/ouster_ws/install/ouster_ros:/home/awadh/ouster_ws/install/ouster_sensor_msgs:/home/awadh/ros2_ws/install/my_robot_bringup:/home/awadh/ros2_ws/install/turtlesim_project_cpp:/home/awadh/ros2_ws/install/my_cpp_pkg:/home/awadh/ros2_ws/install/my_robot_interfaces:/home/awadh/gazebo_ws/install/ultralytics_ros2:/home/awadh/ros2_ws/install/turtlesim_catch_them_all:/home/awadh/ros2_ws/install/my_py_pkg:/opt/ros/humble:/home/awadh/sick_tim_ws/install/sick_tim /usr/bin/cmake --build /home/awadh/yolobot/build/yolobot_control -- -j16 -l16
[0.462s] DEBUG:colcon.colcon_core.event_handler.log_command:Invoking command in '/home/awadh/yolobot/build/yolobot_description': CMAKE_PREFIX_PATH=/home/awadh/gazebo_ws/install/yolov8_msgs:/home/awadh/gazebo_ws/install/yolobot_recognition:/home/awadh/gazebo_ws/install/yolobot_gazebo:/home/awadh/gazebo_ws/install/yolobot_description:/home/awadh/gazebo_ws/install/yolobot_control:/home/awadh/gazebo_ws/install/my_robot_bringup:/home/awadh/gazebo_ws/install/my_robot_description:/home/awadh/test2_ws/install/pcl_object_detection:/home/awadh/zed_ws/install/zed_ros2:/home/awadh/zed_ws/install/zed_robot_integration:/home/awadh/zed_ws/install/zed_multi_camera:/home/awadh/zed_ws/install/zed_display_rviz2:/home/awadh/zed_ws/install/zed_depth_to_laserscan:/home/awadh/zed_ws/install/zed_wrapper:/home/awadh/zed_ws/install/zed_tutorial_video:/home/awadh/zed_ws/install/zed_tutorial_pos_tracking:/home/awadh/zed_ws/install/zed_tutorial_depth:/home/awadh/zed_ws/install/zed_topic_benchmark:/home/awadh/zed_ws/install/zed_topic_benchmark_component:/home/awadh/zed_ws/install/zed_topic_benchmark_interfaces:/home/awadh/zed_ws/install/zed_rgb_convert:/home/awadh/zed_ws/install/zed_aruco_localization:/home/awadh/zed_ws/install/zed_components:/home/awadh/zed_ws/install/rviz_plugin_zed_od:/home/awadh/zed_ws/install/zed_interfaces:/home/awadh/ouster_ws/install/ouster_ros:/home/awadh/ouster_ws/install/ouster_sensor_msgs:/home/awadh/ros2_ws/install/my_robot_bringup:/home/awadh/ros2_ws/install/turtlesim_project_cpp:/home/awadh/ros2_ws/install/my_cpp_pkg:/home/awadh/ros2_ws/install/my_robot_interfaces:/home/awadh/gazebo_ws/install/ultralytics_ros2:/home/awadh/ros2_ws/install/turtlesim_catch_them_all:/home/awadh/ros2_ws/install/my_py_pkg:/opt/ros/humble:/home/awadh/sick_tim_ws/install/sick_tim /usr/bin/cmake --build /home/awadh/yolobot/build/yolobot_description -- -j16 -l16
[0.464s] DEBUG:colcon.colcon_core.event_handler.log_command:Invoking command in '/home/awadh/yolobot/build/yolobot_gazebo': CMAKE_PREFIX_PATH=/home/awadh/gazebo_ws/install/yolov8_msgs:/home/awadh/gazebo_ws/install/yolobot_recognition:/home/awadh/gazebo_ws/install/yolobot_gazebo:/home/awadh/gazebo_ws/install/yolobot_description:/home/awadh/gazebo_ws/install/yolobot_control:/home/awadh/gazebo_ws/install/my_robot_bringup:/home/awadh/gazebo_ws/install/my_robot_description:/home/awadh/test2_ws/install/pcl_object_detection:/home/awadh/zed_ws/install/zed_ros2:/home/awadh/zed_ws/install/zed_robot_integration:/home/awadh/zed_ws/install/zed_multi_camera:/home/awadh/zed_ws/install/zed_display_rviz2:/home/awadh/zed_ws/install/zed_depth_to_laserscan:/home/awadh/zed_ws/install/zed_wrapper:/home/awadh/zed_ws/install/zed_tutorial_video:/home/awadh/zed_ws/install/zed_tutorial_pos_tracking:/home/awadh/zed_ws/install/zed_tutorial_depth:/home/awadh/zed_ws/install/zed_topic_benchmark:/home/awadh/zed_ws/install/zed_topic_benchmark_component:/home/awadh/zed_ws/install/zed_topic_benchmark_interfaces:/home/awadh/zed_ws/install/zed_rgb_convert:/home/awadh/zed_ws/install/zed_aruco_localization:/home/awadh/zed_ws/install/zed_components:/home/awadh/zed_ws/install/rviz_plugin_zed_od:/home/awadh/zed_ws/install/zed_interfaces:/home/awadh/ouster_ws/install/ouster_ros:/home/awadh/ouster_ws/install/ouster_sensor_msgs:/home/awadh/ros2_ws/install/my_robot_bringup:/home/awadh/ros2_ws/install/turtlesim_project_cpp:/home/awadh/ros2_ws/install/my_cpp_pkg:/home/awadh/ros2_ws/install/my_robot_interfaces:/home/awadh/gazebo_ws/install/ultralytics_ros2:/home/awadh/ros2_ws/install/turtlesim_catch_them_all:/home/awadh/ros2_ws/install/my_py_pkg:/opt/ros/humble:/home/awadh/sick_tim_ws/install/sick_tim /usr/bin/cmake --build /home/awadh/yolobot/build/yolobot_gazebo -- -j16 -l16
[0.466s] DEBUG:colcon.colcon_core.event_handler.log_command:Invoking command in '/home/awadh/yolobot/build/yolobot_recognition': CMAKE_PREFIX_PATH=/home/awadh/gazebo_ws/install/yolov8_msgs:/home/awadh/gazebo_ws/install/yolobot_recognition:/home/awadh/gazebo_ws/install/yolobot_gazebo:/home/awadh/gazebo_ws/install/yolobot_description:/home/awadh/gazebo_ws/install/yolobot_control:/home/awadh/gazebo_ws/install/my_robot_bringup:/home/awadh/gazebo_ws/install/my_robot_description:/home/awadh/test2_ws/install/pcl_object_detection:/home/awadh/zed_ws/install/zed_ros2:/home/awadh/zed_ws/install/zed_robot_integration:/home/awadh/zed_ws/install/zed_multi_camera:/home/awadh/zed_ws/install/zed_display_rviz2:/home/awadh/zed_ws/install/zed_depth_to_laserscan:/home/awadh/zed_ws/install/zed_wrapper:/home/awadh/zed_ws/install/zed_tutorial_video:/home/awadh/zed_ws/install/zed_tutorial_pos_tracking:/home/awadh/zed_ws/install/zed_tutorial_depth:/home/awadh/zed_ws/install/zed_topic_benchmark:/home/awadh/zed_ws/install/zed_topic_benchmark_component:/home/awadh/zed_ws/install/zed_topic_benchmark_interfaces:/home/awadh/zed_ws/install/zed_rgb_convert:/home/awadh/zed_ws/install/zed_aruco_localization:/home/awadh/zed_ws/install/zed_components:/home/awadh/zed_ws/install/rviz_plugin_zed_od:/home/awadh/zed_ws/install/zed_interfaces:/home/awadh/ouster_ws/install/ouster_ros:/home/awadh/ouster_ws/install/ouster_sensor_msgs:/home/awadh/ros2_ws/install/my_robot_bringup:/home/awadh/ros2_ws/install/turtlesim_project_cpp:/home/awadh/ros2_ws/install/my_cpp_pkg:/home/awadh/ros2_ws/install/my_robot_interfaces:/home/awadh/gazebo_ws/install/ultralytics_ros2:/home/awadh/ros2_ws/install/turtlesim_catch_them_all:/home/awadh/ros2_ws/install/my_py_pkg:/opt/ros/humble:/home/awadh/sick_tim_ws/install/sick_tim /usr/bin/cmake --build /home/awadh/yolobot/build/yolobot_recognition -- -j16 -l16
[0.469s] DEBUG:colcon.colcon_core.event_handler.log_command:Invoking command in '/home/awadh/yolobot/build/yolov8_msgs': CMAKE_PREFIX_PATH=/home/awadh/gazebo_ws/install/yolov8_msgs:/home/awadh/gazebo_ws/install/yolobot_recognition:/home/awadh/gazebo_ws/install/yolobot_gazebo:/home/awadh/gazebo_ws/install/yolobot_description:/home/awadh/gazebo_ws/install/yolobot_control:/home/awadh/gazebo_ws/install/my_robot_bringup:/home/awadh/gazebo_ws/install/my_robot_description:/home/awadh/test2_ws/install/pcl_object_detection:/home/awadh/zed_ws/install/zed_ros2:/home/awadh/zed_ws/install/zed_robot_integration:/home/awadh/zed_ws/install/zed_multi_camera:/home/awadh/zed_ws/install/zed_display_rviz2:/home/awadh/zed_ws/install/zed_depth_to_laserscan:/home/awadh/zed_ws/install/zed_wrapper:/home/awadh/zed_ws/install/zed_tutorial_video:/home/awadh/zed_ws/install/zed_tutorial_pos_tracking:/home/awadh/zed_ws/install/zed_tutorial_depth:/home/awadh/zed_ws/install/zed_topic_benchmark:/home/awadh/zed_ws/install/zed_topic_benchmark_component:/home/awadh/zed_ws/install/zed_topic_benchmark_interfaces:/home/awadh/zed_ws/install/zed_rgb_convert:/home/awadh/zed_ws/install/zed_aruco_localization:/home/awadh/zed_ws/install/zed_components:/home/awadh/zed_ws/install/rviz_plugin_zed_od:/home/awadh/zed_ws/install/zed_interfaces:/home/awadh/ouster_ws/install/ouster_ros:/home/awadh/ouster_ws/install/ouster_sensor_msgs:/home/awadh/ros2_ws/install/my_robot_bringup:/home/awadh/ros2_ws/install/turtlesim_project_cpp:/home/awadh/ros2_ws/install/my_cpp_pkg:/home/awadh/ros2_ws/install/my_robot_interfaces:/home/awadh/gazebo_ws/install/ultralytics_ros2:/home/awadh/ros2_ws/install/turtlesim_catch_them_all:/home/awadh/ros2_ws/install/my_py_pkg:/opt/ros/humble:/home/awadh/sick_tim_ws/install/sick_tim /usr/bin/cmake --build /home/awadh/yolobot/build/yolov8_msgs -- -j16 -l16
[0.511s] DEBUG:colcon.colcon_core.event_handler.log_command:Invoked command in '/home/awadh/yolobot/build/yolobot_recognition' returned '0': CMAKE_PREFIX_PATH=/home/awadh/gazebo_ws/install/yolov8_msgs:/home/awadh/gazebo_ws/install/yolobot_recognition:/home/awadh/gazebo_ws/install/yolobot_gazebo:/home/awadh/gazebo_ws/install/yolobot_description:/home/awadh/gazebo_ws/install/yolobot_control:/home/awadh/gazebo_ws/install/my_robot_bringup:/home/awadh/gazebo_ws/install/my_robot_description:/home/awadh/test2_ws/install/pcl_object_detection:/home/awadh/zed_ws/install/zed_ros2:/home/awadh/zed_ws/install/zed_robot_integration:/home/awadh/zed_ws/install/zed_multi_camera:/home/awadh/zed_ws/install/zed_display_rviz2:/home/awadh/zed_ws/install/zed_depth_to_laserscan:/home/awadh/zed_ws/install/zed_wrapper:/home/awadh/zed_ws/install/zed_tutorial_video:/home/awadh/zed_ws/install/zed_tutorial_pos_tracking:/home/awadh/zed_ws/install/zed_tutorial_depth:/home/awadh/zed_ws/install/zed_topic_benchmark:/home/awadh/zed_ws/install/zed_topic_benchmark_component:/home/awadh/zed_ws/install/zed_topic_benchmark_interfaces:/home/awadh/zed_ws/install/zed_rgb_convert:/home/awadh/zed_ws/install/zed_aruco_localization:/home/awadh/zed_ws/install/zed_components:/home/awadh/zed_ws/install/rviz_plugin_zed_od:/home/awadh/zed_ws/install/zed_interfaces:/home/awadh/ouster_ws/install/ouster_ros:/home/awadh/ouster_ws/install/ouster_sensor_msgs:/home/awadh/ros2_ws/install/my_robot_bringup:/home/awadh/ros2_ws/install/turtlesim_project_cpp:/home/awadh/ros2_ws/install/my_cpp_pkg:/home/awadh/ros2_ws/install/my_robot_interfaces:/home/awadh/gazebo_ws/install/ultralytics_ros2:/home/awadh/ros2_ws/install/turtlesim_catch_them_all:/home/awadh/ros2_ws/install/my_py_pkg:/opt/ros/humble:/home/awadh/sick_tim_ws/install/sick_tim /usr/bin/cmake --build /home/awadh/yolobot/build/yolobot_recognition -- -j16 -l16
[0.512s] DEBUG:colcon.colcon_core.event_handler.log_command:Invoked command in '/home/awadh/yolobot/build/yolobot_gazebo' returned '0': CMAKE_PREFIX_PATH=/home/awadh/gazebo_ws/install/yolov8_msgs:/home/awadh/gazebo_ws/install/yolobot_recognition:/home/awadh/gazebo_ws/install/yolobot_gazebo:/home/awadh/gazebo_ws/install/yolobot_description:/home/awadh/gazebo_ws/install/yolobot_control:/home/awadh/gazebo_ws/install/my_robot_bringup:/home/awadh/gazebo_ws/install/my_robot_description:/home/awadh/test2_ws/install/pcl_object_detection:/home/awadh/zed_ws/install/zed_ros2:/home/awadh/zed_ws/install/zed_robot_integration:/home/awadh/zed_ws/install/zed_multi_camera:/home/awadh/zed_ws/install/zed_display_rviz2:/home/awadh/zed_ws/install/zed_depth_to_laserscan:/home/awadh/zed_ws/install/zed_wrapper:/home/awadh/zed_ws/install/zed_tutorial_video:/home/awadh/zed_ws/install/zed_tutorial_pos_tracking:/home/awadh/zed_ws/install/zed_tutorial_depth:/home/awadh/zed_ws/install/zed_topic_benchmark:/home/awadh/zed_ws/install/zed_topic_benchmark_component:/home/awadh/zed_ws/install/zed_topic_benchmark_interfaces:/home/awadh/zed_ws/install/zed_rgb_convert:/home/awadh/zed_ws/install/zed_aruco_localization:/home/awadh/zed_ws/install/zed_components:/home/awadh/zed_ws/install/rviz_plugin_zed_od:/home/awadh/zed_ws/install/zed_interfaces:/home/awadh/ouster_ws/install/ouster_ros:/home/awadh/ouster_ws/install/ouster_sensor_msgs:/home/awadh/ros2_ws/install/my_robot_bringup:/home/awadh/ros2_ws/install/turtlesim_project_cpp:/home/awadh/ros2_ws/install/my_cpp_pkg:/home/awadh/ros2_ws/install/my_robot_interfaces:/home/awadh/gazebo_ws/install/ultralytics_ros2:/home/awadh/ros2_ws/install/turtlesim_catch_them_all:/home/awadh/ros2_ws/install/my_py_pkg:/opt/ros/humble:/home/awadh/sick_tim_ws/install/sick_tim /usr/bin/cmake --build /home/awadh/yolobot/build/yolobot_gazebo -- -j16 -l16
[0.513s] DEBUG:colcon.colcon_core.event_handler.log_command:Invoked command in '/home/awadh/yolobot/build/yolobot_control' returned '0': CMAKE_PREFIX_PATH=/home/awadh/gazebo_ws/install/yolov8_msgs:/home/awadh/gazebo_ws/install/yolobot_recognition:/home/awadh/gazebo_ws/install/yolobot_gazebo:/home/awadh/gazebo_ws/install/yolobot_description:/home/awadh/gazebo_ws/install/yolobot_control:/home/awadh/gazebo_ws/install/my_robot_bringup:/home/awadh/gazebo_ws/install/my_robot_description:/home/awadh/test2_ws/install/pcl_object_detection:/home/awadh/zed_ws/install/zed_ros2:/home/awadh/zed_ws/install/zed_robot_integration:/home/awadh/zed_ws/install/zed_multi_camera:/home/awadh/zed_ws/install/zed_display_rviz2:/home/awadh/zed_ws/install/zed_depth_to_laserscan:/home/awadh/zed_ws/install/zed_wrapper:/home/awadh/zed_ws/install/zed_tutorial_video:/home/awadh/zed_ws/install/zed_tutorial_pos_tracking:/home/awadh/zed_ws/install/zed_tutorial_depth:/home/awadh/zed_ws/install/zed_topic_benchmark:/home/awadh/zed_ws/install/zed_topic_benchmark_component:/home/awadh/zed_ws/install/zed_topic_benchmark_interfaces:/home/awadh/zed_ws/install/zed_rgb_convert:/home/awadh/zed_ws/install/zed_aruco_localization:/home/awadh/zed_ws/install/zed_components:/home/awadh/zed_ws/install/rviz_plugin_zed_od:/home/awadh/zed_ws/install/zed_interfaces:/home/awadh/ouster_ws/install/ouster_ros:/home/awadh/ouster_ws/install/ouster_sensor_msgs:/home/awadh/ros2_ws/install/my_robot_bringup:/home/awadh/ros2_ws/install/turtlesim_project_cpp:/home/awadh/ros2_ws/install/my_cpp_pkg:/home/awadh/ros2_ws/install/my_robot_interfaces:/home/awadh/gazebo_ws/install/ultralytics_ros2:/home/awadh/ros2_ws/install/turtlesim_catch_them_all:/home/awadh/ros2_ws/install/my_py_pkg:/opt/ros/humble:/home/awadh/sick_tim_ws/install/sick_tim /usr/bin/cmake --build /home/awadh/yolobot/build/yolobot_control -- -j16 -l16
[0.514s] DEBUG:colcon.colcon_core.event_handler.log_command:Invoked command in '/home/awadh/yolobot/build/yolobot_description' returned '0': CMAKE_PREFIX_PATH=/home/awadh/gazebo_ws/install/yolov8_msgs:/home/awadh/gazebo_ws/install/yolobot_recognition:/home/awadh/gazebo_ws/install/yolobot_gazebo:/home/awadh/gazebo_ws/install/yolobot_description:/home/awadh/gazebo_ws/install/yolobot_control:/home/awadh/gazebo_ws/install/my_robot_bringup:/home/awadh/gazebo_ws/install/my_robot_description:/home/awadh/test2_ws/install/pcl_object_detection:/home/awadh/zed_ws/install/zed_ros2:/home/awadh/zed_ws/install/zed_robot_integration:/home/awadh/zed_ws/install/zed_multi_camera:/home/awadh/zed_ws/install/zed_display_rviz2:/home/awadh/zed_ws/install/zed_depth_to_laserscan:/home/awadh/zed_ws/install/zed_wrapper:/home/awadh/zed_ws/install/zed_tutorial_video:/home/awadh/zed_ws/install/zed_tutorial_pos_tracking:/home/awadh/zed_ws/install/zed_tutorial_depth:/home/awadh/zed_ws/install/zed_topic_benchmark:/home/awadh/zed_ws/install/zed_topic_benchmark_component:/home/awadh/zed_ws/install/zed_topic_benchmark_interfaces:/home/awadh/zed_ws/install/zed_rgb_convert:/home/awadh/zed_ws/install/zed_aruco_localization:/home/awadh/zed_ws/install/zed_components:/home/awadh/zed_ws/install/rviz_plugin_zed_od:/home/awadh/zed_ws/install/zed_interfaces:/home/awadh/ouster_ws/install/ouster_ros:/home/awadh/ouster_ws/install/ouster_sensor_msgs:/home/awadh/ros2_ws/install/my_robot_bringup:/home/awadh/ros2_ws/install/turtlesim_project_cpp:/home/awadh/ros2_ws/install/my_cpp_pkg:/home/awadh/ros2_ws/install/my_robot_interfaces:/home/awadh/gazebo_ws/install/ultralytics_ros2:/home/awadh/ros2_ws/install/turtlesim_catch_them_all:/home/awadh/ros2_ws/install/my_py_pkg:/opt/ros/humble:/home/awadh/sick_tim_ws/install/sick_tim /usr/bin/cmake --build /home/awadh/yolobot/build/yolobot_description -- -j16 -l16
[0.540s] DEBUG:colcon.colcon_core.event_handler.log_command:Invoking command in '/home/awadh/yolobot/build/yolobot_recognition': CMAKE_PREFIX_PATH=/home/awadh/gazebo_ws/install/yolov8_msgs:/home/awadh/gazebo_ws/install/yolobot_recognition:/home/awadh/gazebo_ws/install/yolobot_gazebo:/home/awadh/gazebo_ws/install/yolobot_description:/home/awadh/gazebo_ws/install/yolobot_control:/home/awadh/gazebo_ws/install/my_robot_bringup:/home/awadh/gazebo_ws/install/my_robot_description:/home/awadh/test2_ws/install/pcl_object_detection:/home/awadh/zed_ws/install/zed_ros2:/home/awadh/zed_ws/install/zed_robot_integration:/home/awadh/zed_ws/install/zed_multi_camera:/home/awadh/zed_ws/install/zed_display_rviz2:/home/awadh/zed_ws/install/zed_depth_to_laserscan:/home/awadh/zed_ws/install/zed_wrapper:/home/awadh/zed_ws/install/zed_tutorial_video:/home/awadh/zed_ws/install/zed_tutorial_pos_tracking:/home/awadh/zed_ws/install/zed_tutorial_depth:/home/awadh/zed_ws/install/zed_topic_benchmark:/home/awadh/zed_ws/install/zed_topic_benchmark_component:/home/awadh/zed_ws/install/zed_topic_benchmark_interfaces:/home/awadh/zed_ws/install/zed_rgb_convert:/home/awadh/zed_ws/install/zed_aruco_localization:/home/awadh/zed_ws/install/zed_components:/home/awadh/zed_ws/install/rviz_plugin_zed_od:/home/awadh/zed_ws/install/zed_interfaces:/home/awadh/ouster_ws/install/ouster_ros:/home/awadh/ouster_ws/install/ouster_sensor_msgs:/home/awadh/ros2_ws/install/my_robot_bringup:/home/awadh/ros2_ws/install/turtlesim_project_cpp:/home/awadh/ros2_ws/install/my_cpp_pkg:/home/awadh/ros2_ws/install/my_robot_interfaces:/home/awadh/gazebo_ws/install/ultralytics_ros2:/home/awadh/ros2_ws/install/turtlesim_catch_them_all:/home/awadh/ros2_ws/install/my_py_pkg:/opt/ros/humble:/home/awadh/sick_tim_ws/install/sick_tim /usr/bin/cmake --install /home/awadh/yolobot/build/yolobot_recognition
[0.543s] DEBUG:colcon.colcon_core.event_handler.log_command:Invoking command in '/home/awadh/yolobot/build/yolobot_gazebo': CMAKE_PREFIX_PATH=/home/awadh/gazebo_ws/install/yolov8_msgs:/home/awadh/gazebo_ws/install/yolobot_recognition:/home/awadh/gazebo_ws/install/yolobot_gazebo:/home/awadh/gazebo_ws/install/yolobot_description:/home/awadh/gazebo_ws/install/yolobot_control:/home/awadh/gazebo_ws/install/my_robot_bringup:/home/awadh/gazebo_ws/install/my_robot_description:/home/awadh/test2_ws/install/pcl_object_detection:/home/awadh/zed_ws/install/zed_ros2:/home/awadh/zed_ws/install/zed_robot_integration:/home/awadh/zed_ws/install/zed_multi_camera:/home/awadh/zed_ws/install/zed_display_rviz2:/home/awadh/zed_ws/install/zed_depth_to_laserscan:/home/awadh/zed_ws/install/zed_wrapper:/home/awadh/zed_ws/install/zed_tutorial_video:/home/awadh/zed_ws/install/zed_tutorial_pos_tracking:/home/awadh/zed_ws/install/zed_tutorial_depth:/home/awadh/zed_ws/install/zed_topic_benchmark:/home/awadh/zed_ws/install/zed_topic_benchmark_component:/home/awadh/zed_ws/install/zed_topic_benchmark_interfaces:/home/awadh/zed_ws/install/zed_rgb_convert:/home/awadh/zed_ws/install/zed_aruco_localization:/home/awadh/zed_ws/install/zed_components:/home/awadh/zed_ws/install/rviz_plugin_zed_od:/home/awadh/zed_ws/install/zed_interfaces:/home/awadh/ouster_ws/install/ouster_ros:/home/awadh/ouster_ws/install/ouster_sensor_msgs:/home/awadh/ros2_ws/install/my_robot_bringup:/home/awadh/ros2_ws/install/turtlesim_project_cpp:/home/awadh/ros2_ws/install/my_cpp_pkg:/home/awadh/ros2_ws/install/my_robot_interfaces:/home/awadh/gazebo_ws/install/ultralytics_ros2:/home/awadh/ros2_ws/install/turtlesim_catch_them_all:/home/awadh/ros2_ws/install/my_py_pkg:/opt/ros/humble:/home/awadh/sick_tim_ws/install/sick_tim /usr/bin/cmake --install /home/awadh/yolobot/build/yolobot_gazebo
[0.544s] DEBUG:colcon.colcon_core.event_handler.log_command:Invoking command in '/home/awadh/yolobot/build/yolobot_control': CMAKE_PREFIX_PATH=/home/awadh/gazebo_ws/install/yolov8_msgs:/home/awadh/gazebo_ws/install/yolobot_recognition:/home/awadh/gazebo_ws/install/yolobot_gazebo:/home/awadh/gazebo_ws/install/yolobot_description:/home/awadh/gazebo_ws/install/yolobot_control:/home/awadh/gazebo_ws/install/my_robot_bringup:/home/awadh/gazebo_ws/install/my_robot_description:/home/awadh/test2_ws/install/pcl_object_detection:/home/awadh/zed_ws/install/zed_ros2:/home/awadh/zed_ws/install/zed_robot_integration:/home/awadh/zed_ws/install/zed_multi_camera:/home/awadh/zed_ws/install/zed_display_rviz2:/home/awadh/zed_ws/install/zed_depth_to_laserscan:/home/awadh/zed_ws/install/zed_wrapper:/home/awadh/zed_ws/install/zed_tutorial_video:/home/awadh/zed_ws/install/zed_tutorial_pos_tracking:/home/awadh/zed_ws/install/zed_tutorial_depth:/home/awadh/zed_ws/install/zed_topic_benchmark:/home/awadh/zed_ws/install/zed_topic_benchmark_component:/home/awadh/zed_ws/install/zed_topic_benchmark_interfaces:/home/awadh/zed_ws/install/zed_rgb_convert:/home/awadh/zed_ws/install/zed_aruco_localization:/home/awadh/zed_ws/install/zed_components:/home/awadh/zed_ws/install/rviz_plugin_zed_od:/home/awadh/zed_ws/install/zed_interfaces:/home/awadh/ouster_ws/install/ouster_ros:/home/awadh/ouster_ws/install/ouster_sensor_msgs:/home/awadh/ros2_ws/install/my_robot_bringup:/home/awadh/ros2_ws/install/turtlesim_project_cpp:/home/awadh/ros2_ws/install/my_cpp_pkg:/home/awadh/ros2_ws/install/my_robot_interfaces:/home/awadh/gazebo_ws/install/ultralytics_ros2:/home/awadh/ros2_ws/install/turtlesim_catch_them_all:/home/awadh/ros2_ws/install/my_py_pkg:/opt/ros/humble:/home/awadh/sick_tim_ws/install/sick_tim /usr/bin/cmake --install /home/awadh/yolobot/build/yolobot_control
[0.545s] DEBUG:colcon.colcon_core.event_handler.log_command:Invoking command in '/home/awadh/yolobot/build/yolobot_description': CMAKE_PREFIX_PATH=/home/awadh/gazebo_ws/install/yolov8_msgs:/home/awadh/gazebo_ws/install/yolobot_recognition:/home/awadh/gazebo_ws/install/yolobot_gazebo:/home/awadh/gazebo_ws/install/yolobot_description:/home/awadh/gazebo_ws/install/yolobot_control:/home/awadh/gazebo_ws/install/my_robot_bringup:/home/awadh/gazebo_ws/install/my_robot_description:/home/awadh/test2_ws/install/pcl_object_detection:/home/awadh/zed_ws/install/zed_ros2:/home/awadh/zed_ws/install/zed_robot_integration:/home/awadh/zed_ws/install/zed_multi_camera:/home/awadh/zed_ws/install/zed_display_rviz2:/home/awadh/zed_ws/install/zed_depth_to_laserscan:/home/awadh/zed_ws/install/zed_wrapper:/home/awadh/zed_ws/install/zed_tutorial_video:/home/awadh/zed_ws/install/zed_tutorial_pos_tracking:/home/awadh/zed_ws/install/zed_tutorial_depth:/home/awadh/zed_ws/install/zed_topic_benchmark:/home/awadh/zed_ws/install/zed_topic_benchmark_component:/home/awadh/zed_ws/install/zed_topic_benchmark_interfaces:/home/awadh/zed_ws/install/zed_rgb_convert:/home/awadh/zed_ws/install/zed_aruco_localization:/home/awadh/zed_ws/install/zed_components:/home/awadh/zed_ws/install/rviz_plugin_zed_od:/home/awadh/zed_ws/install/zed_interfaces:/home/awadh/ouster_ws/install/ouster_ros:/home/awadh/ouster_ws/install/ouster_sensor_msgs:/home/awadh/ros2_ws/install/my_robot_bringup:/home/awadh/ros2_ws/install/turtlesim_project_cpp:/home/awadh/ros2_ws/install/my_cpp_pkg:/home/awadh/ros2_ws/install/my_robot_interfaces:/home/awadh/gazebo_ws/install/ultralytics_ros2:/home/awadh/ros2_ws/install/turtlesim_catch_them_all:/home/awadh/ros2_ws/install/my_py_pkg:/opt/ros/humble:/home/awadh/sick_tim_ws/install/sick_tim /usr/bin/cmake --install /home/awadh/yolobot/build/yolobot_description
[0.552s] Level 1:colcon.colcon_core.environment:create_environment_scripts_only(yolobot_gazebo)
[0.552s] DEBUG:colcon.colcon_core.event_handler.log_command:Invoked command in '/home/awadh/yolobot/build/yolobot_gazebo' returned '0': CMAKE_PREFIX_PATH=/home/awadh/gazebo_ws/install/yolov8_msgs:/home/awadh/gazebo_ws/install/yolobot_recognition:/home/awadh/gazebo_ws/install/yolobot_gazebo:/home/awadh/gazebo_ws/install/yolobot_description:/home/awadh/gazebo_ws/install/yolobot_control:/home/awadh/gazebo_ws/install/my_robot_bringup:/home/awadh/gazebo_ws/install/my_robot_description:/home/awadh/test2_ws/install/pcl_object_detection:/home/awadh/zed_ws/install/zed_ros2:/home/awadh/zed_ws/install/zed_robot_integration:/home/awadh/zed_ws/install/zed_multi_camera:/home/awadh/zed_ws/install/zed_display_rviz2:/home/awadh/zed_ws/install/zed_depth_to_laserscan:/home/awadh/zed_ws/install/zed_wrapper:/home/awadh/zed_ws/install/zed_tutorial_video:/home/awadh/zed_ws/install/zed_tutorial_pos_tracking:/home/awadh/zed_ws/install/zed_tutorial_depth:/home/awadh/zed_ws/install/zed_topic_benchmark:/home/awadh/zed_ws/install/zed_topic_benchmark_component:/home/awadh/zed_ws/install/zed_topic_benchmark_interfaces:/home/awadh/zed_ws/install/zed_rgb_convert:/home/awadh/zed_ws/install/zed_aruco_localization:/home/awadh/zed_ws/install/zed_components:/home/awadh/zed_ws/install/rviz_plugin_zed_od:/home/awadh/zed_ws/install/zed_interfaces:/home/awadh/ouster_ws/install/ouster_ros:/home/awadh/ouster_ws/install/ouster_sensor_msgs:/home/awadh/ros2_ws/install/my_robot_bringup:/home/awadh/ros2_ws/install/turtlesim_project_cpp:/home/awadh/ros2_ws/install/my_cpp_pkg:/home/awadh/ros2_ws/install/my_robot_interfaces:/home/awadh/gazebo_ws/install/ultralytics_ros2:/home/awadh/ros2_ws/install/turtlesim_catch_them_all:/home/awadh/ros2_ws/install/my_py_pkg:/opt/ros/humble:/home/awadh/sick_tim_ws/install/sick_tim /usr/bin/cmake --install /home/awadh/yolobot/build/yolobot_gazebo
[0.559s] Level 1:colcon.colcon_core.environment:checking '/home/awadh/yolobot/install/yolobot_gazebo' for CMake module files
[0.560s] Level 1:colcon.colcon_core.environment:checking '/home/awadh/yolobot/install/yolobot_gazebo' for CMake config files
[0.560s] Level 1:colcon.colcon_core.shell:create_environment_hook('yolobot_gazebo', 'cmake_prefix_path')
[0.560s] INFO:colcon.colcon_core.shell:Creating environment hook '/home/awadh/yolobot/install/yolobot_gazebo/share/yolobot_gazebo/hook/cmake_prefix_path.ps1'
[0.561s] INFO:colcon.colcon_core.shell:Creating environment descriptor '/home/awadh/yolobot/install/yolobot_gazebo/share/yolobot_gazebo/hook/cmake_prefix_path.dsv'
[0.563s] INFO:colcon.colcon_core.shell:Creating environment hook '/home/awadh/yolobot/install/yolobot_gazebo/share/yolobot_gazebo/hook/cmake_prefix_path.sh'
[0.563s] Level 1:colcon.colcon_core.environment:checking '/home/awadh/yolobot/install/yolobot_gazebo/bin'
[0.563s] Level 1:colcon.colcon_core.environment:checking '/home/awadh/yolobot/install/yolobot_gazebo/lib/pkgconfig/yolobot_gazebo.pc'
[0.564s] Level 1:colcon.colcon_core.environment:checking '/home/awadh/yolobot/install/yolobot_gazebo/lib/python3.10/site-packages'
[0.564s] Level 1:colcon.colcon_core.environment:checking '/home/awadh/yolobot/install/yolobot_gazebo/bin'
[0.564s] INFO:colcon.colcon_core.shell:Creating package script '/home/awadh/yolobot/install/yolobot_gazebo/share/yolobot_gazebo/package.ps1'
[0.564s] INFO:colcon.colcon_core.shell:Creating package descriptor '/home/awadh/yolobot/install/yolobot_gazebo/share/yolobot_gazebo/package.dsv'
[0.565s] INFO:colcon.colcon_core.shell:Creating package script '/home/awadh/yolobot/install/yolobot_gazebo/share/yolobot_gazebo/package.sh'
[0.565s] INFO:colcon.colcon_core.shell:Creating package script '/home/awadh/yolobot/install/yolobot_gazebo/share/yolobot_gazebo/package.bash'
[0.566s] INFO:colcon.colcon_core.shell:Creating package script '/home/awadh/yolobot/install/yolobot_gazebo/share/yolobot_gazebo/package.zsh'
[0.566s] Level 1:colcon.colcon_core.environment:create_file_with_runtime_dependencies(/home/awadh/yolobot/install/yolobot_gazebo/share/colcon-core/packages/yolobot_gazebo)
[0.568s] Level 1:colcon.colcon_core.environment:create_environment_scripts_only(yolobot_description)
[0.568s] Level 1:colcon.colcon_core.environment:checking '/home/awadh/yolobot/install/yolobot_description' for CMake module files
[0.568s] DEBUG:colcon.colcon_core.event_handler.log_command:Invoked command in '/home/awadh/yolobot/build/yolobot_description' returned '0': CMAKE_PREFIX_PATH=/home/awadh/gazebo_ws/install/yolov8_msgs:/home/awadh/gazebo_ws/install/yolobot_recognition:/home/awadh/gazebo_ws/install/yolobot_gazebo:/home/awadh/gazebo_ws/install/yolobot_description:/home/awadh/gazebo_ws/install/yolobot_control:/home/awadh/gazebo_ws/install/my_robot_bringup:/home/awadh/gazebo_ws/install/my_robot_description:/home/awadh/test2_ws/install/pcl_object_detection:/home/awadh/zed_ws/install/zed_ros2:/home/awadh/zed_ws/install/zed_robot_integration:/home/awadh/zed_ws/install/zed_multi_camera:/home/awadh/zed_ws/install/zed_display_rviz2:/home/awadh/zed_ws/install/zed_depth_to_laserscan:/home/awadh/zed_ws/install/zed_wrapper:/home/awadh/zed_ws/install/zed_tutorial_video:/home/awadh/zed_ws/install/zed_tutorial_pos_tracking:/home/awadh/zed_ws/install/zed_tutorial_depth:/home/awadh/zed_ws/install/zed_topic_benchmark:/home/awadh/zed_ws/install/zed_topic_benchmark_component:/home/awadh/zed_ws/install/zed_topic_benchmark_interfaces:/home/awadh/zed_ws/install/zed_rgb_convert:/home/awadh/zed_ws/install/zed_aruco_localization:/home/awadh/zed_ws/install/zed_components:/home/awadh/zed_ws/install/rviz_plugin_zed_od:/home/awadh/zed_ws/install/zed_interfaces:/home/awadh/ouster_ws/install/ouster_ros:/home/awadh/ouster_ws/install/ouster_sensor_msgs:/home/awadh/ros2_ws/install/my_robot_bringup:/home/awadh/ros2_ws/install/turtlesim_project_cpp:/home/awadh/ros2_ws/install/my_cpp_pkg:/home/awadh/ros2_ws/install/my_robot_interfaces:/home/awadh/gazebo_ws/install/ultralytics_ros2:/home/awadh/ros2_ws/install/turtlesim_catch_them_all:/home/awadh/ros2_ws/install/my_py_pkg:/opt/ros/humble:/home/awadh/sick_tim_ws/install/sick_tim /usr/bin/cmake --install /home/awadh/yolobot/build/yolobot_description
[0.569s] Level 1:colcon.colcon_core.environment:checking '/home/awadh/yolobot/install/yolobot_description' for CMake config files
[0.569s] Level 1:colcon.colcon_core.shell:create_environment_hook('yolobot_description', 'cmake_prefix_path')
[0.569s] INFO:colcon.colcon_core.shell:Creating environment hook '/home/awadh/yolobot/install/yolobot_description/share/yolobot_description/hook/cmake_prefix_path.ps1'
[0.569s] INFO:colcon.colcon_core.shell:Creating environment descriptor '/home/awadh/yolobot/install/yolobot_description/share/yolobot_description/hook/cmake_prefix_path.dsv'
[0.570s] INFO:colcon.colcon_core.shell:Creating environment hook '/home/awadh/yolobot/install/yolobot_description/share/yolobot_description/hook/cmake_prefix_path.sh'
[0.570s] Level 1:colcon.colcon_core.environment:checking '/home/awadh/yolobot/install/yolobot_description/lib'
[0.570s] Level 1:colcon.colcon_core.environment:checking '/home/awadh/yolobot/install/yolobot_description/bin'
[0.570s] Level 1:colcon.colcon_core.environment:checking '/home/awadh/yolobot/install/yolobot_description/lib/pkgconfig/yolobot_description.pc'
[0.570s] Level 1:colcon.colcon_core.environment:checking '/home/awadh/yolobot/install/yolobot_description/lib/python3.10/site-packages'
[0.570s] Level 1:colcon.colcon_core.environment:checking '/home/awadh/yolobot/install/yolobot_description/bin'
[0.571s] INFO:colcon.colcon_core.shell:Creating package script '/home/awadh/yolobot/install/yolobot_description/share/yolobot_description/package.ps1'
[0.571s] INFO:colcon.colcon_core.shell:Creating package descriptor '/home/awadh/yolobot/install/yolobot_description/share/yolobot_description/package.dsv'
[0.571s] INFO:colcon.colcon_core.shell:Creating package script '/home/awadh/yolobot/install/yolobot_description/share/yolobot_description/package.sh'
[0.571s] INFO:colcon.colcon_core.shell:Creating package script '/home/awadh/yolobot/install/yolobot_description/share/yolobot_description/package.bash'
[0.571s] INFO:colcon.colcon_core.shell:Creating package script '/home/awadh/yolobot/install/yolobot_description/share/yolobot_description/package.zsh'
[0.572s] Level 1:colcon.colcon_core.environment:create_file_with_runtime_dependencies(/home/awadh/yolobot/install/yolobot_description/share/colcon-core/packages/yolobot_description)
[0.572s] Level 1:colcon.colcon_core.environment:create_environment_scripts_only(yolobot_control)
[0.572s] Level 1:colcon.colcon_core.environment:checking '/home/awadh/yolobot/install/yolobot_control' for CMake module files
[0.573s] DEBUG:colcon.colcon_core.event_handler.log_command:Invoked command in '/home/awadh/yolobot/build/yolobot_control' returned '0': CMAKE_PREFIX_PATH=/home/awadh/gazebo_ws/install/yolov8_msgs:/home/awadh/gazebo_ws/install/yolobot_recognition:/home/awadh/gazebo_ws/install/yolobot_gazebo:/home/awadh/gazebo_ws/install/yolobot_description:/home/awadh/gazebo_ws/install/yolobot_control:/home/awadh/gazebo_ws/install/my_robot_bringup:/home/awadh/gazebo_ws/install/my_robot_description:/home/awadh/test2_ws/install/pcl_object_detection:/home/awadh/zed_ws/install/zed_ros2:/home/awadh/zed_ws/install/zed_robot_integration:/home/awadh/zed_ws/install/zed_multi_camera:/home/awadh/zed_ws/install/zed_display_rviz2:/home/awadh/zed_ws/install/zed_depth_to_laserscan:/home/awadh/zed_ws/install/zed_wrapper:/home/awadh/zed_ws/install/zed_tutorial_video:/home/awadh/zed_ws/install/zed_tutorial_pos_tracking:/home/awadh/zed_ws/install/zed_tutorial_depth:/home/awadh/zed_ws/install/zed_topic_benchmark:/home/awadh/zed_ws/install/zed_topic_benchmark_component:/home/awadh/zed_ws/install/zed_topic_benchmark_interfaces:/home/awadh/zed_ws/install/zed_rgb_convert:/home/awadh/zed_ws/install/zed_aruco_localization:/home/awadh/zed_ws/install/zed_components:/home/awadh/zed_ws/install/rviz_plugin_zed_od:/home/awadh/zed_ws/install/zed_interfaces:/home/awadh/ouster_ws/install/ouster_ros:/home/awadh/ouster_ws/install/ouster_sensor_msgs:/home/awadh/ros2_ws/install/my_robot_bringup:/home/awadh/ros2_ws/install/turtlesim_project_cpp:/home/awadh/ros2_ws/install/my_cpp_pkg:/home/awadh/ros2_ws/install/my_robot_interfaces:/home/awadh/gazebo_ws/install/ultralytics_ros2:/home/awadh/ros2_ws/install/turtlesim_catch_them_all:/home/awadh/ros2_ws/install/my_py_pkg:/opt/ros/humble:/home/awadh/sick_tim_ws/install/sick_tim /usr/bin/cmake --install /home/awadh/yolobot/build/yolobot_control
[0.573s] Level 1:colcon.colcon_core.environment:checking '/home/awadh/yolobot/install/yolobot_control' for CMake config files
[0.574s] Level 1:colcon.colcon_core.shell:create_environment_hook('yolobot_control', 'cmake_prefix_path')
[0.574s] INFO:colcon.colcon_core.shell:Creating environment hook '/home/awadh/yolobot/install/yolobot_control/share/yolobot_control/hook/cmake_prefix_path.ps1'
[0.574s] INFO:colcon.colcon_core.shell:Creating environment descriptor '/home/awadh/yolobot/install/yolobot_control/share/yolobot_control/hook/cmake_prefix_path.dsv'
[0.574s] INFO:colcon.colcon_core.shell:Creating environment hook '/home/awadh/yolobot/install/yolobot_control/share/yolobot_control/hook/cmake_prefix_path.sh'
[0.575s] Level 1:colcon.colcon_core.environment:checking '/home/awadh/yolobot/install/yolobot_control/lib'
[0.575s] Level 1:colcon.colcon_core.environment:checking '/home/awadh/yolobot/install/yolobot_control/bin'
[0.575s] Level 1:colcon.colcon_core.environment:checking '/home/awadh/yolobot/install/yolobot_control/lib/pkgconfig/yolobot_control.pc'
[0.575s] Level 1:colcon.colcon_core.environment:checking '/home/awadh/yolobot/install/yolobot_control/lib/python3.10/site-packages'
[0.575s] Level 1:colcon.colcon_core.environment:checking '/home/awadh/yolobot/install/yolobot_control/bin'
[0.575s] INFO:colcon.colcon_core.shell:Creating package script '/home/awadh/yolobot/install/yolobot_control/share/yolobot_control/package.ps1'
[0.576s] INFO:colcon.colcon_core.shell:Creating package descriptor '/home/awadh/yolobot/install/yolobot_control/share/yolobot_control/package.dsv'
[0.576s] INFO:colcon.colcon_core.shell:Creating package script '/home/awadh/yolobot/install/yolobot_control/share/yolobot_control/package.sh'
[0.576s] INFO:colcon.colcon_core.shell:Creating package script '/home/awadh/yolobot/install/yolobot_control/share/yolobot_control/package.bash'
[0.576s] INFO:colcon.colcon_core.shell:Creating package script '/home/awadh/yolobot/install/yolobot_control/share/yolobot_control/package.zsh'
[0.576s] Level 1:colcon.colcon_core.environment:create_file_with_runtime_dependencies(/home/awadh/yolobot/install/yolobot_control/share/colcon-core/packages/yolobot_control)
[0.577s] Level 1:colcon.colcon_core.environment:create_environment_scripts_only(yolobot_recognition)
[0.577s] Level 1:colcon.colcon_core.environment:checking '/home/awadh/yolobot/install/yolobot_recognition' for CMake module files
[0.577s] DEBUG:colcon.colcon_core.event_handler.log_command:Invoked command in '/home/awadh/yolobot/build/yolobot_recognition' returned '0': CMAKE_PREFIX_PATH=/home/awadh/gazebo_ws/install/yolov8_msgs:/home/awadh/gazebo_ws/install/yolobot_recognition:/home/awadh/gazebo_ws/install/yolobot_gazebo:/home/awadh/gazebo_ws/install/yolobot_description:/home/awadh/gazebo_ws/install/yolobot_control:/home/awadh/gazebo_ws/install/my_robot_bringup:/home/awadh/gazebo_ws/install/my_robot_description:/home/awadh/test2_ws/install/pcl_object_detection:/home/awadh/zed_ws/install/zed_ros2:/home/awadh/zed_ws/install/zed_robot_integration:/home/awadh/zed_ws/install/zed_multi_camera:/home/awadh/zed_ws/install/zed_display_rviz2:/home/awadh/zed_ws/install/zed_depth_to_laserscan:/home/awadh/zed_ws/install/zed_wrapper:/home/awadh/zed_ws/install/zed_tutorial_video:/home/awadh/zed_ws/install/zed_tutorial_pos_tracking:/home/awadh/zed_ws/install/zed_tutorial_depth:/home/awadh/zed_ws/install/zed_topic_benchmark:/home/awadh/zed_ws/install/zed_topic_benchmark_component:/home/awadh/zed_ws/install/zed_topic_benchmark_interfaces:/home/awadh/zed_ws/install/zed_rgb_convert:/home/awadh/zed_ws/install/zed_aruco_localization:/home/awadh/zed_ws/install/zed_components:/home/awadh/zed_ws/install/rviz_plugin_zed_od:/home/awadh/zed_ws/install/zed_interfaces:/home/awadh/ouster_ws/install/ouster_ros:/home/awadh/ouster_ws/install/ouster_sensor_msgs:/home/awadh/ros2_ws/install/my_robot_bringup:/home/awadh/ros2_ws/install/turtlesim_project_cpp:/home/awadh/ros2_ws/install/my_cpp_pkg:/home/awadh/ros2_ws/install/my_robot_interfaces:/home/awadh/gazebo_ws/install/ultralytics_ros2:/home/awadh/ros2_ws/install/turtlesim_catch_them_all:/home/awadh/ros2_ws/install/my_py_pkg:/opt/ros/humble:/home/awadh/sick_tim_ws/install/sick_tim /usr/bin/cmake --install /home/awadh/yolobot/build/yolobot_recognition
[0.578s] Level 1:colcon.colcon_core.environment:checking '/home/awadh/yolobot/install/yolobot_recognition' for CMake config files
[0.578s] Level 1:colcon.colcon_core.shell:create_environment_hook('yolobot_recognition', 'cmake_prefix_path')
[0.578s] INFO:colcon.colcon_core.shell:Creating environment hook '/home/awadh/yolobot/install/yolobot_recognition/share/yolobot_recognition/hook/cmake_prefix_path.ps1'
[0.579s] INFO:colcon.colcon_core.shell:Creating environment descriptor '/home/awadh/yolobot/install/yolobot_recognition/share/yolobot_recognition/hook/cmake_prefix_path.dsv'
[0.579s] INFO:colcon.colcon_core.shell:Creating environment hook '/home/awadh/yolobot/install/yolobot_recognition/share/yolobot_recognition/hook/cmake_prefix_path.sh'
[0.579s] Level 1:colcon.colcon_core.environment:checking '/home/awadh/yolobot/install/yolobot_recognition/lib'
[0.579s] Level 1:colcon.colcon_core.environment:checking '/home/awadh/yolobot/install/yolobot_recognition/bin'
[0.579s] Level 1:colcon.colcon_core.environment:checking '/home/awadh/yolobot/install/yolobot_recognition/lib/pkgconfig/yolobot_recognition.pc'
[0.579s] Level 1:colcon.colcon_core.environment:checking '/home/awadh/yolobot/install/yolobot_recognition/lib/python3.10/site-packages'
[0.579s] Level 1:colcon.colcon_core.environment:checking '/home/awadh/yolobot/install/yolobot_recognition/bin'
[0.580s] INFO:colcon.colcon_core.shell:Creating package script '/home/awadh/yolobot/install/yolobot_recognition/share/yolobot_recognition/package.ps1'
[0.580s] INFO:colcon.colcon_core.shell:Creating package descriptor '/home/awadh/yolobot/install/yolobot_recognition/share/yolobot_recognition/package.dsv'
[0.580s] INFO:colcon.colcon_core.shell:Creating package script '/home/awadh/yolobot/install/yolobot_recognition/share/yolobot_recognition/package.sh'
[0.580s] INFO:colcon.colcon_core.shell:Creating package script '/home/awadh/yolobot/install/yolobot_recognition/share/yolobot_recognition/package.bash'
[0.581s] INFO:colcon.colcon_core.shell:Creating package script '/home/awadh/yolobot/install/yolobot_recognition/share/yolobot_recognition/package.zsh'
[0.581s] Level 1:colcon.colcon_core.environment:create_file_with_runtime_dependencies(/home/awadh/yolobot/install/yolobot_recognition/share/colcon-core/packages/yolobot_recognition)
[0.587s] Level 1:colcon.colcon_core.environment:create_environment_scripts_only(yolobot_gazebo)
[0.587s] Level 1:colcon.colcon_core.environment:checking '/home/awadh/yolobot/install/yolobot_gazebo' for CMake module files
[0.588s] Level 1:colcon.colcon_core.environment:checking '/home/awadh/yolobot/install/yolobot_gazebo' for CMake config files
[0.588s] Level 1:colcon.colcon_core.shell:create_environment_hook('yolobot_gazebo', 'cmake_prefix_path')
[0.588s] INFO:colcon.colcon_core.shell:Creating environment hook '/home/awadh/yolobot/install/yolobot_gazebo/share/yolobot_gazebo/hook/cmake_prefix_path.ps1'
[0.588s] INFO:colcon.colcon_core.shell:Creating environment descriptor '/home/awadh/yolobot/install/yolobot_gazebo/share/yolobot_gazebo/hook/cmake_prefix_path.dsv'
[0.589s] INFO:colcon.colcon_core.shell:Creating environment hook '/home/awadh/yolobot/install/yolobot_gazebo/share/yolobot_gazebo/hook/cmake_prefix_path.sh'
[0.589s] Level 1:colcon.colcon_core.environment:checking '/home/awadh/yolobot/install/yolobot_gazebo/bin'
[0.589s] Level 1:colcon.colcon_core.environment:checking '/home/awadh/yolobot/install/yolobot_gazebo/lib/pkgconfig/yolobot_gazebo.pc'
[0.589s] Level 1:colcon.colcon_core.environment:checking '/home/awadh/yolobot/install/yolobot_gazebo/lib/python3.10/site-packages'
[0.589s] Level 1:colcon.colcon_core.environment:checking '/home/awadh/yolobot/install/yolobot_gazebo/bin'
[0.589s] INFO:colcon.colcon_core.shell:Creating package script '/home/awadh/yolobot/install/yolobot_gazebo/share/yolobot_gazebo/package.ps1'
[0.590s] INFO:colcon.colcon_core.shell:Creating package descriptor '/home/awadh/yolobot/install/yolobot_gazebo/share/yolobot_gazebo/package.dsv'
[0.590s] INFO:colcon.colcon_core.shell:Creating package script '/home/awadh/yolobot/install/yolobot_gazebo/share/yolobot_gazebo/package.sh'
[0.591s] INFO:colcon.colcon_core.shell:Creating package script '/home/awadh/yolobot/install/yolobot_gazebo/share/yolobot_gazebo/package.bash'
[0.591s] INFO:colcon.colcon_core.shell:Creating package script '/home/awadh/yolobot/install/yolobot_gazebo/share/yolobot_gazebo/package.zsh'
[0.591s] Level 1:colcon.colcon_core.environment:create_file_with_runtime_dependencies(/home/awadh/yolobot/install/yolobot_gazebo/share/colcon-core/packages/yolobot_gazebo)
[0.592s] Level 1:colcon.colcon_core.environment:create_environment_scripts_only(yolobot_description)
[0.592s] Level 1:colcon.colcon_core.environment:checking '/home/awadh/yolobot/install/yolobot_description' for CMake module files
[0.593s] Level 1:colcon.colcon_core.environment:checking '/home/awadh/yolobot/install/yolobot_description' for CMake config files
[0.593s] Level 1:colcon.colcon_core.shell:create_environment_hook('yolobot_description', 'cmake_prefix_path')
[0.593s] INFO:colcon.colcon_core.shell:Creating environment hook '/home/awadh/yolobot/install/yolobot_description/share/yolobot_description/hook/cmake_prefix_path.ps1'
[0.593s] INFO:colcon.colcon_core.shell:Creating environment descriptor '/home/awadh/yolobot/install/yolobot_description/share/yolobot_description/hook/cmake_prefix_path.dsv'
[0.593s] INFO:colcon.colcon_core.shell:Creating environment hook '/home/awadh/yolobot/install/yolobot_description/share/yolobot_description/hook/cmake_prefix_path.sh'
[0.594s] Level 1:colcon.colcon_core.environment:checking '/home/awadh/yolobot/install/yolobot_description/lib'
[0.594s] Level 1:colcon.colcon_core.environment:checking '/home/awadh/yolobot/install/yolobot_description/bin'
[0.594s] Level 1:colcon.colcon_core.environment:checking '/home/awadh/yolobot/install/yolobot_description/lib/pkgconfig/yolobot_description.pc'
[0.594s] Level 1:colcon.colcon_core.environment:checking '/home/awadh/yolobot/install/yolobot_description/lib/python3.10/site-packages'
[0.594s] Level 1:colcon.colcon_core.environment:checking '/home/awadh/yolobot/install/yolobot_description/bin'
[0.594s] INFO:colcon.colcon_core.shell:Creating package script '/home/awadh/yolobot/install/yolobot_description/share/yolobot_description/package.ps1'
[0.594s] INFO:colcon.colcon_core.shell:Creating package descriptor '/home/awadh/yolobot/install/yolobot_description/share/yolobot_description/package.dsv'
[0.595s] INFO:colcon.colcon_core.shell:Creating package script '/home/awadh/yolobot/install/yolobot_description/share/yolobot_description/package.sh'
[0.595s] INFO:colcon.colcon_core.shell:Creating package script '/home/awadh/yolobot/install/yolobot_description/share/yolobot_description/package.bash'
[0.595s] INFO:colcon.colcon_core.shell:Creating package script '/home/awadh/yolobot/install/yolobot_description/share/yolobot_description/package.zsh'
[0.595s] Level 1:colcon.colcon_core.environment:create_file_with_runtime_dependencies(/home/awadh/yolobot/install/yolobot_description/share/colcon-core/packages/yolobot_description)
[0.596s] Level 1:colcon.colcon_core.environment:create_environment_scripts_only(yolobot_control)
[0.596s] Level 1:colcon.colcon_core.environment:checking '/home/awadh/yolobot/install/yolobot_control' for CMake module files
[0.597s] Level 1:colcon.colcon_core.environment:checking '/home/awadh/yolobot/install/yolobot_control' for CMake config files
[0.597s] Level 1:colcon.colcon_core.shell:create_environment_hook('yolobot_control', 'cmake_prefix_path')
[0.597s] INFO:colcon.colcon_core.shell:Creating environment hook '/home/awadh/yolobot/install/yolobot_control/share/yolobot_control/hook/cmake_prefix_path.ps1'
[0.597s] INFO:colcon.colcon_core.shell:Creating environment descriptor '/home/awadh/yolobot/install/yolobot_control/share/yolobot_control/hook/cmake_prefix_path.dsv'
[0.597s] INFO:colcon.colcon_core.shell:Creating environment hook '/home/awadh/yolobot/install/yolobot_control/share/yolobot_control/hook/cmake_prefix_path.sh'
[0.598s] Level 1:colcon.colcon_core.environment:checking '/home/awadh/yolobot/install/yolobot_control/lib'
[0.598s] Level 1:colcon.colcon_core.environment:checking '/home/awadh/yolobot/install/yolobot_control/bin'
[0.598s] Level 1:colcon.colcon_core.environment:checking '/home/awadh/yolobot/install/yolobot_control/lib/pkgconfig/yolobot_control.pc'
[0.598s] Level 1:colcon.colcon_core.environment:checking '/home/awadh/yolobot/install/yolobot_control/lib/python3.10/site-packages'
[0.598s] Level 1:colcon.colcon_core.environment:checking '/home/awadh/yolobot/install/yolobot_control/bin'
[0.598s] INFO:colcon.colcon_core.shell:Creating package script '/home/awadh/yolobot/install/yolobot_control/share/yolobot_control/package.ps1'
[0.598s] INFO:colcon.colcon_core.shell:Creating package descriptor '/home/awadh/yolobot/install/yolobot_control/share/yolobot_control/package.dsv'
[0.599s] INFO:colcon.colcon_core.shell:Creating package script '/home/awadh/yolobot/install/yolobot_control/share/yolobot_control/package.sh'
[0.599s] INFO:colcon.colcon_core.shell:Creating package script '/home/awadh/yolobot/install/yolobot_control/share/yolobot_control/package.bash'
[0.599s] INFO:colcon.colcon_core.shell:Creating package script '/home/awadh/yolobot/install/yolobot_control/share/yolobot_control/package.zsh'
[0.599s] Level 1:colcon.colcon_core.environment:create_file_with_runtime_dependencies(/home/awadh/yolobot/install/yolobot_control/share/colcon-core/packages/yolobot_control)
[0.601s] Level 1:colcon.colcon_core.environment:create_environment_scripts_only(yolobot_recognition)
[0.601s] Level 1:colcon.colcon_core.environment:checking '/home/awadh/yolobot/install/yolobot_recognition' for CMake module files
[0.601s] Level 1:colcon.colcon_core.environment:checking '/home/awadh/yolobot/install/yolobot_recognition' for CMake config files
[0.601s] Level 1:colcon.colcon_core.shell:create_environment_hook('yolobot_recognition', 'cmake_prefix_path')
[0.602s] INFO:colcon.colcon_core.shell:Creating environment hook '/home/awadh/yolobot/install/yolobot_recognition/share/yolobot_recognition/hook/cmake_prefix_path.ps1'
[0.602s] INFO:colcon.colcon_core.shell:Creating environment descriptor '/home/awadh/yolobot/install/yolobot_recognition/share/yolobot_recognition/hook/cmake_prefix_path.dsv'
[0.602s] INFO:colcon.colcon_core.shell:Creating environment hook '/home/awadh/yolobot/install/yolobot_recognition/share/yolobot_recognition/hook/cmake_prefix_path.sh'
[0.602s] Level 1:colcon.colcon_core.environment:checking '/home/awadh/yolobot/install/yolobot_recognition/lib'
[0.602s] Level 1:colcon.colcon_core.environment:checking '/home/awadh/yolobot/install/yolobot_recognition/bin'
[0.602s] Level 1:colcon.colcon_core.environment:checking '/home/awadh/yolobot/install/yolobot_recognition/lib/pkgconfig/yolobot_recognition.pc'
[0.602s] Level 1:colcon.colcon_core.environment:checking '/home/awadh/yolobot/install/yolobot_recognition/lib/python3.10/site-packages'
[0.603s] Level 1:colcon.colcon_core.environment:checking '/home/awadh/yolobot/install/yolobot_recognition/bin'
[0.603s] INFO:colcon.colcon_core.shell:Creating package script '/home/awadh/yolobot/install/yolobot_recognition/share/yolobot_recognition/package.ps1'
[0.603s] INFO:colcon.colcon_core.shell:Creating package descriptor '/home/awadh/yolobot/install/yolobot_recognition/share/yolobot_recognition/package.dsv'
[0.603s] INFO:colcon.colcon_core.shell:Creating package script '/home/awadh/yolobot/install/yolobot_recognition/share/yolobot_recognition/package.sh'
[0.604s] INFO:colcon.colcon_core.shell:Creating package script '/home/awadh/yolobot/install/yolobot_recognition/share/yolobot_recognition/package.bash'
[0.604s] INFO:colcon.colcon_core.shell:Creating package script '/home/awadh/yolobot/install/yolobot_recognition/share/yolobot_recognition/package.zsh'
[0.604s] Level 1:colcon.colcon_core.environment:create_file_with_runtime_dependencies(/home/awadh/yolobot/install/yolobot_recognition/share/colcon-core/packages/yolobot_recognition)
[0.761s] DEBUG:colcon.colcon_core.event_handler.log_command:Invoked command in '/home/awadh/yolobot/build/yolov8_msgs' returned '0': CMAKE_PREFIX_PATH=/home/awadh/gazebo_ws/install/yolov8_msgs:/home/awadh/gazebo_ws/install/yolobot_recognition:/home/awadh/gazebo_ws/install/yolobot_gazebo:/home/awadh/gazebo_ws/install/yolobot_description:/home/awadh/gazebo_ws/install/yolobot_control:/home/awadh/gazebo_ws/install/my_robot_bringup:/home/awadh/gazebo_ws/install/my_robot_description:/home/awadh/test2_ws/install/pcl_object_detection:/home/awadh/zed_ws/install/zed_ros2:/home/awadh/zed_ws/install/zed_robot_integration:/home/awadh/zed_ws/install/zed_multi_camera:/home/awadh/zed_ws/install/zed_display_rviz2:/home/awadh/zed_ws/install/zed_depth_to_laserscan:/home/awadh/zed_ws/install/zed_wrapper:/home/awadh/zed_ws/install/zed_tutorial_video:/home/awadh/zed_ws/install/zed_tutorial_pos_tracking:/home/awadh/zed_ws/install/zed_tutorial_depth:/home/awadh/zed_ws/install/zed_topic_benchmark:/home/awadh/zed_ws/install/zed_topic_benchmark_component:/home/awadh/zed_ws/install/zed_topic_benchmark_interfaces:/home/awadh/zed_ws/install/zed_rgb_convert:/home/awadh/zed_ws/install/zed_aruco_localization:/home/awadh/zed_ws/install/zed_components:/home/awadh/zed_ws/install/rviz_plugin_zed_od:/home/awadh/zed_ws/install/zed_interfaces:/home/awadh/ouster_ws/install/ouster_ros:/home/awadh/ouster_ws/install/ouster_sensor_msgs:/home/awadh/ros2_ws/install/my_robot_bringup:/home/awadh/ros2_ws/install/turtlesim_project_cpp:/home/awadh/ros2_ws/install/my_cpp_pkg:/home/awadh/ros2_ws/install/my_robot_interfaces:/home/awadh/gazebo_ws/install/ultralytics_ros2:/home/awadh/ros2_ws/install/turtlesim_catch_them_all:/home/awadh/ros2_ws/install/my_py_pkg:/opt/ros/humble:/home/awadh/sick_tim_ws/install/sick_tim /usr/bin/cmake --build /home/awadh/yolobot/build/yolov8_msgs -- -j16 -l16
[0.853s] DEBUG:colcon.colcon_core.event_handler.log_command:Invoking command in '/home/awadh/yolobot/build/yolov8_msgs': CMAKE_PREFIX_PATH=/home/awadh/gazebo_ws/install/yolov8_msgs:/home/awadh/gazebo_ws/install/yolobot_recognition:/home/awadh/gazebo_ws/install/yolobot_gazebo:/home/awadh/gazebo_ws/install/yolobot_description:/home/awadh/gazebo_ws/install/yolobot_control:/home/awadh/gazebo_ws/install/my_robot_bringup:/home/awadh/gazebo_ws/install/my_robot_description:/home/awadh/test2_ws/install/pcl_object_detection:/home/awadh/zed_ws/install/zed_ros2:/home/awadh/zed_ws/install/zed_robot_integration:/home/awadh/zed_ws/install/zed_multi_camera:/home/awadh/zed_ws/install/zed_display_rviz2:/home/awadh/zed_ws/install/zed_depth_to_laserscan:/home/awadh/zed_ws/install/zed_wrapper:/home/awadh/zed_ws/install/zed_tutorial_video:/home/awadh/zed_ws/install/zed_tutorial_pos_tracking:/home/awadh/zed_ws/install/zed_tutorial_depth:/home/awadh/zed_ws/install/zed_topic_benchmark:/home/awadh/zed_ws/install/zed_topic_benchmark_component:/home/awadh/zed_ws/install/zed_topic_benchmark_interfaces:/home/awadh/zed_ws/install/zed_rgb_convert:/home/awadh/zed_ws/install/zed_aruco_localization:/home/awadh/zed_ws/install/zed_components:/home/awadh/zed_ws/install/rviz_plugin_zed_od:/home/awadh/zed_ws/install/zed_interfaces:/home/awadh/ouster_ws/install/ouster_ros:/home/awadh/ouster_ws/install/ouster_sensor_msgs:/home/awadh/ros2_ws/install/my_robot_bringup:/home/awadh/ros2_ws/install/turtlesim_project_cpp:/home/awadh/ros2_ws/install/my_cpp_pkg:/home/awadh/ros2_ws/install/my_robot_interfaces:/home/awadh/gazebo_ws/install/ultralytics_ros2:/home/awadh/ros2_ws/install/turtlesim_catch_them_all:/home/awadh/ros2_ws/install/my_py_pkg:/opt/ros/humble:/home/awadh/sick_tim_ws/install/sick_tim /usr/bin/cmake --install /home/awadh/yolobot/build/yolov8_msgs
[0.904s] Level 1:colcon.colcon_core.environment:create_environment_scripts_only(yolov8_msgs)
[0.905s] Level 1:colcon.colcon_core.environment:checking '/home/awadh/yolobot/install/yolov8_msgs' for CMake module files
[0.905s] DEBUG:colcon.colcon_core.event_handler.log_command:Invoked command in '/home/awadh/yolobot/build/yolov8_msgs' returned '0': CMAKE_PREFIX_PATH=/home/awadh/gazebo_ws/install/yolov8_msgs:/home/awadh/gazebo_ws/install/yolobot_recognition:/home/awadh/gazebo_ws/install/yolobot_gazebo:/home/awadh/gazebo_ws/install/yolobot_description:/home/awadh/gazebo_ws/install/yolobot_control:/home/awadh/gazebo_ws/install/my_robot_bringup:/home/awadh/gazebo_ws/install/my_robot_description:/home/awadh/test2_ws/install/pcl_object_detection:/home/awadh/zed_ws/install/zed_ros2:/home/awadh/zed_ws/install/zed_robot_integration:/home/awadh/zed_ws/install/zed_multi_camera:/home/awadh/zed_ws/install/zed_display_rviz2:/home/awadh/zed_ws/install/zed_depth_to_laserscan:/home/awadh/zed_ws/install/zed_wrapper:/home/awadh/zed_ws/install/zed_tutorial_video:/home/awadh/zed_ws/install/zed_tutorial_pos_tracking:/home/awadh/zed_ws/install/zed_tutorial_depth:/home/awadh/zed_ws/install/zed_topic_benchmark:/home/awadh/zed_ws/install/zed_topic_benchmark_component:/home/awadh/zed_ws/install/zed_topic_benchmark_interfaces:/home/awadh/zed_ws/install/zed_rgb_convert:/home/awadh/zed_ws/install/zed_aruco_localization:/home/awadh/zed_ws/install/zed_components:/home/awadh/zed_ws/install/rviz_plugin_zed_od:/home/awadh/zed_ws/install/zed_interfaces:/home/awadh/ouster_ws/install/ouster_ros:/home/awadh/ouster_ws/install/ouster_sensor_msgs:/home/awadh/ros2_ws/install/my_robot_bringup:/home/awadh/ros2_ws/install/turtlesim_project_cpp:/home/awadh/ros2_ws/install/my_cpp_pkg:/home/awadh/ros2_ws/install/my_robot_interfaces:/home/awadh/gazebo_ws/install/ultralytics_ros2:/home/awadh/ros2_ws/install/turtlesim_catch_them_all:/home/awadh/ros2_ws/install/my_py_pkg:/opt/ros/humble:/home/awadh/sick_tim_ws/install/sick_tim /usr/bin/cmake --install /home/awadh/yolobot/build/yolov8_msgs
[0.905s] Level 1:colcon.colcon_core.environment:checking '/home/awadh/yolobot/install/yolov8_msgs' for CMake config files
[0.906s] Level 1:colcon.colcon_core.shell:create_environment_hook('yolov8_msgs', 'cmake_prefix_path')
[0.906s] INFO:colcon.colcon_core.shell:Creating environment hook '/home/awadh/yolobot/install/yolov8_msgs/share/yolov8_msgs/hook/cmake_prefix_path.ps1'
[0.906s] INFO:colcon.colcon_core.shell:Creating environment descriptor '/home/awadh/yolobot/install/yolov8_msgs/share/yolov8_msgs/hook/cmake_prefix_path.dsv'
[0.906s] INFO:colcon.colcon_core.shell:Creating environment hook '/home/awadh/yolobot/install/yolov8_msgs/share/yolov8_msgs/hook/cmake_prefix_path.sh'
[0.907s] Level 1:colcon.colcon_core.environment:checking '/home/awadh/yolobot/install/yolov8_msgs/lib'
[0.907s] Level 1:colcon.colcon_core.shell:create_environment_hook('yolov8_msgs', 'ld_library_path_lib')
[0.907s] INFO:colcon.colcon_core.shell:Creating environment hook '/home/awadh/yolobot/install/yolov8_msgs/share/yolov8_msgs/hook/ld_library_path_lib.ps1'
[0.907s] INFO:colcon.colcon_core.shell:Creating environment descriptor '/home/awadh/yolobot/install/yolov8_msgs/share/yolov8_msgs/hook/ld_library_path_lib.dsv'
[0.907s] INFO:colcon.colcon_core.shell:Creating environment hook '/home/awadh/yolobot/install/yolov8_msgs/share/yolov8_msgs/hook/ld_library_path_lib.sh'
[0.907s] Level 1:colcon.colcon_core.environment:checking '/home/awadh/yolobot/install/yolov8_msgs/bin'
[0.907s] Level 1:colcon.colcon_core.environment:checking '/home/awadh/yolobot/install/yolov8_msgs/lib/pkgconfig/yolov8_msgs.pc'
[0.908s] Level 1:colcon.colcon_core.environment:checking '/home/awadh/yolobot/install/yolov8_msgs/lib/python3.10/site-packages'
[0.908s] Level 1:colcon.colcon_core.environment:checking '/home/awadh/yolobot/install/yolov8_msgs/bin'
[0.908s] INFO:colcon.colcon_core.shell:Creating package script '/home/awadh/yolobot/install/yolov8_msgs/share/yolov8_msgs/package.ps1'
[0.908s] INFO:colcon.colcon_core.shell:Creating package descriptor '/home/awadh/yolobot/install/yolov8_msgs/share/yolov8_msgs/package.dsv'
[0.908s] INFO:colcon.colcon_core.shell:Creating package script '/home/awadh/yolobot/install/yolov8_msgs/share/yolov8_msgs/package.sh'
[0.909s] INFO:colcon.colcon_core.shell:Creating package script '/home/awadh/yolobot/install/yolov8_msgs/share/yolov8_msgs/package.bash'
[0.909s] INFO:colcon.colcon_core.shell:Creating package script '/home/awadh/yolobot/install/yolov8_msgs/share/yolov8_msgs/package.zsh'
[0.909s] Level 1:colcon.colcon_core.environment:create_file_with_runtime_dependencies(/home/awadh/yolobot/install/yolov8_msgs/share/colcon-core/packages/yolov8_msgs)
[0.990s] Level 1:colcon.colcon_core.environment:create_environment_scripts_only(yolov8_msgs)
[0.991s] Level 1:colcon.colcon_core.environment:checking '/home/awadh/yolobot/install/yolov8_msgs' for CMake module files
[0.991s] Level 1:colcon.colcon_core.environment:checking '/home/awadh/yolobot/install/yolov8_msgs' for CMake config files
[0.991s] Level 1:colcon.colcon_core.shell:create_environment_hook('yolov8_msgs', 'cmake_prefix_path')
[0.991s] INFO:colcon.colcon_core.shell:Creating environment hook '/home/awadh/yolobot/install/yolov8_msgs/share/yolov8_msgs/hook/cmake_prefix_path.ps1'
[0.992s] INFO:colcon.colcon_core.shell:Creating environment descriptor '/home/awadh/yolobot/install/yolov8_msgs/share/yolov8_msgs/hook/cmake_prefix_path.dsv'
[0.992s] INFO:colcon.colcon_core.shell:Creating environment hook '/home/awadh/yolobot/install/yolov8_msgs/share/yolov8_msgs/hook/cmake_prefix_path.sh'
[0.992s] Level 1:colcon.colcon_core.environment:checking '/home/awadh/yolobot/install/yolov8_msgs/lib'
[0.992s] Level 1:colcon.colcon_core.shell:create_environment_hook('yolov8_msgs', 'ld_library_path_lib')
[0.992s] INFO:colcon.colcon_core.shell:Creating environment hook '/home/awadh/yolobot/install/yolov8_msgs/share/yolov8_msgs/hook/ld_library_path_lib.ps1'
[0.992s] INFO:colcon.colcon_core.shell:Creating environment descriptor '/home/awadh/yolobot/install/yolov8_msgs/share/yolov8_msgs/hook/ld_library_path_lib.dsv'
[0.993s] INFO:colcon.colcon_core.shell:Creating environment hook '/home/awadh/yolobot/install/yolov8_msgs/share/yolov8_msgs/hook/ld_library_path_lib.sh'
[0.993s] Level 1:colcon.colcon_core.environment:checking '/home/awadh/yolobot/install/yolov8_msgs/bin'
[0.993s] Level 1:colcon.colcon_core.environment:checking '/home/awadh/yolobot/install/yolov8_msgs/lib/pkgconfig/yolov8_msgs.pc'
[0.993s] Level 1:colcon.colcon_core.environment:checking '/home/awadh/yolobot/install/yolov8_msgs/lib/python3.10/site-packages'
[0.993s] Level 1:colcon.colcon_core.environment:checking '/home/awadh/yolobot/install/yolov8_msgs/bin'
[0.993s] INFO:colcon.colcon_core.shell:Creating package script '/home/awadh/yolobot/install/yolov8_msgs/share/yolov8_msgs/package.ps1'
[0.994s] INFO:colcon.colcon_core.shell:Creating package descriptor '/home/awadh/yolobot/install/yolov8_msgs/share/yolov8_msgs/package.dsv'
[0.994s] INFO:colcon.colcon_core.shell:Creating package script '/home/awadh/yolobot/install/yolov8_msgs/share/yolov8_msgs/package.sh'
[0.994s] INFO:colcon.colcon_core.shell:Creating package script '/home/awadh/yolobot/install/yolov8_msgs/share/yolov8_msgs/package.bash'
[0.994s] INFO:colcon.colcon_core.shell:Creating package script '/home/awadh/yolobot/install/yolov8_msgs/share/yolov8_msgs/package.zsh'
[0.994s] Level 1:colcon.colcon_core.environment:create_file_with_runtime_dependencies(/home/awadh/yolobot/install/yolov8_msgs/share/colcon-core/packages/yolov8_msgs)
[0.995s] DEBUG:colcon.colcon_parallel_executor.executor.parallel:closing loop
[0.995s] DEBUG:colcon.colcon_parallel_executor.executor.parallel:loop closed
[0.995s] DEBUG:colcon.colcon_parallel_executor.executor.parallel:run_until_complete finished with '0'
[0.995s] DEBUG:colcon.colcon_core.event_reactor:joining thread
[1.000s] INFO:colcon.colcon_core.plugin_system:Skipping extension 'colcon_notification.desktop_notification.terminal_notifier': Not used on non-Darwin systems
[1.000s] INFO:colcon.colcon_core.plugin_system:Skipping extension 'colcon_notification.desktop_notification.win32': Not used on non-Windows systems
[1.000s] INFO:colcon.colcon_notification.desktop_notification:Sending desktop notification using 'notify2'
[1.011s] DEBUG:colcon.colcon_core.event_reactor:joined thread
[1.011s] INFO:colcon.colcon_core.shell:Creating prefix script '/home/awadh/yolobot/install/local_setup.ps1'
[1.012s] INFO:colcon.colcon_core.shell:Creating prefix util module '/home/awadh/yolobot/install/_local_setup_util_ps1.py'
[1.013s] INFO:colcon.colcon_core.shell:Creating prefix chain script '/home/awadh/yolobot/install/setup.ps1'
[1.015s] INFO:colcon.colcon_core.shell:Creating prefix script '/home/awadh/yolobot/install/local_setup.sh'
[1.015s] INFO:colcon.colcon_core.shell:Creating prefix util module '/home/awadh/yolobot/install/_local_setup_util_sh.py'
[1.015s] INFO:colcon.colcon_core.shell:Creating prefix chain script '/home/awadh/yolobot/install/setup.sh'
[1.017s] INFO:colcon.colcon_core.shell:Creating prefix script '/home/awadh/yolobot/install/local_setup.bash'
[1.017s] INFO:colcon.colcon_core.shell:Creating prefix chain script '/home/awadh/yolobot/install/setup.bash'
[1.018s] INFO:colcon.colcon_core.shell:Creating prefix script '/home/awadh/yolobot/install/local_setup.zsh'
[1.019s] INFO:colcon.colcon_core.shell:Creating prefix chain script '/home/awadh/yolobot/install/setup.zsh'
