[0.075s] DEBUG:colcon:Command line arguments: ['/usr/bin/colcon', 'build']
[0.075s] DEBUG:colcon:Parsed command line arguments: Namespace(log_base=None, log_level=None, verb_name='build', build_base='build', install_base='install', merge_install=False, symlink_install=False, test_result_base=None, continue_on_error=False, executor='parallel', parallel_workers=16, event_handlers=None, ignore_user_meta=False, metas=['./colcon.meta'], base_paths=['.'], packages_ignore=None, packages_ignore_regex=None, paths=None, packages_up_to=None, packages_up_to_regex=None, packages_above=None, packages_above_and_dependencies=None, packages_above_depth=None, packages_select_by_dep=None, packages_skip_by_dep=None, packages_skip_up_to=None, packages_select_build_failed=False, packages_skip_build_finished=False, packages_select_test_failures=False, packages_skip_test_passed=False, packages_select=None, packages_skip=None, packages_select_regex=None, packages_skip_regex=None, packages_start=None, packages_end=None, allow_overriding=[], cmake_args=None, cmake_target=None, cmake_target_skip_unavailable=False, cmake_clean_cache=False, cmake_clean_first=False, cmake_force_configure=False, ament_cmake_args=None, catkin_cmake_args=None, catkin_skip_building_tests=False, verb_parser=<colcon_defaults.argument_parser.defaults.DefaultArgumentsDecorator object at 0x7399719f2f20>, verb_extension=<colcon_core.verb.build.BuildVerb object at 0x739971baf250>, main=<bound method BuildVerb.main of <colcon_core.verb.build.BuildVerb object at 0x739971baf250>>)
[0.211s] Level 1:colcon.colcon_core.package_discovery:discover_packages(colcon_meta) check parameters
[0.211s] Level 1:colcon.colcon_core.package_discovery:discover_packages(recursive) check parameters
[0.211s] Level 1:colcon.colcon_core.package_discovery:discover_packages(ignore) check parameters
[0.211s] Level 1:colcon.colcon_core.package_discovery:discover_packages(path) check parameters
[0.211s] Level 1:colcon.colcon_core.package_discovery:discover_packages(colcon_meta) discover
[0.211s] Level 1:colcon.colcon_core.package_discovery:discover_packages(recursive) discover
[0.211s] INFO:colcon.colcon_core.package_discovery:Crawling recursively for packages in '/home/awadh/yolobot'
[0.211s] Level 1:colcon.colcon_core.package_identification:_identify(.) by extensions ['ignore', 'ignore_ament_install']
[0.211s] Level 1:colcon.colcon_core.package_identification:_identify(.) by extension 'ignore'
[0.211s] Level 1:colcon.colcon_core.package_identification:_identify(.) by extension 'ignore_ament_install'
[0.211s] Level 1:colcon.colcon_core.package_identification:_identify(.) by extensions ['colcon_pkg']
[0.211s] Level 1:colcon.colcon_core.package_identification:_identify(.) by extension 'colcon_pkg'
[0.211s] Level 1:colcon.colcon_core.package_identification:_identify(.) by extensions ['colcon_meta']
[0.211s] Level 1:colcon.colcon_core.package_identification:_identify(.) by extension 'colcon_meta'
[0.211s] Level 1:colcon.colcon_core.package_identification:_identify(.) by extensions ['ros']
[0.211s] Level 1:colcon.colcon_core.package_identification:_identify(.) by extension 'ros'
[0.228s] Level 1:colcon.colcon_core.package_identification:_identify(.) by extensions ['cmake', 'python']
[0.228s] Level 1:colcon.colcon_core.package_identification:_identify(.) by extension 'cmake'
[0.228s] Level 1:colcon.colcon_core.package_identification:_identify(.) by extension 'python'
[0.228s] Level 1:colcon.colcon_core.package_identification:_identify(.) by extensions ['python_setup_py']
[0.228s] Level 1:colcon.colcon_core.package_identification:_identify(.) by extension 'python_setup_py'
[0.228s] Level 1:colcon.colcon_core.package_identification:_identify(build) by extensions ['ignore', 'ignore_ament_install']
[0.228s] Level 1:colcon.colcon_core.package_identification:_identify(build) by extension 'ignore'
[0.228s] Level 1:colcon.colcon_core.package_identification:_identify(build) ignored
[0.228s] Level 1:colcon.colcon_core.package_identification:_identify(install) by extensions ['ignore', 'ignore_ament_install']
[0.228s] Level 1:colcon.colcon_core.package_identification:_identify(install) by extension 'ignore'
[0.228s] Level 1:colcon.colcon_core.package_identification:_identify(install) ignored
[0.228s] Level 1:colcon.colcon_core.package_identification:_identify(log) by extensions ['ignore', 'ignore_ament_install']
[0.228s] Level 1:colcon.colcon_core.package_identification:_identify(log) by extension 'ignore'
[0.228s] Level 1:colcon.colcon_core.package_identification:_identify(log) ignored
[0.228s] Level 1:colcon.colcon_core.package_identification:_identify(models) by extensions ['ignore', 'ignore_ament_install']
[0.229s] Level 1:colcon.colcon_core.package_identification:_identify(models) by extension 'ignore'
[0.229s] Level 1:colcon.colcon_core.package_identification:_identify(models) by extension 'ignore_ament_install'
[0.229s] Level 1:colcon.colcon_core.package_identification:_identify(models) by extensions ['colcon_pkg']
[0.229s] Level 1:colcon.colcon_core.package_identification:_identify(models) by extension 'colcon_pkg'
[0.229s] Level 1:colcon.colcon_core.package_identification:_identify(models) by extensions ['colcon_meta']
[0.229s] Level 1:colcon.colcon_core.package_identification:_identify(models) by extension 'colcon_meta'
[0.229s] Level 1:colcon.colcon_core.package_identification:_identify(models) by extensions ['ros']
[0.229s] Level 1:colcon.colcon_core.package_identification:_identify(models) by extension 'ros'
[0.229s] Level 1:colcon.colcon_core.package_identification:_identify(models) by extensions ['cmake', 'python']
[0.229s] Level 1:colcon.colcon_core.package_identification:_identify(models) by extension 'cmake'
[0.229s] Level 1:colcon.colcon_core.package_identification:_identify(models) by extension 'python'
[0.229s] Level 1:colcon.colcon_core.package_identification:_identify(models) by extensions ['python_setup_py']
[0.229s] Level 1:colcon.colcon_core.package_identification:_identify(models) by extension 'python_setup_py'
[0.229s] Level 1:colcon.colcon_core.package_identification:_identify(models/bus) by extensions ['ignore', 'ignore_ament_install']
[0.229s] Level 1:colcon.colcon_core.package_identification:_identify(models/bus) by extension 'ignore'
[0.229s] Level 1:colcon.colcon_core.package_identification:_identify(models/bus) by extension 'ignore_ament_install'
[0.229s] Level 1:colcon.colcon_core.package_identification:_identify(models/bus) by extensions ['colcon_pkg']
[0.229s] Level 1:colcon.colcon_core.package_identification:_identify(models/bus) by extension 'colcon_pkg'
[0.229s] Level 1:colcon.colcon_core.package_identification:_identify(models/bus) by extensions ['colcon_meta']
[0.229s] Level 1:colcon.colcon_core.package_identification:_identify(models/bus) by extension 'colcon_meta'
[0.229s] Level 1:colcon.colcon_core.package_identification:_identify(models/bus) by extensions ['ros']
[0.229s] Level 1:colcon.colcon_core.package_identification:_identify(models/bus) by extension 'ros'
[0.229s] Level 1:colcon.colcon_core.package_identification:_identify(models/bus) by extensions ['cmake', 'python']
[0.229s] Level 1:colcon.colcon_core.package_identification:_identify(models/bus) by extension 'cmake'
[0.229s] Level 1:colcon.colcon_core.package_identification:_identify(models/bus) by extension 'python'
[0.229s] Level 1:colcon.colcon_core.package_identification:_identify(models/bus) by extensions ['python_setup_py']
[0.229s] Level 1:colcon.colcon_core.package_identification:_identify(models/bus) by extension 'python_setup_py'
[0.229s] Level 1:colcon.colcon_core.package_identification:_identify(models/bus/materials) by extensions ['ignore', 'ignore_ament_install']
[0.229s] Level 1:colcon.colcon_core.package_identification:_identify(models/bus/materials) by extension 'ignore'
[0.229s] Level 1:colcon.colcon_core.package_identification:_identify(models/bus/materials) by extension 'ignore_ament_install'
[0.229s] Level 1:colcon.colcon_core.package_identification:_identify(models/bus/materials) by extensions ['colcon_pkg']
[0.229s] Level 1:colcon.colcon_core.package_identification:_identify(models/bus/materials) by extension 'colcon_pkg'
[0.229s] Level 1:colcon.colcon_core.package_identification:_identify(models/bus/materials) by extensions ['colcon_meta']
[0.229s] Level 1:colcon.colcon_core.package_identification:_identify(models/bus/materials) by extension 'colcon_meta'
[0.229s] Level 1:colcon.colcon_core.package_identification:_identify(models/bus/materials) by extensions ['ros']
[0.230s] Level 1:colcon.colcon_core.package_identification:_identify(models/bus/materials) by extension 'ros'
[0.230s] Level 1:colcon.colcon_core.package_identification:_identify(models/bus/materials) by extensions ['cmake', 'python']
[0.230s] Level 1:colcon.colcon_core.package_identification:_identify(models/bus/materials) by extension 'cmake'
[0.230s] Level 1:colcon.colcon_core.package_identification:_identify(models/bus/materials) by extension 'python'
[0.230s] Level 1:colcon.colcon_core.package_identification:_identify(models/bus/materials) by extensions ['python_setup_py']
[0.230s] Level 1:colcon.colcon_core.package_identification:_identify(models/bus/materials) by extension 'python_setup_py'
[0.230s] Level 1:colcon.colcon_core.package_identification:_identify(models/bus/materials/textures) by extensions ['ignore', 'ignore_ament_install']
[0.230s] Level 1:colcon.colcon_core.package_identification:_identify(models/bus/materials/textures) by extension 'ignore'
[0.230s] Level 1:colcon.colcon_core.package_identification:_identify(models/bus/materials/textures) by extension 'ignore_ament_install'
[0.230s] Level 1:colcon.colcon_core.package_identification:_identify(models/bus/materials/textures) by extensions ['colcon_pkg']
[0.230s] Level 1:colcon.colcon_core.package_identification:_identify(models/bus/materials/textures) by extension 'colcon_pkg'
[0.230s] Level 1:colcon.colcon_core.package_identification:_identify(models/bus/materials/textures) by extensions ['colcon_meta']
[0.230s] Level 1:colcon.colcon_core.package_identification:_identify(models/bus/materials/textures) by extension 'colcon_meta'
[0.230s] Level 1:colcon.colcon_core.package_identification:_identify(models/bus/materials/textures) by extensions ['ros']
[0.230s] Level 1:colcon.colcon_core.package_identification:_identify(models/bus/materials/textures) by extension 'ros'
[0.230s] Level 1:colcon.colcon_core.package_identification:_identify(models/bus/materials/textures) by extensions ['cmake', 'python']
[0.230s] Level 1:colcon.colcon_core.package_identification:_identify(models/bus/materials/textures) by extension 'cmake'
[0.230s] Level 1:colcon.colcon_core.package_identification:_identify(models/bus/materials/textures) by extension 'python'
[0.230s] Level 1:colcon.colcon_core.package_identification:_identify(models/bus/materials/textures) by extensions ['python_setup_py']
[0.230s] Level 1:colcon.colcon_core.package_identification:_identify(models/bus/materials/textures) by extension 'python_setup_py'
[0.230s] Level 1:colcon.colcon_core.package_identification:_identify(models/bus/meshes) by extensions ['ignore', 'ignore_ament_install']
[0.230s] Level 1:colcon.colcon_core.package_identification:_identify(models/bus/meshes) by extension 'ignore'
[0.230s] Level 1:colcon.colcon_core.package_identification:_identify(models/bus/meshes) by extension 'ignore_ament_install'
[0.230s] Level 1:colcon.colcon_core.package_identification:_identify(models/bus/meshes) by extensions ['colcon_pkg']
[0.230s] Level 1:colcon.colcon_core.package_identification:_identify(models/bus/meshes) by extension 'colcon_pkg'
[0.230s] Level 1:colcon.colcon_core.package_identification:_identify(models/bus/meshes) by extensions ['colcon_meta']
[0.230s] Level 1:colcon.colcon_core.package_identification:_identify(models/bus/meshes) by extension 'colcon_meta'
[0.230s] Level 1:colcon.colcon_core.package_identification:_identify(models/bus/meshes) by extensions ['ros']
[0.230s] Level 1:colcon.colcon_core.package_identification:_identify(models/bus/meshes) by extension 'ros'
[0.230s] Level 1:colcon.colcon_core.package_identification:_identify(models/bus/meshes) by extensions ['cmake', 'python']
[0.230s] Level 1:colcon.colcon_core.package_identification:_identify(models/bus/meshes) by extension 'cmake'
[0.230s] Level 1:colcon.colcon_core.package_identification:_identify(models/bus/meshes) by extension 'python'
[0.230s] Level 1:colcon.colcon_core.package_identification:_identify(models/bus/meshes) by extensions ['python_setup_py']
[0.230s] Level 1:colcon.colcon_core.package_identification:_identify(models/bus/meshes) by extension 'python_setup_py'
[0.230s] Level 1:colcon.colcon_core.package_identification:_identify(models/person_standing) by extensions ['ignore', 'ignore_ament_install']
[0.231s] Level 1:colcon.colcon_core.package_identification:_identify(models/person_standing) by extension 'ignore'
[0.231s] Level 1:colcon.colcon_core.package_identification:_identify(models/person_standing) by extension 'ignore_ament_install'
[0.231s] Level 1:colcon.colcon_core.package_identification:_identify(models/person_standing) by extensions ['colcon_pkg']
[0.231s] Level 1:colcon.colcon_core.package_identification:_identify(models/person_standing) by extension 'colcon_pkg'
[0.231s] Level 1:colcon.colcon_core.package_identification:_identify(models/person_standing) by extensions ['colcon_meta']
[0.231s] Level 1:colcon.colcon_core.package_identification:_identify(models/person_standing) by extension 'colcon_meta'
[0.231s] Level 1:colcon.colcon_core.package_identification:_identify(models/person_standing) by extensions ['ros']
[0.231s] Level 1:colcon.colcon_core.package_identification:_identify(models/person_standing) by extension 'ros'
[0.231s] Level 1:colcon.colcon_core.package_identification:_identify(models/person_standing) by extensions ['cmake', 'python']
[0.231s] Level 1:colcon.colcon_core.package_identification:_identify(models/person_standing) by extension 'cmake'
[0.231s] Level 1:colcon.colcon_core.package_identification:_identify(models/person_standing) by extension 'python'
[0.231s] Level 1:colcon.colcon_core.package_identification:_identify(models/person_standing) by extensions ['python_setup_py']
[0.231s] Level 1:colcon.colcon_core.package_identification:_identify(models/person_standing) by extension 'python_setup_py'
[0.231s] Level 1:colcon.colcon_core.package_identification:_identify(models/person_standing/materials) by extensions ['ignore', 'ignore_ament_install']
[0.231s] Level 1:colcon.colcon_core.package_identification:_identify(models/person_standing/materials) by extension 'ignore'
[0.231s] Level 1:colcon.colcon_core.package_identification:_identify(models/person_standing/materials) by extension 'ignore_ament_install'
[0.231s] Level 1:colcon.colcon_core.package_identification:_identify(models/person_standing/materials) by extensions ['colcon_pkg']
[0.231s] Level 1:colcon.colcon_core.package_identification:_identify(models/person_standing/materials) by extension 'colcon_pkg'
[0.231s] Level 1:colcon.colcon_core.package_identification:_identify(models/person_standing/materials) by extensions ['colcon_meta']
[0.231s] Level 1:colcon.colcon_core.package_identification:_identify(models/person_standing/materials) by extension 'colcon_meta'
[0.231s] Level 1:colcon.colcon_core.package_identification:_identify(models/person_standing/materials) by extensions ['ros']
[0.231s] Level 1:colcon.colcon_core.package_identification:_identify(models/person_standing/materials) by extension 'ros'
[0.231s] Level 1:colcon.colcon_core.package_identification:_identify(models/person_standing/materials) by extensions ['cmake', 'python']
[0.231s] Level 1:colcon.colcon_core.package_identification:_identify(models/person_standing/materials) by extension 'cmake'
[0.231s] Level 1:colcon.colcon_core.package_identification:_identify(models/person_standing/materials) by extension 'python'
[0.231s] Level 1:colcon.colcon_core.package_identification:_identify(models/person_standing/materials) by extensions ['python_setup_py']
[0.231s] Level 1:colcon.colcon_core.package_identification:_identify(models/person_standing/materials) by extension 'python_setup_py'
[0.231s] Level 1:colcon.colcon_core.package_identification:_identify(models/person_standing/materials/textures) by extensions ['ignore', 'ignore_ament_install']
[0.231s] Level 1:colcon.colcon_core.package_identification:_identify(models/person_standing/materials/textures) by extension 'ignore'
[0.231s] Level 1:colcon.colcon_core.package_identification:_identify(models/person_standing/materials/textures) by extension 'ignore_ament_install'
[0.231s] Level 1:colcon.colcon_core.package_identification:_identify(models/person_standing/materials/textures) by extensions ['colcon_pkg']
[0.231s] Level 1:colcon.colcon_core.package_identification:_identify(models/person_standing/materials/textures) by extension 'colcon_pkg'
[0.231s] Level 1:colcon.colcon_core.package_identification:_identify(models/person_standing/materials/textures) by extensions ['colcon_meta']
[0.231s] Level 1:colcon.colcon_core.package_identification:_identify(models/person_standing/materials/textures) by extension 'colcon_meta'
[0.231s] Level 1:colcon.colcon_core.package_identification:_identify(models/person_standing/materials/textures) by extensions ['ros']
[0.232s] Level 1:colcon.colcon_core.package_identification:_identify(models/person_standing/materials/textures) by extension 'ros'
[0.232s] Level 1:colcon.colcon_core.package_identification:_identify(models/person_standing/materials/textures) by extensions ['cmake', 'python']
[0.232s] Level 1:colcon.colcon_core.package_identification:_identify(models/person_standing/materials/textures) by extension 'cmake'
[0.232s] Level 1:colcon.colcon_core.package_identification:_identify(models/person_standing/materials/textures) by extension 'python'
[0.232s] Level 1:colcon.colcon_core.package_identification:_identify(models/person_standing/materials/textures) by extensions ['python_setup_py']
[0.232s] Level 1:colcon.colcon_core.package_identification:_identify(models/person_standing/materials/textures) by extension 'python_setup_py'
[0.232s] Level 1:colcon.colcon_core.package_identification:_identify(models/person_standing/meshes) by extensions ['ignore', 'ignore_ament_install']
[0.232s] Level 1:colcon.colcon_core.package_identification:_identify(models/person_standing/meshes) by extension 'ignore'
[0.232s] Level 1:colcon.colcon_core.package_identification:_identify(models/person_standing/meshes) by extension 'ignore_ament_install'
[0.232s] Level 1:colcon.colcon_core.package_identification:_identify(models/person_standing/meshes) by extensions ['colcon_pkg']
[0.232s] Level 1:colcon.colcon_core.package_identification:_identify(models/person_standing/meshes) by extension 'colcon_pkg'
[0.232s] Level 1:colcon.colcon_core.package_identification:_identify(models/person_standing/meshes) by extensions ['colcon_meta']
[0.232s] Level 1:colcon.colcon_core.package_identification:_identify(models/person_standing/meshes) by extension 'colcon_meta'
[0.232s] Level 1:colcon.colcon_core.package_identification:_identify(models/person_standing/meshes) by extensions ['ros']
[0.232s] Level 1:colcon.colcon_core.package_identification:_identify(models/person_standing/meshes) by extension 'ros'
[0.232s] Level 1:colcon.colcon_core.package_identification:_identify(models/person_standing/meshes) by extensions ['cmake', 'python']
[0.232s] Level 1:colcon.colcon_core.package_identification:_identify(models/person_standing/meshes) by extension 'cmake'
[0.232s] Level 1:colcon.colcon_core.package_identification:_identify(models/person_standing/meshes) by extension 'python'
[0.232s] Level 1:colcon.colcon_core.package_identification:_identify(models/person_standing/meshes) by extensions ['python_setup_py']
[0.232s] Level 1:colcon.colcon_core.package_identification:_identify(models/person_standing/meshes) by extension 'python_setup_py'
[0.232s] Level 1:colcon.colcon_core.package_identification:_identify(models/postbox) by extensions ['ignore', 'ignore_ament_install']
[0.232s] Level 1:colcon.colcon_core.package_identification:_identify(models/postbox) by extension 'ignore'
[0.232s] Level 1:colcon.colcon_core.package_identification:_identify(models/postbox) by extension 'ignore_ament_install'
[0.232s] Level 1:colcon.colcon_core.package_identification:_identify(models/postbox) by extensions ['colcon_pkg']
[0.232s] Level 1:colcon.colcon_core.package_identification:_identify(models/postbox) by extension 'colcon_pkg'
[0.232s] Level 1:colcon.colcon_core.package_identification:_identify(models/postbox) by extensions ['colcon_meta']
[0.232s] Level 1:colcon.colcon_core.package_identification:_identify(models/postbox) by extension 'colcon_meta'
[0.232s] Level 1:colcon.colcon_core.package_identification:_identify(models/postbox) by extensions ['ros']
[0.232s] Level 1:colcon.colcon_core.package_identification:_identify(models/postbox) by extension 'ros'
[0.232s] Level 1:colcon.colcon_core.package_identification:_identify(models/postbox) by extensions ['cmake', 'python']
[0.232s] Level 1:colcon.colcon_core.package_identification:_identify(models/postbox) by extension 'cmake'
[0.232s] Level 1:colcon.colcon_core.package_identification:_identify(models/postbox) by extension 'python'
[0.232s] Level 1:colcon.colcon_core.package_identification:_identify(models/postbox) by extensions ['python_setup_py']
[0.232s] Level 1:colcon.colcon_core.package_identification:_identify(models/postbox) by extension 'python_setup_py'
[0.232s] Level 1:colcon.colcon_core.package_identification:_identify(models/postbox/materials) by extensions ['ignore', 'ignore_ament_install']
[0.232s] Level 1:colcon.colcon_core.package_identification:_identify(models/postbox/materials) by extension 'ignore'
[0.232s] Level 1:colcon.colcon_core.package_identification:_identify(models/postbox/materials) by extension 'ignore_ament_install'
[0.233s] Level 1:colcon.colcon_core.package_identification:_identify(models/postbox/materials) by extensions ['colcon_pkg']
[0.233s] Level 1:colcon.colcon_core.package_identification:_identify(models/postbox/materials) by extension 'colcon_pkg'
[0.233s] Level 1:colcon.colcon_core.package_identification:_identify(models/postbox/materials) by extensions ['colcon_meta']
[0.233s] Level 1:colcon.colcon_core.package_identification:_identify(models/postbox/materials) by extension 'colcon_meta'
[0.233s] Level 1:colcon.colcon_core.package_identification:_identify(models/postbox/materials) by extensions ['ros']
[0.233s] Level 1:colcon.colcon_core.package_identification:_identify(models/postbox/materials) by extension 'ros'
[0.233s] Level 1:colcon.colcon_core.package_identification:_identify(models/postbox/materials) by extensions ['cmake', 'python']
[0.233s] Level 1:colcon.colcon_core.package_identification:_identify(models/postbox/materials) by extension 'cmake'
[0.233s] Level 1:colcon.colcon_core.package_identification:_identify(models/postbox/materials) by extension 'python'
[0.233s] Level 1:colcon.colcon_core.package_identification:_identify(models/postbox/materials) by extensions ['python_setup_py']
[0.233s] Level 1:colcon.colcon_core.package_identification:_identify(models/postbox/materials) by extension 'python_setup_py'
[0.233s] Level 1:colcon.colcon_core.package_identification:_identify(models/postbox/materials/textures) by extensions ['ignore', 'ignore_ament_install']
[0.233s] Level 1:colcon.colcon_core.package_identification:_identify(models/postbox/materials/textures) by extension 'ignore'
[0.233s] Level 1:colcon.colcon_core.package_identification:_identify(models/postbox/materials/textures) by extension 'ignore_ament_install'
[0.233s] Level 1:colcon.colcon_core.package_identification:_identify(models/postbox/materials/textures) by extensions ['colcon_pkg']
[0.233s] Level 1:colcon.colcon_core.package_identification:_identify(models/postbox/materials/textures) by extension 'colcon_pkg'
[0.233s] Level 1:colcon.colcon_core.package_identification:_identify(models/postbox/materials/textures) by extensions ['colcon_meta']
[0.233s] Level 1:colcon.colcon_core.package_identification:_identify(models/postbox/materials/textures) by extension 'colcon_meta'
[0.233s] Level 1:colcon.colcon_core.package_identification:_identify(models/postbox/materials/textures) by extensions ['ros']
[0.233s] Level 1:colcon.colcon_core.package_identification:_identify(models/postbox/materials/textures) by extension 'ros'
[0.233s] Level 1:colcon.colcon_core.package_identification:_identify(models/postbox/materials/textures) by extensions ['cmake', 'python']
[0.233s] Level 1:colcon.colcon_core.package_identification:_identify(models/postbox/materials/textures) by extension 'cmake'
[0.233s] Level 1:colcon.colcon_core.package_identification:_identify(models/postbox/materials/textures) by extension 'python'
[0.233s] Level 1:colcon.colcon_core.package_identification:_identify(models/postbox/materials/textures) by extensions ['python_setup_py']
[0.233s] Level 1:colcon.colcon_core.package_identification:_identify(models/postbox/materials/textures) by extension 'python_setup_py'
[0.233s] Level 1:colcon.colcon_core.package_identification:_identify(models/postbox/meshes) by extensions ['ignore', 'ignore_ament_install']
[0.233s] Level 1:colcon.colcon_core.package_identification:_identify(models/postbox/meshes) by extension 'ignore'
[0.233s] Level 1:colcon.colcon_core.package_identification:_identify(models/postbox/meshes) by extension 'ignore_ament_install'
[0.233s] Level 1:colcon.colcon_core.package_identification:_identify(models/postbox/meshes) by extensions ['colcon_pkg']
[0.233s] Level 1:colcon.colcon_core.package_identification:_identify(models/postbox/meshes) by extension 'colcon_pkg'
[0.233s] Level 1:colcon.colcon_core.package_identification:_identify(models/postbox/meshes) by extensions ['colcon_meta']
[0.233s] Level 1:colcon.colcon_core.package_identification:_identify(models/postbox/meshes) by extension 'colcon_meta'
[0.233s] Level 1:colcon.colcon_core.package_identification:_identify(models/postbox/meshes) by extensions ['ros']
[0.233s] Level 1:colcon.colcon_core.package_identification:_identify(models/postbox/meshes) by extension 'ros'
[0.234s] Level 1:colcon.colcon_core.package_identification:_identify(models/postbox/meshes) by extensions ['cmake', 'python']
[0.234s] Level 1:colcon.colcon_core.package_identification:_identify(models/postbox/meshes) by extension 'cmake'
[0.234s] Level 1:colcon.colcon_core.package_identification:_identify(models/postbox/meshes) by extension 'python'
[0.234s] Level 1:colcon.colcon_core.package_identification:_identify(models/postbox/meshes) by extensions ['python_setup_py']
[0.234s] Level 1:colcon.colcon_core.package_identification:_identify(models/postbox/meshes) by extension 'python_setup_py'
[0.234s] Level 1:colcon.colcon_core.package_identification:_identify(models/prius_hybrid) by extensions ['ignore', 'ignore_ament_install']
[0.234s] Level 1:colcon.colcon_core.package_identification:_identify(models/prius_hybrid) by extension 'ignore'
[0.234s] Level 1:colcon.colcon_core.package_identification:_identify(models/prius_hybrid) by extension 'ignore_ament_install'
[0.234s] Level 1:colcon.colcon_core.package_identification:_identify(models/prius_hybrid) by extensions ['colcon_pkg']
[0.234s] Level 1:colcon.colcon_core.package_identification:_identify(models/prius_hybrid) by extension 'colcon_pkg'
[0.234s] Level 1:colcon.colcon_core.package_identification:_identify(models/prius_hybrid) by extensions ['colcon_meta']
[0.234s] Level 1:colcon.colcon_core.package_identification:_identify(models/prius_hybrid) by extension 'colcon_meta'
[0.234s] Level 1:colcon.colcon_core.package_identification:_identify(models/prius_hybrid) by extensions ['ros']
[0.234s] Level 1:colcon.colcon_core.package_identification:_identify(models/prius_hybrid) by extension 'ros'
[0.234s] Level 1:colcon.colcon_core.package_identification:_identify(models/prius_hybrid) by extensions ['cmake', 'python']
[0.234s] Level 1:colcon.colcon_core.package_identification:_identify(models/prius_hybrid) by extension 'cmake'
[0.234s] Level 1:colcon.colcon_core.package_identification:_identify(models/prius_hybrid) by extension 'python'
[0.234s] Level 1:colcon.colcon_core.package_identification:_identify(models/prius_hybrid) by extensions ['python_setup_py']
[0.234s] Level 1:colcon.colcon_core.package_identification:_identify(models/prius_hybrid) by extension 'python_setup_py'
[0.234s] Level 1:colcon.colcon_core.package_identification:_identify(models/prius_hybrid/materials) by extensions ['ignore', 'ignore_ament_install']
[0.234s] Level 1:colcon.colcon_core.package_identification:_identify(models/prius_hybrid/materials) by extension 'ignore'
[0.234s] Level 1:colcon.colcon_core.package_identification:_identify(models/prius_hybrid/materials) by extension 'ignore_ament_install'
[0.234s] Level 1:colcon.colcon_core.package_identification:_identify(models/prius_hybrid/materials) by extensions ['colcon_pkg']
[0.234s] Level 1:colcon.colcon_core.package_identification:_identify(models/prius_hybrid/materials) by extension 'colcon_pkg'
[0.234s] Level 1:colcon.colcon_core.package_identification:_identify(models/prius_hybrid/materials) by extensions ['colcon_meta']
[0.234s] Level 1:colcon.colcon_core.package_identification:_identify(models/prius_hybrid/materials) by extension 'colcon_meta'
[0.234s] Level 1:colcon.colcon_core.package_identification:_identify(models/prius_hybrid/materials) by extensions ['ros']
[0.234s] Level 1:colcon.colcon_core.package_identification:_identify(models/prius_hybrid/materials) by extension 'ros'
[0.234s] Level 1:colcon.colcon_core.package_identification:_identify(models/prius_hybrid/materials) by extensions ['cmake', 'python']
[0.234s] Level 1:colcon.colcon_core.package_identification:_identify(models/prius_hybrid/materials) by extension 'cmake'
[0.234s] Level 1:colcon.colcon_core.package_identification:_identify(models/prius_hybrid/materials) by extension 'python'
[0.234s] Level 1:colcon.colcon_core.package_identification:_identify(models/prius_hybrid/materials) by extensions ['python_setup_py']
[0.234s] Level 1:colcon.colcon_core.package_identification:_identify(models/prius_hybrid/materials) by extension 'python_setup_py'
[0.234s] Level 1:colcon.colcon_core.package_identification:_identify(models/prius_hybrid/materials/textures) by extensions ['ignore', 'ignore_ament_install']
[0.234s] Level 1:colcon.colcon_core.package_identification:_identify(models/prius_hybrid/materials/textures) by extension 'ignore'
[0.234s] Level 1:colcon.colcon_core.package_identification:_identify(models/prius_hybrid/materials/textures) by extension 'ignore_ament_install'
[0.235s] Level 1:colcon.colcon_core.package_identification:_identify(models/prius_hybrid/materials/textures) by extensions ['colcon_pkg']
[0.235s] Level 1:colcon.colcon_core.package_identification:_identify(models/prius_hybrid/materials/textures) by extension 'colcon_pkg'
[0.235s] Level 1:colcon.colcon_core.package_identification:_identify(models/prius_hybrid/materials/textures) by extensions ['colcon_meta']
[0.235s] Level 1:colcon.colcon_core.package_identification:_identify(models/prius_hybrid/materials/textures) by extension 'colcon_meta'
[0.235s] Level 1:colcon.colcon_core.package_identification:_identify(models/prius_hybrid/materials/textures) by extensions ['ros']
[0.235s] Level 1:colcon.colcon_core.package_identification:_identify(models/prius_hybrid/materials/textures) by extension 'ros'
[0.235s] Level 1:colcon.colcon_core.package_identification:_identify(models/prius_hybrid/materials/textures) by extensions ['cmake', 'python']
[0.235s] Level 1:colcon.colcon_core.package_identification:_identify(models/prius_hybrid/materials/textures) by extension 'cmake'
[0.235s] Level 1:colcon.colcon_core.package_identification:_identify(models/prius_hybrid/materials/textures) by extension 'python'
[0.235s] Level 1:colcon.colcon_core.package_identification:_identify(models/prius_hybrid/materials/textures) by extensions ['python_setup_py']
[0.235s] Level 1:colcon.colcon_core.package_identification:_identify(models/prius_hybrid/materials/textures) by extension 'python_setup_py'
[0.235s] Level 1:colcon.colcon_core.package_identification:_identify(models/prius_hybrid/meshes) by extensions ['ignore', 'ignore_ament_install']
[0.235s] Level 1:colcon.colcon_core.package_identification:_identify(models/prius_hybrid/meshes) by extension 'ignore'
[0.235s] Level 1:colcon.colcon_core.package_identification:_identify(models/prius_hybrid/meshes) by extension 'ignore_ament_install'
[0.235s] Level 1:colcon.colcon_core.package_identification:_identify(models/prius_hybrid/meshes) by extensions ['colcon_pkg']
[0.235s] Level 1:colcon.colcon_core.package_identification:_identify(models/prius_hybrid/meshes) by extension 'colcon_pkg'
[0.235s] Level 1:colcon.colcon_core.package_identification:_identify(models/prius_hybrid/meshes) by extensions ['colcon_meta']
[0.235s] Level 1:colcon.colcon_core.package_identification:_identify(models/prius_hybrid/meshes) by extension 'colcon_meta'
[0.235s] Level 1:colcon.colcon_core.package_identification:_identify(models/prius_hybrid/meshes) by extensions ['ros']
[0.235s] Level 1:colcon.colcon_core.package_identification:_identify(models/prius_hybrid/meshes) by extension 'ros'
[0.235s] Level 1:colcon.colcon_core.package_identification:_identify(models/prius_hybrid/meshes) by extensions ['cmake', 'python']
[0.235s] Level 1:colcon.colcon_core.package_identification:_identify(models/prius_hybrid/meshes) by extension 'cmake'
[0.235s] Level 1:colcon.colcon_core.package_identification:_identify(models/prius_hybrid/meshes) by extension 'python'
[0.235s] Level 1:colcon.colcon_core.package_identification:_identify(models/prius_hybrid/meshes) by extensions ['python_setup_py']
[0.235s] Level 1:colcon.colcon_core.package_identification:_identify(models/prius_hybrid/meshes) by extension 'python_setup_py'
[0.235s] Level 1:colcon.colcon_core.package_identification:_identify(models/stop_sign) by extensions ['ignore', 'ignore_ament_install']
[0.235s] Level 1:colcon.colcon_core.package_identification:_identify(models/stop_sign) by extension 'ignore'
[0.235s] Level 1:colcon.colcon_core.package_identification:_identify(models/stop_sign) by extension 'ignore_ament_install'
[0.235s] Level 1:colcon.colcon_core.package_identification:_identify(models/stop_sign) by extensions ['colcon_pkg']
[0.235s] Level 1:colcon.colcon_core.package_identification:_identify(models/stop_sign) by extension 'colcon_pkg'
[0.235s] Level 1:colcon.colcon_core.package_identification:_identify(models/stop_sign) by extensions ['colcon_meta']
[0.235s] Level 1:colcon.colcon_core.package_identification:_identify(models/stop_sign) by extension 'colcon_meta'
[0.235s] Level 1:colcon.colcon_core.package_identification:_identify(models/stop_sign) by extensions ['ros']
[0.235s] Level 1:colcon.colcon_core.package_identification:_identify(models/stop_sign) by extension 'ros'
[0.235s] Level 1:colcon.colcon_core.package_identification:_identify(models/stop_sign) by extensions ['cmake', 'python']
[0.235s] Level 1:colcon.colcon_core.package_identification:_identify(models/stop_sign) by extension 'cmake'
[0.235s] Level 1:colcon.colcon_core.package_identification:_identify(models/stop_sign) by extension 'python'
[0.235s] Level 1:colcon.colcon_core.package_identification:_identify(models/stop_sign) by extensions ['python_setup_py']
[0.236s] Level 1:colcon.colcon_core.package_identification:_identify(models/stop_sign) by extension 'python_setup_py'
[0.236s] Level 1:colcon.colcon_core.package_identification:_identify(models/stop_sign/materials) by extensions ['ignore', 'ignore_ament_install']
[0.236s] Level 1:colcon.colcon_core.package_identification:_identify(models/stop_sign/materials) by extension 'ignore'
[0.236s] Level 1:colcon.colcon_core.package_identification:_identify(models/stop_sign/materials) by extension 'ignore_ament_install'
[0.236s] Level 1:colcon.colcon_core.package_identification:_identify(models/stop_sign/materials) by extensions ['colcon_pkg']
[0.236s] Level 1:colcon.colcon_core.package_identification:_identify(models/stop_sign/materials) by extension 'colcon_pkg'
[0.236s] Level 1:colcon.colcon_core.package_identification:_identify(models/stop_sign/materials) by extensions ['colcon_meta']
[0.236s] Level 1:colcon.colcon_core.package_identification:_identify(models/stop_sign/materials) by extension 'colcon_meta'
[0.236s] Level 1:colcon.colcon_core.package_identification:_identify(models/stop_sign/materials) by extensions ['ros']
[0.236s] Level 1:colcon.colcon_core.package_identification:_identify(models/stop_sign/materials) by extension 'ros'
[0.236s] Level 1:colcon.colcon_core.package_identification:_identify(models/stop_sign/materials) by extensions ['cmake', 'python']
[0.236s] Level 1:colcon.colcon_core.package_identification:_identify(models/stop_sign/materials) by extension 'cmake'
[0.236s] Level 1:colcon.colcon_core.package_identification:_identify(models/stop_sign/materials) by extension 'python'
[0.236s] Level 1:colcon.colcon_core.package_identification:_identify(models/stop_sign/materials) by extensions ['python_setup_py']
[0.236s] Level 1:colcon.colcon_core.package_identification:_identify(models/stop_sign/materials) by extension 'python_setup_py'
[0.236s] Level 1:colcon.colcon_core.package_identification:_identify(models/stop_sign/materials/scripts) by extensions ['ignore', 'ignore_ament_install']
[0.236s] Level 1:colcon.colcon_core.package_identification:_identify(models/stop_sign/materials/scripts) by extension 'ignore'
[0.236s] Level 1:colcon.colcon_core.package_identification:_identify(models/stop_sign/materials/scripts) by extension 'ignore_ament_install'
[0.236s] Level 1:colcon.colcon_core.package_identification:_identify(models/stop_sign/materials/scripts) by extensions ['colcon_pkg']
[0.236s] Level 1:colcon.colcon_core.package_identification:_identify(models/stop_sign/materials/scripts) by extension 'colcon_pkg'
[0.236s] Level 1:colcon.colcon_core.package_identification:_identify(models/stop_sign/materials/scripts) by extensions ['colcon_meta']
[0.236s] Level 1:colcon.colcon_core.package_identification:_identify(models/stop_sign/materials/scripts) by extension 'colcon_meta'
[0.236s] Level 1:colcon.colcon_core.package_identification:_identify(models/stop_sign/materials/scripts) by extensions ['ros']
[0.236s] Level 1:colcon.colcon_core.package_identification:_identify(models/stop_sign/materials/scripts) by extension 'ros'
[0.236s] Level 1:colcon.colcon_core.package_identification:_identify(models/stop_sign/materials/scripts) by extensions ['cmake', 'python']
[0.236s] Level 1:colcon.colcon_core.package_identification:_identify(models/stop_sign/materials/scripts) by extension 'cmake'
[0.236s] Level 1:colcon.colcon_core.package_identification:_identify(models/stop_sign/materials/scripts) by extension 'python'
[0.236s] Level 1:colcon.colcon_core.package_identification:_identify(models/stop_sign/materials/scripts) by extensions ['python_setup_py']
[0.236s] Level 1:colcon.colcon_core.package_identification:_identify(models/stop_sign/materials/scripts) by extension 'python_setup_py'
[0.236s] Level 1:colcon.colcon_core.package_identification:_identify(models/stop_sign/materials/textures) by extensions ['ignore', 'ignore_ament_install']
[0.236s] Level 1:colcon.colcon_core.package_identification:_identify(models/stop_sign/materials/textures) by extension 'ignore'
[0.236s] Level 1:colcon.colcon_core.package_identification:_identify(models/stop_sign/materials/textures) by extension 'ignore_ament_install'
[0.236s] Level 1:colcon.colcon_core.package_identification:_identify(models/stop_sign/materials/textures) by extensions ['colcon_pkg']
[0.236s] Level 1:colcon.colcon_core.package_identification:_identify(models/stop_sign/materials/textures) by extension 'colcon_pkg'
[0.236s] Level 1:colcon.colcon_core.package_identification:_identify(models/stop_sign/materials/textures) by extensions ['colcon_meta']
[0.236s] Level 1:colcon.colcon_core.package_identification:_identify(models/stop_sign/materials/textures) by extension 'colcon_meta'
[0.237s] Level 1:colcon.colcon_core.package_identification:_identify(models/stop_sign/materials/textures) by extensions ['ros']
[0.237s] Level 1:colcon.colcon_core.package_identification:_identify(models/stop_sign/materials/textures) by extension 'ros'
[0.237s] Level 1:colcon.colcon_core.package_identification:_identify(models/stop_sign/materials/textures) by extensions ['cmake', 'python']
[0.237s] Level 1:colcon.colcon_core.package_identification:_identify(models/stop_sign/materials/textures) by extension 'cmake'
[0.237s] Level 1:colcon.colcon_core.package_identification:_identify(models/stop_sign/materials/textures) by extension 'python'
[0.237s] Level 1:colcon.colcon_core.package_identification:_identify(models/stop_sign/materials/textures) by extensions ['python_setup_py']
[0.237s] Level 1:colcon.colcon_core.package_identification:_identify(models/stop_sign/materials/textures) by extension 'python_setup_py'
[0.237s] Level 1:colcon.colcon_core.package_identification:_identify(models/stop_sign/meshes) by extensions ['ignore', 'ignore_ament_install']
[0.237s] Level 1:colcon.colcon_core.package_identification:_identify(models/stop_sign/meshes) by extension 'ignore'
[0.237s] Level 1:colcon.colcon_core.package_identification:_identify(models/stop_sign/meshes) by extension 'ignore_ament_install'
[0.237s] Level 1:colcon.colcon_core.package_identification:_identify(models/stop_sign/meshes) by extensions ['colcon_pkg']
[0.237s] Level 1:colcon.colcon_core.package_identification:_identify(models/stop_sign/meshes) by extension 'colcon_pkg'
[0.237s] Level 1:colcon.colcon_core.package_identification:_identify(models/stop_sign/meshes) by extensions ['colcon_meta']
[0.237s] Level 1:colcon.colcon_core.package_identification:_identify(models/stop_sign/meshes) by extension 'colcon_meta'
[0.237s] Level 1:colcon.colcon_core.package_identification:_identify(models/stop_sign/meshes) by extensions ['ros']
[0.237s] Level 1:colcon.colcon_core.package_identification:_identify(models/stop_sign/meshes) by extension 'ros'
[0.237s] Level 1:colcon.colcon_core.package_identification:_identify(models/stop_sign/meshes) by extensions ['cmake', 'python']
[0.237s] Level 1:colcon.colcon_core.package_identification:_identify(models/stop_sign/meshes) by extension 'cmake'
[0.237s] Level 1:colcon.colcon_core.package_identification:_identify(models/stop_sign/meshes) by extension 'python'
[0.237s] Level 1:colcon.colcon_core.package_identification:_identify(models/stop_sign/meshes) by extensions ['python_setup_py']
[0.237s] Level 1:colcon.colcon_core.package_identification:_identify(models/stop_sign/meshes) by extension 'python_setup_py'
[0.237s] Level 1:colcon.colcon_core.package_identification:_identify(models/suv) by extensions ['ignore', 'ignore_ament_install']
[0.237s] Level 1:colcon.colcon_core.package_identification:_identify(models/suv) by extension 'ignore'
[0.237s] Level 1:colcon.colcon_core.package_identification:_identify(models/suv) by extension 'ignore_ament_install'
[0.237s] Level 1:colcon.colcon_core.package_identification:_identify(models/suv) by extensions ['colcon_pkg']
[0.237s] Level 1:colcon.colcon_core.package_identification:_identify(models/suv) by extension 'colcon_pkg'
[0.237s] Level 1:colcon.colcon_core.package_identification:_identify(models/suv) by extensions ['colcon_meta']
[0.237s] Level 1:colcon.colcon_core.package_identification:_identify(models/suv) by extension 'colcon_meta'
[0.237s] Level 1:colcon.colcon_core.package_identification:_identify(models/suv) by extensions ['ros']
[0.237s] Level 1:colcon.colcon_core.package_identification:_identify(models/suv) by extension 'ros'
[0.237s] Level 1:colcon.colcon_core.package_identification:_identify(models/suv) by extensions ['cmake', 'python']
[0.237s] Level 1:colcon.colcon_core.package_identification:_identify(models/suv) by extension 'cmake'
[0.237s] Level 1:colcon.colcon_core.package_identification:_identify(models/suv) by extension 'python'
[0.237s] Level 1:colcon.colcon_core.package_identification:_identify(models/suv) by extensions ['python_setup_py']
[0.238s] Level 1:colcon.colcon_core.package_identification:_identify(models/suv) by extension 'python_setup_py'
[0.238s] Level 1:colcon.colcon_core.package_identification:_identify(models/suv/materials) by extensions ['ignore', 'ignore_ament_install']
[0.238s] Level 1:colcon.colcon_core.package_identification:_identify(models/suv/materials) by extension 'ignore'
[0.238s] Level 1:colcon.colcon_core.package_identification:_identify(models/suv/materials) by extension 'ignore_ament_install'
[0.238s] Level 1:colcon.colcon_core.package_identification:_identify(models/suv/materials) by extensions ['colcon_pkg']
[0.238s] Level 1:colcon.colcon_core.package_identification:_identify(models/suv/materials) by extension 'colcon_pkg'
[0.238s] Level 1:colcon.colcon_core.package_identification:_identify(models/suv/materials) by extensions ['colcon_meta']
[0.238s] Level 1:colcon.colcon_core.package_identification:_identify(models/suv/materials) by extension 'colcon_meta'
[0.238s] Level 1:colcon.colcon_core.package_identification:_identify(models/suv/materials) by extensions ['ros']
[0.238s] Level 1:colcon.colcon_core.package_identification:_identify(models/suv/materials) by extension 'ros'
[0.238s] Level 1:colcon.colcon_core.package_identification:_identify(models/suv/materials) by extensions ['cmake', 'python']
[0.238s] Level 1:colcon.colcon_core.package_identification:_identify(models/suv/materials) by extension 'cmake'
[0.238s] Level 1:colcon.colcon_core.package_identification:_identify(models/suv/materials) by extension 'python'
[0.238s] Level 1:colcon.colcon_core.package_identification:_identify(models/suv/materials) by extensions ['python_setup_py']
[0.238s] Level 1:colcon.colcon_core.package_identification:_identify(models/suv/materials) by extension 'python_setup_py'
[0.238s] Level 1:colcon.colcon_core.package_identification:_identify(models/suv/materials/textures) by extensions ['ignore', 'ignore_ament_install']
[0.238s] Level 1:colcon.colcon_core.package_identification:_identify(models/suv/materials/textures) by extension 'ignore'
[0.238s] Level 1:colcon.colcon_core.package_identification:_identify(models/suv/materials/textures) by extension 'ignore_ament_install'
[0.238s] Level 1:colcon.colcon_core.package_identification:_identify(models/suv/materials/textures) by extensions ['colcon_pkg']
[0.238s] Level 1:colcon.colcon_core.package_identification:_identify(models/suv/materials/textures) by extension 'colcon_pkg'
[0.238s] Level 1:colcon.colcon_core.package_identification:_identify(models/suv/materials/textures) by extensions ['colcon_meta']
[0.238s] Level 1:colcon.colcon_core.package_identification:_identify(models/suv/materials/textures) by extension 'colcon_meta'
[0.238s] Level 1:colcon.colcon_core.package_identification:_identify(models/suv/materials/textures) by extensions ['ros']
[0.238s] Level 1:colcon.colcon_core.package_identification:_identify(models/suv/materials/textures) by extension 'ros'
[0.238s] Level 1:colcon.colcon_core.package_identification:_identify(models/suv/materials/textures) by extensions ['cmake', 'python']
[0.238s] Level 1:colcon.colcon_core.package_identification:_identify(models/suv/materials/textures) by extension 'cmake'
[0.238s] Level 1:colcon.colcon_core.package_identification:_identify(models/suv/materials/textures) by extension 'python'
[0.238s] Level 1:colcon.colcon_core.package_identification:_identify(models/suv/materials/textures) by extensions ['python_setup_py']
[0.238s] Level 1:colcon.colcon_core.package_identification:_identify(models/suv/materials/textures) by extension 'python_setup_py'
[0.238s] Level 1:colcon.colcon_core.package_identification:_identify(models/suv/meshes) by extensions ['ignore', 'ignore_ament_install']
[0.238s] Level 1:colcon.colcon_core.package_identification:_identify(models/suv/meshes) by extension 'ignore'
[0.239s] Level 1:colcon.colcon_core.package_identification:_identify(models/suv/meshes) by extension 'ignore_ament_install'
[0.239s] Level 1:colcon.colcon_core.package_identification:_identify(models/suv/meshes) by extensions ['colcon_pkg']
[0.239s] Level 1:colcon.colcon_core.package_identification:_identify(models/suv/meshes) by extension 'colcon_pkg'
[0.239s] Level 1:colcon.colcon_core.package_identification:_identify(models/suv/meshes) by extensions ['colcon_meta']
[0.239s] Level 1:colcon.colcon_core.package_identification:_identify(models/suv/meshes) by extension 'colcon_meta'
[0.239s] Level 1:colcon.colcon_core.package_identification:_identify(models/suv/meshes) by extensions ['ros']
[0.239s] Level 1:colcon.colcon_core.package_identification:_identify(models/suv/meshes) by extension 'ros'
[0.239s] Level 1:colcon.colcon_core.package_identification:_identify(models/suv/meshes) by extensions ['cmake', 'python']
[0.239s] Level 1:colcon.colcon_core.package_identification:_identify(models/suv/meshes) by extension 'cmake'
[0.239s] Level 1:colcon.colcon_core.package_identification:_identify(models/suv/meshes) by extension 'python'
[0.239s] Level 1:colcon.colcon_core.package_identification:_identify(models/suv/meshes) by extensions ['python_setup_py']
[0.239s] Level 1:colcon.colcon_core.package_identification:_identify(models/suv/meshes) by extension 'python_setup_py'
[0.239s] Level 1:colcon.colcon_core.package_identification:_identify(src) by extensions ['ignore', 'ignore_ament_install']
[0.239s] Level 1:colcon.colcon_core.package_identification:_identify(src) by extension 'ignore'
[0.239s] Level 1:colcon.colcon_core.package_identification:_identify(src) by extension 'ignore_ament_install'
[0.239s] Level 1:colcon.colcon_core.package_identification:_identify(src) by extensions ['colcon_pkg']
[0.239s] Level 1:colcon.colcon_core.package_identification:_identify(src) by extension 'colcon_pkg'
[0.239s] Level 1:colcon.colcon_core.package_identification:_identify(src) by extensions ['colcon_meta']
[0.239s] Level 1:colcon.colcon_core.package_identification:_identify(src) by extension 'colcon_meta'
[0.239s] Level 1:colcon.colcon_core.package_identification:_identify(src) by extensions ['ros']
[0.239s] Level 1:colcon.colcon_core.package_identification:_identify(src) by extension 'ros'
[0.239s] Level 1:colcon.colcon_core.package_identification:_identify(src) by extensions ['cmake', 'python']
[0.239s] Level 1:colcon.colcon_core.package_identification:_identify(src) by extension 'cmake'
[0.239s] Level 1:colcon.colcon_core.package_identification:_identify(src) by extension 'python'
[0.239s] Level 1:colcon.colcon_core.package_identification:_identify(src) by extensions ['python_setup_py']
[0.239s] Level 1:colcon.colcon_core.package_identification:_identify(src) by extension 'python_setup_py'
[0.239s] Level 1:colcon.colcon_core.package_identification:_identify(src/yolobot_control) by extensions ['ignore', 'ignore_ament_install']
[0.239s] Level 1:colcon.colcon_core.package_identification:_identify(src/yolobot_control) by extension 'ignore'
[0.239s] Level 1:colcon.colcon_core.package_identification:_identify(src/yolobot_control) by extension 'ignore_ament_install'
[0.239s] Level 1:colcon.colcon_core.package_identification:_identify(src/yolobot_control) by extensions ['colcon_pkg']
[0.239s] Level 1:colcon.colcon_core.package_identification:_identify(src/yolobot_control) by extension 'colcon_pkg'
[0.239s] Level 1:colcon.colcon_core.package_identification:_identify(src/yolobot_control) by extensions ['colcon_meta']
[0.239s] Level 1:colcon.colcon_core.package_identification:_identify(src/yolobot_control) by extension 'colcon_meta'
[0.239s] Level 1:colcon.colcon_core.package_identification:_identify(src/yolobot_control) by extensions ['ros']
[0.239s] Level 1:colcon.colcon_core.package_identification:_identify(src/yolobot_control) by extension 'ros'
[0.241s] DEBUG:colcon.colcon_core.package_identification:Package 'src/yolobot_control' with type 'ros.ament_cmake' and name 'yolobot_control'
[0.241s] Level 1:colcon.colcon_core.package_identification:_identify(src/yolobot_description) by extensions ['ignore', 'ignore_ament_install']
[0.242s] Level 1:colcon.colcon_core.package_identification:_identify(src/yolobot_description) by extension 'ignore'
[0.242s] Level 1:colcon.colcon_core.package_identification:_identify(src/yolobot_description) by extension 'ignore_ament_install'
[0.242s] Level 1:colcon.colcon_core.package_identification:_identify(src/yolobot_description) by extensions ['colcon_pkg']
[0.242s] Level 1:colcon.colcon_core.package_identification:_identify(src/yolobot_description) by extension 'colcon_pkg'
[0.242s] Level 1:colcon.colcon_core.package_identification:_identify(src/yolobot_description) by extensions ['colcon_meta']
[0.242s] Level 1:colcon.colcon_core.package_identification:_identify(src/yolobot_description) by extension 'colcon_meta'
[0.242s] Level 1:colcon.colcon_core.package_identification:_identify(src/yolobot_description) by extensions ['ros']
[0.242s] Level 1:colcon.colcon_core.package_identification:_identify(src/yolobot_description) by extension 'ros'
[0.242s] DEBUG:colcon.colcon_core.package_identification:Package 'src/yolobot_description' with type 'ros.ament_cmake' and name 'yolobot_description'
[0.242s] Level 1:colcon.colcon_core.package_identification:_identify(src/yolobot_gazebo) by extensions ['ignore', 'ignore_ament_install']
[0.242s] Level 1:colcon.colcon_core.package_identification:_identify(src/yolobot_gazebo) by extension 'ignore'
[0.242s] Level 1:colcon.colcon_core.package_identification:_identify(src/yolobot_gazebo) by extension 'ignore_ament_install'
[0.242s] Level 1:colcon.colcon_core.package_identification:_identify(src/yolobot_gazebo) by extensions ['colcon_pkg']
[0.242s] Level 1:colcon.colcon_core.package_identification:_identify(src/yolobot_gazebo) by extension 'colcon_pkg'
[0.242s] Level 1:colcon.colcon_core.package_identification:_identify(src/yolobot_gazebo) by extensions ['colcon_meta']
[0.242s] Level 1:colcon.colcon_core.package_identification:_identify(src/yolobot_gazebo) by extension 'colcon_meta'
[0.242s] Level 1:colcon.colcon_core.package_identification:_identify(src/yolobot_gazebo) by extensions ['ros']
[0.242s] Level 1:colcon.colcon_core.package_identification:_identify(src/yolobot_gazebo) by extension 'ros'
[0.243s] DEBUG:colcon.colcon_core.package_identification:Package 'src/yolobot_gazebo' with type 'ros.ament_cmake' and name 'yolobot_gazebo'
[0.243s] Level 1:colcon.colcon_core.package_identification:_identify(src/yolobot_recognition) by extensions ['ignore', 'ignore_ament_install']
[0.243s] Level 1:colcon.colcon_core.package_identification:_identify(src/yolobot_recognition) by extension 'ignore'
[0.243s] Level 1:colcon.colcon_core.package_identification:_identify(src/yolobot_recognition) by extension 'ignore_ament_install'
[0.243s] Level 1:colcon.colcon_core.package_identification:_identify(src/yolobot_recognition) by extensions ['colcon_pkg']
[0.243s] Level 1:colcon.colcon_core.package_identification:_identify(src/yolobot_recognition) by extension 'colcon_pkg'
[0.243s] Level 1:colcon.colcon_core.package_identification:_identify(src/yolobot_recognition) by extensions ['colcon_meta']
[0.243s] Level 1:colcon.colcon_core.package_identification:_identify(src/yolobot_recognition) by extension 'colcon_meta'
[0.243s] Level 1:colcon.colcon_core.package_identification:_identify(src/yolobot_recognition) by extensions ['ros']
[0.243s] Level 1:colcon.colcon_core.package_identification:_identify(src/yolobot_recognition) by extension 'ros'
[0.243s] DEBUG:colcon.colcon_core.package_identification:Package 'src/yolobot_recognition' with type 'ros.ament_cmake' and name 'yolobot_recognition'
[0.243s] Level 1:colcon.colcon_core.package_identification:_identify(src/yolov8_msgs) by extensions ['ignore', 'ignore_ament_install']
[0.243s] Level 1:colcon.colcon_core.package_identification:_identify(src/yolov8_msgs) by extension 'ignore'
[0.243s] Level 1:colcon.colcon_core.package_identification:_identify(src/yolov8_msgs) by extension 'ignore_ament_install'
[0.243s] Level 1:colcon.colcon_core.package_identification:_identify(src/yolov8_msgs) by extensions ['colcon_pkg']
[0.243s] Level 1:colcon.colcon_core.package_identification:_identify(src/yolov8_msgs) by extension 'colcon_pkg'
[0.243s] Level 1:colcon.colcon_core.package_identification:_identify(src/yolov8_msgs) by extensions ['colcon_meta']
[0.244s] Level 1:colcon.colcon_core.package_identification:_identify(src/yolov8_msgs) by extension 'colcon_meta'
[0.244s] Level 1:colcon.colcon_core.package_identification:_identify(src/yolov8_msgs) by extensions ['ros']
[0.244s] Level 1:colcon.colcon_core.package_identification:_identify(src/yolov8_msgs) by extension 'ros'
[0.244s] DEBUG:colcon.colcon_core.package_identification:Package 'src/yolov8_msgs' with type 'ros.ament_cmake' and name 'yolov8_msgs'
[0.244s] Level 1:colcon.colcon_core.package_discovery:discover_packages(recursive) using defaults
[0.244s] Level 1:colcon.colcon_core.package_discovery:discover_packages(ignore) discover
[0.244s] Level 1:colcon.colcon_core.package_discovery:discover_packages(ignore) using defaults
[0.244s] Level 1:colcon.colcon_core.package_discovery:discover_packages(path) discover
[0.244s] Level 1:colcon.colcon_core.package_discovery:discover_packages(path) using defaults
[0.259s] Level 1:colcon.colcon_core.package_discovery:discover_packages(prefix_path) check parameters
[0.260s] Level 1:colcon.colcon_core.package_discovery:discover_packages(prefix_path) discover
[0.262s] DEBUG:colcon.colcon_installed_package_information.package_discovery:Found 0 installed packages in /home/awadh/test3_ws/install
[0.262s] DEBUG:colcon.colcon_installed_package_information.package_discovery:Found 1 installed packages in /home/awadh/test2_ws/install
[0.262s] DEBUG:colcon.colcon_installed_package_information.package_discovery:Found 0 installed packages in /home/awadh/test_ws/install
[0.262s] DEBUG:colcon.colcon_installed_package_information.package_discovery:Found 0 installed packages in /home/awadh/obj_det_ws/install
[0.263s] DEBUG:colcon.colcon_installed_package_information.package_discovery:Found 17 installed packages in /home/awadh/zed_ws/install
[0.263s] DEBUG:colcon.colcon_installed_package_information.package_discovery:Found 2 installed packages in /home/awadh/ouster_ws/install
[0.263s] DEBUG:colcon.colcon_installed_package_information.package_discovery:Found 1 installed packages in /home/awadh/sick_tim_ws/install
[0.263s] DEBUG:colcon.colcon_installed_package_information.package_discovery:Found 6 installed packages in /home/awadh/ros2_ws/install
[0.264s] DEBUG:colcon.colcon_installed_package_information.package_discovery:Found 9 installed packages in /home/awadh/gazebo_ws/install
[0.265s] DEBUG:colcon.colcon_installed_package_information.package_discovery:Found 409 installed packages in /opt/ros/humble
[0.267s] Level 1:colcon.colcon_core.package_discovery:discover_packages(prefix_path) using defaults
[0.299s] Level 5:colcon.colcon_core.verb:set package 'yolobot_control' build argument 'cmake_args' from command line to 'None'
[0.299s] Level 5:colcon.colcon_core.verb:set package 'yolobot_control' build argument 'cmake_target' from command line to 'None'
[0.299s] Level 5:colcon.colcon_core.verb:set package 'yolobot_control' build argument 'cmake_target_skip_unavailable' from command line to 'False'
[0.299s] Level 5:colcon.colcon_core.verb:set package 'yolobot_control' build argument 'cmake_clean_cache' from command line to 'False'
[0.299s] Level 5:colcon.colcon_core.verb:set package 'yolobot_control' build argument 'cmake_clean_first' from command line to 'False'
[0.299s] Level 5:colcon.colcon_core.verb:set package 'yolobot_control' build argument 'cmake_force_configure' from command line to 'False'
[0.299s] Level 5:colcon.colcon_core.verb:set package 'yolobot_control' build argument 'ament_cmake_args' from command line to 'None'
[0.299s] Level 5:colcon.colcon_core.verb:set package 'yolobot_control' build argument 'catkin_cmake_args' from command line to 'None'
[0.299s] Level 5:colcon.colcon_core.verb:set package 'yolobot_control' build argument 'catkin_skip_building_tests' from command line to 'False'
[0.299s] DEBUG:colcon.colcon_core.verb:Building package 'yolobot_control' with the following arguments: {'ament_cmake_args': None, 'build_base': '/home/awadh/yolobot/build/yolobot_control', 'catkin_cmake_args': None, 'catkin_skip_building_tests': False, 'cmake_args': None, 'cmake_clean_cache': False, 'cmake_clean_first': False, 'cmake_force_configure': False, 'cmake_target': None, 'cmake_target_skip_unavailable': False, 'install_base': '/home/awadh/yolobot/install/yolobot_control', 'merge_install': False, 'path': '/home/awadh/yolobot/src/yolobot_control', 'symlink_install': False, 'test_result_base': None}
[0.299s] Level 5:colcon.colcon_core.verb:set package 'yolobot_description' build argument 'cmake_args' from command line to 'None'
[0.299s] Level 5:colcon.colcon_core.verb:set package 'yolobot_description' build argument 'cmake_target' from command line to 'None'
[0.299s] Level 5:colcon.colcon_core.verb:set package 'yolobot_description' build argument 'cmake_target_skip_unavailable' from command line to 'False'
[0.299s] Level 5:colcon.colcon_core.verb:set package 'yolobot_description' build argument 'cmake_clean_cache' from command line to 'False'
[0.299s] Level 5:colcon.colcon_core.verb:set package 'yolobot_description' build argument 'cmake_clean_first' from command line to 'False'
[0.299s] Level 5:colcon.colcon_core.verb:set package 'yolobot_description' build argument 'cmake_force_configure' from command line to 'False'
[0.299s] Level 5:colcon.colcon_core.verb:set package 'yolobot_description' build argument 'ament_cmake_args' from command line to 'None'
[0.299s] Level 5:colcon.colcon_core.verb:set package 'yolobot_description' build argument 'catkin_cmake_args' from command line to 'None'
[0.299s] Level 5:colcon.colcon_core.verb:set package 'yolobot_description' build argument 'catkin_skip_building_tests' from command line to 'False'
[0.299s] DEBUG:colcon.colcon_core.verb:Building package 'yolobot_description' with the following arguments: {'ament_cmake_args': None, 'build_base': '/home/awadh/yolobot/build/yolobot_description', 'catkin_cmake_args': None, 'catkin_skip_building_tests': False, 'cmake_args': None, 'cmake_clean_cache': False, 'cmake_clean_first': False, 'cmake_force_configure': False, 'cmake_target': None, 'cmake_target_skip_unavailable': False, 'install_base': '/home/awadh/yolobot/install/yolobot_description', 'merge_install': False, 'path': '/home/awadh/yolobot/src/yolobot_description', 'symlink_install': False, 'test_result_base': None}
[0.299s] Level 5:colcon.colcon_core.verb:set package 'yolobot_gazebo' build argument 'cmake_args' from command line to 'None'
[0.299s] Level 5:colcon.colcon_core.verb:set package 'yolobot_gazebo' build argument 'cmake_target' from command line to 'None'
[0.299s] Level 5:colcon.colcon_core.verb:set package 'yolobot_gazebo' build argument 'cmake_target_skip_unavailable' from command line to 'False'
[0.299s] Level 5:colcon.colcon_core.verb:set package 'yolobot_gazebo' build argument 'cmake_clean_cache' from command line to 'False'
[0.299s] Level 5:colcon.colcon_core.verb:set package 'yolobot_gazebo' build argument 'cmake_clean_first' from command line to 'False'
[0.299s] Level 5:colcon.colcon_core.verb:set package 'yolobot_gazebo' build argument 'cmake_force_configure' from command line to 'False'
[0.299s] Level 5:colcon.colcon_core.verb:set package 'yolobot_gazebo' build argument 'ament_cmake_args' from command line to 'None'
[0.300s] Level 5:colcon.colcon_core.verb:set package 'yolobot_gazebo' build argument 'catkin_cmake_args' from command line to 'None'
[0.300s] Level 5:colcon.colcon_core.verb:set package 'yolobot_gazebo' build argument 'catkin_skip_building_tests' from command line to 'False'
[0.300s] DEBUG:colcon.colcon_core.verb:Building package 'yolobot_gazebo' with the following arguments: {'ament_cmake_args': None, 'build_base': '/home/awadh/yolobot/build/yolobot_gazebo', 'catkin_cmake_args': None, 'catkin_skip_building_tests': False, 'cmake_args': None, 'cmake_clean_cache': False, 'cmake_clean_first': False, 'cmake_force_configure': False, 'cmake_target': None, 'cmake_target_skip_unavailable': False, 'install_base': '/home/awadh/yolobot/install/yolobot_gazebo', 'merge_install': False, 'path': '/home/awadh/yolobot/src/yolobot_gazebo', 'symlink_install': False, 'test_result_base': None}
[0.300s] Level 5:colcon.colcon_core.verb:set package 'yolobot_recognition' build argument 'cmake_args' from command line to 'None'
[0.300s] Level 5:colcon.colcon_core.verb:set package 'yolobot_recognition' build argument 'cmake_target' from command line to 'None'
[0.300s] Level 5:colcon.colcon_core.verb:set package 'yolobot_recognition' build argument 'cmake_target_skip_unavailable' from command line to 'False'
[0.300s] Level 5:colcon.colcon_core.verb:set package 'yolobot_recognition' build argument 'cmake_clean_cache' from command line to 'False'
[0.300s] Level 5:colcon.colcon_core.verb:set package 'yolobot_recognition' build argument 'cmake_clean_first' from command line to 'False'
[0.300s] Level 5:colcon.colcon_core.verb:set package 'yolobot_recognition' build argument 'cmake_force_configure' from command line to 'False'
[0.300s] Level 5:colcon.colcon_core.verb:set package 'yolobot_recognition' build argument 'ament_cmake_args' from command line to 'None'
[0.300s] Level 5:colcon.colcon_core.verb:set package 'yolobot_recognition' build argument 'catkin_cmake_args' from command line to 'None'
[0.300s] Level 5:colcon.colcon_core.verb:set package 'yolobot_recognition' build argument 'catkin_skip_building_tests' from command line to 'False'
[0.300s] DEBUG:colcon.colcon_core.verb:Building package 'yolobot_recognition' with the following arguments: {'ament_cmake_args': None, 'build_base': '/home/awadh/yolobot/build/yolobot_recognition', 'catkin_cmake_args': None, 'catkin_skip_building_tests': False, 'cmake_args': None, 'cmake_clean_cache': False, 'cmake_clean_first': False, 'cmake_force_configure': False, 'cmake_target': None, 'cmake_target_skip_unavailable': False, 'install_base': '/home/awadh/yolobot/install/yolobot_recognition', 'merge_install': False, 'path': '/home/awadh/yolobot/src/yolobot_recognition', 'symlink_install': False, 'test_result_base': None}
[0.300s] Level 5:colcon.colcon_core.verb:set package 'yolov8_msgs' build argument 'cmake_args' from command line to 'None'
[0.300s] Level 5:colcon.colcon_core.verb:set package 'yolov8_msgs' build argument 'cmake_target' from command line to 'None'
[0.300s] Level 5:colcon.colcon_core.verb:set package 'yolov8_msgs' build argument 'cmake_target_skip_unavailable' from command line to 'False'
[0.300s] Level 5:colcon.colcon_core.verb:set package 'yolov8_msgs' build argument 'cmake_clean_cache' from command line to 'False'
[0.300s] Level 5:colcon.colcon_core.verb:set package 'yolov8_msgs' build argument 'cmake_clean_first' from command line to 'False'
[0.300s] Level 5:colcon.colcon_core.verb:set package 'yolov8_msgs' build argument 'cmake_force_configure' from command line to 'False'
[0.300s] Level 5:colcon.colcon_core.verb:set package 'yolov8_msgs' build argument 'ament_cmake_args' from command line to 'None'
[0.300s] Level 5:colcon.colcon_core.verb:set package 'yolov8_msgs' build argument 'catkin_cmake_args' from command line to 'None'
[0.300s] Level 5:colcon.colcon_core.verb:set package 'yolov8_msgs' build argument 'catkin_skip_building_tests' from command line to 'False'
[0.300s] DEBUG:colcon.colcon_core.verb:Building package 'yolov8_msgs' with the following arguments: {'ament_cmake_args': None, 'build_base': '/home/awadh/yolobot/build/yolov8_msgs', 'catkin_cmake_args': None, 'catkin_skip_building_tests': False, 'cmake_args': None, 'cmake_clean_cache': False, 'cmake_clean_first': False, 'cmake_force_configure': False, 'cmake_target': None, 'cmake_target_skip_unavailable': False, 'install_base': '/home/awadh/yolobot/install/yolov8_msgs', 'merge_install': False, 'path': '/home/awadh/yolobot/src/yolov8_msgs', 'symlink_install': False, 'test_result_base': None}
[0.300s] INFO:colcon.colcon_core.executor:Executing jobs using 'parallel' executor
[0.301s] DEBUG:colcon.colcon_parallel_executor.executor.parallel:run_until_complete
[0.302s] INFO:colcon.colcon_ros.task.ament_cmake.build:Building ROS package in '/home/awadh/yolobot/src/yolobot_control' with build type 'ament_cmake'
[0.302s] INFO:colcon.colcon_cmake.task.cmake.build:Building CMake package in '/home/awadh/yolobot/src/yolobot_control'
[0.303s] INFO:colcon.colcon_core.plugin_system:Skipping extension 'colcon_core.shell.bat': Not used on non-Windows systems
[0.303s] INFO:colcon.colcon_core.shell:Skip shell extension 'powershell' for command environment: Not usable outside of PowerShell
[0.303s] DEBUG:colcon.colcon_core.shell:Skip shell extension 'dsv' for command environment
[0.309s] INFO:colcon.colcon_ros.task.ament_cmake.build:Building ROS package in '/home/awadh/yolobot/src/yolobot_description' with build type 'ament_cmake'
[0.309s] INFO:colcon.colcon_cmake.task.cmake.build:Building CMake package in '/home/awadh/yolobot/src/yolobot_description'
[0.309s] INFO:colcon.colcon_core.shell:Skip shell extension 'powershell' for command environment: Not usable outside of PowerShell
[0.309s] DEBUG:colcon.colcon_core.shell:Skip shell extension 'dsv' for command environment
[0.314s] INFO:colcon.colcon_ros.task.ament_cmake.build:Building ROS package in '/home/awadh/yolobot/src/yolobot_gazebo' with build type 'ament_cmake'
[0.314s] INFO:colcon.colcon_cmake.task.cmake.build:Building CMake package in '/home/awadh/yolobot/src/yolobot_gazebo'
[0.314s] INFO:colcon.colcon_core.shell:Skip shell extension 'powershell' for command environment: Not usable outside of PowerShell
[0.314s] DEBUG:colcon.colcon_core.shell:Skip shell extension 'dsv' for command environment
[0.318s] INFO:colcon.colcon_ros.task.ament_cmake.build:Building ROS package in '/home/awadh/yolobot/src/yolobot_recognition' with build type 'ament_cmake'
[0.319s] INFO:colcon.colcon_cmake.task.cmake.build:Building CMake package in '/home/awadh/yolobot/src/yolobot_recognition'
[0.319s] INFO:colcon.colcon_core.shell:Skip shell extension 'powershell' for command environment: Not usable outside of PowerShell
[0.319s] DEBUG:colcon.colcon_core.shell:Skip shell extension 'dsv' for command environment
[0.323s] INFO:colcon.colcon_ros.task.ament_cmake.build:Building ROS package in '/home/awadh/yolobot/src/yolov8_msgs' with build type 'ament_cmake'
[0.324s] INFO:colcon.colcon_cmake.task.cmake.build:Building CMake package in '/home/awadh/yolobot/src/yolov8_msgs'
[0.324s] INFO:colcon.colcon_core.shell:Skip shell extension 'powershell' for command environment: Not usable outside of PowerShell
[0.324s] DEBUG:colcon.colcon_core.shell:Skip shell extension 'dsv' for command environment
[0.332s] DEBUG:colcon.colcon_core.event_handler.log_command:Invoking command in '/home/awadh/yolobot/build/yolobot_control': CMAKE_PREFIX_PATH=/home/awadh/gazebo_ws/install/yolov8_msgs:/home/awadh/gazebo_ws/install/yolobot_recognition:/home/awadh/gazebo_ws/install/yolobot_gazebo:/home/awadh/gazebo_ws/install/yolobot_description:/home/awadh/gazebo_ws/install/yolobot_control:/home/awadh/gazebo_ws/install/my_robot_bringup:/home/awadh/gazebo_ws/install/my_robot_description:/home/awadh/test2_ws/install/pcl_object_detection:/home/awadh/zed_ws/install/zed_ros2:/home/awadh/zed_ws/install/zed_robot_integration:/home/awadh/zed_ws/install/zed_multi_camera:/home/awadh/zed_ws/install/zed_display_rviz2:/home/awadh/zed_ws/install/zed_depth_to_laserscan:/home/awadh/zed_ws/install/zed_wrapper:/home/awadh/zed_ws/install/zed_tutorial_video:/home/awadh/zed_ws/install/zed_tutorial_pos_tracking:/home/awadh/zed_ws/install/zed_tutorial_depth:/home/awadh/zed_ws/install/zed_topic_benchmark:/home/awadh/zed_ws/install/zed_topic_benchmark_component:/home/awadh/zed_ws/install/zed_topic_benchmark_interfaces:/home/awadh/zed_ws/install/zed_rgb_convert:/home/awadh/zed_ws/install/zed_aruco_localization:/home/awadh/zed_ws/install/zed_components:/home/awadh/zed_ws/install/rviz_plugin_zed_od:/home/awadh/zed_ws/install/zed_interfaces:/home/awadh/ouster_ws/install/ouster_ros:/home/awadh/ouster_ws/install/ouster_sensor_msgs:/home/awadh/ros2_ws/install/my_robot_bringup:/home/awadh/ros2_ws/install/turtlesim_project_cpp:/home/awadh/ros2_ws/install/my_cpp_pkg:/home/awadh/ros2_ws/install/my_robot_interfaces:/home/awadh/gazebo_ws/install/ultralytics_ros2:/home/awadh/ros2_ws/install/turtlesim_catch_them_all:/home/awadh/ros2_ws/install/my_py_pkg:/opt/ros/humble:/home/awadh/sick_tim_ws/install/sick_tim /usr/bin/cmake /home/awadh/yolobot/src/yolobot_control -DCMAKE_INSTALL_PREFIX=/home/awadh/yolobot/install/yolobot_control
[0.335s] DEBUG:colcon.colcon_core.event_handler.log_command:Invoking command in '/home/awadh/yolobot/build/yolobot_description': CMAKE_PREFIX_PATH=/home/awadh/gazebo_ws/install/yolov8_msgs:/home/awadh/gazebo_ws/install/yolobot_recognition:/home/awadh/gazebo_ws/install/yolobot_gazebo:/home/awadh/gazebo_ws/install/yolobot_description:/home/awadh/gazebo_ws/install/yolobot_control:/home/awadh/gazebo_ws/install/my_robot_bringup:/home/awadh/gazebo_ws/install/my_robot_description:/home/awadh/test2_ws/install/pcl_object_detection:/home/awadh/zed_ws/install/zed_ros2:/home/awadh/zed_ws/install/zed_robot_integration:/home/awadh/zed_ws/install/zed_multi_camera:/home/awadh/zed_ws/install/zed_display_rviz2:/home/awadh/zed_ws/install/zed_depth_to_laserscan:/home/awadh/zed_ws/install/zed_wrapper:/home/awadh/zed_ws/install/zed_tutorial_video:/home/awadh/zed_ws/install/zed_tutorial_pos_tracking:/home/awadh/zed_ws/install/zed_tutorial_depth:/home/awadh/zed_ws/install/zed_topic_benchmark:/home/awadh/zed_ws/install/zed_topic_benchmark_component:/home/awadh/zed_ws/install/zed_topic_benchmark_interfaces:/home/awadh/zed_ws/install/zed_rgb_convert:/home/awadh/zed_ws/install/zed_aruco_localization:/home/awadh/zed_ws/install/zed_components:/home/awadh/zed_ws/install/rviz_plugin_zed_od:/home/awadh/zed_ws/install/zed_interfaces:/home/awadh/ouster_ws/install/ouster_ros:/home/awadh/ouster_ws/install/ouster_sensor_msgs:/home/awadh/ros2_ws/install/my_robot_bringup:/home/awadh/ros2_ws/install/turtlesim_project_cpp:/home/awadh/ros2_ws/install/my_cpp_pkg:/home/awadh/ros2_ws/install/my_robot_interfaces:/home/awadh/gazebo_ws/install/ultralytics_ros2:/home/awadh/ros2_ws/install/turtlesim_catch_them_all:/home/awadh/ros2_ws/install/my_py_pkg:/opt/ros/humble:/home/awadh/sick_tim_ws/install/sick_tim /usr/bin/cmake /home/awadh/yolobot/src/yolobot_description -DCMAKE_INSTALL_PREFIX=/home/awadh/yolobot/install/yolobot_description
[0.336s] DEBUG:colcon.colcon_core.event_handler.log_command:Invoking command in '/home/awadh/yolobot/build/yolobot_gazebo': CMAKE_PREFIX_PATH=/home/awadh/gazebo_ws/install/yolov8_msgs:/home/awadh/gazebo_ws/install/yolobot_recognition:/home/awadh/gazebo_ws/install/yolobot_gazebo:/home/awadh/gazebo_ws/install/yolobot_description:/home/awadh/gazebo_ws/install/yolobot_control:/home/awadh/gazebo_ws/install/my_robot_bringup:/home/awadh/gazebo_ws/install/my_robot_description:/home/awadh/test2_ws/install/pcl_object_detection:/home/awadh/zed_ws/install/zed_ros2:/home/awadh/zed_ws/install/zed_robot_integration:/home/awadh/zed_ws/install/zed_multi_camera:/home/awadh/zed_ws/install/zed_display_rviz2:/home/awadh/zed_ws/install/zed_depth_to_laserscan:/home/awadh/zed_ws/install/zed_wrapper:/home/awadh/zed_ws/install/zed_tutorial_video:/home/awadh/zed_ws/install/zed_tutorial_pos_tracking:/home/awadh/zed_ws/install/zed_tutorial_depth:/home/awadh/zed_ws/install/zed_topic_benchmark:/home/awadh/zed_ws/install/zed_topic_benchmark_component:/home/awadh/zed_ws/install/zed_topic_benchmark_interfaces:/home/awadh/zed_ws/install/zed_rgb_convert:/home/awadh/zed_ws/install/zed_aruco_localization:/home/awadh/zed_ws/install/zed_components:/home/awadh/zed_ws/install/rviz_plugin_zed_od:/home/awadh/zed_ws/install/zed_interfaces:/home/awadh/ouster_ws/install/ouster_ros:/home/awadh/ouster_ws/install/ouster_sensor_msgs:/home/awadh/ros2_ws/install/my_robot_bringup:/home/awadh/ros2_ws/install/turtlesim_project_cpp:/home/awadh/ros2_ws/install/my_cpp_pkg:/home/awadh/ros2_ws/install/my_robot_interfaces:/home/awadh/gazebo_ws/install/ultralytics_ros2:/home/awadh/ros2_ws/install/turtlesim_catch_them_all:/home/awadh/ros2_ws/install/my_py_pkg:/opt/ros/humble:/home/awadh/sick_tim_ws/install/sick_tim /usr/bin/cmake /home/awadh/yolobot/src/yolobot_gazebo -DCMAKE_INSTALL_PREFIX=/home/awadh/yolobot/install/yolobot_gazebo
[0.338s] DEBUG:colcon.colcon_core.event_handler.log_command:Invoking command in '/home/awadh/yolobot/build/yolobot_recognition': CMAKE_PREFIX_PATH=/home/awadh/gazebo_ws/install/yolov8_msgs:/home/awadh/gazebo_ws/install/yolobot_recognition:/home/awadh/gazebo_ws/install/yolobot_gazebo:/home/awadh/gazebo_ws/install/yolobot_description:/home/awadh/gazebo_ws/install/yolobot_control:/home/awadh/gazebo_ws/install/my_robot_bringup:/home/awadh/gazebo_ws/install/my_robot_description:/home/awadh/test2_ws/install/pcl_object_detection:/home/awadh/zed_ws/install/zed_ros2:/home/awadh/zed_ws/install/zed_robot_integration:/home/awadh/zed_ws/install/zed_multi_camera:/home/awadh/zed_ws/install/zed_display_rviz2:/home/awadh/zed_ws/install/zed_depth_to_laserscan:/home/awadh/zed_ws/install/zed_wrapper:/home/awadh/zed_ws/install/zed_tutorial_video:/home/awadh/zed_ws/install/zed_tutorial_pos_tracking:/home/awadh/zed_ws/install/zed_tutorial_depth:/home/awadh/zed_ws/install/zed_topic_benchmark:/home/awadh/zed_ws/install/zed_topic_benchmark_component:/home/awadh/zed_ws/install/zed_topic_benchmark_interfaces:/home/awadh/zed_ws/install/zed_rgb_convert:/home/awadh/zed_ws/install/zed_aruco_localization:/home/awadh/zed_ws/install/zed_components:/home/awadh/zed_ws/install/rviz_plugin_zed_od:/home/awadh/zed_ws/install/zed_interfaces:/home/awadh/ouster_ws/install/ouster_ros:/home/awadh/ouster_ws/install/ouster_sensor_msgs:/home/awadh/ros2_ws/install/my_robot_bringup:/home/awadh/ros2_ws/install/turtlesim_project_cpp:/home/awadh/ros2_ws/install/my_cpp_pkg:/home/awadh/ros2_ws/install/my_robot_interfaces:/home/awadh/gazebo_ws/install/ultralytics_ros2:/home/awadh/ros2_ws/install/turtlesim_catch_them_all:/home/awadh/ros2_ws/install/my_py_pkg:/opt/ros/humble:/home/awadh/sick_tim_ws/install/sick_tim /usr/bin/cmake /home/awadh/yolobot/src/yolobot_recognition -DCMAKE_INSTALL_PREFIX=/home/awadh/yolobot/install/yolobot_recognition
[0.341s] DEBUG:colcon.colcon_core.event_handler.log_command:Invoking command in '/home/awadh/yolobot/build/yolov8_msgs': CMAKE_PREFIX_PATH=/home/awadh/gazebo_ws/install/yolov8_msgs:/home/awadh/gazebo_ws/install/yolobot_recognition:/home/awadh/gazebo_ws/install/yolobot_gazebo:/home/awadh/gazebo_ws/install/yolobot_description:/home/awadh/gazebo_ws/install/yolobot_control:/home/awadh/gazebo_ws/install/my_robot_bringup:/home/awadh/gazebo_ws/install/my_robot_description:/home/awadh/test2_ws/install/pcl_object_detection:/home/awadh/zed_ws/install/zed_ros2:/home/awadh/zed_ws/install/zed_robot_integration:/home/awadh/zed_ws/install/zed_multi_camera:/home/awadh/zed_ws/install/zed_display_rviz2:/home/awadh/zed_ws/install/zed_depth_to_laserscan:/home/awadh/zed_ws/install/zed_wrapper:/home/awadh/zed_ws/install/zed_tutorial_video:/home/awadh/zed_ws/install/zed_tutorial_pos_tracking:/home/awadh/zed_ws/install/zed_tutorial_depth:/home/awadh/zed_ws/install/zed_topic_benchmark:/home/awadh/zed_ws/install/zed_topic_benchmark_component:/home/awadh/zed_ws/install/zed_topic_benchmark_interfaces:/home/awadh/zed_ws/install/zed_rgb_convert:/home/awadh/zed_ws/install/zed_aruco_localization:/home/awadh/zed_ws/install/zed_components:/home/awadh/zed_ws/install/rviz_plugin_zed_od:/home/awadh/zed_ws/install/zed_interfaces:/home/awadh/ouster_ws/install/ouster_ros:/home/awadh/ouster_ws/install/ouster_sensor_msgs:/home/awadh/ros2_ws/install/my_robot_bringup:/home/awadh/ros2_ws/install/turtlesim_project_cpp:/home/awadh/ros2_ws/install/my_cpp_pkg:/home/awadh/ros2_ws/install/my_robot_interfaces:/home/awadh/gazebo_ws/install/ultralytics_ros2:/home/awadh/ros2_ws/install/turtlesim_catch_them_all:/home/awadh/ros2_ws/install/my_py_pkg:/opt/ros/humble:/home/awadh/sick_tim_ws/install/sick_tim /usr/bin/cmake /home/awadh/yolobot/src/yolov8_msgs -DCMAKE_INSTALL_PREFIX=/home/awadh/yolobot/install/yolov8_msgs
[1.009s] DEBUG:colcon.colcon_core.event_handler.log_command:Invoked command in '/home/awadh/yolobot/build/yolobot_recognition' returned '0': CMAKE_PREFIX_PATH=/home/awadh/gazebo_ws/install/yolov8_msgs:/home/awadh/gazebo_ws/install/yolobot_recognition:/home/awadh/gazebo_ws/install/yolobot_gazebo:/home/awadh/gazebo_ws/install/yolobot_description:/home/awadh/gazebo_ws/install/yolobot_control:/home/awadh/gazebo_ws/install/my_robot_bringup:/home/awadh/gazebo_ws/install/my_robot_description:/home/awadh/test2_ws/install/pcl_object_detection:/home/awadh/zed_ws/install/zed_ros2:/home/awadh/zed_ws/install/zed_robot_integration:/home/awadh/zed_ws/install/zed_multi_camera:/home/awadh/zed_ws/install/zed_display_rviz2:/home/awadh/zed_ws/install/zed_depth_to_laserscan:/home/awadh/zed_ws/install/zed_wrapper:/home/awadh/zed_ws/install/zed_tutorial_video:/home/awadh/zed_ws/install/zed_tutorial_pos_tracking:/home/awadh/zed_ws/install/zed_tutorial_depth:/home/awadh/zed_ws/install/zed_topic_benchmark:/home/awadh/zed_ws/install/zed_topic_benchmark_component:/home/awadh/zed_ws/install/zed_topic_benchmark_interfaces:/home/awadh/zed_ws/install/zed_rgb_convert:/home/awadh/zed_ws/install/zed_aruco_localization:/home/awadh/zed_ws/install/zed_components:/home/awadh/zed_ws/install/rviz_plugin_zed_od:/home/awadh/zed_ws/install/zed_interfaces:/home/awadh/ouster_ws/install/ouster_ros:/home/awadh/ouster_ws/install/ouster_sensor_msgs:/home/awadh/ros2_ws/install/my_robot_bringup:/home/awadh/ros2_ws/install/turtlesim_project_cpp:/home/awadh/ros2_ws/install/my_cpp_pkg:/home/awadh/ros2_ws/install/my_robot_interfaces:/home/awadh/gazebo_ws/install/ultralytics_ros2:/home/awadh/ros2_ws/install/turtlesim_catch_them_all:/home/awadh/ros2_ws/install/my_py_pkg:/opt/ros/humble:/home/awadh/sick_tim_ws/install/sick_tim /usr/bin/cmake /home/awadh/yolobot/src/yolobot_recognition -DCMAKE_INSTALL_PREFIX=/home/awadh/yolobot/install/yolobot_recognition
[1.011s] DEBUG:colcon.colcon_core.event_handler.log_command:Invoking command in '/home/awadh/yolobot/build/yolobot_recognition': CMAKE_PREFIX_PATH=/home/awadh/gazebo_ws/install/yolov8_msgs:/home/awadh/gazebo_ws/install/yolobot_recognition:/home/awadh/gazebo_ws/install/yolobot_gazebo:/home/awadh/gazebo_ws/install/yolobot_description:/home/awadh/gazebo_ws/install/yolobot_control:/home/awadh/gazebo_ws/install/my_robot_bringup:/home/awadh/gazebo_ws/install/my_robot_description:/home/awadh/test2_ws/install/pcl_object_detection:/home/awadh/zed_ws/install/zed_ros2:/home/awadh/zed_ws/install/zed_robot_integration:/home/awadh/zed_ws/install/zed_multi_camera:/home/awadh/zed_ws/install/zed_display_rviz2:/home/awadh/zed_ws/install/zed_depth_to_laserscan:/home/awadh/zed_ws/install/zed_wrapper:/home/awadh/zed_ws/install/zed_tutorial_video:/home/awadh/zed_ws/install/zed_tutorial_pos_tracking:/home/awadh/zed_ws/install/zed_tutorial_depth:/home/awadh/zed_ws/install/zed_topic_benchmark:/home/awadh/zed_ws/install/zed_topic_benchmark_component:/home/awadh/zed_ws/install/zed_topic_benchmark_interfaces:/home/awadh/zed_ws/install/zed_rgb_convert:/home/awadh/zed_ws/install/zed_aruco_localization:/home/awadh/zed_ws/install/zed_components:/home/awadh/zed_ws/install/rviz_plugin_zed_od:/home/awadh/zed_ws/install/zed_interfaces:/home/awadh/ouster_ws/install/ouster_ros:/home/awadh/ouster_ws/install/ouster_sensor_msgs:/home/awadh/ros2_ws/install/my_robot_bringup:/home/awadh/ros2_ws/install/turtlesim_project_cpp:/home/awadh/ros2_ws/install/my_cpp_pkg:/home/awadh/ros2_ws/install/my_robot_interfaces:/home/awadh/gazebo_ws/install/ultralytics_ros2:/home/awadh/ros2_ws/install/turtlesim_catch_them_all:/home/awadh/ros2_ws/install/my_py_pkg:/opt/ros/humble:/home/awadh/sick_tim_ws/install/sick_tim /usr/bin/cmake --build /home/awadh/yolobot/build/yolobot_recognition -- -j16 -l16
[1.012s] DEBUG:colcon.colcon_core.event_handler.log_command:Invoked command in '/home/awadh/yolobot/build/yolobot_control' returned '0': CMAKE_PREFIX_PATH=/home/awadh/gazebo_ws/install/yolov8_msgs:/home/awadh/gazebo_ws/install/yolobot_recognition:/home/awadh/gazebo_ws/install/yolobot_gazebo:/home/awadh/gazebo_ws/install/yolobot_description:/home/awadh/gazebo_ws/install/yolobot_control:/home/awadh/gazebo_ws/install/my_robot_bringup:/home/awadh/gazebo_ws/install/my_robot_description:/home/awadh/test2_ws/install/pcl_object_detection:/home/awadh/zed_ws/install/zed_ros2:/home/awadh/zed_ws/install/zed_robot_integration:/home/awadh/zed_ws/install/zed_multi_camera:/home/awadh/zed_ws/install/zed_display_rviz2:/home/awadh/zed_ws/install/zed_depth_to_laserscan:/home/awadh/zed_ws/install/zed_wrapper:/home/awadh/zed_ws/install/zed_tutorial_video:/home/awadh/zed_ws/install/zed_tutorial_pos_tracking:/home/awadh/zed_ws/install/zed_tutorial_depth:/home/awadh/zed_ws/install/zed_topic_benchmark:/home/awadh/zed_ws/install/zed_topic_benchmark_component:/home/awadh/zed_ws/install/zed_topic_benchmark_interfaces:/home/awadh/zed_ws/install/zed_rgb_convert:/home/awadh/zed_ws/install/zed_aruco_localization:/home/awadh/zed_ws/install/zed_components:/home/awadh/zed_ws/install/rviz_plugin_zed_od:/home/awadh/zed_ws/install/zed_interfaces:/home/awadh/ouster_ws/install/ouster_ros:/home/awadh/ouster_ws/install/ouster_sensor_msgs:/home/awadh/ros2_ws/install/my_robot_bringup:/home/awadh/ros2_ws/install/turtlesim_project_cpp:/home/awadh/ros2_ws/install/my_cpp_pkg:/home/awadh/ros2_ws/install/my_robot_interfaces:/home/awadh/gazebo_ws/install/ultralytics_ros2:/home/awadh/ros2_ws/install/turtlesim_catch_them_all:/home/awadh/ros2_ws/install/my_py_pkg:/opt/ros/humble:/home/awadh/sick_tim_ws/install/sick_tim /usr/bin/cmake /home/awadh/yolobot/src/yolobot_control -DCMAKE_INSTALL_PREFIX=/home/awadh/yolobot/install/yolobot_control
[1.013s] DEBUG:colcon.colcon_core.event_handler.log_command:Invoking command in '/home/awadh/yolobot/build/yolobot_control': CMAKE_PREFIX_PATH=/home/awadh/gazebo_ws/install/yolov8_msgs:/home/awadh/gazebo_ws/install/yolobot_recognition:/home/awadh/gazebo_ws/install/yolobot_gazebo:/home/awadh/gazebo_ws/install/yolobot_description:/home/awadh/gazebo_ws/install/yolobot_control:/home/awadh/gazebo_ws/install/my_robot_bringup:/home/awadh/gazebo_ws/install/my_robot_description:/home/awadh/test2_ws/install/pcl_object_detection:/home/awadh/zed_ws/install/zed_ros2:/home/awadh/zed_ws/install/zed_robot_integration:/home/awadh/zed_ws/install/zed_multi_camera:/home/awadh/zed_ws/install/zed_display_rviz2:/home/awadh/zed_ws/install/zed_depth_to_laserscan:/home/awadh/zed_ws/install/zed_wrapper:/home/awadh/zed_ws/install/zed_tutorial_video:/home/awadh/zed_ws/install/zed_tutorial_pos_tracking:/home/awadh/zed_ws/install/zed_tutorial_depth:/home/awadh/zed_ws/install/zed_topic_benchmark:/home/awadh/zed_ws/install/zed_topic_benchmark_component:/home/awadh/zed_ws/install/zed_topic_benchmark_interfaces:/home/awadh/zed_ws/install/zed_rgb_convert:/home/awadh/zed_ws/install/zed_aruco_localization:/home/awadh/zed_ws/install/zed_components:/home/awadh/zed_ws/install/rviz_plugin_zed_od:/home/awadh/zed_ws/install/zed_interfaces:/home/awadh/ouster_ws/install/ouster_ros:/home/awadh/ouster_ws/install/ouster_sensor_msgs:/home/awadh/ros2_ws/install/my_robot_bringup:/home/awadh/ros2_ws/install/turtlesim_project_cpp:/home/awadh/ros2_ws/install/my_cpp_pkg:/home/awadh/ros2_ws/install/my_robot_interfaces:/home/awadh/gazebo_ws/install/ultralytics_ros2:/home/awadh/ros2_ws/install/turtlesim_catch_them_all:/home/awadh/ros2_ws/install/my_py_pkg:/opt/ros/humble:/home/awadh/sick_tim_ws/install/sick_tim /usr/bin/cmake --build /home/awadh/yolobot/build/yolobot_control -- -j16 -l16
[1.013s] DEBUG:colcon.colcon_core.event_handler.log_command:Invoked command in '/home/awadh/yolobot/build/yolobot_gazebo' returned '0': CMAKE_PREFIX_PATH=/home/awadh/gazebo_ws/install/yolov8_msgs:/home/awadh/gazebo_ws/install/yolobot_recognition:/home/awadh/gazebo_ws/install/yolobot_gazebo:/home/awadh/gazebo_ws/install/yolobot_description:/home/awadh/gazebo_ws/install/yolobot_control:/home/awadh/gazebo_ws/install/my_robot_bringup:/home/awadh/gazebo_ws/install/my_robot_description:/home/awadh/test2_ws/install/pcl_object_detection:/home/awadh/zed_ws/install/zed_ros2:/home/awadh/zed_ws/install/zed_robot_integration:/home/awadh/zed_ws/install/zed_multi_camera:/home/awadh/zed_ws/install/zed_display_rviz2:/home/awadh/zed_ws/install/zed_depth_to_laserscan:/home/awadh/zed_ws/install/zed_wrapper:/home/awadh/zed_ws/install/zed_tutorial_video:/home/awadh/zed_ws/install/zed_tutorial_pos_tracking:/home/awadh/zed_ws/install/zed_tutorial_depth:/home/awadh/zed_ws/install/zed_topic_benchmark:/home/awadh/zed_ws/install/zed_topic_benchmark_component:/home/awadh/zed_ws/install/zed_topic_benchmark_interfaces:/home/awadh/zed_ws/install/zed_rgb_convert:/home/awadh/zed_ws/install/zed_aruco_localization:/home/awadh/zed_ws/install/zed_components:/home/awadh/zed_ws/install/rviz_plugin_zed_od:/home/awadh/zed_ws/install/zed_interfaces:/home/awadh/ouster_ws/install/ouster_ros:/home/awadh/ouster_ws/install/ouster_sensor_msgs:/home/awadh/ros2_ws/install/my_robot_bringup:/home/awadh/ros2_ws/install/turtlesim_project_cpp:/home/awadh/ros2_ws/install/my_cpp_pkg:/home/awadh/ros2_ws/install/my_robot_interfaces:/home/awadh/gazebo_ws/install/ultralytics_ros2:/home/awadh/ros2_ws/install/turtlesim_catch_them_all:/home/awadh/ros2_ws/install/my_py_pkg:/opt/ros/humble:/home/awadh/sick_tim_ws/install/sick_tim /usr/bin/cmake /home/awadh/yolobot/src/yolobot_gazebo -DCMAKE_INSTALL_PREFIX=/home/awadh/yolobot/install/yolobot_gazebo
[1.014s] DEBUG:colcon.colcon_core.event_handler.log_command:Invoking command in '/home/awadh/yolobot/build/yolobot_gazebo': CMAKE_PREFIX_PATH=/home/awadh/gazebo_ws/install/yolov8_msgs:/home/awadh/gazebo_ws/install/yolobot_recognition:/home/awadh/gazebo_ws/install/yolobot_gazebo:/home/awadh/gazebo_ws/install/yolobot_description:/home/awadh/gazebo_ws/install/yolobot_control:/home/awadh/gazebo_ws/install/my_robot_bringup:/home/awadh/gazebo_ws/install/my_robot_description:/home/awadh/test2_ws/install/pcl_object_detection:/home/awadh/zed_ws/install/zed_ros2:/home/awadh/zed_ws/install/zed_robot_integration:/home/awadh/zed_ws/install/zed_multi_camera:/home/awadh/zed_ws/install/zed_display_rviz2:/home/awadh/zed_ws/install/zed_depth_to_laserscan:/home/awadh/zed_ws/install/zed_wrapper:/home/awadh/zed_ws/install/zed_tutorial_video:/home/awadh/zed_ws/install/zed_tutorial_pos_tracking:/home/awadh/zed_ws/install/zed_tutorial_depth:/home/awadh/zed_ws/install/zed_topic_benchmark:/home/awadh/zed_ws/install/zed_topic_benchmark_component:/home/awadh/zed_ws/install/zed_topic_benchmark_interfaces:/home/awadh/zed_ws/install/zed_rgb_convert:/home/awadh/zed_ws/install/zed_aruco_localization:/home/awadh/zed_ws/install/zed_components:/home/awadh/zed_ws/install/rviz_plugin_zed_od:/home/awadh/zed_ws/install/zed_interfaces:/home/awadh/ouster_ws/install/ouster_ros:/home/awadh/ouster_ws/install/ouster_sensor_msgs:/home/awadh/ros2_ws/install/my_robot_bringup:/home/awadh/ros2_ws/install/turtlesim_project_cpp:/home/awadh/ros2_ws/install/my_cpp_pkg:/home/awadh/ros2_ws/install/my_robot_interfaces:/home/awadh/gazebo_ws/install/ultralytics_ros2:/home/awadh/ros2_ws/install/turtlesim_catch_them_all:/home/awadh/ros2_ws/install/my_py_pkg:/opt/ros/humble:/home/awadh/sick_tim_ws/install/sick_tim /usr/bin/cmake --build /home/awadh/yolobot/build/yolobot_gazebo -- -j16 -l16
[1.045s] DEBUG:colcon.colcon_core.event_handler.log_command:Invoked command in '/home/awadh/yolobot/build/yolobot_recognition' returned '0': CMAKE_PREFIX_PATH=/home/awadh/gazebo_ws/install/yolov8_msgs:/home/awadh/gazebo_ws/install/yolobot_recognition:/home/awadh/gazebo_ws/install/yolobot_gazebo:/home/awadh/gazebo_ws/install/yolobot_description:/home/awadh/gazebo_ws/install/yolobot_control:/home/awadh/gazebo_ws/install/my_robot_bringup:/home/awadh/gazebo_ws/install/my_robot_description:/home/awadh/test2_ws/install/pcl_object_detection:/home/awadh/zed_ws/install/zed_ros2:/home/awadh/zed_ws/install/zed_robot_integration:/home/awadh/zed_ws/install/zed_multi_camera:/home/awadh/zed_ws/install/zed_display_rviz2:/home/awadh/zed_ws/install/zed_depth_to_laserscan:/home/awadh/zed_ws/install/zed_wrapper:/home/awadh/zed_ws/install/zed_tutorial_video:/home/awadh/zed_ws/install/zed_tutorial_pos_tracking:/home/awadh/zed_ws/install/zed_tutorial_depth:/home/awadh/zed_ws/install/zed_topic_benchmark:/home/awadh/zed_ws/install/zed_topic_benchmark_component:/home/awadh/zed_ws/install/zed_topic_benchmark_interfaces:/home/awadh/zed_ws/install/zed_rgb_convert:/home/awadh/zed_ws/install/zed_aruco_localization:/home/awadh/zed_ws/install/zed_components:/home/awadh/zed_ws/install/rviz_plugin_zed_od:/home/awadh/zed_ws/install/zed_interfaces:/home/awadh/ouster_ws/install/ouster_ros:/home/awadh/ouster_ws/install/ouster_sensor_msgs:/home/awadh/ros2_ws/install/my_robot_bringup:/home/awadh/ros2_ws/install/turtlesim_project_cpp:/home/awadh/ros2_ws/install/my_cpp_pkg:/home/awadh/ros2_ws/install/my_robot_interfaces:/home/awadh/gazebo_ws/install/ultralytics_ros2:/home/awadh/ros2_ws/install/turtlesim_catch_them_all:/home/awadh/ros2_ws/install/my_py_pkg:/opt/ros/humble:/home/awadh/sick_tim_ws/install/sick_tim /usr/bin/cmake --build /home/awadh/yolobot/build/yolobot_recognition -- -j16 -l16
[1.046s] DEBUG:colcon.colcon_core.event_handler.log_command:Invoked command in '/home/awadh/yolobot/build/yolobot_gazebo' returned '0': CMAKE_PREFIX_PATH=/home/awadh/gazebo_ws/install/yolov8_msgs:/home/awadh/gazebo_ws/install/yolobot_recognition:/home/awadh/gazebo_ws/install/yolobot_gazebo:/home/awadh/gazebo_ws/install/yolobot_description:/home/awadh/gazebo_ws/install/yolobot_control:/home/awadh/gazebo_ws/install/my_robot_bringup:/home/awadh/gazebo_ws/install/my_robot_description:/home/awadh/test2_ws/install/pcl_object_detection:/home/awadh/zed_ws/install/zed_ros2:/home/awadh/zed_ws/install/zed_robot_integration:/home/awadh/zed_ws/install/zed_multi_camera:/home/awadh/zed_ws/install/zed_display_rviz2:/home/awadh/zed_ws/install/zed_depth_to_laserscan:/home/awadh/zed_ws/install/zed_wrapper:/home/awadh/zed_ws/install/zed_tutorial_video:/home/awadh/zed_ws/install/zed_tutorial_pos_tracking:/home/awadh/zed_ws/install/zed_tutorial_depth:/home/awadh/zed_ws/install/zed_topic_benchmark:/home/awadh/zed_ws/install/zed_topic_benchmark_component:/home/awadh/zed_ws/install/zed_topic_benchmark_interfaces:/home/awadh/zed_ws/install/zed_rgb_convert:/home/awadh/zed_ws/install/zed_aruco_localization:/home/awadh/zed_ws/install/zed_components:/home/awadh/zed_ws/install/rviz_plugin_zed_od:/home/awadh/zed_ws/install/zed_interfaces:/home/awadh/ouster_ws/install/ouster_ros:/home/awadh/ouster_ws/install/ouster_sensor_msgs:/home/awadh/ros2_ws/install/my_robot_bringup:/home/awadh/ros2_ws/install/turtlesim_project_cpp:/home/awadh/ros2_ws/install/my_cpp_pkg:/home/awadh/ros2_ws/install/my_robot_interfaces:/home/awadh/gazebo_ws/install/ultralytics_ros2:/home/awadh/ros2_ws/install/turtlesim_catch_them_all:/home/awadh/ros2_ws/install/my_py_pkg:/opt/ros/humble:/home/awadh/sick_tim_ws/install/sick_tim /usr/bin/cmake --build /home/awadh/yolobot/build/yolobot_gazebo -- -j16 -l16
[1.046s] DEBUG:colcon.colcon_core.event_handler.log_command:Invoked command in '/home/awadh/yolobot/build/yolobot_control' returned '0': CMAKE_PREFIX_PATH=/home/awadh/gazebo_ws/install/yolov8_msgs:/home/awadh/gazebo_ws/install/yolobot_recognition:/home/awadh/gazebo_ws/install/yolobot_gazebo:/home/awadh/gazebo_ws/install/yolobot_description:/home/awadh/gazebo_ws/install/yolobot_control:/home/awadh/gazebo_ws/install/my_robot_bringup:/home/awadh/gazebo_ws/install/my_robot_description:/home/awadh/test2_ws/install/pcl_object_detection:/home/awadh/zed_ws/install/zed_ros2:/home/awadh/zed_ws/install/zed_robot_integration:/home/awadh/zed_ws/install/zed_multi_camera:/home/awadh/zed_ws/install/zed_display_rviz2:/home/awadh/zed_ws/install/zed_depth_to_laserscan:/home/awadh/zed_ws/install/zed_wrapper:/home/awadh/zed_ws/install/zed_tutorial_video:/home/awadh/zed_ws/install/zed_tutorial_pos_tracking:/home/awadh/zed_ws/install/zed_tutorial_depth:/home/awadh/zed_ws/install/zed_topic_benchmark:/home/awadh/zed_ws/install/zed_topic_benchmark_component:/home/awadh/zed_ws/install/zed_topic_benchmark_interfaces:/home/awadh/zed_ws/install/zed_rgb_convert:/home/awadh/zed_ws/install/zed_aruco_localization:/home/awadh/zed_ws/install/zed_components:/home/awadh/zed_ws/install/rviz_plugin_zed_od:/home/awadh/zed_ws/install/zed_interfaces:/home/awadh/ouster_ws/install/ouster_ros:/home/awadh/ouster_ws/install/ouster_sensor_msgs:/home/awadh/ros2_ws/install/my_robot_bringup:/home/awadh/ros2_ws/install/turtlesim_project_cpp:/home/awadh/ros2_ws/install/my_cpp_pkg:/home/awadh/ros2_ws/install/my_robot_interfaces:/home/awadh/gazebo_ws/install/ultralytics_ros2:/home/awadh/ros2_ws/install/turtlesim_catch_them_all:/home/awadh/ros2_ws/install/my_py_pkg:/opt/ros/humble:/home/awadh/sick_tim_ws/install/sick_tim /usr/bin/cmake --build /home/awadh/yolobot/build/yolobot_control -- -j16 -l16
[1.074s] DEBUG:colcon.colcon_core.event_handler.log_command:Invoking command in '/home/awadh/yolobot/build/yolobot_recognition': CMAKE_PREFIX_PATH=/home/awadh/gazebo_ws/install/yolov8_msgs:/home/awadh/gazebo_ws/install/yolobot_recognition:/home/awadh/gazebo_ws/install/yolobot_gazebo:/home/awadh/gazebo_ws/install/yolobot_description:/home/awadh/gazebo_ws/install/yolobot_control:/home/awadh/gazebo_ws/install/my_robot_bringup:/home/awadh/gazebo_ws/install/my_robot_description:/home/awadh/test2_ws/install/pcl_object_detection:/home/awadh/zed_ws/install/zed_ros2:/home/awadh/zed_ws/install/zed_robot_integration:/home/awadh/zed_ws/install/zed_multi_camera:/home/awadh/zed_ws/install/zed_display_rviz2:/home/awadh/zed_ws/install/zed_depth_to_laserscan:/home/awadh/zed_ws/install/zed_wrapper:/home/awadh/zed_ws/install/zed_tutorial_video:/home/awadh/zed_ws/install/zed_tutorial_pos_tracking:/home/awadh/zed_ws/install/zed_tutorial_depth:/home/awadh/zed_ws/install/zed_topic_benchmark:/home/awadh/zed_ws/install/zed_topic_benchmark_component:/home/awadh/zed_ws/install/zed_topic_benchmark_interfaces:/home/awadh/zed_ws/install/zed_rgb_convert:/home/awadh/zed_ws/install/zed_aruco_localization:/home/awadh/zed_ws/install/zed_components:/home/awadh/zed_ws/install/rviz_plugin_zed_od:/home/awadh/zed_ws/install/zed_interfaces:/home/awadh/ouster_ws/install/ouster_ros:/home/awadh/ouster_ws/install/ouster_sensor_msgs:/home/awadh/ros2_ws/install/my_robot_bringup:/home/awadh/ros2_ws/install/turtlesim_project_cpp:/home/awadh/ros2_ws/install/my_cpp_pkg:/home/awadh/ros2_ws/install/my_robot_interfaces:/home/awadh/gazebo_ws/install/ultralytics_ros2:/home/awadh/ros2_ws/install/turtlesim_catch_them_all:/home/awadh/ros2_ws/install/my_py_pkg:/opt/ros/humble:/home/awadh/sick_tim_ws/install/sick_tim /usr/bin/cmake --install /home/awadh/yolobot/build/yolobot_recognition
[1.076s] DEBUG:colcon.colcon_core.event_handler.log_command:Invoking command in '/home/awadh/yolobot/build/yolobot_gazebo': CMAKE_PREFIX_PATH=/home/awadh/gazebo_ws/install/yolov8_msgs:/home/awadh/gazebo_ws/install/yolobot_recognition:/home/awadh/gazebo_ws/install/yolobot_gazebo:/home/awadh/gazebo_ws/install/yolobot_description:/home/awadh/gazebo_ws/install/yolobot_control:/home/awadh/gazebo_ws/install/my_robot_bringup:/home/awadh/gazebo_ws/install/my_robot_description:/home/awadh/test2_ws/install/pcl_object_detection:/home/awadh/zed_ws/install/zed_ros2:/home/awadh/zed_ws/install/zed_robot_integration:/home/awadh/zed_ws/install/zed_multi_camera:/home/awadh/zed_ws/install/zed_display_rviz2:/home/awadh/zed_ws/install/zed_depth_to_laserscan:/home/awadh/zed_ws/install/zed_wrapper:/home/awadh/zed_ws/install/zed_tutorial_video:/home/awadh/zed_ws/install/zed_tutorial_pos_tracking:/home/awadh/zed_ws/install/zed_tutorial_depth:/home/awadh/zed_ws/install/zed_topic_benchmark:/home/awadh/zed_ws/install/zed_topic_benchmark_component:/home/awadh/zed_ws/install/zed_topic_benchmark_interfaces:/home/awadh/zed_ws/install/zed_rgb_convert:/home/awadh/zed_ws/install/zed_aruco_localization:/home/awadh/zed_ws/install/zed_components:/home/awadh/zed_ws/install/rviz_plugin_zed_od:/home/awadh/zed_ws/install/zed_interfaces:/home/awadh/ouster_ws/install/ouster_ros:/home/awadh/ouster_ws/install/ouster_sensor_msgs:/home/awadh/ros2_ws/install/my_robot_bringup:/home/awadh/ros2_ws/install/turtlesim_project_cpp:/home/awadh/ros2_ws/install/my_cpp_pkg:/home/awadh/ros2_ws/install/my_robot_interfaces:/home/awadh/gazebo_ws/install/ultralytics_ros2:/home/awadh/ros2_ws/install/turtlesim_catch_them_all:/home/awadh/ros2_ws/install/my_py_pkg:/opt/ros/humble:/home/awadh/sick_tim_ws/install/sick_tim /usr/bin/cmake --install /home/awadh/yolobot/build/yolobot_gazebo
[1.077s] DEBUG:colcon.colcon_core.event_handler.log_command:Invoking command in '/home/awadh/yolobot/build/yolobot_control': CMAKE_PREFIX_PATH=/home/awadh/gazebo_ws/install/yolov8_msgs:/home/awadh/gazebo_ws/install/yolobot_recognition:/home/awadh/gazebo_ws/install/yolobot_gazebo:/home/awadh/gazebo_ws/install/yolobot_description:/home/awadh/gazebo_ws/install/yolobot_control:/home/awadh/gazebo_ws/install/my_robot_bringup:/home/awadh/gazebo_ws/install/my_robot_description:/home/awadh/test2_ws/install/pcl_object_detection:/home/awadh/zed_ws/install/zed_ros2:/home/awadh/zed_ws/install/zed_robot_integration:/home/awadh/zed_ws/install/zed_multi_camera:/home/awadh/zed_ws/install/zed_display_rviz2:/home/awadh/zed_ws/install/zed_depth_to_laserscan:/home/awadh/zed_ws/install/zed_wrapper:/home/awadh/zed_ws/install/zed_tutorial_video:/home/awadh/zed_ws/install/zed_tutorial_pos_tracking:/home/awadh/zed_ws/install/zed_tutorial_depth:/home/awadh/zed_ws/install/zed_topic_benchmark:/home/awadh/zed_ws/install/zed_topic_benchmark_component:/home/awadh/zed_ws/install/zed_topic_benchmark_interfaces:/home/awadh/zed_ws/install/zed_rgb_convert:/home/awadh/zed_ws/install/zed_aruco_localization:/home/awadh/zed_ws/install/zed_components:/home/awadh/zed_ws/install/rviz_plugin_zed_od:/home/awadh/zed_ws/install/zed_interfaces:/home/awadh/ouster_ws/install/ouster_ros:/home/awadh/ouster_ws/install/ouster_sensor_msgs:/home/awadh/ros2_ws/install/my_robot_bringup:/home/awadh/ros2_ws/install/turtlesim_project_cpp:/home/awadh/ros2_ws/install/my_cpp_pkg:/home/awadh/ros2_ws/install/my_robot_interfaces:/home/awadh/gazebo_ws/install/ultralytics_ros2:/home/awadh/ros2_ws/install/turtlesim_catch_them_all:/home/awadh/ros2_ws/install/my_py_pkg:/opt/ros/humble:/home/awadh/sick_tim_ws/install/sick_tim /usr/bin/cmake --install /home/awadh/yolobot/build/yolobot_control
[1.085s] Level 1:colcon.colcon_core.environment:create_environment_scripts_only(yolobot_gazebo)
[1.086s] DEBUG:colcon.colcon_core.event_handler.log_command:Invoked command in '/home/awadh/yolobot/build/yolobot_gazebo' returned '0': CMAKE_PREFIX_PATH=/home/awadh/gazebo_ws/install/yolov8_msgs:/home/awadh/gazebo_ws/install/yolobot_recognition:/home/awadh/gazebo_ws/install/yolobot_gazebo:/home/awadh/gazebo_ws/install/yolobot_description:/home/awadh/gazebo_ws/install/yolobot_control:/home/awadh/gazebo_ws/install/my_robot_bringup:/home/awadh/gazebo_ws/install/my_robot_description:/home/awadh/test2_ws/install/pcl_object_detection:/home/awadh/zed_ws/install/zed_ros2:/home/awadh/zed_ws/install/zed_robot_integration:/home/awadh/zed_ws/install/zed_multi_camera:/home/awadh/zed_ws/install/zed_display_rviz2:/home/awadh/zed_ws/install/zed_depth_to_laserscan:/home/awadh/zed_ws/install/zed_wrapper:/home/awadh/zed_ws/install/zed_tutorial_video:/home/awadh/zed_ws/install/zed_tutorial_pos_tracking:/home/awadh/zed_ws/install/zed_tutorial_depth:/home/awadh/zed_ws/install/zed_topic_benchmark:/home/awadh/zed_ws/install/zed_topic_benchmark_component:/home/awadh/zed_ws/install/zed_topic_benchmark_interfaces:/home/awadh/zed_ws/install/zed_rgb_convert:/home/awadh/zed_ws/install/zed_aruco_localization:/home/awadh/zed_ws/install/zed_components:/home/awadh/zed_ws/install/rviz_plugin_zed_od:/home/awadh/zed_ws/install/zed_interfaces:/home/awadh/ouster_ws/install/ouster_ros:/home/awadh/ouster_ws/install/ouster_sensor_msgs:/home/awadh/ros2_ws/install/my_robot_bringup:/home/awadh/ros2_ws/install/turtlesim_project_cpp:/home/awadh/ros2_ws/install/my_cpp_pkg:/home/awadh/ros2_ws/install/my_robot_interfaces:/home/awadh/gazebo_ws/install/ultralytics_ros2:/home/awadh/ros2_ws/install/turtlesim_catch_them_all:/home/awadh/ros2_ws/install/my_py_pkg:/opt/ros/humble:/home/awadh/sick_tim_ws/install/sick_tim /usr/bin/cmake --install /home/awadh/yolobot/build/yolobot_gazebo
[1.089s] Level 1:colcon.colcon_core.environment:checking '/home/awadh/yolobot/install/yolobot_gazebo' for CMake module files
[1.090s] Level 1:colcon.colcon_core.environment:checking '/home/awadh/yolobot/install/yolobot_gazebo' for CMake config files
[1.090s] Level 1:colcon.colcon_core.shell:create_environment_hook('yolobot_gazebo', 'cmake_prefix_path')
[1.090s] INFO:colcon.colcon_core.shell:Creating environment hook '/home/awadh/yolobot/install/yolobot_gazebo/share/yolobot_gazebo/hook/cmake_prefix_path.ps1'
[1.091s] INFO:colcon.colcon_core.shell:Creating environment descriptor '/home/awadh/yolobot/install/yolobot_gazebo/share/yolobot_gazebo/hook/cmake_prefix_path.dsv'
[1.091s] INFO:colcon.colcon_core.shell:Creating environment hook '/home/awadh/yolobot/install/yolobot_gazebo/share/yolobot_gazebo/hook/cmake_prefix_path.sh'
[1.092s] Level 1:colcon.colcon_core.environment:checking '/home/awadh/yolobot/install/yolobot_gazebo/bin'
[1.092s] Level 1:colcon.colcon_core.environment:checking '/home/awadh/yolobot/install/yolobot_gazebo/lib/pkgconfig/yolobot_gazebo.pc'
[1.092s] Level 1:colcon.colcon_core.environment:checking '/home/awadh/yolobot/install/yolobot_gazebo/lib/python3.10/site-packages'
[1.092s] Level 1:colcon.colcon_core.environment:checking '/home/awadh/yolobot/install/yolobot_gazebo/bin'
[1.092s] INFO:colcon.colcon_core.shell:Creating package script '/home/awadh/yolobot/install/yolobot_gazebo/share/yolobot_gazebo/package.ps1'
[1.093s] INFO:colcon.colcon_core.shell:Creating package descriptor '/home/awadh/yolobot/install/yolobot_gazebo/share/yolobot_gazebo/package.dsv'
[1.093s] INFO:colcon.colcon_core.shell:Creating package script '/home/awadh/yolobot/install/yolobot_gazebo/share/yolobot_gazebo/package.sh'
[1.093s] INFO:colcon.colcon_core.shell:Creating package script '/home/awadh/yolobot/install/yolobot_gazebo/share/yolobot_gazebo/package.bash'
[1.094s] INFO:colcon.colcon_core.shell:Creating package script '/home/awadh/yolobot/install/yolobot_gazebo/share/yolobot_gazebo/package.zsh'
[1.094s] Level 1:colcon.colcon_core.environment:create_file_with_runtime_dependencies(/home/awadh/yolobot/install/yolobot_gazebo/share/colcon-core/packages/yolobot_gazebo)
[1.096s] Level 1:colcon.colcon_core.environment:create_environment_scripts_only(yolobot_recognition)
[1.096s] Level 1:colcon.colcon_core.environment:checking '/home/awadh/yolobot/install/yolobot_recognition' for CMake module files
[1.096s] DEBUG:colcon.colcon_core.event_handler.log_command:Invoked command in '/home/awadh/yolobot/build/yolobot_recognition' returned '0': CMAKE_PREFIX_PATH=/home/awadh/gazebo_ws/install/yolov8_msgs:/home/awadh/gazebo_ws/install/yolobot_recognition:/home/awadh/gazebo_ws/install/yolobot_gazebo:/home/awadh/gazebo_ws/install/yolobot_description:/home/awadh/gazebo_ws/install/yolobot_control:/home/awadh/gazebo_ws/install/my_robot_bringup:/home/awadh/gazebo_ws/install/my_robot_description:/home/awadh/test2_ws/install/pcl_object_detection:/home/awadh/zed_ws/install/zed_ros2:/home/awadh/zed_ws/install/zed_robot_integration:/home/awadh/zed_ws/install/zed_multi_camera:/home/awadh/zed_ws/install/zed_display_rviz2:/home/awadh/zed_ws/install/zed_depth_to_laserscan:/home/awadh/zed_ws/install/zed_wrapper:/home/awadh/zed_ws/install/zed_tutorial_video:/home/awadh/zed_ws/install/zed_tutorial_pos_tracking:/home/awadh/zed_ws/install/zed_tutorial_depth:/home/awadh/zed_ws/install/zed_topic_benchmark:/home/awadh/zed_ws/install/zed_topic_benchmark_component:/home/awadh/zed_ws/install/zed_topic_benchmark_interfaces:/home/awadh/zed_ws/install/zed_rgb_convert:/home/awadh/zed_ws/install/zed_aruco_localization:/home/awadh/zed_ws/install/zed_components:/home/awadh/zed_ws/install/rviz_plugin_zed_od:/home/awadh/zed_ws/install/zed_interfaces:/home/awadh/ouster_ws/install/ouster_ros:/home/awadh/ouster_ws/install/ouster_sensor_msgs:/home/awadh/ros2_ws/install/my_robot_bringup:/home/awadh/ros2_ws/install/turtlesim_project_cpp:/home/awadh/ros2_ws/install/my_cpp_pkg:/home/awadh/ros2_ws/install/my_robot_interfaces:/home/awadh/gazebo_ws/install/ultralytics_ros2:/home/awadh/ros2_ws/install/turtlesim_catch_them_all:/home/awadh/ros2_ws/install/my_py_pkg:/opt/ros/humble:/home/awadh/sick_tim_ws/install/sick_tim /usr/bin/cmake --install /home/awadh/yolobot/build/yolobot_recognition
[1.096s] Level 1:colcon.colcon_core.environment:checking '/home/awadh/yolobot/install/yolobot_recognition' for CMake config files
[1.097s] Level 1:colcon.colcon_core.shell:create_environment_hook('yolobot_recognition', 'cmake_prefix_path')
[1.097s] INFO:colcon.colcon_core.shell:Creating environment hook '/home/awadh/yolobot/install/yolobot_recognition/share/yolobot_recognition/hook/cmake_prefix_path.ps1'
[1.097s] INFO:colcon.colcon_core.shell:Creating environment descriptor '/home/awadh/yolobot/install/yolobot_recognition/share/yolobot_recognition/hook/cmake_prefix_path.dsv'
[1.097s] INFO:colcon.colcon_core.shell:Creating environment hook '/home/awadh/yolobot/install/yolobot_recognition/share/yolobot_recognition/hook/cmake_prefix_path.sh'
[1.098s] Level 1:colcon.colcon_core.environment:checking '/home/awadh/yolobot/install/yolobot_recognition/lib'
[1.098s] Level 1:colcon.colcon_core.environment:checking '/home/awadh/yolobot/install/yolobot_recognition/bin'
[1.098s] Level 1:colcon.colcon_core.environment:checking '/home/awadh/yolobot/install/yolobot_recognition/lib/pkgconfig/yolobot_recognition.pc'
[1.098s] Level 1:colcon.colcon_core.environment:checking '/home/awadh/yolobot/install/yolobot_recognition/lib/python3.10/site-packages'
[1.098s] Level 1:colcon.colcon_core.environment:checking '/home/awadh/yolobot/install/yolobot_recognition/bin'
[1.098s] INFO:colcon.colcon_core.shell:Creating package script '/home/awadh/yolobot/install/yolobot_recognition/share/yolobot_recognition/package.ps1'
[1.099s] INFO:colcon.colcon_core.shell:Creating package descriptor '/home/awadh/yolobot/install/yolobot_recognition/share/yolobot_recognition/package.dsv'
[1.099s] INFO:colcon.colcon_core.shell:Creating package script '/home/awadh/yolobot/install/yolobot_recognition/share/yolobot_recognition/package.sh'
[1.099s] INFO:colcon.colcon_core.shell:Creating package script '/home/awadh/yolobot/install/yolobot_recognition/share/yolobot_recognition/package.bash'
[1.099s] INFO:colcon.colcon_core.shell:Creating package script '/home/awadh/yolobot/install/yolobot_recognition/share/yolobot_recognition/package.zsh'
[1.099s] Level 1:colcon.colcon_core.environment:create_file_with_runtime_dependencies(/home/awadh/yolobot/install/yolobot_recognition/share/colcon-core/packages/yolobot_recognition)
[1.100s] Level 1:colcon.colcon_core.environment:create_environment_scripts_only(yolobot_control)
[1.100s] Level 1:colcon.colcon_core.environment:checking '/home/awadh/yolobot/install/yolobot_control' for CMake module files
[1.101s] DEBUG:colcon.colcon_core.event_handler.log_command:Invoked command in '/home/awadh/yolobot/build/yolobot_control' returned '0': CMAKE_PREFIX_PATH=/home/awadh/gazebo_ws/install/yolov8_msgs:/home/awadh/gazebo_ws/install/yolobot_recognition:/home/awadh/gazebo_ws/install/yolobot_gazebo:/home/awadh/gazebo_ws/install/yolobot_description:/home/awadh/gazebo_ws/install/yolobot_control:/home/awadh/gazebo_ws/install/my_robot_bringup:/home/awadh/gazebo_ws/install/my_robot_description:/home/awadh/test2_ws/install/pcl_object_detection:/home/awadh/zed_ws/install/zed_ros2:/home/awadh/zed_ws/install/zed_robot_integration:/home/awadh/zed_ws/install/zed_multi_camera:/home/awadh/zed_ws/install/zed_display_rviz2:/home/awadh/zed_ws/install/zed_depth_to_laserscan:/home/awadh/zed_ws/install/zed_wrapper:/home/awadh/zed_ws/install/zed_tutorial_video:/home/awadh/zed_ws/install/zed_tutorial_pos_tracking:/home/awadh/zed_ws/install/zed_tutorial_depth:/home/awadh/zed_ws/install/zed_topic_benchmark:/home/awadh/zed_ws/install/zed_topic_benchmark_component:/home/awadh/zed_ws/install/zed_topic_benchmark_interfaces:/home/awadh/zed_ws/install/zed_rgb_convert:/home/awadh/zed_ws/install/zed_aruco_localization:/home/awadh/zed_ws/install/zed_components:/home/awadh/zed_ws/install/rviz_plugin_zed_od:/home/awadh/zed_ws/install/zed_interfaces:/home/awadh/ouster_ws/install/ouster_ros:/home/awadh/ouster_ws/install/ouster_sensor_msgs:/home/awadh/ros2_ws/install/my_robot_bringup:/home/awadh/ros2_ws/install/turtlesim_project_cpp:/home/awadh/ros2_ws/install/my_cpp_pkg:/home/awadh/ros2_ws/install/my_robot_interfaces:/home/awadh/gazebo_ws/install/ultralytics_ros2:/home/awadh/ros2_ws/install/turtlesim_catch_them_all:/home/awadh/ros2_ws/install/my_py_pkg:/opt/ros/humble:/home/awadh/sick_tim_ws/install/sick_tim /usr/bin/cmake --install /home/awadh/yolobot/build/yolobot_control
[1.101s] Level 1:colcon.colcon_core.environment:checking '/home/awadh/yolobot/install/yolobot_control' for CMake config files
[1.101s] Level 1:colcon.colcon_core.shell:create_environment_hook('yolobot_control', 'cmake_prefix_path')
[1.101s] INFO:colcon.colcon_core.shell:Creating environment hook '/home/awadh/yolobot/install/yolobot_control/share/yolobot_control/hook/cmake_prefix_path.ps1'
[1.102s] INFO:colcon.colcon_core.shell:Creating environment descriptor '/home/awadh/yolobot/install/yolobot_control/share/yolobot_control/hook/cmake_prefix_path.dsv'
[1.102s] INFO:colcon.colcon_core.shell:Creating environment hook '/home/awadh/yolobot/install/yolobot_control/share/yolobot_control/hook/cmake_prefix_path.sh'
[1.102s] Level 1:colcon.colcon_core.environment:checking '/home/awadh/yolobot/install/yolobot_control/lib'
[1.102s] Level 1:colcon.colcon_core.environment:checking '/home/awadh/yolobot/install/yolobot_control/bin'
[1.102s] Level 1:colcon.colcon_core.environment:checking '/home/awadh/yolobot/install/yolobot_control/lib/pkgconfig/yolobot_control.pc'
[1.102s] Level 1:colcon.colcon_core.environment:checking '/home/awadh/yolobot/install/yolobot_control/lib/python3.10/site-packages'
[1.103s] Level 1:colcon.colcon_core.environment:checking '/home/awadh/yolobot/install/yolobot_control/bin'
[1.103s] INFO:colcon.colcon_core.shell:Creating package script '/home/awadh/yolobot/install/yolobot_control/share/yolobot_control/package.ps1'
[1.103s] INFO:colcon.colcon_core.shell:Creating package descriptor '/home/awadh/yolobot/install/yolobot_control/share/yolobot_control/package.dsv'
[1.103s] INFO:colcon.colcon_core.shell:Creating package script '/home/awadh/yolobot/install/yolobot_control/share/yolobot_control/package.sh'
[1.104s] INFO:colcon.colcon_core.shell:Creating package script '/home/awadh/yolobot/install/yolobot_control/share/yolobot_control/package.bash'
[1.104s] INFO:colcon.colcon_core.shell:Creating package script '/home/awadh/yolobot/install/yolobot_control/share/yolobot_control/package.zsh'
[1.104s] Level 1:colcon.colcon_core.environment:create_file_with_runtime_dependencies(/home/awadh/yolobot/install/yolobot_control/share/colcon-core/packages/yolobot_control)
[1.108s] DEBUG:colcon.colcon_core.event_handler.log_command:Invoked command in '/home/awadh/yolobot/build/yolobot_description' returned '0': CMAKE_PREFIX_PATH=/home/awadh/gazebo_ws/install/yolov8_msgs:/home/awadh/gazebo_ws/install/yolobot_recognition:/home/awadh/gazebo_ws/install/yolobot_gazebo:/home/awadh/gazebo_ws/install/yolobot_description:/home/awadh/gazebo_ws/install/yolobot_control:/home/awadh/gazebo_ws/install/my_robot_bringup:/home/awadh/gazebo_ws/install/my_robot_description:/home/awadh/test2_ws/install/pcl_object_detection:/home/awadh/zed_ws/install/zed_ros2:/home/awadh/zed_ws/install/zed_robot_integration:/home/awadh/zed_ws/install/zed_multi_camera:/home/awadh/zed_ws/install/zed_display_rviz2:/home/awadh/zed_ws/install/zed_depth_to_laserscan:/home/awadh/zed_ws/install/zed_wrapper:/home/awadh/zed_ws/install/zed_tutorial_video:/home/awadh/zed_ws/install/zed_tutorial_pos_tracking:/home/awadh/zed_ws/install/zed_tutorial_depth:/home/awadh/zed_ws/install/zed_topic_benchmark:/home/awadh/zed_ws/install/zed_topic_benchmark_component:/home/awadh/zed_ws/install/zed_topic_benchmark_interfaces:/home/awadh/zed_ws/install/zed_rgb_convert:/home/awadh/zed_ws/install/zed_aruco_localization:/home/awadh/zed_ws/install/zed_components:/home/awadh/zed_ws/install/rviz_plugin_zed_od:/home/awadh/zed_ws/install/zed_interfaces:/home/awadh/ouster_ws/install/ouster_ros:/home/awadh/ouster_ws/install/ouster_sensor_msgs:/home/awadh/ros2_ws/install/my_robot_bringup:/home/awadh/ros2_ws/install/turtlesim_project_cpp:/home/awadh/ros2_ws/install/my_cpp_pkg:/home/awadh/ros2_ws/install/my_robot_interfaces:/home/awadh/gazebo_ws/install/ultralytics_ros2:/home/awadh/ros2_ws/install/turtlesim_catch_them_all:/home/awadh/ros2_ws/install/my_py_pkg:/opt/ros/humble:/home/awadh/sick_tim_ws/install/sick_tim /usr/bin/cmake /home/awadh/yolobot/src/yolobot_description -DCMAKE_INSTALL_PREFIX=/home/awadh/yolobot/install/yolobot_description
[1.110s] DEBUG:colcon.colcon_core.event_handler.log_command:Invoking command in '/home/awadh/yolobot/build/yolobot_description': CMAKE_PREFIX_PATH=/home/awadh/gazebo_ws/install/yolov8_msgs:/home/awadh/gazebo_ws/install/yolobot_recognition:/home/awadh/gazebo_ws/install/yolobot_gazebo:/home/awadh/gazebo_ws/install/yolobot_description:/home/awadh/gazebo_ws/install/yolobot_control:/home/awadh/gazebo_ws/install/my_robot_bringup:/home/awadh/gazebo_ws/install/my_robot_description:/home/awadh/test2_ws/install/pcl_object_detection:/home/awadh/zed_ws/install/zed_ros2:/home/awadh/zed_ws/install/zed_robot_integration:/home/awadh/zed_ws/install/zed_multi_camera:/home/awadh/zed_ws/install/zed_display_rviz2:/home/awadh/zed_ws/install/zed_depth_to_laserscan:/home/awadh/zed_ws/install/zed_wrapper:/home/awadh/zed_ws/install/zed_tutorial_video:/home/awadh/zed_ws/install/zed_tutorial_pos_tracking:/home/awadh/zed_ws/install/zed_tutorial_depth:/home/awadh/zed_ws/install/zed_topic_benchmark:/home/awadh/zed_ws/install/zed_topic_benchmark_component:/home/awadh/zed_ws/install/zed_topic_benchmark_interfaces:/home/awadh/zed_ws/install/zed_rgb_convert:/home/awadh/zed_ws/install/zed_aruco_localization:/home/awadh/zed_ws/install/zed_components:/home/awadh/zed_ws/install/rviz_plugin_zed_od:/home/awadh/zed_ws/install/zed_interfaces:/home/awadh/ouster_ws/install/ouster_ros:/home/awadh/ouster_ws/install/ouster_sensor_msgs:/home/awadh/ros2_ws/install/my_robot_bringup:/home/awadh/ros2_ws/install/turtlesim_project_cpp:/home/awadh/ros2_ws/install/my_cpp_pkg:/home/awadh/ros2_ws/install/my_robot_interfaces:/home/awadh/gazebo_ws/install/ultralytics_ros2:/home/awadh/ros2_ws/install/turtlesim_catch_them_all:/home/awadh/ros2_ws/install/my_py_pkg:/opt/ros/humble:/home/awadh/sick_tim_ws/install/sick_tim /usr/bin/cmake --build /home/awadh/yolobot/build/yolobot_description -- -j16 -l16
[1.117s] Level 1:colcon.colcon_core.environment:create_environment_scripts_only(yolobot_gazebo)
[1.117s] Level 1:colcon.colcon_core.environment:checking '/home/awadh/yolobot/install/yolobot_gazebo' for CMake module files
[1.118s] Level 1:colcon.colcon_core.environment:checking '/home/awadh/yolobot/install/yolobot_gazebo' for CMake config files
[1.118s] Level 1:colcon.colcon_core.shell:create_environment_hook('yolobot_gazebo', 'cmake_prefix_path')
[1.118s] INFO:colcon.colcon_core.shell:Creating environment hook '/home/awadh/yolobot/install/yolobot_gazebo/share/yolobot_gazebo/hook/cmake_prefix_path.ps1'
[1.119s] INFO:colcon.colcon_core.shell:Creating environment descriptor '/home/awadh/yolobot/install/yolobot_gazebo/share/yolobot_gazebo/hook/cmake_prefix_path.dsv'
[1.119s] INFO:colcon.colcon_core.shell:Creating environment hook '/home/awadh/yolobot/install/yolobot_gazebo/share/yolobot_gazebo/hook/cmake_prefix_path.sh'
[1.119s] Level 1:colcon.colcon_core.environment:checking '/home/awadh/yolobot/install/yolobot_gazebo/bin'
[1.119s] Level 1:colcon.colcon_core.environment:checking '/home/awadh/yolobot/install/yolobot_gazebo/lib/pkgconfig/yolobot_gazebo.pc'
[1.120s] Level 1:colcon.colcon_core.environment:checking '/home/awadh/yolobot/install/yolobot_gazebo/lib/python3.10/site-packages'
[1.120s] Level 1:colcon.colcon_core.environment:checking '/home/awadh/yolobot/install/yolobot_gazebo/bin'
[1.120s] INFO:colcon.colcon_core.shell:Creating package script '/home/awadh/yolobot/install/yolobot_gazebo/share/yolobot_gazebo/package.ps1'
[1.120s] INFO:colcon.colcon_core.shell:Creating package descriptor '/home/awadh/yolobot/install/yolobot_gazebo/share/yolobot_gazebo/package.dsv'
[1.120s] INFO:colcon.colcon_core.shell:Creating package script '/home/awadh/yolobot/install/yolobot_gazebo/share/yolobot_gazebo/package.sh'
[1.121s] INFO:colcon.colcon_core.shell:Creating package script '/home/awadh/yolobot/install/yolobot_gazebo/share/yolobot_gazebo/package.bash'
[1.121s] INFO:colcon.colcon_core.shell:Creating package script '/home/awadh/yolobot/install/yolobot_gazebo/share/yolobot_gazebo/package.zsh'
[1.121s] Level 1:colcon.colcon_core.environment:create_file_with_runtime_dependencies(/home/awadh/yolobot/install/yolobot_gazebo/share/colcon-core/packages/yolobot_gazebo)
[1.122s] Level 1:colcon.colcon_core.environment:create_environment_scripts_only(yolobot_recognition)
[1.122s] Level 1:colcon.colcon_core.environment:checking '/home/awadh/yolobot/install/yolobot_recognition' for CMake module files
[1.123s] Level 1:colcon.colcon_core.environment:checking '/home/awadh/yolobot/install/yolobot_recognition' for CMake config files
[1.123s] Level 1:colcon.colcon_core.shell:create_environment_hook('yolobot_recognition', 'cmake_prefix_path')
[1.123s] INFO:colcon.colcon_core.shell:Creating environment hook '/home/awadh/yolobot/install/yolobot_recognition/share/yolobot_recognition/hook/cmake_prefix_path.ps1'
[1.123s] INFO:colcon.colcon_core.shell:Creating environment descriptor '/home/awadh/yolobot/install/yolobot_recognition/share/yolobot_recognition/hook/cmake_prefix_path.dsv'
[1.123s] INFO:colcon.colcon_core.shell:Creating environment hook '/home/awadh/yolobot/install/yolobot_recognition/share/yolobot_recognition/hook/cmake_prefix_path.sh'
[1.124s] Level 1:colcon.colcon_core.environment:checking '/home/awadh/yolobot/install/yolobot_recognition/lib'
[1.124s] Level 1:colcon.colcon_core.environment:checking '/home/awadh/yolobot/install/yolobot_recognition/bin'
[1.124s] Level 1:colcon.colcon_core.environment:checking '/home/awadh/yolobot/install/yolobot_recognition/lib/pkgconfig/yolobot_recognition.pc'
[1.124s] Level 1:colcon.colcon_core.environment:checking '/home/awadh/yolobot/install/yolobot_recognition/lib/python3.10/site-packages'
[1.124s] Level 1:colcon.colcon_core.environment:checking '/home/awadh/yolobot/install/yolobot_recognition/bin'
[1.124s] INFO:colcon.colcon_core.shell:Creating package script '/home/awadh/yolobot/install/yolobot_recognition/share/yolobot_recognition/package.ps1'
[1.124s] INFO:colcon.colcon_core.shell:Creating package descriptor '/home/awadh/yolobot/install/yolobot_recognition/share/yolobot_recognition/package.dsv'
[1.125s] INFO:colcon.colcon_core.shell:Creating package script '/home/awadh/yolobot/install/yolobot_recognition/share/yolobot_recognition/package.sh'
[1.125s] INFO:colcon.colcon_core.shell:Creating package script '/home/awadh/yolobot/install/yolobot_recognition/share/yolobot_recognition/package.bash'
[1.125s] INFO:colcon.colcon_core.shell:Creating package script '/home/awadh/yolobot/install/yolobot_recognition/share/yolobot_recognition/package.zsh'
[1.125s] Level 1:colcon.colcon_core.environment:create_file_with_runtime_dependencies(/home/awadh/yolobot/install/yolobot_recognition/share/colcon-core/packages/yolobot_recognition)
[1.126s] Level 1:colcon.colcon_core.environment:create_environment_scripts_only(yolobot_control)
[1.126s] Level 1:colcon.colcon_core.environment:checking '/home/awadh/yolobot/install/yolobot_control' for CMake module files
[1.126s] Level 1:colcon.colcon_core.environment:checking '/home/awadh/yolobot/install/yolobot_control' for CMake config files
[1.127s] Level 1:colcon.colcon_core.shell:create_environment_hook('yolobot_control', 'cmake_prefix_path')
[1.127s] INFO:colcon.colcon_core.shell:Creating environment hook '/home/awadh/yolobot/install/yolobot_control/share/yolobot_control/hook/cmake_prefix_path.ps1'
[1.127s] INFO:colcon.colcon_core.shell:Creating environment descriptor '/home/awadh/yolobot/install/yolobot_control/share/yolobot_control/hook/cmake_prefix_path.dsv'
[1.127s] INFO:colcon.colcon_core.shell:Creating environment hook '/home/awadh/yolobot/install/yolobot_control/share/yolobot_control/hook/cmake_prefix_path.sh'
[1.127s] Level 1:colcon.colcon_core.environment:checking '/home/awadh/yolobot/install/yolobot_control/lib'
[1.127s] Level 1:colcon.colcon_core.environment:checking '/home/awadh/yolobot/install/yolobot_control/bin'
[1.128s] Level 1:colcon.colcon_core.environment:checking '/home/awadh/yolobot/install/yolobot_control/lib/pkgconfig/yolobot_control.pc'
[1.128s] Level 1:colcon.colcon_core.environment:checking '/home/awadh/yolobot/install/yolobot_control/lib/python3.10/site-packages'
[1.128s] Level 1:colcon.colcon_core.environment:checking '/home/awadh/yolobot/install/yolobot_control/bin'
[1.128s] INFO:colcon.colcon_core.shell:Creating package script '/home/awadh/yolobot/install/yolobot_control/share/yolobot_control/package.ps1'
[1.128s] INFO:colcon.colcon_core.shell:Creating package descriptor '/home/awadh/yolobot/install/yolobot_control/share/yolobot_control/package.dsv'
[1.128s] INFO:colcon.colcon_core.shell:Creating package script '/home/awadh/yolobot/install/yolobot_control/share/yolobot_control/package.sh'
[1.129s] INFO:colcon.colcon_core.shell:Creating package script '/home/awadh/yolobot/install/yolobot_control/share/yolobot_control/package.bash'
[1.129s] INFO:colcon.colcon_core.shell:Creating package script '/home/awadh/yolobot/install/yolobot_control/share/yolobot_control/package.zsh'
[1.129s] Level 1:colcon.colcon_core.environment:create_file_with_runtime_dependencies(/home/awadh/yolobot/install/yolobot_control/share/colcon-core/packages/yolobot_control)
[1.145s] DEBUG:colcon.colcon_core.event_handler.log_command:Invoked command in '/home/awadh/yolobot/build/yolobot_description' returned '0': CMAKE_PREFIX_PATH=/home/awadh/gazebo_ws/install/yolov8_msgs:/home/awadh/gazebo_ws/install/yolobot_recognition:/home/awadh/gazebo_ws/install/yolobot_gazebo:/home/awadh/gazebo_ws/install/yolobot_description:/home/awadh/gazebo_ws/install/yolobot_control:/home/awadh/gazebo_ws/install/my_robot_bringup:/home/awadh/gazebo_ws/install/my_robot_description:/home/awadh/test2_ws/install/pcl_object_detection:/home/awadh/zed_ws/install/zed_ros2:/home/awadh/zed_ws/install/zed_robot_integration:/home/awadh/zed_ws/install/zed_multi_camera:/home/awadh/zed_ws/install/zed_display_rviz2:/home/awadh/zed_ws/install/zed_depth_to_laserscan:/home/awadh/zed_ws/install/zed_wrapper:/home/awadh/zed_ws/install/zed_tutorial_video:/home/awadh/zed_ws/install/zed_tutorial_pos_tracking:/home/awadh/zed_ws/install/zed_tutorial_depth:/home/awadh/zed_ws/install/zed_topic_benchmark:/home/awadh/zed_ws/install/zed_topic_benchmark_component:/home/awadh/zed_ws/install/zed_topic_benchmark_interfaces:/home/awadh/zed_ws/install/zed_rgb_convert:/home/awadh/zed_ws/install/zed_aruco_localization:/home/awadh/zed_ws/install/zed_components:/home/awadh/zed_ws/install/rviz_plugin_zed_od:/home/awadh/zed_ws/install/zed_interfaces:/home/awadh/ouster_ws/install/ouster_ros:/home/awadh/ouster_ws/install/ouster_sensor_msgs:/home/awadh/ros2_ws/install/my_robot_bringup:/home/awadh/ros2_ws/install/turtlesim_project_cpp:/home/awadh/ros2_ws/install/my_cpp_pkg:/home/awadh/ros2_ws/install/my_robot_interfaces:/home/awadh/gazebo_ws/install/ultralytics_ros2:/home/awadh/ros2_ws/install/turtlesim_catch_them_all:/home/awadh/ros2_ws/install/my_py_pkg:/opt/ros/humble:/home/awadh/sick_tim_ws/install/sick_tim /usr/bin/cmake --build /home/awadh/yolobot/build/yolobot_description -- -j16 -l16
[1.170s] DEBUG:colcon.colcon_core.event_handler.log_command:Invoking command in '/home/awadh/yolobot/build/yolobot_description': CMAKE_PREFIX_PATH=/home/awadh/gazebo_ws/install/yolov8_msgs:/home/awadh/gazebo_ws/install/yolobot_recognition:/home/awadh/gazebo_ws/install/yolobot_gazebo:/home/awadh/gazebo_ws/install/yolobot_description:/home/awadh/gazebo_ws/install/yolobot_control:/home/awadh/gazebo_ws/install/my_robot_bringup:/home/awadh/gazebo_ws/install/my_robot_description:/home/awadh/test2_ws/install/pcl_object_detection:/home/awadh/zed_ws/install/zed_ros2:/home/awadh/zed_ws/install/zed_robot_integration:/home/awadh/zed_ws/install/zed_multi_camera:/home/awadh/zed_ws/install/zed_display_rviz2:/home/awadh/zed_ws/install/zed_depth_to_laserscan:/home/awadh/zed_ws/install/zed_wrapper:/home/awadh/zed_ws/install/zed_tutorial_video:/home/awadh/zed_ws/install/zed_tutorial_pos_tracking:/home/awadh/zed_ws/install/zed_tutorial_depth:/home/awadh/zed_ws/install/zed_topic_benchmark:/home/awadh/zed_ws/install/zed_topic_benchmark_component:/home/awadh/zed_ws/install/zed_topic_benchmark_interfaces:/home/awadh/zed_ws/install/zed_rgb_convert:/home/awadh/zed_ws/install/zed_aruco_localization:/home/awadh/zed_ws/install/zed_components:/home/awadh/zed_ws/install/rviz_plugin_zed_od:/home/awadh/zed_ws/install/zed_interfaces:/home/awadh/ouster_ws/install/ouster_ros:/home/awadh/ouster_ws/install/ouster_sensor_msgs:/home/awadh/ros2_ws/install/my_robot_bringup:/home/awadh/ros2_ws/install/turtlesim_project_cpp:/home/awadh/ros2_ws/install/my_cpp_pkg:/home/awadh/ros2_ws/install/my_robot_interfaces:/home/awadh/gazebo_ws/install/ultralytics_ros2:/home/awadh/ros2_ws/install/turtlesim_catch_them_all:/home/awadh/ros2_ws/install/my_py_pkg:/opt/ros/humble:/home/awadh/sick_tim_ws/install/sick_tim /usr/bin/cmake --install /home/awadh/yolobot/build/yolobot_description
[1.179s] Level 1:colcon.colcon_core.environment:create_environment_scripts_only(yolobot_description)
[1.179s] Level 1:colcon.colcon_core.environment:checking '/home/awadh/yolobot/install/yolobot_description' for CMake module files
[1.179s] DEBUG:colcon.colcon_core.event_handler.log_command:Invoked command in '/home/awadh/yolobot/build/yolobot_description' returned '0': CMAKE_PREFIX_PATH=/home/awadh/gazebo_ws/install/yolov8_msgs:/home/awadh/gazebo_ws/install/yolobot_recognition:/home/awadh/gazebo_ws/install/yolobot_gazebo:/home/awadh/gazebo_ws/install/yolobot_description:/home/awadh/gazebo_ws/install/yolobot_control:/home/awadh/gazebo_ws/install/my_robot_bringup:/home/awadh/gazebo_ws/install/my_robot_description:/home/awadh/test2_ws/install/pcl_object_detection:/home/awadh/zed_ws/install/zed_ros2:/home/awadh/zed_ws/install/zed_robot_integration:/home/awadh/zed_ws/install/zed_multi_camera:/home/awadh/zed_ws/install/zed_display_rviz2:/home/awadh/zed_ws/install/zed_depth_to_laserscan:/home/awadh/zed_ws/install/zed_wrapper:/home/awadh/zed_ws/install/zed_tutorial_video:/home/awadh/zed_ws/install/zed_tutorial_pos_tracking:/home/awadh/zed_ws/install/zed_tutorial_depth:/home/awadh/zed_ws/install/zed_topic_benchmark:/home/awadh/zed_ws/install/zed_topic_benchmark_component:/home/awadh/zed_ws/install/zed_topic_benchmark_interfaces:/home/awadh/zed_ws/install/zed_rgb_convert:/home/awadh/zed_ws/install/zed_aruco_localization:/home/awadh/zed_ws/install/zed_components:/home/awadh/zed_ws/install/rviz_plugin_zed_od:/home/awadh/zed_ws/install/zed_interfaces:/home/awadh/ouster_ws/install/ouster_ros:/home/awadh/ouster_ws/install/ouster_sensor_msgs:/home/awadh/ros2_ws/install/my_robot_bringup:/home/awadh/ros2_ws/install/turtlesim_project_cpp:/home/awadh/ros2_ws/install/my_cpp_pkg:/home/awadh/ros2_ws/install/my_robot_interfaces:/home/awadh/gazebo_ws/install/ultralytics_ros2:/home/awadh/ros2_ws/install/turtlesim_catch_them_all:/home/awadh/ros2_ws/install/my_py_pkg:/opt/ros/humble:/home/awadh/sick_tim_ws/install/sick_tim /usr/bin/cmake --install /home/awadh/yolobot/build/yolobot_description
[1.180s] Level 1:colcon.colcon_core.environment:checking '/home/awadh/yolobot/install/yolobot_description' for CMake config files
[1.180s] Level 1:colcon.colcon_core.shell:create_environment_hook('yolobot_description', 'cmake_prefix_path')
[1.180s] INFO:colcon.colcon_core.shell:Creating environment hook '/home/awadh/yolobot/install/yolobot_description/share/yolobot_description/hook/cmake_prefix_path.ps1'
[1.180s] INFO:colcon.colcon_core.shell:Creating environment descriptor '/home/awadh/yolobot/install/yolobot_description/share/yolobot_description/hook/cmake_prefix_path.dsv'
[1.180s] INFO:colcon.colcon_core.shell:Creating environment hook '/home/awadh/yolobot/install/yolobot_description/share/yolobot_description/hook/cmake_prefix_path.sh'
[1.181s] Level 1:colcon.colcon_core.environment:checking '/home/awadh/yolobot/install/yolobot_description/lib'
[1.181s] Level 1:colcon.colcon_core.environment:checking '/home/awadh/yolobot/install/yolobot_description/bin'
[1.181s] Level 1:colcon.colcon_core.environment:checking '/home/awadh/yolobot/install/yolobot_description/lib/pkgconfig/yolobot_description.pc'
[1.181s] Level 1:colcon.colcon_core.environment:checking '/home/awadh/yolobot/install/yolobot_description/lib/python3.10/site-packages'
[1.181s] Level 1:colcon.colcon_core.environment:checking '/home/awadh/yolobot/install/yolobot_description/bin'
[1.182s] INFO:colcon.colcon_core.shell:Creating package script '/home/awadh/yolobot/install/yolobot_description/share/yolobot_description/package.ps1'
[1.182s] INFO:colcon.colcon_core.shell:Creating package descriptor '/home/awadh/yolobot/install/yolobot_description/share/yolobot_description/package.dsv'
[1.182s] INFO:colcon.colcon_core.shell:Creating package script '/home/awadh/yolobot/install/yolobot_description/share/yolobot_description/package.sh'
[1.182s] INFO:colcon.colcon_core.shell:Creating package script '/home/awadh/yolobot/install/yolobot_description/share/yolobot_description/package.bash'
[1.182s] INFO:colcon.colcon_core.shell:Creating package script '/home/awadh/yolobot/install/yolobot_description/share/yolobot_description/package.zsh'
[1.183s] Level 1:colcon.colcon_core.environment:create_file_with_runtime_dependencies(/home/awadh/yolobot/install/yolobot_description/share/colcon-core/packages/yolobot_description)
[1.206s] Level 1:colcon.colcon_core.environment:create_environment_scripts_only(yolobot_description)
[1.207s] Level 1:colcon.colcon_core.environment:checking '/home/awadh/yolobot/install/yolobot_description' for CMake module files
[1.207s] Level 1:colcon.colcon_core.environment:checking '/home/awadh/yolobot/install/yolobot_description' for CMake config files
[1.207s] Level 1:colcon.colcon_core.shell:create_environment_hook('yolobot_description', 'cmake_prefix_path')
[1.207s] INFO:colcon.colcon_core.shell:Creating environment hook '/home/awadh/yolobot/install/yolobot_description/share/yolobot_description/hook/cmake_prefix_path.ps1'
[1.208s] INFO:colcon.colcon_core.shell:Creating environment descriptor '/home/awadh/yolobot/install/yolobot_description/share/yolobot_description/hook/cmake_prefix_path.dsv'
[1.208s] INFO:colcon.colcon_core.shell:Creating environment hook '/home/awadh/yolobot/install/yolobot_description/share/yolobot_description/hook/cmake_prefix_path.sh'
[1.208s] Level 1:colcon.colcon_core.environment:checking '/home/awadh/yolobot/install/yolobot_description/lib'
[1.208s] Level 1:colcon.colcon_core.environment:checking '/home/awadh/yolobot/install/yolobot_description/bin'
[1.208s] Level 1:colcon.colcon_core.environment:checking '/home/awadh/yolobot/install/yolobot_description/lib/pkgconfig/yolobot_description.pc'
[1.208s] Level 1:colcon.colcon_core.environment:checking '/home/awadh/yolobot/install/yolobot_description/lib/python3.10/site-packages'
[1.208s] Level 1:colcon.colcon_core.environment:checking '/home/awadh/yolobot/install/yolobot_description/bin'
[1.209s] INFO:colcon.colcon_core.shell:Creating package script '/home/awadh/yolobot/install/yolobot_description/share/yolobot_description/package.ps1'
[1.209s] INFO:colcon.colcon_core.shell:Creating package descriptor '/home/awadh/yolobot/install/yolobot_description/share/yolobot_description/package.dsv'
[1.209s] INFO:colcon.colcon_core.shell:Creating package script '/home/awadh/yolobot/install/yolobot_description/share/yolobot_description/package.sh'
[1.209s] INFO:colcon.colcon_core.shell:Creating package script '/home/awadh/yolobot/install/yolobot_description/share/yolobot_description/package.bash'
[1.209s] INFO:colcon.colcon_core.shell:Creating package script '/home/awadh/yolobot/install/yolobot_description/share/yolobot_description/package.zsh'
[1.210s] Level 1:colcon.colcon_core.environment:create_file_with_runtime_dependencies(/home/awadh/yolobot/install/yolobot_description/share/colcon-core/packages/yolobot_description)
[1.897s] DEBUG:colcon.colcon_core.event_handler.log_command:Invoked command in '/home/awadh/yolobot/build/yolov8_msgs' returned '0': CMAKE_PREFIX_PATH=/home/awadh/gazebo_ws/install/yolov8_msgs:/home/awadh/gazebo_ws/install/yolobot_recognition:/home/awadh/gazebo_ws/install/yolobot_gazebo:/home/awadh/gazebo_ws/install/yolobot_description:/home/awadh/gazebo_ws/install/yolobot_control:/home/awadh/gazebo_ws/install/my_robot_bringup:/home/awadh/gazebo_ws/install/my_robot_description:/home/awadh/test2_ws/install/pcl_object_detection:/home/awadh/zed_ws/install/zed_ros2:/home/awadh/zed_ws/install/zed_robot_integration:/home/awadh/zed_ws/install/zed_multi_camera:/home/awadh/zed_ws/install/zed_display_rviz2:/home/awadh/zed_ws/install/zed_depth_to_laserscan:/home/awadh/zed_ws/install/zed_wrapper:/home/awadh/zed_ws/install/zed_tutorial_video:/home/awadh/zed_ws/install/zed_tutorial_pos_tracking:/home/awadh/zed_ws/install/zed_tutorial_depth:/home/awadh/zed_ws/install/zed_topic_benchmark:/home/awadh/zed_ws/install/zed_topic_benchmark_component:/home/awadh/zed_ws/install/zed_topic_benchmark_interfaces:/home/awadh/zed_ws/install/zed_rgb_convert:/home/awadh/zed_ws/install/zed_aruco_localization:/home/awadh/zed_ws/install/zed_components:/home/awadh/zed_ws/install/rviz_plugin_zed_od:/home/awadh/zed_ws/install/zed_interfaces:/home/awadh/ouster_ws/install/ouster_ros:/home/awadh/ouster_ws/install/ouster_sensor_msgs:/home/awadh/ros2_ws/install/my_robot_bringup:/home/awadh/ros2_ws/install/turtlesim_project_cpp:/home/awadh/ros2_ws/install/my_cpp_pkg:/home/awadh/ros2_ws/install/my_robot_interfaces:/home/awadh/gazebo_ws/install/ultralytics_ros2:/home/awadh/ros2_ws/install/turtlesim_catch_them_all:/home/awadh/ros2_ws/install/my_py_pkg:/opt/ros/humble:/home/awadh/sick_tim_ws/install/sick_tim /usr/bin/cmake /home/awadh/yolobot/src/yolov8_msgs -DCMAKE_INSTALL_PREFIX=/home/awadh/yolobot/install/yolov8_msgs
[1.898s] DEBUG:colcon.colcon_core.event_handler.log_command:Invoking command in '/home/awadh/yolobot/build/yolov8_msgs': CMAKE_PREFIX_PATH=/home/awadh/gazebo_ws/install/yolov8_msgs:/home/awadh/gazebo_ws/install/yolobot_recognition:/home/awadh/gazebo_ws/install/yolobot_gazebo:/home/awadh/gazebo_ws/install/yolobot_description:/home/awadh/gazebo_ws/install/yolobot_control:/home/awadh/gazebo_ws/install/my_robot_bringup:/home/awadh/gazebo_ws/install/my_robot_description:/home/awadh/test2_ws/install/pcl_object_detection:/home/awadh/zed_ws/install/zed_ros2:/home/awadh/zed_ws/install/zed_robot_integration:/home/awadh/zed_ws/install/zed_multi_camera:/home/awadh/zed_ws/install/zed_display_rviz2:/home/awadh/zed_ws/install/zed_depth_to_laserscan:/home/awadh/zed_ws/install/zed_wrapper:/home/awadh/zed_ws/install/zed_tutorial_video:/home/awadh/zed_ws/install/zed_tutorial_pos_tracking:/home/awadh/zed_ws/install/zed_tutorial_depth:/home/awadh/zed_ws/install/zed_topic_benchmark:/home/awadh/zed_ws/install/zed_topic_benchmark_component:/home/awadh/zed_ws/install/zed_topic_benchmark_interfaces:/home/awadh/zed_ws/install/zed_rgb_convert:/home/awadh/zed_ws/install/zed_aruco_localization:/home/awadh/zed_ws/install/zed_components:/home/awadh/zed_ws/install/rviz_plugin_zed_od:/home/awadh/zed_ws/install/zed_interfaces:/home/awadh/ouster_ws/install/ouster_ros:/home/awadh/ouster_ws/install/ouster_sensor_msgs:/home/awadh/ros2_ws/install/my_robot_bringup:/home/awadh/ros2_ws/install/turtlesim_project_cpp:/home/awadh/ros2_ws/install/my_cpp_pkg:/home/awadh/ros2_ws/install/my_robot_interfaces:/home/awadh/gazebo_ws/install/ultralytics_ros2:/home/awadh/ros2_ws/install/turtlesim_catch_them_all:/home/awadh/ros2_ws/install/my_py_pkg:/opt/ros/humble:/home/awadh/sick_tim_ws/install/sick_tim /usr/bin/cmake --build /home/awadh/yolobot/build/yolov8_msgs -- -j16 -l16
[3.471s] DEBUG:colcon.colcon_core.event_handler.log_command:Invoked command in '/home/awadh/yolobot/build/yolov8_msgs' returned '0': CMAKE_PREFIX_PATH=/home/awadh/gazebo_ws/install/yolov8_msgs:/home/awadh/gazebo_ws/install/yolobot_recognition:/home/awadh/gazebo_ws/install/yolobot_gazebo:/home/awadh/gazebo_ws/install/yolobot_description:/home/awadh/gazebo_ws/install/yolobot_control:/home/awadh/gazebo_ws/install/my_robot_bringup:/home/awadh/gazebo_ws/install/my_robot_description:/home/awadh/test2_ws/install/pcl_object_detection:/home/awadh/zed_ws/install/zed_ros2:/home/awadh/zed_ws/install/zed_robot_integration:/home/awadh/zed_ws/install/zed_multi_camera:/home/awadh/zed_ws/install/zed_display_rviz2:/home/awadh/zed_ws/install/zed_depth_to_laserscan:/home/awadh/zed_ws/install/zed_wrapper:/home/awadh/zed_ws/install/zed_tutorial_video:/home/awadh/zed_ws/install/zed_tutorial_pos_tracking:/home/awadh/zed_ws/install/zed_tutorial_depth:/home/awadh/zed_ws/install/zed_topic_benchmark:/home/awadh/zed_ws/install/zed_topic_benchmark_component:/home/awadh/zed_ws/install/zed_topic_benchmark_interfaces:/home/awadh/zed_ws/install/zed_rgb_convert:/home/awadh/zed_ws/install/zed_aruco_localization:/home/awadh/zed_ws/install/zed_components:/home/awadh/zed_ws/install/rviz_plugin_zed_od:/home/awadh/zed_ws/install/zed_interfaces:/home/awadh/ouster_ws/install/ouster_ros:/home/awadh/ouster_ws/install/ouster_sensor_msgs:/home/awadh/ros2_ws/install/my_robot_bringup:/home/awadh/ros2_ws/install/turtlesim_project_cpp:/home/awadh/ros2_ws/install/my_cpp_pkg:/home/awadh/ros2_ws/install/my_robot_interfaces:/home/awadh/gazebo_ws/install/ultralytics_ros2:/home/awadh/ros2_ws/install/turtlesim_catch_them_all:/home/awadh/ros2_ws/install/my_py_pkg:/opt/ros/humble:/home/awadh/sick_tim_ws/install/sick_tim /usr/bin/cmake --build /home/awadh/yolobot/build/yolov8_msgs -- -j16 -l16
[3.556s] DEBUG:colcon.colcon_core.event_handler.log_command:Invoking command in '/home/awadh/yolobot/build/yolov8_msgs': CMAKE_PREFIX_PATH=/home/awadh/gazebo_ws/install/yolov8_msgs:/home/awadh/gazebo_ws/install/yolobot_recognition:/home/awadh/gazebo_ws/install/yolobot_gazebo:/home/awadh/gazebo_ws/install/yolobot_description:/home/awadh/gazebo_ws/install/yolobot_control:/home/awadh/gazebo_ws/install/my_robot_bringup:/home/awadh/gazebo_ws/install/my_robot_description:/home/awadh/test2_ws/install/pcl_object_detection:/home/awadh/zed_ws/install/zed_ros2:/home/awadh/zed_ws/install/zed_robot_integration:/home/awadh/zed_ws/install/zed_multi_camera:/home/awadh/zed_ws/install/zed_display_rviz2:/home/awadh/zed_ws/install/zed_depth_to_laserscan:/home/awadh/zed_ws/install/zed_wrapper:/home/awadh/zed_ws/install/zed_tutorial_video:/home/awadh/zed_ws/install/zed_tutorial_pos_tracking:/home/awadh/zed_ws/install/zed_tutorial_depth:/home/awadh/zed_ws/install/zed_topic_benchmark:/home/awadh/zed_ws/install/zed_topic_benchmark_component:/home/awadh/zed_ws/install/zed_topic_benchmark_interfaces:/home/awadh/zed_ws/install/zed_rgb_convert:/home/awadh/zed_ws/install/zed_aruco_localization:/home/awadh/zed_ws/install/zed_components:/home/awadh/zed_ws/install/rviz_plugin_zed_od:/home/awadh/zed_ws/install/zed_interfaces:/home/awadh/ouster_ws/install/ouster_ros:/home/awadh/ouster_ws/install/ouster_sensor_msgs:/home/awadh/ros2_ws/install/my_robot_bringup:/home/awadh/ros2_ws/install/turtlesim_project_cpp:/home/awadh/ros2_ws/install/my_cpp_pkg:/home/awadh/ros2_ws/install/my_robot_interfaces:/home/awadh/gazebo_ws/install/ultralytics_ros2:/home/awadh/ros2_ws/install/turtlesim_catch_them_all:/home/awadh/ros2_ws/install/my_py_pkg:/opt/ros/humble:/home/awadh/sick_tim_ws/install/sick_tim /usr/bin/cmake --install /home/awadh/yolobot/build/yolov8_msgs
[3.613s] Level 1:colcon.colcon_core.environment:create_environment_scripts_only(yolov8_msgs)
[3.614s] Level 1:colcon.colcon_core.environment:checking '/home/awadh/yolobot/install/yolov8_msgs' for CMake module files
[3.614s] DEBUG:colcon.colcon_core.event_handler.log_command:Invoked command in '/home/awadh/yolobot/build/yolov8_msgs' returned '0': CMAKE_PREFIX_PATH=/home/awadh/gazebo_ws/install/yolov8_msgs:/home/awadh/gazebo_ws/install/yolobot_recognition:/home/awadh/gazebo_ws/install/yolobot_gazebo:/home/awadh/gazebo_ws/install/yolobot_description:/home/awadh/gazebo_ws/install/yolobot_control:/home/awadh/gazebo_ws/install/my_robot_bringup:/home/awadh/gazebo_ws/install/my_robot_description:/home/awadh/test2_ws/install/pcl_object_detection:/home/awadh/zed_ws/install/zed_ros2:/home/awadh/zed_ws/install/zed_robot_integration:/home/awadh/zed_ws/install/zed_multi_camera:/home/awadh/zed_ws/install/zed_display_rviz2:/home/awadh/zed_ws/install/zed_depth_to_laserscan:/home/awadh/zed_ws/install/zed_wrapper:/home/awadh/zed_ws/install/zed_tutorial_video:/home/awadh/zed_ws/install/zed_tutorial_pos_tracking:/home/awadh/zed_ws/install/zed_tutorial_depth:/home/awadh/zed_ws/install/zed_topic_benchmark:/home/awadh/zed_ws/install/zed_topic_benchmark_component:/home/awadh/zed_ws/install/zed_topic_benchmark_interfaces:/home/awadh/zed_ws/install/zed_rgb_convert:/home/awadh/zed_ws/install/zed_aruco_localization:/home/awadh/zed_ws/install/zed_components:/home/awadh/zed_ws/install/rviz_plugin_zed_od:/home/awadh/zed_ws/install/zed_interfaces:/home/awadh/ouster_ws/install/ouster_ros:/home/awadh/ouster_ws/install/ouster_sensor_msgs:/home/awadh/ros2_ws/install/my_robot_bringup:/home/awadh/ros2_ws/install/turtlesim_project_cpp:/home/awadh/ros2_ws/install/my_cpp_pkg:/home/awadh/ros2_ws/install/my_robot_interfaces:/home/awadh/gazebo_ws/install/ultralytics_ros2:/home/awadh/ros2_ws/install/turtlesim_catch_them_all:/home/awadh/ros2_ws/install/my_py_pkg:/opt/ros/humble:/home/awadh/sick_tim_ws/install/sick_tim /usr/bin/cmake --install /home/awadh/yolobot/build/yolov8_msgs
[3.614s] Level 1:colcon.colcon_core.environment:checking '/home/awadh/yolobot/install/yolov8_msgs' for CMake config files
[3.615s] Level 1:colcon.colcon_core.shell:create_environment_hook('yolov8_msgs', 'cmake_prefix_path')
[3.615s] INFO:colcon.colcon_core.shell:Creating environment hook '/home/awadh/yolobot/install/yolov8_msgs/share/yolov8_msgs/hook/cmake_prefix_path.ps1'
[3.615s] INFO:colcon.colcon_core.shell:Creating environment descriptor '/home/awadh/yolobot/install/yolov8_msgs/share/yolov8_msgs/hook/cmake_prefix_path.dsv'
[3.615s] INFO:colcon.colcon_core.shell:Creating environment hook '/home/awadh/yolobot/install/yolov8_msgs/share/yolov8_msgs/hook/cmake_prefix_path.sh'
[3.616s] Level 1:colcon.colcon_core.environment:checking '/home/awadh/yolobot/install/yolov8_msgs/lib'
[3.616s] Level 1:colcon.colcon_core.shell:create_environment_hook('yolov8_msgs', 'ld_library_path_lib')
[3.616s] INFO:colcon.colcon_core.shell:Creating environment hook '/home/awadh/yolobot/install/yolov8_msgs/share/yolov8_msgs/hook/ld_library_path_lib.ps1'
[3.616s] INFO:colcon.colcon_core.shell:Creating environment descriptor '/home/awadh/yolobot/install/yolov8_msgs/share/yolov8_msgs/hook/ld_library_path_lib.dsv'
[3.616s] INFO:colcon.colcon_core.shell:Creating environment hook '/home/awadh/yolobot/install/yolov8_msgs/share/yolov8_msgs/hook/ld_library_path_lib.sh'
[3.616s] Level 1:colcon.colcon_core.environment:checking '/home/awadh/yolobot/install/yolov8_msgs/bin'
[3.616s] Level 1:colcon.colcon_core.environment:checking '/home/awadh/yolobot/install/yolov8_msgs/lib/pkgconfig/yolov8_msgs.pc'
[3.616s] Level 1:colcon.colcon_core.environment:checking '/home/awadh/yolobot/install/yolov8_msgs/lib/python3.10/site-packages'
[3.617s] Level 1:colcon.colcon_core.environment:checking '/home/awadh/yolobot/install/yolov8_msgs/bin'
[3.617s] INFO:colcon.colcon_core.shell:Creating package script '/home/awadh/yolobot/install/yolov8_msgs/share/yolov8_msgs/package.ps1'
[3.617s] INFO:colcon.colcon_core.shell:Creating package descriptor '/home/awadh/yolobot/install/yolov8_msgs/share/yolov8_msgs/package.dsv'
[3.617s] INFO:colcon.colcon_core.shell:Creating package script '/home/awadh/yolobot/install/yolov8_msgs/share/yolov8_msgs/package.sh'
[3.617s] INFO:colcon.colcon_core.shell:Creating package script '/home/awadh/yolobot/install/yolov8_msgs/share/yolov8_msgs/package.bash'
[3.618s] INFO:colcon.colcon_core.shell:Creating package script '/home/awadh/yolobot/install/yolov8_msgs/share/yolov8_msgs/package.zsh'
[3.618s] Level 1:colcon.colcon_core.environment:create_file_with_runtime_dependencies(/home/awadh/yolobot/install/yolov8_msgs/share/colcon-core/packages/yolov8_msgs)
[3.701s] Level 1:colcon.colcon_core.environment:create_environment_scripts_only(yolov8_msgs)
[3.701s] Level 1:colcon.colcon_core.environment:checking '/home/awadh/yolobot/install/yolov8_msgs' for CMake module files
[3.701s] Level 1:colcon.colcon_core.environment:checking '/home/awadh/yolobot/install/yolov8_msgs' for CMake config files
[3.701s] Level 1:colcon.colcon_core.shell:create_environment_hook('yolov8_msgs', 'cmake_prefix_path')
[3.702s] INFO:colcon.colcon_core.shell:Creating environment hook '/home/awadh/yolobot/install/yolov8_msgs/share/yolov8_msgs/hook/cmake_prefix_path.ps1'
[3.702s] INFO:colcon.colcon_core.shell:Creating environment descriptor '/home/awadh/yolobot/install/yolov8_msgs/share/yolov8_msgs/hook/cmake_prefix_path.dsv'
[3.702s] INFO:colcon.colcon_core.shell:Creating environment hook '/home/awadh/yolobot/install/yolov8_msgs/share/yolov8_msgs/hook/cmake_prefix_path.sh'
[3.703s] Level 1:colcon.colcon_core.environment:checking '/home/awadh/yolobot/install/yolov8_msgs/lib'
[3.703s] Level 1:colcon.colcon_core.shell:create_environment_hook('yolov8_msgs', 'ld_library_path_lib')
[3.703s] INFO:colcon.colcon_core.shell:Creating environment hook '/home/awadh/yolobot/install/yolov8_msgs/share/yolov8_msgs/hook/ld_library_path_lib.ps1'
[3.703s] INFO:colcon.colcon_core.shell:Creating environment descriptor '/home/awadh/yolobot/install/yolov8_msgs/share/yolov8_msgs/hook/ld_library_path_lib.dsv'
[3.703s] INFO:colcon.colcon_core.shell:Creating environment hook '/home/awadh/yolobot/install/yolov8_msgs/share/yolov8_msgs/hook/ld_library_path_lib.sh'
[3.703s] Level 1:colcon.colcon_core.environment:checking '/home/awadh/yolobot/install/yolov8_msgs/bin'
[3.703s] Level 1:colcon.colcon_core.environment:checking '/home/awadh/yolobot/install/yolov8_msgs/lib/pkgconfig/yolov8_msgs.pc'
[3.703s] Level 1:colcon.colcon_core.environment:checking '/home/awadh/yolobot/install/yolov8_msgs/lib/python3.10/site-packages'
[3.704s] Level 1:colcon.colcon_core.environment:checking '/home/awadh/yolobot/install/yolov8_msgs/bin'
[3.704s] INFO:colcon.colcon_core.shell:Creating package script '/home/awadh/yolobot/install/yolov8_msgs/share/yolov8_msgs/package.ps1'
[3.704s] INFO:colcon.colcon_core.shell:Creating package descriptor '/home/awadh/yolobot/install/yolov8_msgs/share/yolov8_msgs/package.dsv'
[3.704s] INFO:colcon.colcon_core.shell:Creating package script '/home/awadh/yolobot/install/yolov8_msgs/share/yolov8_msgs/package.sh'
[3.704s] INFO:colcon.colcon_core.shell:Creating package script '/home/awadh/yolobot/install/yolov8_msgs/share/yolov8_msgs/package.bash'
[3.705s] INFO:colcon.colcon_core.shell:Creating package script '/home/awadh/yolobot/install/yolov8_msgs/share/yolov8_msgs/package.zsh'
[3.705s] Level 1:colcon.colcon_core.environment:create_file_with_runtime_dependencies(/home/awadh/yolobot/install/yolov8_msgs/share/colcon-core/packages/yolov8_msgs)
[3.705s] DEBUG:colcon.colcon_parallel_executor.executor.parallel:closing loop
[3.705s] DEBUG:colcon.colcon_parallel_executor.executor.parallel:loop closed
[3.706s] DEBUG:colcon.colcon_parallel_executor.executor.parallel:run_until_complete finished with '0'
[3.706s] DEBUG:colcon.colcon_core.event_reactor:joining thread
[3.710s] INFO:colcon.colcon_core.plugin_system:Skipping extension 'colcon_notification.desktop_notification.terminal_notifier': Not used on non-Darwin systems
[3.711s] INFO:colcon.colcon_core.plugin_system:Skipping extension 'colcon_notification.desktop_notification.win32': Not used on non-Windows systems
[3.711s] INFO:colcon.colcon_notification.desktop_notification:Sending desktop notification using 'notify2'
[3.720s] DEBUG:colcon.colcon_core.event_reactor:joined thread
[3.720s] INFO:colcon.colcon_core.shell:Creating prefix script '/home/awadh/yolobot/install/local_setup.ps1'
[3.721s] INFO:colcon.colcon_core.shell:Creating prefix util module '/home/awadh/yolobot/install/_local_setup_util_ps1.py'
[3.722s] INFO:colcon.colcon_core.shell:Creating prefix chain script '/home/awadh/yolobot/install/setup.ps1'
[3.723s] INFO:colcon.colcon_core.shell:Creating prefix script '/home/awadh/yolobot/install/local_setup.sh'
[3.724s] INFO:colcon.colcon_core.shell:Creating prefix util module '/home/awadh/yolobot/install/_local_setup_util_sh.py'
[3.724s] INFO:colcon.colcon_core.shell:Creating prefix chain script '/home/awadh/yolobot/install/setup.sh'
[3.725s] INFO:colcon.colcon_core.shell:Creating prefix script '/home/awadh/yolobot/install/local_setup.bash'
[3.726s] INFO:colcon.colcon_core.shell:Creating prefix chain script '/home/awadh/yolobot/install/setup.bash'
[3.727s] INFO:colcon.colcon_core.shell:Creating prefix script '/home/awadh/yolobot/install/local_setup.zsh'
[3.727s] INFO:colcon.colcon_core.shell:Creating prefix chain script '/home/awadh/yolobot/install/setup.zsh'
